bldg_id,name,x_coord,y_coord,category
0,Zark's Burgers,66.36265969668045,52.866469464837174,commercial
1,Watsons,66.32219777971657,52.796859184134036,commercial
2,Serendipitea,67.51900237345832,55.44073953962234,commercial
3,Unnamed,61.918669996634804,46.03106747775087,miscellaneous
4,China Bank Savings,64.27987864525309,69.03767472180445,commercial
5,University Library,59.32910731090203,48.74848904743721,school
6,Unnamed,64.21461248800087,57.14004933321668,miscellaneous
7,Los Baños Evangelical Baptist Church,64.28204901628135,59.690406229219576,special
8,Unnamed,78.1793997683986,58.807420292135426,miscellaneous
9,Unnamed,72.75238702056424,62.17344588906359,miscellaneous
10,Sider's Store,71.73153750633969,48.35277507526048,commercial
11,Internet @ Demarses,68.26111423748478,53.08709310743712,commercial
12,Chino's,67.03190910485577,54.17072044183677,commercial
13,Batong Malake Fire Brigade,63.79077003213688,58.606123739235,special
14,Church Among the Palms,61.43374709906051,52.148746523582346,special
15,Unnamed,66.36545017370106,69.11711233625213,special
16,Dalampasigan Restaurant,36.827785709969646,76.49350904606004,commercial
17,Iglesia ni Cristo Bambang Los Baños,30.944374940891496,71.37789046453685,special
18,Gado Store,31.81484874839414,69.68251160444323,commercial
19,CFNR Library,53.7614855259509,29.095623233128208,school
20,Insight Computers,66.72712700236262,53.675750398825585,commercial
21,Dandansoy Store,64.90417036791543,61.2690036066304,commercial
22,Bookbound Trading,67.07423133984072,53.761739569104904,commercial
23,Sizzlers,66.53303382213444,55.34033694651575,commercial
24,Unnamed,66.51210524438082,55.67184567155174,commercial
25,Bianca's Laundry,66.99020697588519,55.59928719072524,commercial
26,Zeny May,66.83037465254328,55.79337703221202,commercial
27,Jerico's Bakery,67.47606003245899,54.84028944773751,commercial
28,Mer-Nel's,66.82572385750161,56.05265485421107,commercial
29,InfoBucks,67.7444109070376,54.46881623213551,commercial
30,Generika Drugstore,65.77340396341135,60.16588539363353,commercial
31,Alexis Shoe Salon,65.61062613653426,60.1891434168338,commercial
32,Unnamed,65.5492356418388,60.32508820032135,transport
33,Big Nico's,65.17190113650169,60.15474774872207,commercial
34,Onyang's Street Wings,66.4945872496842,56.87340101090631,commercial
35,Ferd's Grill Express,67.80161568619117,54.7013964641266,commercial
36,Ricarea Merchandising,65.5834964987251,62.5876680064602,commercial
37,Unnamed,47.29796558721646,44.67817119870703,miscellaneous
38,Yuhyang Presbyterian Church,49.29036618809607,46.259880565138914,special
39,DTRI Dairy Bar,69.94439199381472,33.51317354088858,commercial
40,HAS Dormitory,67.4762150589736,52.03638734108461,residential
41,Canada Rose Laundry Master,67.03516466139816,51.103118212996876,commercial
42,Momzie's Enterprises,67.60225160490694,49.27179456941572,commercial
43,Trix and Trish Gift Shop,67.62287012965336,49.20808068896222,commercial
44,Faustina's,62.822319475509616,53.291829227145215,commercial
45,Unnamed,64.52528559756443,48.917846765662034,miscellaneous
46,Unnamed,63.01238196668846,46.82691772228647,residential
47,Vhec Store,67.1046165341923,55.679216171860155,commercial
48,Upbeat Merchandise,63.14989047377746,53.11379069744508,commercial
49,Church in Los Baños Meeting Hall,64.69612480254018,55.26368374329665,special
50,Unnamed,63.50567629536861,53.98989750090804,commercial
51,Unnamed,67.45885209076957,47.0781698883951,miscellaneous
52,Unnamed,62.372277540835974,47.13549600191465,commercial
53,Unnamed,60.84061570325668,50.36524923756283,commercial
54,Daniela,67.61217330102667,54.158600063550864,commercial
55,Micha's,67.56240979395741,54.09242934966123,commercial
56,Dhenzmer's Extension,62.568076012592655,54.5359696793996,commercial
57,Jhe School Supplies Store,62.636907779394456,54.226081088607415,commercial
58,Gillen's Store,62.655976039104964,54.11519600617136,commercial
59,Uncle Jet's Burger Joint,63.09160050910977,54.00201787919686,commercial
60,Los Baños Police,36.81863914635685,75.52224089415522,special
61,Unnamed,52.083943750176765,25.323564963591526,commercial
62,Sizzling & Combo Food Haus,53.246022407532465,26.596368472602773,commercial
63,McDonald's,66.49210682567079,52.04555951924716,commercial
64,BPI,66.6556597850328,52.23129612704817,commercial
65,PNB,66.86820111897916,52.41801546822362,commercial
66,TGP,66.0276474263283,57.872677063986,commercial
67,LBP Merchandising,51.71451559644575,73.78591481011824,commercial
68,Lety's Buko Pie,44.13744029541816,74.7656999846036,commercial
69,Aguas Vivas Barangay Outpost,4.225247306021707,59.17758319657052,special
70,Unnamed,66.34018085391295,34.331954230832,miscellaneous
71,Unnamed,62.03354463446371,41.41664291727803,miscellaneous
72,Unnamed,66.08640247049577,57.496290181511725,miscellaneous
73,Unnamed,69.82734698495754,52.72430070331045,miscellaneous
74,Unnamed,64.30282256752035,48.46513425775821,miscellaneous
75,Silver Pulp,67.27173510312592,53.625630996722585,commercial
76,Unnamed,66.20670303587329,60.47872218455199,transport
77,Unnamed,66.87021646349281,55.63499317000389,transport
78,Unnamed,65.53233775313451,69.11694854735735,transport
79,Unnamed,95.99985117455039,66.0917676425196,transport
80,3's and BEE,63.293289987914825,72.98646120987436,commercial
81,Banahaw Laundry Service,65.9160283450418,56.37351730101994,commercial
82,Wi-Net,66.83068470555047,55.54032318824925,commercial
83,Vimarie Food House,66.78355664900923,55.526237343214426,commercial
84,Ahl's Cakes,66.41366341575642,57.05291364066812,commercial
85,Unnamed,66.39288986451741,57.10303304277113,commercial
86,Bubbles Power Laundry,66.57690632213328,56.62476946712858,commercial
87,IC's Bar,66.62186400764625,56.36712953408598,commercial
88,Unnamed,63.45064188722127,50.426833862372646,miscellaneous
89,Unnamed,63.20104921936803,50.494970043011186,miscellaneous
90,Unnamed,63.0181179472663,50.46516046398219,miscellaneous
91,Unnamed,63.13035713454516,50.37999023818255,miscellaneous
92,Unnamed,63.89835842437407,48.39028273239325,miscellaneous
93,Unnamed,63.001530111569195,50.29907852367319,miscellaneous
94,JRL Bookstore,68.59535137530794,49.0279129036184,commercial
95,Alegria Store,62.50963102143239,58.88816821774711,commercial
96,7-Eleven,63.773407063932844,69.67907203763264,commercial
97,David's Cut,65.69294520898336,69.300392110617,commercial
98,Unnamed,68.26173434347712,66.88466968693476,commercial
99,College of Economics and Management Function Hall,62.560634740508355,51.155858237436604,school
100,Institute of Computer Science Lecture Hall,64.20686116290938,46.778599998034686,school
101,Agricultural Systems Cluster Lecture Hall,69.72626970580514,40.023290780978066,school
102,Animal Science Lecture Hall,67.53388491762692,38.042919242249,school
103,Unnamed,62.53335007618457,48.0977557645517,miscellaneous
104,Unnamed,62.537380765233905,48.07154954122807,miscellaneous
105,Unnamed,62.575362258184384,48.07498910803866,miscellaneous
106,Unnamed,62.57365696665589,48.11053129841961,miscellaneous
107,Unnamed,62.4524262422568,47.98146564855616,miscellaneous
108,Unnamed,62.457542116820264,48.061722207480614,miscellaneous
109,Unnamed,62.45676698431332,48.091531786512526,miscellaneous
110,Unnamed,62.41335956381423,48.06778239662503,miscellaneous
111,Unnamed,62.41428972283578,48.09628166449003,miscellaneous
112,Unnamed,62.380959024949014,48.073842585769434,miscellaneous
113,Unnamed,62.37770346840662,48.11020372063007,miscellaneous
114,Cafe Antonio,79.2974508992188,66.93544424462266,commercial
115,Copacabana Resto Bar,68.48760795657817,54.758886366540914,commercial
116,Siomai Foodhaus,67.43141239995319,53.90587379738054,commercial
117,Gupit Gwapo,66.95687627799842,55.92047721532657,commercial
118,Cube's Sizzling Restobar,68.34234812441973,55.041094633947786,commercial
119,Mommy Ludy's Cuisine,68.31087774455403,55.16311736129529,commercial
120,KumPARES,68.03291522686287,55.41551604967315,commercial
121,Unnamed,68.51086193185263,54.41165390751074,commercial
122,Child Development Laboratory,65.98253471430073,46.73028227378291,school
123,Unnamed,65.6238033891964,50.614699725817324,miscellaneous
124,Unnamed,65.69123991745485,50.58423499120342,miscellaneous
125,Unnamed,65.37266045630723,50.978638652213235,miscellaneous
126,Unnamed,65.61031608352708,50.763420043175685,miscellaneous
127,Unnamed,65.67480710827236,50.72918816395874,miscellaneous
128,Unnamed,65.74906480262278,50.68480137320769,miscellaneous
129,Unnamed,65.57264464360583,50.636975015643145,miscellaneous
130,Unnamed,65.18414823014227,50.88102047033524,miscellaneous
131,Unnamed,65.2464688838593,50.84367660210014,miscellaneous
132,Unnamed,65.29979800047812,50.80551378938828,miscellaneous
133,Unnamed,65.2134482389797,50.942605095145055,miscellaneous
134,Unnamed,65.2804196877384,50.92622620556887,miscellaneous
135,Jerico's Bakery,65.77231877789723,61.19120388114209,commercial
136,UPLB DevComSoc Tambayan,64.86184813293046,51.04071464371028,miscellaneous
137,UP ADS Tambayan,64.78635022657335,51.05316259978865,miscellaneous
138,UP CombroadSoc Tambayan,64.82123118947399,50.97306982975896,miscellaneous
139,Cadapan Store,68.072912064327,53.757317268919856,commercial
140,Physical Sciences Lecture Hall A,64.1557024173188,46.63479334755151,school
141,Dave Mark Little Store,62.88836076526878,53.85084072840236,commercial
142,Herb Republic,65.07020375133492,65.7142342377761,commercial
143,Unnamed,70.0561661015938,39.74550481375624,miscellaneous
144,Unnamed,70.2514994938287,39.8393558510312,miscellaneous
145,Los Baños Laundry Area,64.91719259406294,66.16612780120023,commercial
146,Slashdot Internet Cafe,65.6504679475058,63.74811233297662,commercial
147,Unnamed,65.45435942274194,64.62290882527267,commercial
148,Unnamed,65.79944841570641,63.15175696348439,commercial
149,Alagang Kamay Laundry Shop,65.17081595098756,61.26769329546641,commercial
150,Ace Ark Veterinary Clinic & Grooming Salon,65.31049482908277,61.2683484510484,special
151,Landbank,66.80789580979781,51.27296729790892,commercial
152,Chubby Habbi's,62.7539527882296,53.509832247414266,commercial
153,Physical Sciences Lecture Hall B,64.07369339787691,46.93616491576314,school
154,Leslie Store,68.62387625163844,56.93236501338232,commercial
155,U2's Store,69.87525017400573,56.45295491546762,commercial
156,Murillo's Store,68.75239322162923,57.65926013279968,commercial
157,LA Store,68.8720736809924,56.90648636785113,commercial
158,Mio Cantina,66.05276171962385,59.51335043289389,commercial
159,RMS Copy Center,67.55233307134509,55.38079280377188,commercial
160,Beauty Perks,66.29863375143493,57.91018472111587,commercial
161,Nani Salon,66.49908301823329,57.609304519591454,commercial
162,North Star,65.30878953757632,65.32621834370022,commercial
163,Batacan's Ortho Dental Clinic,66.09105326555947,61.54613441827023,special
164,"Marius N. Moran, MD",66.08299188746079,59.714646985794296,special
165,Esi's Wine House,65.49218588917782,65.67852825849747,commercial
166,Grocer's Choice,65.7653425853127,64.57131532310508,commercial
167,Green Berry Soft Serve PH,65.77851983797483,64.38050125953704,commercial
168,Dr. Rhoda Billate,65.21143289444402,66.98032240206385,special
169,Rural Bank of Mabitac,65.36583929021526,66.9100569657787,commercial
170,Unnamed,66.4843555005793,38.878570188455825,transport
171,Unnamed,61.64954398954925,60.21567721794698,transport
172,Institute of Biological Sciences Lecture Hall,61.96471286766191,49.75529938972299,school
173,Los Baños Seventh-Day Adventist Church,67.74875164909412,64.45830098502535,special
174,Crop Protection Cluster Lecture Hall,61.833250394157936,49.05264502687744,school
175,Unnamed,62.910839608036284,49.73711882229268,miscellaneous
176,Unnamed,63.957423521548705,57.91313292123923,commercial
177,Wave 1 dot 4,67.78022202895981,54.02675000245591,commercial
178,Unnamed,67.47047907839577,54.392981973393184,commercial
179,Unnamed,63.120280411932825,53.172754699924,commercial
180,Big Star,63.23810055329695,52.79587645075958,commercial
181,Nang Bob's,67.15825570381831,53.286424193585724,commercial
182,101 Botique,67.15003929922707,53.427610221738,commercial
183,Unnamed,63.453897443763665,49.1214363631009,miscellaneous
184,Unnamed,63.577453565683584,49.18531403244917,miscellaneous
185,SMB Copy Shop Center,67.43094732045344,54.96624310858284,commercial
186,Unnamed,63.23794552678235,45.75229877715168,miscellaneous
187,Unnamed,64.57954487320481,48.97107815678608,miscellaneous
188,Chooks to Go,66.06888447579914,69.25813457550963,commercial
189,College of Development Communication Lecture Hall,64.88479205519772,51.5517359985052,school
190,Unnamed,63.00788619813936,41.31951610208726,miscellaneous
191,Unnamed,62.394291304103724,46.951724860862555,miscellaneous
192,koinoniadotcom,67.32630443175145,54.17710820877073,commercial
193,Unnamed,64.87145977604301,50.29236317894677,miscellaneous
194,Unnamed,59.94440749646618,56.44050695938926,transport
195,BPI,83.93537875300007,54.5359696793996,commercial
196,Beanhub,83.68935169467436,54.43179994169287,commercial
197,IRRI Cafeteria,84.08001847916618,54.84929783700528,commercial
198,Econo Drugstore,67.18569539463468,55.535081943584515,commercial
199,Unnamed,68.61271434351198,47.89744194502575,miscellaneous
200,UPLB Gender Center,59.94394241696641,45.79979755692668,commercial
201,Unnamed,77.7003678778947,29.262851695706438,transport
202,Unnamed,58.29508054401534,43.87216604263152,miscellaneous
203,7-Eleven,57.18679608280027,70.78448329517089,commercial
204,Nine Fifteen Cycle Center,56.4477847488016,71.05326087312494,commercial
205,Unnamed,72.37133187918499,28.762149041343292,commercial
206,Unnamed,72.46031709121144,28.510405508547425,commercial
207,Unnamed,72.47333931735895,27.830190224425372,commercial
208,Unnamed,68.35211479402487,36.36555716068802,commercial
209,PCC @ UPLB Dairy Center,68.10717292121329,37.5181396202059,commercial
210,Unnamed,63.916186472077875,58.16012657605759,miscellaneous
211,CEAT Library,72.70262351349498,42.00972250885445,school
212,Radyo DZLB,64.53148665764202,50.90820942703333,special
213,Bahay Sisigan ni Apung Piping,68.95718323046208,54.62195884967892,commercial
214,Blessie's,68.22483803606279,55.49741049755698,commercial
215,Orient The Original Buko Pie,47.25424811371018,74.75341581742002,commercial
216,Unnamed,62.00036896306952,45.5521487465234,miscellaneous
217,Unnamed,62.06454993480761,45.58900124807126,miscellaneous
218,Unnamed,62.13973778817958,45.636500027843354,miscellaneous
219,Unnamed,62.19275685179123,45.68137818528454,miscellaneous
220,Unnamed,62.23213358324099,45.721506464748224,miscellaneous
221,Unnamed,62.26530925461316,45.838451736325766,miscellaneous
222,Unnamed,62.224692311156694,45.857942614923,miscellaneous
223,Unnamed,62.17833938712239,45.88365747155941,miscellaneous
224,Unnamed,57.18881142731392,38.059953287407176,residential
225,Inu-Yaah Fashion Hauz,61.203997823424714,70.3117885419826,commercial
226,King Chan Hardware & Construction Supply,72.5486821972235,67.87985101762185,commercial
227,Department of Human Kinetics,64.96819631316095,34.21500895925445,school
228,Department of Humanities,62.69519774406215,49.08147187253199,school
229,Department of Social Sciences,62.717366533800444,48.55718361717903,school
230,Institute of Biological Sciences,61.30042430753545,50.020309823076914,school
231,Institute of Chemistry,64.04950926360293,46.27544051023541,school
232,Institute of Computer Science,63.90052879540234,47.172020925670054,school
233,Institute of Physics,63.598072090430016,46.932889137847326,school
234,Institute of Statistics,64.13430876008745,47.27979401908506,school
235,Angelica's Laundry Shop,68.3544401915457,53.13295399824985,commercial
236,Klik SIlog,67.80068552719165,53.61514850739313,commercial
237,Cel's Fastfood,67.95803742649808,53.19896092324472,commercial
238,Miked Internet,67.15701549178958,53.85935775098291,commercial
239,Dalcielo,66.8540937073175,51.03219762112974,commercial
240,Paponei's Beads & Crafts,67.11856891936138,53.828893016368994,commercial
241,"But First, Coffee",67.06353451121404,54.086369160516824,commercial
242,Rand Computer Shop,67.59791086285041,49.33665497213845,commercial
243,BPI,62.968819519696794,70.33717582082947,commercial
244,Unnamed,63.334216984400506,69.79536215362819,commercial
245,Jonas Bakery,74.35257057193816,67.66676166422508,commercial
246,TGP,61.914174228085706,70.13194833443124,commercial
247,Unnamed,63.43575934305268,46.890631602739965,miscellaneous
248,Unnamed,62.70977023522356,46.98743084013828,miscellaneous
249,Unnamed,62.78108242603878,47.0192058859191,miscellaneous
250,Unnamed,62.8106924878834,47.061627209921234,miscellaneous
251,Unnamed,62.802321056777544,47.08930753330656,miscellaneous
252,Unnamed,62.790228989651574,47.10699673404965,miscellaneous
253,Unnamed,62.690236895991255,47.14990942474192,miscellaneous
254,Unnamed,62.647294555013964,47.167107258797785,miscellaneous
255,Unnamed,62.67504429881547,47.18545161512287,miscellaneous
256,Unnamed,62.70604959918141,47.186270559602555,miscellaneous
257,Unnamed,62.629621533802734,47.21018373838483,miscellaneous
258,Unnamed,62.68651625994911,47.235898595018334,miscellaneous
259,Unnamed,62.607297717549834,47.269311529755605,miscellaneous
260,Unnamed,62.657681330633466,47.300922786638736,miscellaneous
261,Unnamed,62.614738989634134,47.313370742717105,miscellaneous
262,Unnamed,62.622490314725624,47.37823114544274,miscellaneous
263,Unnamed,62.66791307973837,47.40689420219961,miscellaneous
264,Unnamed,62.58512892778951,47.40820451336651,miscellaneous
265,Unnamed,62.715661242293976,47.43326421442092,miscellaneous
266,Unnamed,62.60605750552111,47.43916061466765,miscellaneous
267,Unnamed,62.65163529704844,47.46553062688606,miscellaneous
268,Unnamed,62.53893103026983,47.47372007167415,miscellaneous
269,Unnamed,62.699383459604064,47.48813349450142,miscellaneous
270,Unnamed,62.49552360977074,47.50205555064147,miscellaneous
271,Unnamed,62.55334849491664,47.52056369586424,miscellaneous
272,Unnamed,62.47506011151689,47.54889917483156,miscellaneous
273,Unnamed,62.52807917512854,47.57477782036275,miscellaneous
274,Unnamed,62.45459661328506,47.60933727736925,miscellaneous
275,Unnamed,62.50280985534044,47.62538858915588,miscellaneous
276,Unnamed,62.453046348271165,47.67190463555352,miscellaneous
277,Unnamed,64.31351939614704,51.3280003668871,miscellaneous
278,Unnamed,62.35196906911876,47.933966868781155,miscellaneous
279,Unnamed,62.19523727580465,45.914122206170404,miscellaneous
280,Unnamed,62.47273471399605,47.6239144890942,miscellaneous
281,Unnamed,62.359720394210235,47.78197077350988,miscellaneous
282,Unnamed,62.418630464870276,47.8096510968952,miscellaneous
283,Desmark Motorcycle Sales & Services,77.54239587257389,67.41419918695243,commercial
284,UPLB Digital Innovation Center,66.08516225848906,50.8195996344231,miscellaneous
285,Unnamed,65.70984309768764,52.10550625509761,miscellaneous
286,Unnamed,65.50427795632582,52.23522706054599,miscellaneous
287,Unnamed,65.33824457290632,52.33169872015475,miscellaneous
288,Unnamed,65.20244135734583,52.41621379036948,miscellaneous
289,Unnamed,65.04694977606046,52.513995761142255,miscellaneous
290,Unnamed,64.90106983788763,52.61423456535408,miscellaneous
291,Unnamed,64.78573012055897,52.70284435796431,miscellaneous
292,Mhel's Proven,62.58791940483215,54.29159664691505,commercial
293,Uncle John's,64.74883381314466,69.04799342223913,commercial
294,College of Economics and Management Lecture Hall,63.493119148720844,51.50554752990002,school
295,"Animal Biology Division, Institute of Biological Sciences",62.42033575639877,48.9112952098304,school
296,Chowking,66.80495030626261,52.403765834291114,commercial
297,Metrobank,59.74054764661082,71.56051508331971,commercial
298,Towners Asian Mart,64.68232744388573,69.91296258078773,commercial
299,Royal Star,62.634427355359016,70.3117885419826,commercial
300,Unnamed,100.18649688162928,65.48460220590836,miscellaneous
301,BPI,66.06035801820072,57.548211261468865,commercial
302,PSBank,95.79490613920292,66.33810614175597,commercial
303,BPI,95.77816327701326,66.66175299979342,commercial
304,Signeffex,65.83882514715617,58.52701370257978,commercial
305,Ian's Store,65.69123991745485,60.19323813922639,commercial
306,Unnamed,62.741240615089254,51.51668517481147,transport
307,KW&E,67.29622929040707,55.28186431072697,commercial
308,Moonleaf,62.145783821742576,56.435593292516984,commercial
309,Unnamed,62.382044210463135,51.437411349261474,miscellaneous
310,Unnamed,63.51125724943183,47.76673840620293,miscellaneous
311,Unnamed,63.61496997911227,47.96803495910334,miscellaneous
312,Unnamed,63.69000280596963,48.09447998663588,miscellaneous
313,Unnamed,63.29949104799242,48.10365216479843,miscellaneous
314,Unnamed,63.74519224060954,48.18947754618007,miscellaneous
315,Unnamed,63.43730960806657,48.18783965722361,miscellaneous
316,Unnamed,63.55761017346613,48.24139862614011,miscellaneous
317,Unnamed,63.80689278831218,48.28218206118579,miscellaneous
318,Unnamed,63.65465676356921,48.29119045045357,miscellaneous
319,Unnamed,63.74519224060954,48.331810096604485,miscellaneous
320,Jollibee,59.671405826823865,70.9910210927331,commercial
321,Pizza Hut,59.32290625082444,71.03819229471566,commercial
322,Twinkle Pop,65.34351547396237,69.4414143498716,commercial
323,Purple Velvet Food House,62.83425651614301,54.469471387717505,commercial
324,MJ & TJ's Store,62.56869611860702,54.42295534131987,commercial
325,Phuong,66.68216931684964,55.486109063750746,commercial
326,Siomai Co.,66.98323078330064,55.859547746101654,commercial
327,Carmensita's,66.73797885748188,55.50576373124275,commercial
328,Tofi's Food Corner,62.6479146610063,54.162039630361456,commercial
329,Hanbok Store,66.92928156068947,54.08325717149578,commercial
330,Dhenzmer's,65.96718709063236,55.439593017353104,commercial
331,7-Eleven,57.09765584425922,70.82182716340597,commercial
332,Jilby's Chicharon,76.71718980359141,67.11790507450783,commercial
333,R Cycle,77.91352931783341,66.94625431174165,commercial
334,Santiago Muffler Center,78.92988306350887,67.04452764920457,commercial
335,Sheila's Buko Pie,78.8937618886015,67.34606300631388,commercial
336,SaveMore,67.15019432571965,56.9744587595949,commercial
337,Makiling Forest Reserve Monitoring Station,32.203035108850514,43.23666512705005,special
338,Coffee Blends,66.70991906067319,56.39579259084576,commercial
339,La Ville Canteen,68.03276020034826,48.8231767839074,commercial
340,Pro-Cure Pharmacy,37.0745879008023,73.89319653684892,commercial
341,Tres Paquito's Lutong Bahay,36.66950365164164,74.97436703781243,commercial
342,Aileen's Laundry Shop,45.083101956270745,74.72033046047521,commercial
343,Best Rock Marketing,57.38724534959863,70.75729433847279,commercial
344,Casio's Bibingka de Macapuno,44.97411832553427,74.7142702713337,commercial
345,Farah's Laundry Center,57.80163118884262,70.53798100703975,commercial
346,Bike Kings,57.46103796444928,70.73763967098078,commercial
347,Japan Surplus,57.96642436023337,70.49392179407825,commercial
348,Los Baños Duck Eggs,46.753977592467535,74.76029495104412,commercial
349,Moo & More,47.360131214440905,74.75112277288156,commercial
350,Net's Cassava,46.08534829028456,74.74784699496576,commercial
351,Unnamed,62.22732776168471,41.602870891766266,miscellaneous
352,Big Belly's,64.76976239087624,53.08414490731086,commercial
353,Buy The Way Community Store,64.39366809756787,60.13165351441948,commercial
354,Unnamed,64.32917707282259,60.32017453344617,special
355,Trese Siyete,63.54195249676855,54.182349453435464,commercial
356,Electrical Engineering Auditorium,72.77765634035235,41.89310481506645,miscellaneous
357,Unnamed,72.78959338098574,42.20610539487968,transport
358,Unnamed,73.02476858419219,42.33975713382586,transport
359,Bonchon,66.93501754124527,57.041120840171764,commercial
360,Aby & AJ Store,62.8657268960087,53.931097287329735,commercial
361,Epay's Store,62.97812110980217,53.53177995944473,commercial
362,La Niña Bea Canteen,62.967269254682904,53.56027922730973,commercial
363,Lord Rich Snack & Food Haus,62.87084277057217,53.90767547523468,commercial
364,PJ & CJ Store,62.882934837720164,53.878521051787686,commercial
365,Super Cup,63.01594757623803,52.775239049893116,commercial
366,Tess & Ylloy's Canteen,63.01703276175217,53.44054954450359,commercial
367,eLBi Convenience Store,63.02431900734389,53.38797330896155,commercial
368,Unnamed,61.411888362307366,50.54820143413523,school
369,Super Cup,67.3476980889828,54.22051226615024,commercial
370,Laundry Best,67.33219543879983,55.19489240707319,commercial
371,Minute Burger,67.32103353067338,55.23223627530829,commercial
372,Marya Fountain,65.75449073019342,38.717401915019096,miscellaneous
373,Ador Locksmith,67.37885841584131,54.27521775733596,commercial
374,Fiorgelato,66.87564239106345,53.41548984345209,commercial
375,Bubble G Milk Tea,67.31405733811087,53.059576572946575,commercial
376,Little Kids Mini Store,67.09640012960105,53.79269567040604,commercial
377,Starbucks,66.29956391045648,52.53938303998912,commercial
378,Sizzlers Take-Out Counter,67.26909965257586,54.08374853818301,commercial
379,Bestprint Copy Center,67.39265577449578,54.30846690317846,commercial
380,J. Deanon Bike Rental,62.800925818278266,52.53905546219667,transport
381,Unnamed,60.41274255834337,45.16675347478135,miscellaneous
382,Unnamed,61.1264845725319,45.190666653563625,miscellaneous
383,Unnamed,60.25864621557931,45.2491392893524,miscellaneous
384,Unnamed,60.4285552615115,45.31170664753667,miscellaneous
385,Unnamed,60.20826260249568,45.31645652551417,miscellaneous
386,Unnamed,60.36700974032344,45.364119094181035,miscellaneous
387,Unnamed,60.33507428095799,45.43634999721508,miscellaneous
388,Unnamed,60.30995998766247,45.49269337736017,miscellaneous
389,Unnamed,60.27740442228263,45.56623459156113,miscellaneous
390,Unnamed,61.01036972269629,45.60865591556327,miscellaneous
391,Unnamed,61.55389263794545,45.87104572658336,miscellaneous
392,Aling Glo's Restaurant,67.4955933716913,54.75757605537402,commercial
393,Zagu,67.50877062433139,54.719085664869695,commercial
394,Move Your Body,67.38490444940429,55.081222913411466,commercial
395,FRSS Computers,65.19313976724047,60.06466385605016,commercial
396,Fresh Options,65.12384292093888,60.06433627825771,commercial
397,Healthy Hammie,65.2236799880846,60.06253460040357,commercial
398,Rainspot Trading,65.0821407919683,60.06220702261403,commercial
399,Orange Laundry,65.10927042977748,60.5539012877094,commercial
400,Jhon Astro Salon by Grace,67.41963038581238,55.01308673277292,commercial
401,Rem's,66.10283527970027,61.18678158095704,commercial
402,Cyndy's Jewelry Repair,66.10128501466436,61.238866449808945,commercial
403,Mighty Wind Wet & Dry Laundry Shop,66.09849453764376,61.28145156270877,commercial
404,Princess Amber Internet,78.15351034259612,66.93953896701524,commercial
405,Trailhead Cycle Center,74.66665426453667,67.60730629506185,commercial
406,Unnamed,79.0647561200478,67.03928640453984,transport
407,JRS Express,65.74379390156673,69.29302161030569,commercial
408,Bugel's,67.76239398125601,55.467928496320425,commercial
409,Tita Norms Special Bulalo,68.18499622511328,55.47202321871302,commercial
410,Moonleaf,67.18740068614115,53.51605622545345,commercial
411,Office of the Vice Chancellor for Student Affairs,63.25685876000028,44.748109057199706,commercial
412,Unnamed,60.676752690865456,45.043748014059396,miscellaneous
413,Unnamed,60.63722093292312,45.07748852658912,miscellaneous
414,Unnamed,60.75984689582149,45.15659856324435,miscellaneous
415,Unnamed,61.13222055310974,45.175106708467126,miscellaneous
416,Unnamed,60.728066462970645,45.19541653154113,miscellaneous
417,V Way Computer Shop,65.64519704642774,69.19130870603509,commercial
418,Unnamed,64.83068780607195,69.50922295272059,commercial
419,Angel's Hamburger,66.06531886624957,60.40206898133289,commercial
420,Ferd's Grill,67.01904190522285,60.27709805385912,commercial
421,PCBS,66.60682643698509,57.296795306465455,commercial
422,RUS Lights & Sounds,66.55690790340122,57.41685256706405,commercial
423,Satya Graha Cafe,67.19360174621873,62.32151105083705,commercial
424,Cafe Ella,67.07376626034097,56.79134277412481,commercial
425,Dragon King KTV,68.5440376032248,54.77968755630215,commercial
426,Eatsumo Teri Haus,67.5597743434294,55.49135030841548,commercial
427,iCustomize,67.81711833637412,55.600433712997386,commercial
428,Galuz Grill,68.58915031525238,54.95281241913001,commercial
429,Unnamed,68.65550165799671,54.78820457888269,miscellaneous
430,Go BALD,66.44280839810128,56.370077734209346,commercial
431,Big Belly's Express,67.20259328331693,55.466126818466286,commercial
432,DHL,64.96416562411162,69.51905028646806,miscellaneous
433,Big Smile Bread Station,64.87549046509235,69.50611096370245,commercial
434,Antik Thrift Shop,65.74658437860936,63.34355376042979,commercial
435,Sheila May's Blossoms Flower & Gift Shop,65.4880001736359,64.52086834320963,commercial
436,Sean Nathan's Pastry Shop,65.4697070464103,64.57737551224949,commercial
437,Unnamed,65.7385230005107,63.4113623632788,commercial
438,Lubag's Bigasan,65.13422969655839,66.0470532739761,commercial
439,Andok's,65.59791396339392,69.33003790075122,commercial
440,FMS Veterinary Clinic,66.95207045644213,69.04029534413827,special
441,JM and Rayne Store,67.04586149002485,69.03325242161941,commercial
442,Jonas Bakery,71.41652365471961,68.52747231148632,commercial
443,Verzl Auto Supply,85.81926080262095,66.65765827740083,commercial
444,Bingo's Pet Mart,98.48213552105315,65.47035257197587,commercial
445,Dalcielo,60.46638172794736,42.43590121564218,commercial
446,Eusebio's Radio & Electrical Store,64.99625610999168,67.71295013283316,commercial
447,Karnihan sa Kanto,64.72728512939871,67.36719177386757,commercial
448,Nilo's Barber Shop,65.04446935202502,67.46677542249448,commercial
449,Rafaella Telecom Shop,64.82898251456548,67.40568216437188,commercial
450,Unnamed,68.71828739123552,56.71436199311326,commercial
451,Twenty-O-Seven Mini-Store,64.84510527074079,59.09208539297842,commercial
452,Sheila's Store,64.21321724947956,64.01803643320281,commercial
453,Unnamed,64.4721115074602,67.1147930854868,transport
454,BLINK Creative Studio,65.61543195809054,57.95145952285169,commercial
455,Calderon Medical Clinic,66.03105800936328,58.997415411223784,special
456,Esperanza Children's Clinic,66.03725906944086,58.949425264764464,special
457,Selina's,66.57442589809783,56.74007684974966,commercial
458,Ellen's Fried Chicken,68.13476763852223,53.81660884918541,commercial
459,Ellen's Fried Chicken,64.3873120109977,68.90058341604768,commercial
460,Greenwich,59.5366877967775,71.0019949487498,commercial
461,Belle Touch Salon & Beauty Spa,64.34933051804722,69.22685089641605,commercial
462,Bluebird,64.43955594208037,68.66718423957691,commercial
463,Botique ni Lola,65.02199050927953,66.40968188920802,commercial
464,RD Pawnshop,65.13360959056607,69.43551794962487,commercial
465,Emilio S. Lim Appliances,64.80123277074193,68.87683402616018,commercial
466,Esther Salvador Creations,65.48474461709351,65.75403493944732,commercial
467,Glory Sun Home Center,64.47831256753778,68.32273619177822,commercial
468,Golden Wheat,65.22786570364855,69.41340644869672,commercial
469,LB Laundry Area,65.0122238396744,66.4511204798357,commercial
470,Lynderm Facial Center,64.82247140148071,68.79837914508695,commercial
471,Audiomaxx,64.99517092447753,66.55643673981456,commercial
472,Skyquest,65.00385240856855,66.48830055917601,commercial
473,Dr. Rhodora L. Nevalga Dental Clinic,65.32832287678659,65.2395740178389,special
474,Oro Optical,65.2315863396907,66.6429172767811,commercial
475,TGP,36.76251955271742,73.73563161911754,commercial
476,Daisy Patahian,65.90223098638732,63.757612088931616,commercial
477,Etiquetta,65.79665793866378,64.24635815390363,commercial
478,22 Wing Point,65.53946897221162,64.33070943522358,commercial
479,iCustomize,65.91571829203461,63.709621942472296,commercial
480,Aqua Unabia,66.66821693168056,66.01118350580268,commercial
481,Unnamed,67.29901976742767,64.92280629342554,commercial
482,Mimie's store - joning tuesday,67.0449313310033,65.30050348706673,commercial
483,Unnamed,66.84711751473296,65.79055986320273,commercial
484,Unnamed,66.8959508628027,65.96466745940506,commercial
485,Unnamed,65.9380421082875,67.89786779615449,commercial
486,Unnamed,67.88160936111942,38.542147796547546,commercial
487,Unnamed,64.27894848625357,70.35552017715456,transport
488,Unnamed,61.345692046055625,75.12488903302203,transport
489,Unnamed,38.39928935852049,36.741616465369844,commercial
490,Jacques',66.50838460833867,56.59872703270262,commercial
491,Unnamed,67.43373779747404,57.54264243901459,commercial
492,Arbo Cycle Hub,70.44109690550779,68.40397548407712,commercial
493,Armia Store,69.11639544781164,68.66702045068213,commercial
494,Ashlee's Poultry Supply,68.98291762977198,68.68913195161028,commercial
495,Powerhand Microlending,70.28870585427224,68.40512200634926,commercial
496,Princess & Prince Store,70.51256412283762,68.35860595995162,commercial
497,Ultimate Gun Store,69.5819400326462,68.53746343412854,commercial
498,Unnamed,72.25258157882135,68.03266605737281,commercial
499,Unnamed,70.56031228539322,68.37629516069472,commercial
500,Unnamed,69.98671422879967,68.47964595392176,commercial
501,Unnamed,68.55721485588693,68.77610385526404,commercial
502,Erika Store,87.02304158894724,45.713153231065355,commercial
503,Victory Los Baños,66.56264388397905,52.01787919586184,special
504,LifeBox,66.59380421083756,51.99232812812311,miscellaneous
505,Mahogany,23.54899069995893,40.597698438436936,school
506,Dorm A,24.06879456043389,29.522293306603164,residential
507,Dorm B,24.393110002159347,29.86739650998676,residential
508,Dorm C,24.272499383774633,30.340255052069814,residential
509,Dorm D,23.781840505644535,30.825889128020773,residential
510,Unnamed,68.89377739125297,54.15958279692532,commercial
511,Unnamed,59.26926708119842,44.183364944590615,miscellaneous
512,Unnamed,58.66605896278227,45.78522034520172,miscellaneous
513,Unnamed,58.95874899814947,45.858433981610226,miscellaneous
514,Unnamed,58.796901330271886,45.87071814879381,miscellaneous
515,Royal Cable,66.08950300054556,59.80784286748434,commercial
516,S. A. Mendoza Optical,66.06376860123568,59.595408669675386,special
517,Macayon Party Needs,69.51496858388751,68.55416990149718,commercial
518,Unnamed,56.35755932476846,71.05719180662567,commercial
519,Bee Jay Paint Center,58.63458858291658,70.56238555250924,commercial
520,Lasalas Store,76.56975960040471,67.1344477529788,commercial
521,Lhez Pasalubong,47.57887360844283,74.75161413956879,commercial
522,Unnamed,69.37420452025613,69.00688240940099,commercial
523,BPI,66.64635819492743,52.21688270422089,commercial
524,BPI,58.750548406259625,70.97005611407711,commercial
525,Mio Cucina,66.17275223199418,59.82078219024993,commercial
526,Candytuft,62.261588618571004,59.17299710748779,commercial
527,Unnamed,63.73775096852523,63.794464590479485,commercial
528,Hanarose Sizzlers,67.23948959075328,53.59385595094177,commercial
529,Big D's,62.80495650730556,54.25032184517923,commercial
530,Los Baños Fire Station,36.75554336013288,75.62116938720011,special
531,IRRI Bookstore & Souvenir Shop,83.78159246322116,54.501901589080326,commercial
532,IRRI Emergency Brigade,88.73918496366419,57.970131456969234,special
533,Marsman Drysdale Travel,83.8735231787828,54.629984505569325,commercial
534,Petron,88.24589063500606,57.432084934371,commercial
535,De Jesus Store,56.943249448487975,68.19776526430735,commercial
536,Totie's Store,57.556224236531285,68.19579979755554,commercial
537,Unnamed,67.12197950239634,40.12582262972833,miscellaneous
538,Unnamed,67.3163827356317,40.23244920087411,miscellaneous
539,Chicharap Food House,62.425451630962236,54.86960766007929,commercial
540,Fair and Square Laundry Shop,62.435528353574554,54.80376452397919,commercial
541,Unnamed,66.94617944937173,55.93914914944411,commercial
542,Oro Optical,66.96152707306211,55.88722806948698,commercial
543,Namia Travel and Tours,65.49978218775469,64.41309524979462,commercial
544,Budget Swak na Swak Store,65.57993088917551,64.16773948393272,commercial
545,La Trenda PENs Fashion Haus,65.59078274431681,64.13006803790807,commercial
546,Unnamed,65.5968287778798,64.08289683592552,commercial
547,Cravery Pizza,67.01780169319412,54.25048563407692,commercial
548,Doymeal's Eatshop,66.9494350059141,55.58454619010552,commercial
549,Unnamed,66.83223497056436,54.26276980125759,commercial
550,Lil' Orbits Mini Donuts,66.89610588929527,54.11503221727659,commercial
551,Mini Moo Ice Cream,67.03082391934164,55.61681260257356,commercial
552,Unnamed,66.83363020908567,54.21789164381933,commercial
553,TLC Center of Natural Health & Beauty,66.64155237337114,56.527151285250575,commercial
554,TP-Toda,81.36689967149147,66.6530721883181,transport
555,Karne Frio,66.96400749707551,54.40166278487142,commercial
556,Kaye's Gallery,66.97780485573,54.03117230264387,commercial
557,Labada U,65.32599747926575,65.27642651938677,commercial
558,Department of Community and Environmental Resource Planning,64.39242788553913,48.212080413795434,school
559,Office of the College Secretary,64.12609235549621,47.908743378834885,miscellaneous
560,CHE Library,64.40979085374317,47.593122176687835,school
561,UPLB Phil-LiDAR 1,65.2267805181344,47.30567266461624,miscellaneous
562,Department of Social Development Studies,64.495985588727,47.80670289677184,school
563,IRRI Information and Technology Services,84.88042030786032,55.81466958866048,commercial
564,IRRI Communication,84.89189226897193,55.955528039020294,miscellaneous
565,Social Sciences Division (SSD),85.88468198638778,56.35779356702867,miscellaneous
566,IRRI Library,83.0774620921452,53.30067382751822,school
567,Mt. Banawe Store,60.15725888339768,55.015871144001515,commercial
568,Unnamed,61.207873485981466,54.596243993042506,commercial
569,Unnamed,60.582031498283214,55.26908877685616,transport
570,University Cafeteria,63.51854349500152,45.42783297463745,commercial
571,Unnamed,63.953237806006804,47.38658437912561,miscellaneous
572,Unnamed,63.95819865405565,47.49517641702029,miscellaneous
573,Unnamed,63.48226729360158,47.59361354337797,miscellaneous
574,Café Buchie,64.209651639952,47.0829197663726,commercial
575,ACK Meatshop,86.82042195112062,46.44152245054441,commercial
576,Erika Store,86.03428256060275,47.36905896727729,commercial
577,TP-Toda,86.7342272161368,46.233182975128045,transport
578,Unnamed,92.87715234918795,66.42655214547142,commercial
579,Unnamed,92.63438084740463,66.48256794782405,commercial
580,Dunkin' Donuts,66.71782541225724,52.33382797579844,commercial
581,BFF Street Style,67.58504366321749,55.25811492084238,commercial
582,Barangay Burger,67.48412141055766,54.43507571960578,commercial
583,ELBeatz Private KTV and Kinect Hub,68.41024973219999,55.372930936773336,commercial
584,Ermaejoy Store,67.14135781511403,55.59994234631016,commercial
585,Happy Tub Laundryhaus,67.36630126919356,53.79122157034145,commercial
586,Lyanna & Luis General Merchandise,67.11825886635418,55.65366510412143,commercial
587,Mr. Liempo,67.13050595999476,55.62844161417225,commercial
588,Pizza Hut,67.20972450239404,53.55405524927054,commercial
589,Tabemashou,67.93633371623753,55.36621559204693,commercial
590,Unnamed,67.24956631336559,54.018724346565506,commercial
591,Unnamed,67.50303464377559,54.483065866068,commercial
592,Kim Bop,67.60721245297782,55.6816730052963,commercial
593,LBC,67.31018167555412,57.49514365923959,commercial
594,Wing A,63.837743062185545,46.16619331675873,school
595,Bogart's Bentelog,62.81224275289728,54.1733410641706,commercial
596,Dilbert Store,63.00928143666068,53.975320289186,commercial
597,Rib Food & Grill Haus,62.392896065582406,56.85702212132722,commercial
598,Zoller Cuisine,63.276702152239764,52.60244176485771,commercial
599,Unnamed,62.808212063847954,54.52483203448815,commercial
600,Vision World Optical,66.09895961714352,61.93300379007396,commercial
601,Dessert Box by: espressams,65.75402565069368,64.61439180269213,commercial
602,Casa Bulgogi,67.47823040348725,55.61058862453439,commercial
603,University Bookstore,63.61202447557706,45.46239243164394,commercial
604,Crop Protection Cluster,61.257016887036364,49.45540192157304,school
605,LITE Program,62.711475526730034,47.74921299435752,school
606,Unnamed,60.23988800885396,48.52164142679808,miscellaneous
607,Unnamed,60.24717425444568,48.609104697139074,miscellaneous
608,Iskulmeyts,63.25933918403571,52.70317193575676,commercial
609,Melville Canteen,63.254998441979204,52.74690357092581,commercial
610,Others,63.25530849498639,54.08997251622218,commercial
611,Tess & Ylloy's Canteen,63.26181960807116,52.66402638966753,commercial
612,Land Grant Management Office,64.16019818588993,50.94326025072705,commercial
613,University Housing Office,63.64597527947819,38.25731890680686,special
614,Paponei's,66.69410635748304,52.24783880552203,commercial
615,Pizza Pop,67.00260909601833,53.629561930220405,commercial
616,"Los Baños Community Center, Therapy Intervention and Support Services",37.095206425548724,75.58710129688085,miscellaneous
617,Los Baños Municipal Trial Court,37.02497942022561,75.62493653180317,special
618,Unnamed,64.01493835370945,54.33303523754274,commercial
619,Entablado,66.963077338076,52.165616779845756,commercial
620,High Ground,66.83781592462759,53.4729797458664,commercial
621,UPLB Perspective,62.906808918986954,44.96529313298617,commercial
622,UPLB University Student Council,62.98044650732301,44.89306222995212,school
623,Entom Food House,65.82704313301535,55.102187892070376,commercial
624,Nanot's,66.76836405183344,53.543572759941085,commercial
625,Holland Tulips Cafe,59.912006957578924,53.401731576206814,commercial
626,Unnamed,37.54059756515866,72.32999531563689,commercial
627,Unnamed,37.072417529774036,72.90210992855441,commercial
628,PNB,66.06469876025723,57.53838392772431,commercial
629,Planbank,65.92579501464692,64.15070543877454,commercial
630,Potato Corner,67.37746317732,57.032112450903995,commercial
631,Wantoks Place,66.93098685219594,53.557331027186365,commercial
632,PC Pro,66.83425031510004,53.6079417959795,commercial
633,Chelsea's Bowls & Beers,65.8416156241988,58.149480297833364,commercial
634,Lugaw Royal,66.49071158714946,56.92761513540481,commercial
635,Alfredo's Sari-Sari Store,35.38309373988112,58.347009706130734,commercial
636,ECO-TODA,32.56176643397687,67.46857710034571,transport
637,Melody Store,34.532618351110536,60.495101074128165,commercial
638,Unnamed,34.35061723800832,58.92567587487988,commercial
639,2F5B Store,34.44797388114061,60.712940305499544,commercial
640,7-Eleven,32.25992983499689,67.51460178005902,commercial
641,Sweet Cravings,65.38134194039823,37.18957909529617,commercial
642,Unnamed,62.62667603026754,45.036705091543446,miscellaneous
643,Burn Out Burger,65.32785779728682,66.29994332904118,commercial
644,Blooming Stem,49.253934960181525,74.39209751335792,commercial
645,Makiling Funeral Sevice,49.071003688079784,74.44745816012566,commercial
646,IRRI Safety and Security Services,88.53780553784428,57.8273075398576,commercial
647,Unnamed,58.9759569398389,55.08466248022206,commercial
648,Cafe Mirielle,65.28088476726019,60.53703103144308,commercial
649,Doki Convenience Store,64.04749391908928,71.51792997041989,commercial
650,Unnamed,64.7790639809816,37.26705124299494,miscellaneous
651,Unnamed,64.71751845977154,37.396444470650856,miscellaneous
652,Unnamed,65.14554663119945,37.40119434862835,miscellaneous
653,Unnamed,65.09252756758781,37.50290725290185,miscellaneous
654,Unnamed,64.65643801808325,37.524691176037535,miscellaneous
655,Unnamed,65.04881009408153,37.598723756925715,miscellaneous
656,BDO,66.63984708186467,52.202633070288385,commercial
657,MandÉ Clothing,65.677597585315,58.42808520953488,commercial
658,Palawan Pawnshop,65.6788377973217,59.03557822393856,commercial
659,SEARCA Canteen,60.88603846826942,47.728411804593385,commercial
660,Timog Greens and Grill Family Restaurant,35.79251873107626,70.01385654058156,commercial
661,Twin Queen Travel,35.725547282317564,70.11344018920846,commercial
662,Unnamed,35.64245307736152,70.21138594887893,commercial
663,Metikuloso Carwash,79.92499817844556,30.14108775481599,commercial
664,Mission Agape Clinic,58.52886050870046,70.9544961689777,special
665,Unnamed,82.98150068753422,54.75249859960406,residential
666,Unnamed,82.89422076703626,54.837668825403696,residential
667,Kinalas Garden,67.89509666676669,53.52719387036491,commercial
668,Unnamed,52.65537143574206,59.17152300742611,commercial
669,infusion,64.26437599507013,54.42917931935906,commercial
670,Manuel,75.54860003317296,66.19004097998251,commercial
671,Aling Rose,74.88803210908866,65.7576382951556,commercial
672,Palis,75.40101480347165,65.74076803888927,commercial
673,Prologue Computer Center,66.60310580094294,52.12041104461211,commercial
674,Calmarland,98.32586880726083,65.46576648289604,commercial
675,Unnamed,61.73108792949139,72.79695745747323,commercial
676,Boards UP,67.21189487342231,55.406999027095516,commercial
677,Productivity Café,67.22026630452815,55.37276714787856,commercial
678,1st Floor Office of the Instruction ICropS,68.08872476749512,39.587776107130104,miscellaneous
679,Toilets for Men Only,67.44691505013617,39.27968919419206,miscellaneous
680,Tissue Culture,70.06794811573464,39.23808681466669,miscellaneous
681,7107 Bar &  Grill,68.43195344243851,55.24140845347374,commercial
682,Jay and Billy Car Aircon,81.42984043122286,64.45158564029894,commercial
683,Unnamed,59.345540120084515,50.87299481444483,commercial
684,Bukohan,83.369532021498,66.92184976627216,commercial
685,Saint Anthony School,78.67982531613382,74.05305449911583,school
686,Rand computer center,67.848898769247,49.32109502704194,commercial
687,CEAT B-100,68.77843767392429,41.37471295996021,school
688,Office of the University Registrar,63.05036345963894,48.5953464298938,special
689,Laguna Provincial Environment and Natural Resources Office,20.84780893293964,60.609753301164346,special
690,137 Burgers,62.58962469633861,54.49092773306364,commercial
691,Heneral Ulam,62.42390136594834,54.90121891696242,commercial
692,Turks,66.79037781507915,52.17675442475721,commercial
693,Olive's Digital Photography,65.63170974078045,62.83515302796579,commercial
694,Jelmer's Studio,66.9018418698731,52.1063251995773,commercial
695,PLDT Los Baños Business Center,41.68058029519608,74.23813595133483,commercial
696,"Meralco Los Baños, Laguna",41.51950775984748,74.25385968532902,commercial
697,Department of Public Works and Highways,24.814317007495305,59.81554094558521,commercial
698,MABBASA TODA,52.37058775198097,89.32653281838215,transport
699,Tito Boy / Tita Joy Silog Meals Atbp.,47.90970016325306,82.67801396136608,commercial
700,Unnamed,81.31698113792962,66.8964624874282,commercial
701,Unnamed,81.34333564323187,67.00849409213347,commercial
702,Palawan,61.96037212560539,70.52700715102306,commercial
703,Unnamed,66.00315323904715,57.62895918708345,commercial
704,Unnamed,61.32956928988031,71.9848921122533,commercial
705,Unnamed,63.63527845085151,67.0482947938076,commercial
706,Unnamed,82.64943392071727,63.45263716501171,commercial
707,Unnamed,61.96254249663365,70.43151822479166,commercial
708,Unnamed,67.34800814198998,57.2876231283029,commercial
709,Janli Store,62.05028749665339,71.37789046453685,commercial
710,Unnamed,61.41080317679324,65.90078979005678,commercial
711,Fud Ko Toh,63.51451280597422,66.72661340251906,commercial
712,Unnamed,65.40971179023614,69.43486279404286,commercial
713,Unnamed,61.413128574336106,71.71824378994293,commercial
714,Unnamed,64.81518515591101,67.17998106600488,commercial
715,police outpost,67.68689607487686,54.761343199977055,special
716,Floriasia Botanical Garden,57.774966630555234,69.35214940167937,commercial
717,Unnamed,58.79287064124459,51.71568868317053,commercial
718,Unnamed,46.08364299877808,74.00096963026392,commercial
719,Unnamed,50.426710446141875,60.115438413738076,commercial
720,Haraya,64.72635497037716,55.97305345086861,commercial
721,Toyota Environment Education Theater,52.11789455407791,33.58868022183553,miscellaneous
722,Harold Cuzner Wing,53.18246154180875,31.38047832909287,miscellaneous
723,Arthur Fisher Wing,53.46104416549225,30.54138781607254,miscellaneous
724,Hugh Curran Courtyard,53.39453779623331,30.830966583790726,miscellaneous
725,Forsythe Scherfesse Wing,52.87054822021644,31.180328298464595,miscellaneous
726,DFPPS Main Building,52.616924863313855,32.30064434551734,miscellaneous
727,DFPPS Annex Laboratory Building,52.31756868836932,32.49653586485534,miscellaneous
728,Leon G. Gonzales Wing,67.65589077453295,39.38811744318906,miscellaneous
729,Nicolas L. Galvez Wing,68.44047990003693,39.050876106804004,miscellaneous
730,Modules and Work Areas,93.42238055594359,30.02299596096631,special
731,Glasshouses/Headhouses,93.52221762308929,31.083692849961047,special
732,Screen Cages,93.50128904535771,31.935558896849287,miscellaneous
733,Food and Feeds,88.44882032583988,20.542567096122472,miscellaneous
734,The P.O. Box,65.75821136623557,60.253840030661756,miscellaneous
735,Basketball court,36.41510516223212,75.76694150443512,commercial
736,Country Builders Bank,36.22070192899675,73.500758342588,commercial
737,Doymeals Eatshop,67.46551823034692,53.974665133604006,commercial
738,Water for Less,58.39445253166129,74.24223067373033,commercial
739,Kappu Potet'o,66.54078514722592,60.366526790949024,commercial
740,Mercury Drug,59.46243010242709,70.96481486941238,commercial
741,Goldilocks,63.71976789432885,70.18698140340942,commercial
742,Office Warehouse,66.85471381333187,57.25568429362732,commercial
743,Unnamed,32.80484798876737,67.67593384239052,commercial
744,Unnamed,33.32790740576269,66.62277124260187,commercial
745,PCAARRD,35.39549586001427,59.44947276354561,commercial
746,CT Place Resort,3.493832270621946,55.911796403851255,miscellaneous
747,Rand Internet Cafe,66.220035315028,52.653216322545624,commercial
748,"UPLB Foundation, Inc.",63.7458123466239,45.46108212047704,special
749,The Original Buko Pie,47.41206509253843,74.77585489614061,commercial
750,Uela's Boutique,66.62093384864673,53.76714460266441,commercial
751,Innovative Engineering Materials Laboratory,70.14174073058528,41.89769090414918,special
752,Unnamed,62.34003202848536,44.420695054559204,miscellaneous
753,Unnamed,62.50870086241084,44.26427665909998,miscellaneous
754,Unnamed,62.673649060316194,44.05102351681134,miscellaneous
755,Unnamed,62.83255122463653,43.83383944102197,miscellaneous
756,Unnamed,62.986802593893174,43.69560161299306,miscellaneous
757,Unnamed,63.13717830063711,43.558182729443836,miscellaneous
758,Unnamed,63.31607888368952,43.429117079577466,miscellaneous
759,Unnamed,63.48676306215067,43.29988764081924,miscellaneous
760,Unnamed,63.65760226710441,43.15624477923083,miscellaneous
761,Unnamed,63.81619437841757,43.03127385175705,miscellaneous
762,Unnamed,63.96858542967516,42.85012333303878,miscellaneous
763,Unnamed,64.10268335372919,42.658654113885824,miscellaneous
764,Unnamed,61.80503557083462,43.839572052373924,miscellaneous
765,Unnamed,61.8916953853182,43.64761146653374,miscellaneous
766,Unnamed,61.98812186942894,43.43403074645265,miscellaneous
767,Unnamed,62.082843062011186,43.22421717097169,miscellaneous
768,Unnamed,62.29414418395083,42.756599873556276,miscellaneous
769,Unnamed,62.3887103500405,42.546950086973,miscellaneous
770,Unnamed,62.47583524402383,42.35433434554791,miscellaneous
771,Unnamed,62.568076012592655,42.149925803629365,miscellaneous
772,Office of the College Secretary - CEAT,73.17793476795671,42.21527757304223,school
773,Unnamed,47.490663528923335,45.592440814881854,commercial
774,Christian Bible Baptist Church of Los Banos,44.854437866149084,67.0428897602452,special
775,Pentecostal Missionary Church of Christ (4th Watch),61.301354466534974,69.71182981678501,special
776,Raquel Pawnshop,61.79263345067943,70.48245657137433,commercial
777,Mitos Meat Shop,61.50660955491164,70.58924693141489,commercial
778,Dr. Aldy Reyes Buan-Lazaro Medical Clinic: Internal Medicine,62.30034524402842,74.81696590897874,special
779,Vicar Farm,57.520568141123675,74.33788338885651,school
780,Dr. Aldy Reyes Buan-Lazaro Medical Clinic: Internal Medicine,62.32173890125977,75.04070154059976,special
781,Vicar Farm,57.176874386680524,74.0329084649366,commercial
782,Vicar Farm,57.12928125063952,74.00965044173924,special
783,Unnamed,66.19538610125426,61.83342014144705,commercial
784,BDO,66.05818764717245,60.11969692502834,commercial
785,Tambayan Computer Shop,66.59070368078775,56.492428039349306,commercial
786,"CELPA, Inc.",66.56636452002121,57.352483531025634,commercial
787,1954 Diner's Cafe,66.6300804122375,57.14021312211145,commercial
788,Los Banos Municipal Hall,33.02917133683251,67.04976889386928,miscellaneous
789,UPLB Gender Center,59.94471754947336,45.80553016827572,miscellaneous
790,Healthserv Los Banos Medical Center,62.86371155149505,71.25586773719225,miscellaneous
791,B-Gen & Brigen Pharmacy,67.26553404304832,55.87838346911398,commercial
792,TGP,99.85443011483437,65.92322886877446,commercial
793,South Star Drug,95.66313361269178,67.14984390918343,commercial
794,Harley's Baker's Hub,98.404002164168,65.4680595274374,commercial
795,Royale,98.56026887796033,65.4728094054149,commercial
796,Unnamed,64.18825798269863,69.65483128105791,special
797,Sausage ni Lucas,63.96594997914714,65.52538564095404,commercial
798,Lety's Buko Pie,46.83133581686776,74.8267932427262,commercial
799,Mitz Special Cassava Cake,46.69134688574332,74.82155199806148,commercial
800,Mr. Asado,46.774441090699355,74.82499156487206,commercial
801,WalterMart,59.497776144827505,71.12614693174389,commercial
802,Max's Restaurant,59.38336658652038,71.14956874383603,commercial
803,Mr. DIY,59.42909940454031,71.40098469884234,commercial
804,Chooks to Go,59.95169374203586,70.79005211762806,commercial
805,Uling Roasters,59.921773627206086,70.79300031775144,commercial
806,Quickloan Pawnshop,60.8494522138623,70.72437277042275,commercial
807,Batangas Lomi,60.976728971824365,70.68096871304616,commercial
808,Natasha,61.00478876863307,70.67933082408679,commercial
809,Pacifica,61.048661268653944,70.66311572340538,commercial
810,Unnamed,61.39406031460356,70.59776395399543,commercial
811,Chef From Home,61.47374393652463,70.59235892043593,commercial
812,Unnamed,61.42537566797668,70.59301407601792,commercial
813,Karlynne CP and Accessories,61.25872217856486,70.60578960988875,commercial
814,Lifemed Medical Supplies,64.00610184310383,70.20925669323232,commercial
815,AYJE ENTERPRISES,83.40239763988502,69.12857755895604,commercial
816,Unnamed,47.531900578394165,80.8149152720041,commercial
817,Royal Steel Hardware & Construction,85.52641574076118,67.06107032767552,commercial
818,UPLB Babaylan,62.615359095626474,47.237045117290464,miscellaneous
819,Fortune Nine Trading,90.58958128892775,66.64963262150752,commercial
820,College Merchandising,89.75941437187437,66.79098243855456,commercial
821,Baby store joning thursday,80.70509153540046,87.2306901081343,commercial
822,Batin's store - jonin thursday,50.65397929776426,86.22224187688916,commercial
823,Escote enterprise - joning thursday,44.901410896197746,78.92495520373647,commercial
824,JMISA store - joning friday,84.74740756932042,66.91628094381788,commercial
825,Nanay Toyang store (parducho) - joning friday,79.5856451660369,26.054063438717172,commercial
826,Cora - Joning friday,83.22132668580436,26.620117862490268,commercial
827,Micay (Apzara) joning - thursday,71.49295172009829,91.81121036718262,commercial
828,Jomsel store - thursday,53.002940852741965,93.79174569480938,commercial
829,STCS0200868,83.24194521052875,39.33554120764992,commercial
830,Conching - joning saturday,6.684742756771811,71.32826242912107,commercial
831,Norly Store - joning thursday,54.104094094879926,94.72173904497839,commercial
832,Melly,86.23535193341547,47.089962688888555,commercial
833,Belen store - joning friday,74.29707108429106,28.71907256175625,commercial
834,Tessie's store - joning thursday,50.720795720030374,90.73167775517558,commercial
835,Maryel store - joning thursday,51.78629286676073,88.13365829050291,commercial
836,Renz & Azuy's store - joning thursday eskinita,47.03318032218743,81.88707738370275,commercial
837,Nori Store - Joning wednesday,36.47355015339239,74.16705157057292,commercial
838,Dominga Robales Campo - joning friday,82.02343690652644,63.037268525342974,commercial
839,Mark & trix(Zenaida store)- joning friday,79.82810661481304,25.819517739977172,commercial
840,Ariel2 (Lourise) talipapa - joning friday,80.09211674735714,25.610686897870664,commercial
841,Noime (Veronica store) - joning friday,73.26195913191228,28.868448034696613,commercial
842,Lucky James store - joning saturday,10.247871873695319,71.1233625205153,commercial
843,Santiago Sari2 store - joning thursday,81.06072233047699,87.1330719262563,commercial
844,Conzul store - joning thursday,54.28438991645365,94.80985747090139,commercial
845,Jhed anzel store - joning friday,84.73190491913746,66.8327486069747,commercial
846,Almiz store - joning friday,82.18574965390377,18.76169043243677,commercial
847,Del Castillo Store,4.669863313146723,71.2724104156632,commercial
848,Eugene store (eskinita) - joning saturday,12.572339241391873,71.31139217285765,commercial
849,Loraine store - joning saturday,7.904336246288255,71.31237490623211,commercial
850,Normie store - joning friday,79.01731801052142,25.544024817293803,commercial
851,Adaniz store - joning saturday,12.161053932175658,70.90273887791534,commercial
852,Odeth (Meatshop) - joning friday,84.49192389439676,66.97884830199925,commercial
853,JMISA -joning friday,84.73423031668031,67.09006096222775,commercial
854,Ghie - joning tuesday,80.61781161490251,67.07990605069075,commercial
855,Anna (Gin zhyriu's) manukan - joning monday,61.377937558428265,71.71808000104816,commercial
856,Jaena - monday,61.14679304427115,71.64240953120353,commercial
857,Mix match store - joning tuesday,66.50776450234632,60.55701327672753,commercial
858,Malou (eskinita) - joning tuesday,25.65921144220266,65.50212761775668,commercial
859,Tita offie - joning tuesday,71.7568068261278,68.39775150603793,commercial
860,Gerizim's store - joning monday,61.747675765166456,72.37716651761946,commercial
861,Paymart - joning tuesday,67.30088008544874,60.56962502170358,commercial
862,Aylah(Sunjin Pidsko) - joning monday,61.7261270814205,72.56961847014686,commercial
863,Shiela's pharmacy - joning monday,62.16283673693943,72.1775078536784,commercial
864,Len store - joning tuesday,25.643708792019694,65.90341041238769,commercial
865,Trining MX - joning monday,62.01029065918926,72.05777817087225,commercial
866,Dolor - monday,61.67186780580215,71.9734268895494,commercial
867,Agnes (former alice store) - joning monday,61.78054138355347,71.89562716406108,commercial
868,Concepcion - joning tuesday,66.86075984689485,65.75600040619624,commercial
869,Keithlyn - joning tuesday,65.89478971430302,60.35850113505862,commercial
870,Angel ( camp. Eldridge) - joning tuesday,18.056401741887203,64.35920870308567,commercial
871,RZKC - joning tuesday,70.6784424797425,68.42592319611049,commercial
872,Angel & riana's - joning tuesday,73.27777183510243,67.92718600849625,commercial
873,Mickaela - joning tuesday,73.64115395527045,67.87100641724885,commercial
874,Edhel Rice Store,57.171913538609644,70.53667069587284,commercial
875,Ofelia Mendoza store - joning monday,61.42832117151189,71.46928466837566,commercial
876,Jerstelle - joning tuesday,79.89538811660094,67.22010934546566,commercial
877,Baby - wednesday,56.888680119862435,68.23150577683417,commercial
878,shobe store - monday,62.028738812907434,71.4602762791108,commercial
879,MPres - joning tuesday,80.3581422244149,67.07220797258697,commercial
880,Jocel - wednesday,44.60127958874626,72.88867923910158,commercial
881,Nelia2 cabrera Veg. - monday,61.15655971387629,71.50204244753094,commercial
882,Edna Veg. - monday,61.2994941485139,72.01060696888972,commercial
883,Shanshir - monday,61.0970295372019,71.8188101719443,commercial
884,May & teody - monday,61.06214857430123,72.02960648079971,commercial
885,Xhian,73.841913275076,67.86003256123216,commercial
886,Morante - joning tuesday,79.74888807241375,67.11282761873788,commercial
887,Prec,61.669387381766704,72.02682206957112,commercial
888,Ramil - friday,82.96398269283759,38.989455270891874,commercial
889,Bobby - friday,83.64206861161851,58.03155229288137,commercial
890,Renalyn - friday,81.90158607613502,19.53461023156455,commercial
891,Hanna - friday,82.39782590832834,63.264607512669336,commercial
892,Susan - thursday,72.60728221489838,90.81291704747449,commercial
893,Letty - friday,83.71043529892056,57.78848957156082,commercial
894,Ilao - friday,74.37690973272673,25.987892724824626,commercial
895,Josie - friday,82.1184681521379,19.15461999338491,commercial
896,Jarine - friday,81.34690125275941,27.135233939680685,commercial
897,Philip - friday,74.88694692357453,28.734468717960887,commercial
898,Anna Joven - friday,82.03924960971659,37.176475983635804,commercial
899,STCS0200829,75.27451317801653,28.742821951643748,commercial
900,Josie2 - friday,75.88764299257444,30.437054289468136,commercial
901,My little - saturday,5.5871551241834245,71.08388939663361,commercial
902,Alice - ali wednesday,44.29959801628089,74.34165053345956,commercial
903,Ralp macbim,61.736978936539764,72.10134601714654,commercial
904,Liezel,61.89107527932586,72.29297902519426,commercial
905,Babap store,62.621095076204305,54.530728434734876,commercial
906,Nanay Onec,23.232116530317775,61.55268597410186,commercial
907,Six twenty five store,62.617064387154976,54.398550795850376,commercial
908,RMB store,67.54644206427469,54.36857742792369,commercial
909,VHEC's store,67.16817739991603,55.73572334090002,commercial
910,Vhec's store 2,67.12911072147345,55.81466958866048,commercial
911,Goldilock's Grove,67.25266684339337,55.36474149198525,commercial
912,SMJM Glass Aluminum & Metal Works,54.438331232725126,72.18389562061235,commercial
913,STCS0200846,42.428893219300114,60.187014161187214,commercial
914,STCS0200847,42.80870814865064,60.294623465707446,commercial
915,STCS0200849,44.47942875835484,73.3143665792021,commercial
916,STCS0200849,46.21417531326051,73.32959894650905,commercial
917,Unnamed,51.114563034549974,64.44568924005222,commercial
918,Unnamed,53.14696047289371,66.01937295059078,commercial
919,STCS0200852,54.255710013630576,73.75970858679752,commercial
920,STCS0200853,54.88527263734895,74.32068555480065,commercial
921,STCS0200854,55.08432666564802,74.22503283967447,commercial
922,STCS0200855,70.21537831892134,92.7503758955142,commercial
923,STCS0200857,73.43651897290816,90.59769843843694,commercial
924,STCS0200856,70.9661716670388,91.94011222815132,commercial
925,STCS0200858,74.7728474182746,89.75615109198047,commercial
926,STCS0200860,82.02715754259063,86.92751686206563,commercial
927,Unnamed,76.71114377002843,88.73148776005682,commercial
928,STCS0200,83.04847213631493,86.26433562310176,commercial
929,STCS0200861,81.83275430935525,86.52213934504202,commercial
930,STCS0200,82.220785643297,86.70214334149107,commercial
931,STCS0200864,83.75663319644025,85.89269861860497,commercial
932,STC0200865,89.26674014923063,86.88345764910412,commercial
933,STCS0200866,68.62697678168824,61.70238902483468,commercial
934,STCS0200867,85.05637538737751,42.821460276279005,commercial
935,STCS0200869,81.01095882340773,35.609343828925965,commercial
936,STCS0200870,76.4832548124137,31.1233297627346,commercial
937,STCS0200871,75.26877719746072,30.22740450288486,commercial
938,STCS0200826,72.34249694984732,28.18937927284379,commercial
939,STCS0200827,72.70789441455103,28.019693976826517,commercial
940,STCS0200830,74.71982835466294,28.770338486131386,commercial
941,STCS0200828,76.46449660568835,28.541361609848565,commercial
942,STCS0200832,82.1674565267002,24.01931398658901,commercial
943,STCS0200831,77.26629367290381,29.30052314173398,commercial
944,STCS0200834,80.5373528604745,21.008055137894203,commercial
945,Unnamed,82.46805291365146,51.38467132482174,miscellaneous
946,Pandayan Bookshop,64.93734603930962,69.94064290417306,commercial
947,Domino's,64.92013809759814,69.94146184865274,commercial
948,FC Home Center,62.41506485534273,70.35502881046733,commercial
949,vinro place,58.62637217832534,80.5471204274245,commercial
950,SEARCA,61.15438934284803,47.971310737016246,school
951,LRC Learning Hub,63.17888042960771,44.66080957575348,school
952,Unnamed,69.07872400786835,54.34990549380614,commercial
953,JRE CELLPHONE REPAIR SHOP,79.476816561793,24.49806892891879,commercial
954,Unnamed,79.48177740984185,26.2070422673629,commercial
955,Student Union Canteen,62.85720043841027,45.18755466454549,commercial
956,Patahian ni Lucy,82.77407522815132,27.267411578565188,commercial
957,Unnamed,63.70907106570217,37.90877613661267,miscellaneous
958,Headliner's,64.21492254100805,69.50627475259724,commercial
959,Unnamed,64.3631278767017,69.174274660874,commercial
960,Unnamed,64.40405487318738,68.83424891326035,commercial
961,Unnamed,64.49862103925501,68.64998640552103,commercial
962,Trinity Appliance Store,64.72371951984913,67.49724015710548,commercial
963,SMB Copy Shop And Services,64.71643327425741,67.59666001683762,commercial
964,Unnamed,64.52249512054384,68.44033661893776,commercial
965,Lotsa Pizza,64.60729461700633,68.20349787565931,commercial
966,Turk's,64.56094169297202,68.1581283515309,commercial
967,Neya Fresh.shop,64.85471691385335,68.70813146352026,commercial
968,BYW Foot Wear,64.7765835569682,68.96871959668623,commercial
969,Eloise Hotfood,64.84681056226928,68.43362127421135,commercial
970,Unnamed,64.86804919300806,68.37203664940445,commercial
971,Chooks To Go,64.90277512941614,68.00056343380244,commercial
972,Uppercut Barbers,64.92292857464078,67.95699558752817,commercial
973,Unnamed,65.01330902516649,67.6834681315937,commercial
974,Unnamed,65.03392754991293,67.50035214612653,commercial
975,Cloud Machine,65.02400585379318,67.61598710653716,commercial
976,Ompoy Malunggay Pandesal,65.01113865416028,67.5255756360728,commercial
977,Unnamed,65.03764818595509,67.39634619731457,commercial
978,Cyves Salon,65.05206565062393,67.34016660606426,commercial
979,VJ's Batangas Lomi,61.073000429420496,70.37435590016688,commercial
980,Unnamed,60.233376895769176,69.9966587065257,commercial
981,Hei Hei,59.88689266430542,70.79627609566724,commercial
982,Fone Bytes,59.846430747341536,70.8054482738298,commercial
983,Reymalyn Sanglaan,60.237717637825696,70.76679409442778,commercial
984,APC Lending Company,60.28407056185999,70.76630272774057,commercial
985,Unnamed,60.32174200180328,70.76613893884578,commercial
986,Unnamed,60.37104042935076,70.76990608344593,commercial
987,Thai Taaras,60.289806542437816,70.8052844849321,commercial
988,N. Rico Optical Clinic,60.786821507138086,70.6609864677617,commercial
989,Unnamed,60.710393441759415,70.69358045801928,commercial
990,Unnamed,61.104780862293374,70.66000373438725,commercial
991,Unnamed,61.54645136586115,70.58728146466598,commercial
992,Kappu Potet'o,61.83014986410812,70.48393067143601,commercial
993,Unnamed,61.92688640122604,70.4311906469992,commercial
994,Unnamed,61.9902922404572,70.43217338037365,commercial
995,Unnamed,61.89154035882562,70.43643189166391,commercial
996,South Star Drug,63.56551652505019,69.770793819261,commercial
997,G. Ochoa Realica,63.923162664662414,70.21695477133319,commercial
998,Genuine Care Dental Clinic,63.71697741728622,70.20860153765032,special
999,Oppo,63.83448750564315,70.0895270104262,commercial
1000,S&S Fashion Hub,63.77759277947476,70.21335141562784,commercial
1001,Unnamed,63.78115838902433,70.19566221488473,commercial
1002,Unnamed,63.60845886604951,70.1552063576286,commercial
1003,Jen's Boutique,63.5607107034939,70.15913729112933,commercial
1004,Ingco,63.42025669289174,70.200575881757,commercial
1005,Amer Cellphone Accessories,63.359176251181424,69.84613671131609,commercial
1006,Unnamed,63.424287381919044,69.83401633302728,commercial
1007,Unnamed,63.00354545610488,69.9288501036796,commercial
1008,Unnamed,63.04106186953356,69.92491917017887,commercial
1009,Unnamed,62.87595864513562,69.95505632700034,commercial
1010,Adison,62.78495808859553,69.96717670528915,commercial
1011,Unnamed,62.67736969635834,69.98994336179928,commercial
1012,Soltura Zalameda Optical Clinic,62.55629399845184,70.00042585112874,commercial
1013,Unnamed,62.36111563270953,70.05398482004523,commercial
1014,Zagu,62.31166217864745,70.07101886520633,commercial
1015,i-fern,62.29383413094365,70.07740663214028,commercial
1016,RVE's Pambata Atbp,62.24732618041677,70.0854322880336,commercial
1017,M Lhuillier,61.88905993479018,70.12916392320264,commercial
1018,Unnamed,61.84472235529157,70.12408646743269,commercial
1019,Yolz RTW And General Merchandise (Halookay),61.97044884823975,70.13981020142688,commercial
1020,Unnamed,61.73604877754024,70.19877420390287,commercial
1021,Marikina Shoes,61.69388156904786,70.19811904832088,commercial
1022,Roldan Barbershop,61.651714360577515,70.19664494825919,commercial
1023,Unnamed,61.690160933005714,68.7973964117125,commercial
1024,Unnamed,61.80736096835546,68.63065931582149,commercial
1025,Unnamed,60.35445259367568,67.91637594137725,commercial
1026,Vetsquare,58.39042184261195,69.8590760340817,special
1027,Home Along,61.84363716977743,71.26192792633374,commercial
1028,Patty's,61.87588268215008,71.1734819226183,commercial
1029,Gol Panners Pawnshop,61.92998693127586,70.89700626656338,commercial
1030,Damitan,61.949985349985894,70.84213698647997,commercial
1031,197 Big Rock Home Ware,62.14872932527777,70.73239842631607,commercial
1032,Villarica,62.09865576520133,71.00215873764748,commercial
1033,Generika,62.09090444010985,71.04490763944207,commercial
1034,Unnamed,62.08315311501836,71.08470834111328,commercial
1035,Unnamed,62.06641025282869,71.19903299035994,commercial
1036,Tindahang Sai-Sari ni Ka Julian,62.05447321219529,71.32498665120525,commercial
1037,Unnamed,62.04439648958298,71.52202469281248,miscellaneous
1038,Shedrick's Pharmacy,62.06175945778701,71.56477359460999,commercial
1039,Unnamed,62.13570709913026,71.58803161780735,miscellaneous
1040,Unnamed,62.04904728462465,71.75214809136745,transport
1041,Unnamed,61.21283433403033,72.28298790255204,commercial
1042,Unnamed,61.28755710788051,72.30870275918845,commercial
1043,Unnamed,61.59792016445892,72.37782167320145,commercial
1044,AST Sandie Mart,61.68054928989315,73.12846618250633,commercial
1045,Unnamed,61.35375342415429,73.39052841573687,commercial
1046,Unnamed,61.33608040294306,73.45227682944146,commercial
1047,New Batong Malake Public Market Multi-Purpose Cooperative,62.607297717549834,72.46446599906277,commercial
1048,Gold Caroline Salon,63.951842567485485,71.17610254495212,commercial
1049,Pares-Pares,63.93618489080994,71.22982530276339,commercial
1050,Alfamart,63.826581154037065,70.98463332579917,commercial
1051,Dali,63.8650277264873,71.4235875664577,commercial
1052,Furever54,63.84053353920615,71.42244104418558,commercial
1053,Unnamed,64.03912248798342,70.79414684002066,commercial
1054,Unnamed,64.02858068587133,70.84164561979274,commercial
1055,Unnamed,64.01137274415987,70.90060962226875,commercial
1056,M.B. Aguirre Pawnshop,64.0484240780888,70.65296081186838,commercial
1057,V.E. Eusebio Skin Center,64.05353995265226,70.53273976237502,special
1058,CEES Beauty Salon,64.08097964346862,70.59956563184956,commercial
1059,TGP,64.0977225056583,70.52651578433583,commercial
1060,Muhtadz' RTW Used Clothing,64.12066642792557,70.43594052497669,commercial
1061,La Hilaria Internet Café,64.1276426205101,70.38795037851737,miscellaneous
1062,Unnamed,61.4577762068419,73.64309089300951,commercial
1063,South Emerald,61.56241909554389,72.53587795761713,commercial
1064,Unnamed,62.554123627423586,75.21333503673748,commercial
1065,Tabas Pilipinas,63.11888517341152,73.9827890628336,commercial
1066,Cooking Ng Ina Mo,63.15795185187613,73.87943826960365,commercial
1067,Angel's Burger,63.92827853922588,72.06727792682435,commercial
1068,7-Eleven,64.03772724946211,71.94853097739266,commercial
1069,Unnamed,64.31817019118871,70.52061938408912,commercial
1070,U Super Service Center,64.78278461702376,69.90739375833346,commercial
1071,Samiah Fashion Trading,64.50761257637522,69.9517805490845,commercial
1072,eBiz,64.54931470534582,69.9485047711716,commercial
1073,Bite Mill Medical,64.59194699333797,69.94441004877609,special
1074,Unnamed,64.4319596435035,69.96062514945751,commercial
1075,Cebuana Lhuillier,62.73581468751861,70.34683936567923,commercial
1076,Jackit Potato,62.79348454617193,70.29344418565752,commercial
1077,Uncle John's,66.40002108359452,52.9306747119779,commercial
1078,Toyang's,65.3086345110617,69.82828372167823,commercial
1079,Unnamed,65.20941754993036,69.90788512502068,commercial
1080,Family Mart sa Extension,65.15391806228328,69.99600355094368,commercial
1081,The Hidden Spot Kainian,64.70294596861012,71.96392713359731,commercial
1082,Villarica,65.31421546512493,69.78504345319351,commercial
1083,M Lhuillier,65.3819620464126,69.77701779730019,commercial
1084,Los Baños JP Merchandising,65.41854830084176,69.77456096386405,commercial
1085,China Bank,65.53466315065535,69.88921319090315,commercial
1086,Mr. Liempo,65.85572303586045,69.67661520419651,commercial
1087,Cebuana Lhuillier,65.72426056233444,69.72902765084086,commercial
1088,Suremed Pharmacy,65.68488383088467,69.731484484277,commercial
1089,Word For The World,69.15639228525373,70.25298832840429,special
1090,Yigo's Malunggay Pandesal,65.86455954644404,69.29613359932672,commercial
1091,Unigadget Phoneshop,65.9547849704992,69.27828060968886,commercial
1092,Dr. Winonah I. Bautista Dental Clinic,65.9098272849642,69.28925446570554,special
1093,Lynette Electronics Supplies,66.1310501030236,69.25453121980136,commercial
1094,MiRose Bakery,66.1725972055016,69.24568661943127,commercial
1095,Lembest Lechon,66.21677975850764,69.23585928568382,commercial
1096,Baliwag,66.26127236452086,69.2284887853754,commercial
1097,Andok's,67.222591702049,68.98690016411653,commercial
1098,Unnamed,7.991926219793381,58.27854594769973,miscellaneous
1099,Unnamed,7.968052138526592,58.289192225923955,miscellaneous
1100,Unnamed,7.922784400006427,58.2177802673696,miscellaneous
1101,Unnamed,8.12183842828347,58.252994879958095,miscellaneous
1102,Unnamed,90.99404543207402,54.788040789987924,commercial
1103,Unnamed,96.83745936366603,60.318700433384485,commercial
1104,Elbi Commons,66.39273483802484,52.897425566135404,commercial
1105,Wok to Box UPLB,63.56040065048673,52.54855521815167,commercial
1106,Infinitea Vega Arcade - UPLB,66.27305437863966,52.90528743313394,commercial
1107,We Deliver,63.71201656923737,52.61112257633304,commercial
1108,DRIP KOFI Los Baños,62.83069090661546,53.31263041690936,commercial
1109,Tropic Bowls,62.77224591543317,53.4742900570304,commercial
1110,Unnamed,66.30902052705444,50.286794356489594,commercial
1111,Unnamed,67.26739436106939,89.71274703460097,miscellaneous
1112,ICS Library,64.38328132194837,47.27569929668956,school
1113,CVM Bike Rack,64.82324653398766,38.124486112340364,transport
1114,SEARCA Umali Auditorium,60.473202894039325,47.81276308591334,miscellaneous
1115,Ice Cream ni Tita Lucy,82.82631915925603,27.33603912589096,commercial
1116,Los Baños Senior High School,69.36474790365817,72.84986127080482,special
1117,Unnamed,62.483121489615556,44.35992937422907,miscellaneous
1118,AA Mart,65.32661758528012,41.800891666747944,commercial
1119,Black And Brew Cafe,66.49303698467031,52.04605088593439,commercial
1120,UPLB Community Center,62.15927112738986,47.25260506238696,miscellaneous
1121,Fluid Fit,42.730419765250886,74.69625349279816,commercial
1122,Unnamed,88.63593731348351,83.05702146617125,commercial
1123,Unnamed,88.63764260498999,82.96317042889629,commercial
1124,Unnamed,59.85418207243303,48.63269029812889,commercial
1125,Josie's Sari-sari Store,50.661730622855735,82.25380072132724,commercial
1126,Aling Nati's Sari-sari Store,50.96744288437045,81.61436887224797,commercial
1127,Cabornay's Store,50.45523532247237,82.37631481536198,commercial
1128,Joanne's Fishball and Kikiam Shop,50.64405760164451,82.09492549243188,commercial
1129,Oman's Sari-sari Store,50.778155525698544,81.95963586452633,commercial
1130,Unnamed,48.542208290506636,83.69006554831658,commercial
1131,Unnamed,66.0321431948774,62.46826590144651,commercial
1132,Unnamed,55.66598610031821,24.939480003013475,miscellaneous
1133,Torii,60.59474367142356,45.027369124483215,special
1134,Siento,68.97780175520852,56.83097968690126,commercial
1135,Unnamed,59.345540120084515,48.11560875418957,commercial
1136,Cadel's Lugawan,62.63272206383051,32.74483983084062,commercial
1137,Cecilia's Kitchen,63.49435936072755,38.699876503173684,commercial
1138,Bodega Sale Ni Aling Nena,65.04694977606046,69.51380904180333,commercial
1139,Dali,66.06268341572155,63.47442108814738,commercial
1140,Alfamart,68.18933696714777,90.3017319037848,commercial
1141,Joseph C. Villegas Coconut Farm - Bagong Silang,43.21890827237475,-24.392261302252695,commercial
1142,SNODLOB UPLB - Jubileeville,66.86587572145831,49.50797815711218,transport
1143,518,41.16465209727787,75.83245706273985,commercial
1144,Pretty ketchang,52.15773636502743,73.13976761631545,commercial
1145,Caribasic,81.69974157081535,67.0178300591937,commercial
1146,The cousin,86.19101435389483,46.99529270713683,commercial
1147,MEL MC,28.631689587335764,65.80792148615627,commercial
1148,Clemente,56.751326639288045,87.575793311515,commercial
1149,Flors Store,37.417041443238745,71.26405718198035,commercial
1150,Bureau of Plant Industry,35.33643076283963,68.72598445315813,special
1151,Girls Scout of the Philippines,35.71950124873254,69.065191256295,special
1152,Koshekis Computer Shop,36.06319500319772,73.21183473045181,commercial
1153,Landbank,32.89367817427921,67.61762499549653,commercial
1154,Ice Shop,33.79050648708408,69.67071880394687,commercial
1155,Likha,59.67745186038685,42.240009696304185,commercial
1156,Poulpharm,68.68759214387677,53.534728159570996,commercial
1157,UPLB Office of Alumni Relations,59.062771780837075,44.31750805022403,miscellaneous
1158,Angel's Burger,44.51182929722006,74.42256224796893,commercial
1159,PNB,64.48172315057276,45.35249008258235,commercial
1160,Abelardo G. Samonte Building,66.03181215226877,50.44148950248275,miscellaneous
1161,UPLB College of Development Communication,64.85636553875848,51.18189409776939,miscellaneous
1162,Agricultural Sciences Cluster,69.9354799481116,40.16204137507089,miscellaneous
1163,CAS Annex 1,62.773162746696244,48.82981852000098,miscellaneous
1164,Unnamed,55.02704908125155,45.21972738845105,school
1165,Unnamed,71.26221331952885,36.918025891914134,miscellaneous
1166,Unnamed,73.42105029775178,30.76016022891399,miscellaneous
1167,International Rice Research Institute,95.61502399165306,25.909113893396672,school
1168,Obdulia F. Sison Hall,63.32766279675184,38.3324649376274,school
1169,Unnamed,63.55234091404161,38.4331907103309,residential
1170,Unnamed,62.9629892710575,38.15957653141447,residential
1171,Unnamed,63.232841532523466,38.30227246561805,residential
1172,New Forestry Residence Hall,52.14834482058248,26.684927059525066,residential
1173,Unnamed,79.40514175513962,66.71673802251486,residential
1174,Unnamed,79.30070641220671,66.9620785562235,commercial
1175,Pugad Adarna,23.324930500649305,48.570819850892704,residential
1176,Los Baños Islamic Center,64.08059474503159,55.93302944897059,special
1177,CVM-IAS Communal Library and Lecture Hall,66.05258407972104,35.600168198682674,miscellaneous
1178,Old Rural High School Building,67.21322043760016,47.73443151987045,school
1179,Unnamed,62.664792418817505,48.79174754233548,miscellaneous
1180,Unnamed,67.37652476641016,47.675475602703976,school
1181,City of Springs,35.3603927097477,75.49688814462023,commercial
1182,Los Baños Lodge and Hot Springs,34.962342044491244,75.23600098802005,commercial
1183,Unnamed,36.03161950187791,75.35017020153646,residential
1184,Electrical Engineering Department,73.0304059060338,42.04694442685622,miscellaneous
1185,Francisco M. Fronda Hall,66.98805602784103,36.64614490349191,school
1186,UP Open University,96.50239828282126,63.71063546077745,school
1187,UPLB College of Engineering and Agro-industrial Technology,73.70559308656223,43.01588735325002,school
1188,Unnamed,68.33167911990066,39.535578379130904,school
1189,University of the Philippines Los Baños College of Arts and Sciences,63.47742460671534,46.158049452970815,school
1190,Unnamed,20.699377827265383,63.04200281704916,miscellaneous
1191,Maahas Substation,94.10439626346907,65.55356504568353,commercial
1192,Unnamed,66.47738356353385,50.000032949696674,commercial
1193,New Mathematics Building,66.45387274897702,47.49532459674327,school
1194,Florencio Tamesis Hall,53.351152999080234,30.969635765558035,miscellaneous
1195,Institute of Plant Breeding,95.43244494386818,27.628273614676978,special
1196,UPLB Experimental Farm,78.89773448791738,48.89878310056173,miscellaneous
1197,Land and Water Resources Division,77.40435426475113,45.52014556625973,miscellaneous
1198,Bienvenido M. Gonzales Hall,59.38030599066185,48.69732159039111,school
1199,Main Library Extension,59.42182450049508,48.303333772005935,school
1200,Unnamed,59.379953143738476,48.718473316753666,school
1201,College of Engineering and Agro-Industrial Technology Building A,69.2412181387407,41.14290209022479,miscellaneous
1202,College of Engineering and Agro-Industrial Technology Building B,69.04557349712739,41.521283634344634,miscellaneous
1203,Santa Fe Subdivision,69.4175589507731,57.20994118300177,residential
1204,Lopez Village,69.11870901461874,60.09720875808063,residential
1205,Los Baños Stake,68.60890868617614,60.29028042817339,special
1206,Unnamed,68.84622752058279,60.212911382877046,miscellaneous
1207,Unnamed,68.90779105995229,64.88215389271646,residential
1208,UPLB College of Public Affairs and Development,57.153158058588495,40.11467513212625,school
1209,Maranatha Christian Academy,61.35994020428923,69.53129846671011,school
1210,Philippine High School for the Arts,23.77623076544185,32.002684375973686,school
1211,Park Merced Village,8.809947281922849,59.542740062282974,residential
1212,Spring Oaks Residences,5.467333143234146,62.21127053372876,residential
1213,Los Baños Central Elementary School,33.789290278331485,68.97265687328525,school
1214,Animal Products Science and Technology Division,68.48373842570767,36.67839651350418,miscellaneous
1215,Springdale Garden Subdivision,1.7060979224575907,55.33748256959083,residential
1216,Unnamed,95.99031772650886,67.61008166590202,commercial
1217,Unnamed,95.14677189369878,67.57005730570793,commercial
1218,Brain Train,69.28495925596185,56.70177836184087,school
1219,Plaza Agapita,66.55754327870801,60.1920220831579,commercial
1220,Vega Centre,66.73908630545891,52.14852257775463,miscellaneous
1221,One Silangan Place,66.95000317150576,51.48294242516586,residential
1222,Dioscoro L. Umali Hall,61.074204234752116,46.15856132269814,commercial
1223,Gil F. Saguiguit Hall,64.37379241559795,47.91758505527545,school
1224,UPLBFI Building,63.607444895213696,45.458852794182704,miscellaneous
1225,Dean Edelwina C. Legaspi Hall,62.81813775202093,47.5609386743228,school
1226,Robinsons Town Mall Los Baños,64.118019916675,67.80645982142597,commercial
1227,Los Baños Old Town Hall,36.841708191056924,75.52756345109151,special
1228,Laguna State Polytechnic University-Los Baños Campus,47.3337207950142,84.24528247358262,school
1229,Unnamed,48.09857565040001,83.78570710033028,commercial
1230,Unnamed,66.77601189280637,60.32021550802838,miscellaneous
1231,Unnamed,69.99534562508643,59.62295503993853,residential
1232,Unnamed,63.574731175327834,58.49724057572613,miscellaneous
1233,Montefiore Commercial Center,65.19984573484366,60.573954190374266,commercial
1234,Mansion Grove,75.34730272428787,58.678765754043305,residential
1235,Shorea Townhomes,69.98352499596817,60.02786687849741,residential
1236,Natividad Compound,69.65027501559264,61.79577338614298,residential
1237,Mendiola Estate,69.7146116301291,64.23790519817761,residential
1238,Unnamed,65.32304256849197,49.51998840932456,miscellaneous
1239,Anest Tower,65.70714782027001,58.07176208409898,miscellaneous
1240,ICropS Orchid Laboratory,65.33106357577509,45.09932728260607,miscellaneous
1241,DevCom Parking Lot,64.59619951569958,50.34879874157322,commercial
1242,Unnamed,60.40861841660677,45.51385391566206,commercial
1243,International House Residence Hall,59.54848585352855,45.3335136706897,residential
1244,UPLB Graduate School,59.80239799625141,45.69534651149325,school
1245,UPLB Office of International Linkages,60.05160828332357,44.98191764179859,school
1246,Unnamed,66.62818843442871,52.49466665750394,commercial
1247,Charles Fuller Baker Memorial Hall,65.1573905872327,42.50773830883849,miscellaneous
1248,SU Parking Lot,63.90434985040287,43.20102571668448,commercial
1249,Student Union Building,62.96914748229664,45.02879728710199,school
1250,UPLB Carillon Tower,64.55590333169891,38.423974108251926,miscellaneous
1251,Unnamed,63.244534153069345,39.000511021354484,commercial
1252,LB Square,68.23857331026488,55.166137421904914,commercial
1253,Unnamed,94.04338065637793,67.20282893131402,miscellaneous
1254,Franciscan Montessori School of the Nativity,70.22731214696584,60.641661727962685,school
1255,YMCA UPLB,62.508943911402504,39.895788902102595,residential
1256,Department of Human and Family Development Studies,65.27570047156344,46.160635298364404,school
1257,Institute of Human Nutrition,65.0075780145578,46.581005902655406,school
1258,CEM Faculty Parking Lot,62.85865325253713,51.780569706807825,commercial
1259,Demarses Farmville,68.78750878225641,53.43434922975906,residential
1260,Unnamed,67.06029409338878,44.02090392334565,commercial
1261,Agricultural Machinery Testing and Evaluation Center,74.52904632865422,44.53774333706818,miscellaneous
1262,Unnamed,36.831537082409326,76.5044090032732,miscellaneous
1263,Los Baños Public Market,37.11329244863047,74.8682167363341,commercial
1264,Unnamed,59.56853544864041,71.59631015013994,miscellaneous
1265,Olivarez Plaza,59.71967007278154,71.7929578554563,commercial
1266,Los Baños National High School – Batong Malaki,63.43867981765554,57.66899820580448,school
1267,Villa Niña,77.52850368826371,65.33578309763786,residential
1268,Vega Arcade,66.24675501584044,52.59308968057894,miscellaneous
1269,Ma Gym Fitness Center,68.24924820303218,60.21186757857836,miscellaneous
1270,Langcauan Hall,38.67558907208773,37.02472120696865,miscellaneous
1271,IRRI Staff Housing,50.551384604513636,38.96429610490464,residential
1272,Jamboree Hall,41.63986825303675,40.02258236774252,miscellaneous
1273,Mathematics Building Parking Lot,67.9828478494074,47.27355260066199,commercial
1274,Catalan Compound,68.64196980462195,49.560525274652086,residential
1275,Villegas Compound,68.96710984138636,48.91458514977411,residential
1276,Ilag Compound,67.88217572511542,50.45842013804157,residential
1277,Francisco O. Santos Hall,64.0299311039485,46.587949823671394,school
1278,Unnamed,68.74265501810314,48.264344462043574,commercial
1279,Unnamed,66.14942315062393,40.36648212763866,miscellaneous
1280,Mathematics Building Lecture Hall,67.01058866221776,47.037137836783415,school
1281,Bioassay Laboratories,65.64411768174823,47.07497832918862,miscellaneous
1282,Unnamed,61.170632404181035,47.98223528313289,miscellaneous
1283,Unnamed,59.39515535823655,49.792856180799475,commercial
1284,OVC for Research and Extension,61.496555508276415,51.04625522125812,school
1285,CHE Research and Extension Center,65.17567067809846,47.231122191771014,miscellaneous
1286,Unnamed,62.725846232725345,49.52897481499883,commercial
1287,Unnamed,64.7328660834399,47.006020879804076,miscellaneous
1288,Unnamed,65.84170729154899,46.90362153404114,miscellaneous
1289,Housing and Land Grant Offices Parking Lot,64.23254302313727,50.67884339999805,commercial
1290,BioSci Parking Lot,61.96497169447813,48.674414920115275,commercial
1291,CEM Parking Lot,63.965998092944346,51.71154283013991,commercial
1292,Unnamed,60.509057526797214,49.484325228918586,school
1293,Bahay ng Pahinungod,63.07560629451498,39.27140636036032,miscellaneous
1294,Unnamed,53.195096201680755,27.373137310788252,commercial
1295,Unnamed,54.93759408169995,24.94029894749025,residential
1296,Unnamed,66.81127516059274,51.85842683053738,miscellaneous
1297,7-Eleven,65.70352524917354,60.56228532915071,commercial
1298,Unnamed,65.68131769498024,60.56168124569717,commercial
1299,Unnamed,67.57706019249238,52.59385438969628,residential
1300,Unnamed,67.19264102054537,50.98130650254008,residential
1301,Umali Subdivision,61.2148170910701,57.646543202126374,residential
1302,Raymundo,64.0518964829715,53.462453772957105,residential
1303,Unnamed,66.30624976027481,54.07337448762636,residential
1304,Unnamed,67.37481560141909,51.685239370003245,residential
1305,Los Baños Doctors Hospital and Medical Center,65.86134785538577,57.325808027385484,special
1306,Edwin B. Copeland Gym,64.8183360346293,34.59983689558286,miscellaneous
1307,Unnamed,67.90420481460264,37.15805833682319,miscellaneous
1308,Philippine Carabao Center,68.09078512757787,37.59703813772807,miscellaneous
1309,Unnamed,68.21824381281604,37.9997711051756,miscellaneous
1310,Unnamed,68.28910022119508,37.371637229215565,miscellaneous
1311,New Dormitory Residence Hall,62.41907674822234,32.50512603078543,residential
1312,Unnamed,62.834846005672354,32.75990256014849,commercial
1313,Unnamed,62.70588031076721,32.33076138976773,commercial
1314,Advanced Animal Science Research and Training Laboratory,67.37869908327146,36.15295076098348,miscellaneous
1315,Unnamed,66.56236028836771,36.00507333712156,commercial
1316,Parasite Collection,65.1782572230939,35.42868467689492,miscellaneous
1317,Unnamed,65.72774429417937,36.18401773222367,commercial
1318,Valente E. Villegas Hall,66.3183806444208,37.567918446557954,miscellaneous
1319,Unnamed,66.45254760236698,37.23838506802543,commercial
1320,Unnamed,63.53732060106586,52.547370710832595,commercial
1321,Unnamed,66.76236412746013,36.198668496076536,miscellaneous
1322,Department of Basic Veterinary Sciences,65.07927398573553,36.79223507995869,school
1323,Unnamed,64.90802270672961,37.49526204485715,commercial
1324,Unnamed,67.92322221735489,39.157238904696484,commercial
1325,Unnamed,67.85235968317174,41.23784833986364,commercial
1326,Unnamed,67.710367051428,47.910120659890005,miscellaneous
1327,Unnamed,61.268912253832866,66.92127990982439,residential
1328,Trace College,59.59965583527127,66.97859298405345,school
1329,Unnamed,63.51856875792077,69.0378776312067,commercial
1330,Marecon,64.76869660369398,60.016347750985375,miscellaneous
1331,Unnamed,67.54934936211676,60.38912794693756,commercial
1332,5th of September Mansion,64.60543324737702,64.4124096416371,residential
1333,Unnamed,65.871918168299,57.38499359899123,miscellaneous
1334,Unnamed,65.99745221639071,57.097499003300065,miscellaneous
1335,Unnamed,65.04888428714152,57.45946220886232,commercial
1336,Joanalisa's Apartment,69.64779063376155,55.29390540773251,residential
1337,Unnamed,69.90924895090657,54.957158197587596,residential
1338,Diocesan Shrine of Saint Therese of the Child Jesus,68.33899214032701,48.13083681421625,special
1339,Unnamed,68.85416042900879,48.420131378962736,miscellaneous
1340,Unnamed,69.17065472338592,47.937897802278975,miscellaneous
1341,St. Therese Ladies' Dorm,69.16325931590768,47.50165069092804,residential
1342,Rigor's Ladies Dormitory,68.07155607226801,52.708250848120585,residential
1343,Pamilihang Bayan ng Batong Malake,61.64728401490843,71.95640951353721,commercial
1344,Unnamed,61.684326739414594,71.42324947988504,commercial
1345,Unnamed,66.31308696415232,36.71618711457108,miscellaneous
1346,College of Agribussiness Management,63.6121795020476,50.771281910171325,miscellaneous
1347,Unnamed,63.22958037829432,51.400160046787455,miscellaneous
1348,Unnamed,63.61484061052539,51.31314802512716,miscellaneous
1349,Unnamed,63.83070302135748,51.11676756481873,miscellaneous
1350,Unnamed,65.37041534689575,56.816141429209836,residential
1351,Familia Roy Apartments,66.09237095712768,56.17580192339084,residential
1352,UPLB College of Economics and Management,63.31565980743431,51.441147746687164,school
1353,Unnamed,62.80153593566676,50.81172694180248,miscellaneous
1354,Unnamed,69.07800314131127,49.28661978939359,residential
1355,Unnamed,69.48589705600506,49.458646866176494,residential
1356,Mangoville,69.8270800965753,54.87107707975832,residential
1357,Unnamed,69.56570391511313,54.61064135526089,residential
1358,Unnamed,68.59724444224305,48.72570388125867,miscellaneous
1359,Verbum House,68.82037361690514,48.86460163756405,residential
1360,N. G. Apartments,69.17871610150664,49.01603820867611,residential
1361,Unnamed,68.6089188164587,49.0840868347261,residential
1362,Unnamed,68.80432098764773,49.178245022647076,residential
1363,Chime Residence Hall,68.2642584159513,50.171020297695264,residential
1364,4 Boys House,68.25628274742608,51.247956139418285,residential
1365,Gonzales Compound,69.43483974652524,47.20736345477239,residential
1366,Unnamed,68.73380830323623,47.80559649753379,special
1367,Unnamed,68.54521507477422,47.18068398590152,special
1368,Unnamed,68.3094857814088,49.97860202417978,residential
1369,Unnamed,69.40627142529662,50.05617826323198,residential
1370,Unnamed,68.77019216930171,47.423833067756156,miscellaneous
1371,Unnamed,63.27985328911251,46.29804725348421,commercial
1372,Unnamed,63.52678729784906,46.73650986889046,commercial
1373,Unnamed,63.289728701450144,52.72230429768177,miscellaneous
1374,Unnamed,63.48412761160063,52.821509412947144,residential
1375,Unnamed,64.71721310304746,52.13882412676938,miscellaneous
1376,Cresencia Arcade,64.86170243853012,68.90505087114899,miscellaneous
1377,Unnamed,63.46856821052727,56.14729230151225,residential
1378,Unnamed,64.11245002335635,60.2128928067184,residential
1379,Unnamed,68.0091619034604,41.07860566424657,miscellaneous
1380,Department of Veterinary Paraclinical Sciences,65.32273459887371,36.28542229255898,school
1381,Unnamed,67.59104097974165,51.65239010735642,residential
1382,Longford Domingo University Dormitory,65.21042522219821,61.251068722546606,residential
1383,Kdocs Apartments,67.62395531514547,61.0137386125722,miscellaneous
1384,Sneakers Los Baños,68.46768705111444,60.762404552020534,commercial
1385,Emerald Ladies Dorm,62.80131338453173,52.36896069393809,miscellaneous
1386,Unnamed,67.33184746720217,60.72904143636475,miscellaneous
1387,Unnamed,67.17639380448524,60.68624271548867,miscellaneous
1388,Unnamed,66.79696644141022,60.776408502600695,miscellaneous
1389,Unnamed,64.81968092448214,51.0273658487034,miscellaneous
1390,Unnamed,64.95013572571827,51.26060123628231,miscellaneous
1391,Unnamed,71.48555505670011,52.80618677760811,miscellaneous
1392,Unnamed,66.51566484438173,50.5998754500049,miscellaneous
1393,Unnamed,63.66800428954513,56.36439481325861,residential
1394,Unnamed,68.22747348659081,53.500414385908115,commercial
1395,Unnamed,62.915692462524916,52.78873632289657,miscellaneous
1396,Mendoza Dormitory,63.56274090089978,56.259717087468964,residential
1397,Unnamed,62.11837749625618,54.93552105670446,commercial
1398,White House Apartments,62.10683432562143,54.89746212374862,residential
1399,Moises Apartments,63.15846529502201,55.17040338009892,residential
1400,Unnamed,63.116915992348886,55.35781129153374,residential
1401,Unnamed,62.02808136052516,54.72875309035137,residential
1402,Unnamed,61.99333528238493,55.07255481150746,residential
1403,The Ruby Place,62.73992718520667,53.46770663187173,miscellaneous
1404,Lopez Elementary School,66.95393444898953,63.023938480050745,school
1405,Circle S Compound,65.20589643701933,60.95156076283709,residential
1406,ICropS Coconut Tissue Culture Laboratory,70.28530656466894,39.41772508150814,miscellaneous
1407,Unnamed,70.56682872040786,39.69315671418961,miscellaneous
1408,Unnamed,68.63215283148902,39.50014861052746,miscellaneous
1409,Unnamed,69.92002556265741,40.10124328059701,miscellaneous
1410,ICropS Tissue Culture Laboratory,70.09250060045366,39.25362636278219,miscellaneous
1411,Unnamed,69.7822083199245,41.39999940298772,commercial
1412,Unnamed,69.68247560534324,42.26136191881637,miscellaneous
1413,Department of Chemical Engineering,68.46471916154674,42.1454987269588,miscellaneous
1414,Unnamed,68.84252000596061,42.21866694082587,miscellaneous
1415,Unnamed,69.26131751347087,42.14283852592752,commercial
1416,Unnamed,69.44846221462858,42.4754562339698,miscellaneous
1417,Supply and Property Management Office,69.7051972564182,42.97583606158265,miscellaneous
1418,PPMSO/CPDO and SPMO Buildings,69.06005527193312,43.16302649553805,miscellaneous
1419,Unnamed,69.20057483825977,42.77756485221228,miscellaneous
1420,ICropS Orchard 1,71.50558427382379,44.414211598269006,miscellaneous
1421,Seniors' Social Garden,66.57818818711391,43.728056321057956,miscellaneous
1422,Unnamed,69.4170079175569,48.35599244021483,residential
1423,Unnamed,63.38788410575735,53.1534589064256,residential
1424,Unnamed,63.16973386601694,53.07767524593097,residential
1425,Unnamed,62.73753481056966,53.20173104111752,miscellaneous
1426,Unnamed,65.54031078380491,52.73405658334537,miscellaneous
1427,Star Commercial Lane,67.74343074027097,55.22116342569669,commercial
1428,Unnamed,66.26992734517209,60.05394832950438,commercial
1429,Autism Resource Center,69.7404546307351,58.47148926691729,miscellaneous
1430,Unnamed,66.99416922736641,55.48936440270475,commercial
1431,Unnamed,67.55529283393795,60.150708237448356,miscellaneous
1432,F&L,65.12022938751785,67.70864477080116,miscellaneous
1433,Colegio de Los Baños,67.716165768057,61.315220396361546,school
1434,Unnamed,66.83144360448601,58.82480548387805,residential
1435,Copeland Heights,58.64314178626927,37.2466798739085,residential
1436,SEARCA Dormitory,59.910785613539645,42.42744885534028,residential
1437,Unnamed,64.67878292296511,54.147229196066235,miscellaneous
1438,Forest Products Research and Development Institute,53.55659917214467,34.76246123412866,commercial
1439,Unnamed,63.40593063347516,49.25448646136279,miscellaneous
1440,Silverio's Compound,63.72491617428335,55.712252105220095,residential
1441,Unnamed,62.21614637433006,52.25367203913787,residential
1442,Makiling Botanical Gardens Bus Parking,53.966878879329705,33.333794367706254,commercial
1443,Unnamed,63.666031946762246,49.398095133035426,miscellaneous
1444,Unnamed,62.41810928352337,54.80438989297328,residential
1445,Unnamed,62.79588645758739,56.66027954618398,miscellaneous
1446,Unnamed,61.597608542366956,58.53429625829031,miscellaneous
1447,Mineski Infinity,67.80141732843424,54.99375136227912,commercial
1448,Silverio M. Cendana Building,61.20129040307582,50.507167510465344,school
1449,Unnamed,68.22976100779788,62.07190550586093,residential
1450,Unnamed,65.62119237671823,62.10188614931745,commercial
1451,Unnamed,65.9461170127284,61.73508914619733,commercial
1452,Unnamed,67.17082552087578,62.10529924725549,residential
1453,St. Jude Family Hospital,66.58857922036542,61.465946808730386,special
1454,Batong Malake Barangay Hall,63.68186418632795,58.52502362131238,special
1455,Unnamed,63.78931721977247,58.60944421622505,miscellaneous
1456,Unnamed,69.66554390181884,40.67513990595194,miscellaneous
1457,Unnamed,67.23477589835244,52.25936137336634,commercial
1458,Unnamed,66.58841692688414,63.690795615761594,miscellaneous
1459,Unnamed,68.17821938034041,46.77997848014738,miscellaneous
1460,Unnamed,64.49629788599047,50.20031631326047,miscellaneous
1461,Unnamed,62.99239636363582,52.53640445937248,miscellaneous
1462,Unnamed,62.36454991493239,48.44557654081015,commercial
1463,UPLB CEM Alumni Gazebo,62.460360744199505,50.509463453673256,miscellaneous
1464,Unnamed,62.32538790093607,48.89638672944579,commercial
1465,Unnamed,58.78289241187468,48.15120314207238,miscellaneous
1466,Lakas Angkan National Training Center,68.8262434724052,57.39534248848154,special
1467,Unnamed,68.85658356458542,66.87907242856409,residential
1468,BPI,58.79410052156506,71.09750727429045,commercial
1469,Unnamed,58.675320176916934,71.13235364060435,commercial
1470,UPLB College of Veterinary Medicine Administration Building,65.2649467580343,37.61827890340767,miscellaneous
1471,UPCA Class 1958 Gazebo,65.22435703654533,38.740906044237,residential
1472,Student's Dorm,67.46505315082513,50.96610880169186,residential
1473,Westbrook Residences,59.010878145821756,52.39618027517334,residential
1474,Unnamed,59.85587714877306,67.52661022637467,commercial
1475,Unnamed,65.31822659506315,63.80267725068052,commercial
1476,Unnamed,59.16745042203778,49.03228562278104,miscellaneous
1477,Unnamed,61.1196601611136,48.683936833228515,miscellaneous
1478,Sacay Grand Villas,57.69906256009428,51.747366012368744,residential
1479,Philab Industries,61.33970855678954,61.01622127338232,commercial
1480,UP-Cornell Housing,47.93894496556657,42.29717625206534,residential
1481,UPLB Faculty Village,57.596465816456565,49.07172449027126,residential
1482,Unnamed,60.24097991107668,50.06620673572741,miscellaneous
1483,Unnamed,68.86546689832606,47.1042540666918,miscellaneous
1484,Unnamed,68.66017220280224,47.005876105563694,miscellaneous
1485,Camp General Macario Sakay,21.02766184228232,63.140809691639845,miscellaneous
1486,Unnamed,33.07237172954578,67.10624352422242,commercial
1487,Mt. Halcon Ladies' Dorm,63.20909472059261,59.627390525039125,residential
1488,Unnamed,64.06566549700158,60.53837011575784,residential
1489,Unnamed,59.055076947732466,56.351450997442754,miscellaneous
1490,Unnamed,59.02117244475323,55.66690162264709,residential
1491,RUSS Dormitory,58.066728183296654,55.12097977661961,residential
1492,Unnamed,57.76170378208564,54.919367382552075,miscellaneous
1493,Unnamed,58.00202960804571,55.08164241909164,residential
1494,Unnamed,58.168495259638256,55.131073012681256,miscellaneous
1495,Mavina Apartment,59.04042414354509,55.680323184078084,residential
1496,Unnamed,56.067117759755625,54.53968692359842,miscellaneous
1497,Marosavel Apartments,57.44927173883989,54.66617237997418,miscellaneous
1498,Pearl Shire Apartments,57.7546442875408,54.93581102614847,residential
1499,Unnamed,67.9592001252585,48.549649327978756,commercial
1500,Harrar Hall,83.90945902775482,54.85678928499712,miscellaneous
1501,Collegeville Subdivision,82.30903482493439,32.4879227678524,residential
1502,F. F. Hill Hall,84.99229203724148,55.01645482313926,miscellaneous
1503,Chandler Hall,83.4591876205954,53.505357229108775,miscellaneous
1504,National Agrometeorology Station,76.4947776777392,47.22650177577696,special
1505,Unnamed,68.63496064647452,47.591729971072084,commercial
1506,La Ville,67.95177692004324,48.79562991684263,residential
1507,Unnamed,60.779808836785755,67.87268892381712,miscellaneous
1508,Le Soleil,68.28080260320965,48.93766522204881,miscellaneous
1509,Unnamed,69.73952447171355,57.45648947984341,miscellaneous
1510,Unnamed,69.90088963288052,58.53397543851931,residential
1511,Unnamed,68.86007847180011,56.09166803832358,miscellaneous
1512,Unnamed,69.83780187530887,58.08371241518265,miscellaneous
1513,Unnamed,71.43096972148436,53.44021955411024,residential
1514,Unnamed,68.14907148649874,53.788701646953655,miscellaneous
1515,Unnamed,69.00407874724243,53.89186984679457,miscellaneous
1516,Unnamed,69.28486076434972,55.09917106874077,residential
1517,Unnamed,68.9452099513131,55.9266391952034,residential
1518,Unnamed,70.00151535528441,57.936185917564806,miscellaneous
1519,Unnamed,68.86579510766852,56.253296251529484,miscellaneous
1520,Unnamed,69.06368643718514,53.715469206050884,miscellaneous
1521,Unnamed,70.51517372701026,56.37837501137742,residential
1522,Unnamed,69.06804653324798,55.594003882348254,miscellaneous
1523,Unnamed,70.46699041820519,56.03123290271746,miscellaneous
1524,Unnamed,69.58047306080242,58.41767715098612,residential
1525,Unnamed,69.19730448313057,55.3305741462241,miscellaneous
1526,Unnamed,69.34752256150304,57.84559268654288,miscellaneous
1527,Unnamed,69.79672640667376,57.25905070272719,miscellaneous
1528,Unnamed,69.67689342463873,57.6431154827572,miscellaneous
1529,Unnamed,69.44066152797129,58.308426524671965,residential
1530,Unnamed,68.82131237274797,57.63250506933473,miscellaneous
1531,Unnamed,70.22960439869154,56.69128881417973,miscellaneous
1532,Unnamed,60.928283190008095,43.105142643747556,residential
1533,Unnamed,60.86289121715255,43.72412794147133,residential
1534,Women's Residence Hall,61.176863884693425,43.21827207676083,residential
1535,Philippine Agricultural Scientist,59.944859266426754,45.970166017948195,commercial
1536,Unit 5,61.783026429320486,42.119793938293824,residential
1537,Unnamed,62.110806963623034,41.104440882900676,residential
1538,Veterinary Medicine Residence Hall,61.05666184053715,40.747037309969144,residential
1539,Unit 2,62.142737073828826,40.6288973148866,residential
1540,UPLB University Health Service,58.272802891499865,43.890139979237084,special
1541,Unit 4,61.18785987977859,41.86329067644458,residential
1542,Unnamed,61.645125547206725,41.84400069186773,miscellaneous
1543,Medical Arts Building,58.65684366046523,43.6322203248999,miscellaneous
1544,Unit 3,62.548459157527084,40.84849000861699,residential
1545,UPLB University Health Service Main Building,58.319908626624326,43.77544458147111,miscellaneous
1546,GK Los Baños Ville,73.97263857868063,26.100866918645643,residential
1547,Meralco Sibol School,74.34717732789476,27.217865180115513,school
1548,Forestry Residence Hall,52.978865057688196,27.29657431554095,residential
1549,Department of Social Forestry and Forest Governance,53.75125973389577,29.1833918951105,miscellaneous
1550,Makiling Residence Hall,53.27329067272497,26.26443790573217,residential
1551,"Morning Star Montessori School, Inc.",79.70414334803144,28.63112602266758,school
1552,Unnamed,81.69209099811525,18.664640544007327,residential
1553,Lopez-Arguelles Village,79.53555159268869,30.014105382112255,residential
1554,Villa Carangal,78.94161350875083,23.227872732462775,residential
1555,Unnamed,59.85551747646418,51.21291393947903,residential
1556,Unnamed,80.99021070185954,30.731223890724152,miscellaneous
1557,Pleasant Village,85.79522263707223,37.04295728164132,residential
1558,Bathhouse,65.12299755889558,43.46836912401445,miscellaneous
1559,Baker Hall Parking Area,64.78339287848918,42.125549193733804,commercial
1560,Unnamed,65.91254024876054,42.535976230956315,miscellaneous
1561,Dairy Processing Plant,70.0244051599558,33.82270950572416,miscellaneous
1562,Gonzalo V. Garcia Hall,71.07627225754806,32.45608452213594,miscellaneous
1563,Dairy Training and Research Institute,70.25342123952618,33.50832330638994,miscellaneous
1564,"ADSS Motorpool, Service Building",70.14724417140222,34.39763357803441,miscellaneous
1565,Unnamed,66.3231749848007,46.848393226212906,miscellaneous
1566,Unnamed,65.78504802760953,46.48301537976261,miscellaneous
1567,Unnamed,64.55124366059825,47.35923374811899,miscellaneous
1568,Unnamed,66.07361383880165,46.859336941881494,miscellaneous
1569,Unnamed,95.45831413684202,66.18958552104671,commercial
1570,Unnamed,93.62916563308322,64.17309718455732,residential
1571,Unnamed,67.1868580933951,47.213213832959944,commercial
1572,Poultry Husbandry Portal,66.53811815880543,38.069448164989744,miscellaneous
1573,Los Baños Centtro Mall,67.47658146134161,57.11309612060303,commercial
1574,Unnamed,78.02510466749366,45.71413741017552,miscellaneous
1575,Philippine Rice Research Institute - Los Baños,72.22268566556507,40.7295806343951,school
1576,Agricultural and Bio-Process Division,74.59531207638418,42.61813663035937,miscellaneous
1577,Unnamed,77.83066879939662,45.92538300295755,miscellaneous
1578,Shakey's,89.89125469272648,65.75055382932776,commercial
1579,Unnamed,84.16585197011267,59.41733090271926,miscellaneous
1580,Unnamed,78.23656679002733,45.46157693949814,miscellaneous
1581,Unnamed,78.13048890706054,45.35674859386681,miscellaneous
1582,Unnamed,77.72694921815835,45.84185603349395,miscellaneous
1583,"Hybrid Building, Philippine Rice Research Institute",71.87307738947996,40.62660566006482,miscellaneous
1584,JC Velasco Building,98.4246566972544,65.44357699007969,miscellaneous
1585,Unnamed,60.12931570867249,68.3153867244301,miscellaneous
1586,Unnamed,67.7893369484927,63.19512653464424,miscellaneous
1587,Unnamed,66.40323932337813,62.79097159886239,miscellaneous
1588,Unnamed,66.51023151376145,62.46581104829233,miscellaneous
1589,Unnamed,70.05699265814846,58.61049881699868,residential
1590,Unnamed,67.9125439459982,62.85665628275232,miscellaneous
1591,Unnamed,66.76259215068552,62.853899059816406,miscellaneous
1592,Unnamed,63.8340224261434,61.2191298878652,miscellaneous
1593,Unnamed,68.43167043665218,58.107343237683715,residential
1594,Unnamed,67.58055376183336,63.07031907714311,miscellaneous
1595,Jollibee,64.71894136367007,69.38978922128905,commercial
1596,Unnamed,67.34755512293896,62.96344565821771,miscellaneous
1597,Unnamed,67.28292168502954,63.21806074575677,miscellaneous
1598,Unnamed,65.17758069904934,64.7085481504864,commercial
1599,Unnamed,66.3267171156886,63.27625416352618,miscellaneous
1600,Unnamed,67.1450009379099,62.89935827510361,miscellaneous
1601,Unnamed,67.38912896793273,62.82099626793979,miscellaneous
1602,BPI,64.84643753457557,64.57023344721131,commercial
1603,Unnamed,67.41087138849711,63.53010931271048,miscellaneous
1604,Unnamed,67.09976554098017,63.107141272005265,miscellaneous
1605,Unnamed,66.11940629312454,63.24032518260273,miscellaneous
1606,Unnamed,61.11152451511702,42.6106639674236,residential
1607,Nelia T. Gonzales Hall,59.20323352263453,44.33340957376974,miscellaneous
1608,Agricultural Training Institute-National Training Center,63.83567194961024,33.50052588307243,commercial
1609,Unnamed,64.87301004107894,48.119294004346685,school
1610,University Police Force,64.92650142967719,45.311640129405596,special
1611,PNB,64.4932264613915,45.38086966293912,commercial
1612,Unnamed,67.98136891501882,35.103481824346936,miscellaneous
1613,UPLB Post Office,64.09456311295378,45.40797466046471,miscellaneous
1614,Unnamed,68.39674783459078,38.23749085605012,miscellaneous
1615,An Sci Lecture Hall,66.56791478501306,34.25775786105486,miscellaneous
1616,Unnamed,67.32751872631006,40.89939745244104,miscellaneous
1617,Unnamed,68.66464822163152,37.58881452872942,miscellaneous
1618,DZLB Transmission House,66.03175562862393,52.33128924791346,commercial
1619,Unnamed,61.222103574988765,47.52150225858919,miscellaneous
1620,Unnamed,59.41815218542581,51.97066078727964,miscellaneous
1621,Christian School International,60.87131428036301,52.19479974960628,school
1622,Unnamed,59.40334369541432,52.70895978917276,miscellaneous
1623,Unnamed,60.89350131290665,47.7349934022641,miscellaneous
1624,Unnamed,60.54308302839107,47.81302685118304,miscellaneous
1625,Southeast Asian Regional Center for Graduate Study and Research in Agriculture,61.15319842849639,47.7908076177863,special
1626,Unnamed,65.19667628625389,52.82117126525804,miscellaneous
1627,Unnamed,65.3913411497863,52.990375764484746,miscellaneous
1628,Unnamed,60.75697823686007,47.62401857989483,miscellaneous
1629,Unnamed,60.212793149086394,47.70905634692241,miscellaneous
1630,Unnamed,65.01438269795645,53.368106430908426,miscellaneous
1631,Villa Amanda Residences,66.59495203502766,72.52674409703417,residential
1632,Mayondon Elementary School,58.706127067159244,86.0182609408481,school
1633,Prince Spring Subdivision,54.42937463231085,83.13463253971892,residential
1634,Rockville,58.63333763905999,73.7022746042706,residential
1635,AMTEC Building,88.5024858122625,23.116905513093492,miscellaneous
1636,Unnamed,90.559605791109,23.64516430340255,miscellaneous
1637,Unnamed,90.82777563930846,23.949165708902033,miscellaneous
1638,ACE Building,85.74991172002582,24.87693026239431,miscellaneous
1639,Unnamed,90.9589961620898,23.393704577270043,miscellaneous
1640,National Crop Protection Center,90.81775499618223,24.7661913902138,special
1641,Unit 1,61.41322175957199,40.417299688627686,residential
1642,Unit 2,60.910706623041996,41.19548856635162,residential
1643,Unnamed,57.04863052082695,40.00776159078357,miscellaneous
1644,Unnamed,57.17093073711652,40.402991087344844,miscellaneous
1645,Unnamed,57.09161398877578,39.69295993737349,miscellaneous
1646,Unit 4,60.674571749912154,41.081790542462855,residential
1647,Unnamed,78.10506049386669,65.90950006551448,miscellaneous
1648,Unnamed,77.42643604923086,64.99716645210619,miscellaneous
1649,Unnamed,77.263968275405,64.93042247707757,miscellaneous
1650,Unnamed,77.66106813769842,65.37177048874713,residential
1651,Unnamed,77.18247742304048,64.89337776568196,miscellaneous
1652,Unnamed,77.55106988153118,65.31367085255904,residential
1653,Unnamed,77.34241347343227,64.97194432415509,miscellaneous
1654,Unnamed,76.87750674673006,64.73248887730341,miscellaneous
1655,Unnamed,77.7582764252892,65.42012468068175,residential
1656,Unnamed,77.41093339909195,65.54987208086948,miscellaneous
1657,Unnamed,77.0034473871342,65.02465896358909,miscellaneous
1658,Unnamed,77.16020210999751,65.4089807911723,miscellaneous
1659,Unnamed,77.22372133519461,65.15029861079597,miscellaneous
1660,Unnamed,77.97248708481094,65.53938299344078,residential
1661,Unnamed,77.51066589385195,65.05792657262114,miscellaneous
1662,Unnamed,76.88468918792249,65.2840725894799,miscellaneous
1663,Unnamed,77.0607040294492,65.3542519664431,miscellaneous
1664,Unnamed,78.02804744128443,65.84647973600448,miscellaneous
1665,Unnamed,77.31924995470675,65.20091867988968,miscellaneous
1666,Unnamed,77.42797562398862,65.25017987222714,residential
1667,Unnamed,76.96414702091664,64.75320289186001,miscellaneous
1668,Unnamed,77.61487633179134,65.64299713473332,miscellaneous
1669,Unnamed,77.11289445595922,65.09065618749443,miscellaneous
1670,Unnamed,76.97754840675256,65.30772599121677,miscellaneous
1671,Unnamed,77.31918662570222,65.48027252112296,miscellaneous
1672,Unnamed,77.10662115191208,64.85769162321724,miscellaneous
1673,Unnamed,76.8883430855279,64.97931526275849,miscellaneous
1674,Unnamed,77.77970233953555,65.7323889483158,residential
1675,Unnamed,77.86088449234224,65.4831247806336,residential
1676,Unnamed,77.04049757313715,64.79324927687195,miscellaneous
1677,Unnamed,76.80950808538451,65.24497905139842,residential
1678,Unnamed,77.5030191411021,65.59679759950842,miscellaneous
1679,Unnamed,78.12352393033797,65.62756012144271,miscellaneous
1680,Unnamed,48.91489200075801,56.07804213305503,residential
1681,Jamaica Hills,28.754383829027763,61.50016850409441,residential
1682,Villa Del Sol,42.40158757473788,74.91171797407699,commercial
1683,Aqua Altria Building,67.44302141927523,68.90532114099285,miscellaneous
1684,San Antonio Barangay Hall,71.79902499245652,68.09130027240009,special
1685,Maahas Barangay Hall,86.65028536031328,66.58563095046947,special
1686,Producers Bank,66.79343461158605,69.01242354688607,commercial
1687,Unnamed,61.417813226628816,48.195327377776145,miscellaneous
1688,Unnamed,71.76938959917752,39.807498612586144,miscellaneous
1689,Unnamed,65.00442760465049,45.67092806476338,commercial
1690,Unnamed,64.58907900304905,46.26749674878802,commercial
1691,Unnamed,75.1948142775502,42.44026972476213,miscellaneous
1692,Unnamed,74.97176836653719,43.037047415393005,miscellaneous
1693,Agricultural Mechanization Development Program,74.85276357991249,43.25746631681419,miscellaneous
1694,South Supermarket,95.62275283758875,67.47849736568293,commercial
1695,Unnamed,62.461475674360045,61.846324704834,miscellaneous
1696,Unnamed,62.313107990461134,61.418211565666105,miscellaneous
1697,Unnamed,62.5917950673889,61.60673630970559,miscellaneous
1698,TML Dormitory,61.37928274805135,60.28201565238677,miscellaneous
1699,Unnamed,62.16946764744288,61.6667902842867,miscellaneous
1700,Unnamed,61.83673136982174,62.18010738156774,miscellaneous
1701,Unnamed,64.34632872582344,57.6690347255262,miscellaneous
1702,Unnamed,64.19181995389611,58.62864437721834,miscellaneous
1703,Los Baños Rural Health Unit 2,64.01168279716705,57.387452460276336,special
1704,Unnamed,62.006250214972226,61.91354027441939,miscellaneous
1705,Batong Malake Day Care Center and Multipurpose Hall,63.91401610104962,56.88806011708011,miscellaneous
1706,Unnamed,64.31927490508129,58.337517153070515,residential
1707,Unnamed,61.77284139465169,61.09206440985885,miscellaneous
1708,Unnamed,62.032536962173836,61.20602677620774,miscellaneous
1709,Unnamed,61.89089039704254,66.43481472566037,miscellaneous
1710,Unnamed,64.3072257681087,58.03074813862603,miscellaneous
1711,Unnamed,61.092830551379315,58.76176012452197,miscellaneous
1712,Unnamed,62.120359475461896,62.37580706978731,miscellaneous
1713,Unnamed,62.30396197051926,62.121441157695344,miscellaneous
1714,Unnamed,61.117993407653756,58.026736776819234,miscellaneous
1715,UPLB Credit and Development Cooperative,57.8096097353341,51.529621461760755,miscellaneous
1716,Unnamed,59.42861653489776,50.738801489589804,commercial
1717,Unnamed,59.25287952943686,50.79721568349983,miscellaneous
1718,Unnamed,83.14660193442224,57.35753554534021,miscellaneous
1719,Unnamed,81.38550285172424,55.450812556710495,commercial
1720,San Antonio Day Care Center,71.85283436428159,68.00746990008737,school
1721,Honda,89.32937085595483,66.83487786262128,commercial
1722,Drilon Hall,85.8010211673665,56.28533895564991,residential
1723,Unnamed,82.68896231888434,56.031593480584164,commercial
1724,Unnamed,83.49297373441743,56.272121904632655,commercial
1725,MS Swaminathan Hall,82.56981933207149,55.31047739432526,residential
1726,Unnamed,83.4552632972439,57.713281642917,commercial
1727,Unnamed,83.23594028100345,57.62663353074314,commercial
1728,R.P. Cantrell Building,84.78451379870133,55.92190915475555,miscellaneous
1729,Unnamed,83.0965303518557,57.52937553845654,commercial
1730,Khush Hall,83.58035954325436,55.70660417617908,residential
1731,Unnamed,83.41579797596327,56.71887463301696,commercial
1732,Laguna View Apartelle,88.78960112802542,67.17253224728658,miscellaneous
1733,Unnamed,92.35538004809852,65.75065961730384,miscellaneous
1734,Unnamed,92.63341372232927,64.45652513396331,residential
1735,Unnamed,56.02384027134186,55.59697806622117,miscellaneous
1736,Unnamed,56.77961897587968,55.520177154072925,residential
1737,Unnamed,60.785659918653366,51.85830179317335,miscellaneous
1738,Unnamed,55.801148011787404,54.967354487277206,residential
1739,Unnamed,56.58583584863665,55.39610706553349,residential
1740,Unnamed,57.256369497659634,55.82944300493106,miscellaneous
1741,Unnamed,55.57769850757446,55.31224715089495,miscellaneous
1742,Unnamed,56.65040438662822,55.43746376170361,residential
1743,Unnamed,56.079337066079674,55.14485186360564,residential
1744,Unnamed,56.715050437866076,55.478820457885355,residential
1745,Unnamed,61.363004062217364,56.182392178760885,miscellaneous
1746,Unnamed,56.414292494621186,55.29532400130831,residential
1747,Unnamed,55.87233681532118,55.474773622967824,miscellaneous
1748,Vat Cave,65.78485767526266,56.1248780420412,commercial
1749,Dancel Dormitory,64.36804205772428,54.340688520792355,residential
1750,Unnamed,63.01726279718564,56.093161921757925,residential
1751,Unnamed,56.160598154229326,55.71959013467036,miscellaneous
1752,Unnamed,69.39963782025363,54.85581906880783,residential
1753,Unnamed,10.865606546736945,63.560295131192156,residential
1754,Tanghalaang Maria Makiling,23.339769320263457,44.70990260811691,miscellaneous
1755,Veterinary Pathology Resource Facility,65.67411524699305,34.91885675629723,miscellaneous
1756,Unnamed,66.05702494841204,34.81390305663166,commercial
1757,Unnamed,57.21807828643477,71.41970714622181,miscellaneous
1758,Unnamed,64.69215910932989,36.79012781591247,commercial
1759,Unnamed,63.59921803360419,36.05026083696011,miscellaneous
1760,Unnamed,64.46831335817176,36.436477752555156,commercial
1761,Unnamed,68.78006545216243,56.40619318572347,miscellaneous
1762,Unnamed,69.12827774388057,55.49822686054946,miscellaneous
1763,Unnamed,68.73097045489341,56.561705021492635,miscellaneous
1764,Unnamed,66.49373091290373,53.02609092074002,miscellaneous
1765,Ankers,67.57362105395622,55.47948990948532,miscellaneous
1766,Unnamed,69.05112929055942,55.74112837445953,miscellaneous
1767,Unnamed,68.57062464830996,56.943175080501305,miscellaneous
1768,Unnamed,54.15479721167568,43.56163289937147,residential
1769,Unnamed,54.361892465480196,44.39979140138324,school
1770,ICropS Headhouse (Screenhouse),71.21966381386147,40.813674805613964,commercial
1771,ICropS Headhouse Old Greenhouse 1,70.47845366701118,40.74853876648826,commercial
1772,Unnamed,70.89528179976585,40.056730831207126,miscellaneous
1773,ICropS Headhouse Old Greenhouse 2,70.6707980535993,40.39763100032208,commercial
1774,ICropS Headhouse,70.94046697910912,40.62737132822667,miscellaneous
1775,Unit A,62.99730188088619,33.8243158494633,residential
1776,Unnamed,63.31730697085207,33.284011283913244,miscellaneous
1777,Unit B,62.78494992789185,33.69925403265936,residential
1778,ATI-NTC Residence Hall,62.97195493287414,33.615814133121006,residential
1779,Unnamed,53.66901221766525,35.941507709546876,miscellaneous
1780,Forest Products Laboratory,53.79938737857951,34.3945233520448,miscellaneous
1781,Unnamed,54.565655710643526,35.40859027492106,miscellaneous
1782,Unnamed,53.19549173247753,35.992028393860906,miscellaneous
1783,Unnamed,52.33154994524468,25.787271959939407,miscellaneous
1784,Unnamed,53.266902729017055,33.52996344509454,miscellaneous
1785,Unnamed,52.8613619427403,34.35674748412708,miscellaneous
1786,Unnamed,54.17811077401472,34.74655596080178,miscellaneous
1787,Institute of Renewable and Natural Resources,54.695224595880475,30.33952634241347,miscellaneous
1788,College of Forestry and Natural Resources Alumni Guest House,55.01313277998737,26.364053911139607,miscellaneous
1789,Unnamed,52.63820120222893,25.868234729716832,miscellaneous
1790,Unnamed,53.554602659314064,35.36922930772878,miscellaneous
1791,Romulo A. Del Castillo Hall,51.08619975610688,26.033748269773344,miscellaneous
1792,Department of Forest Products and Paper Science,52.448357192650285,32.41016599096707,miscellaneous
1793,Unnamed,53.50042089696403,36.2283839604795,miscellaneous
1794,Clonal Nursery,55.2339058841792,30.84171161252904,commercial
1795,Unnamed,53.73055773885329,35.57707741646083,miscellaneous
1796,TREES Hostel,50.72234598504427,26.009267175719014,miscellaneous
1797,CFNR Biotech Laboratory,55.06976053090692,30.575638278064293,miscellaneous
1798,Unnamed,53.63714488858521,33.798471159262725,miscellaneous
1799,Unnamed,53.87956156194771,35.76640249474849,miscellaneous
1800,Pulp and Paper Research and Training Center,54.27720009329487,35.12285470893383,miscellaneous
1801,Unnamed,53.34082111338303,35.98253682793617,miscellaneous
1802,Mizpeh,67.52577039229179,55.8119449077252,commercial
1803,Unnamed,70.23569963339357,59.146450951133744,miscellaneous
1804,Lina's Orchard,71.45757546335925,57.63781925690943,commercial
1805,Unnamed,68.05336904754077,60.90035454327989,residential
1806,Unnamed,70.2872106590384,59.02912566454731,miscellaneous
1807,Unnamed,70.25864914631984,59.092282787179386,miscellaneous
1808,Unnamed,65.55504913561884,59.917499533196505,miscellaneous
1809,Unnamed,70.3401994220837,58.902649791086915,miscellaneous
1810,Unnamed,70.31592853233398,58.96285931550496,miscellaneous
1811,Unnamed,70.05125511238526,59.50163663234909,residential
1812,Unnamed,68.03665197253231,60.78918970250873,miscellaneous
1813,Los Baños Health Care Center,39.5988844293269,74.85709418844534,special
1814,Unnamed,39.349587006553044,74.80260581793554,miscellaneous
1815,Unnamed,61.90236807379268,57.05899449879747,miscellaneous
1816,Unnamed,65.71064732275754,61.638473859420436,miscellaneous
1817,Unnamed,67.2439764152129,49.129770378128605,miscellaneous
1818,Unnamed,66.28150332296975,58.89103452342454,miscellaneous
1819,Unnamed,66.60662220968392,57.38688878198289,miscellaneous
1820,Unnamed,63.791072801390094,54.6490165534137,miscellaneous
1821,Unnamed,63.20007540358016,57.6366790404012,school
1822,Dalcielo,65.75856191906946,61.915794001915316,commercial
1823,Unnamed,63.19546826528277,62.56334535543663,miscellaneous
1824,Scissors Salon,65.73592574164233,61.68339632385496,commercial
1825,Unnamed,61.518575702009294,57.52225988627478,residential
1826,Unnamed,64.10371648611208,56.450794089625866,miscellaneous
1827,Unnamed,62.13873011593377,58.76647306819497,miscellaneous
1828,Unnamed,65.57338166887435,62.359582958141004,miscellaneous
1829,V-Lounge Spa,65.73401140809312,61.79515010117401,commercial
1830,Unnamed,64.2893352618951,56.55032741400492,miscellaneous
1831,VCCF,86.07319421257476,71.50892158115212,miscellaneous
1832,Iglesia ni Cristo,63.25789957011021,67.21873056470697,special
1833,Unnamed,64.92837902333865,69.99980430430355,miscellaneous
1834,Mercury Drug,64.00390590491388,69.59839285699165,commercial
1835,Unnamed,62.47469029531053,41.583612559964216,miscellaneous
1836,Unnamed,62.15641104310896,47.24864195924025,miscellaneous
1837,Unnamed,63.392859958797644,57.173284209217755,school
1838,Unnamed,63.31076892845415,56.95604609134249,school
1839,Unnamed,63.63327768142434,56.00029135241489,miscellaneous
1840,Unnamed,63.01253699318104,55.85406081809332,miscellaneous
1841,Unnamed,66.99593997986581,53.84797343913609,miscellaneous
1842,Unnamed,65.18701622043118,60.14819619289044,miscellaneous
1843,Unnamed,66.52086013982034,55.33618688387887,miscellaneous
1844,Unnamed,66.78283720714845,53.64749255187932,miscellaneous
1845,Pink Building,66.8562019755419,53.451548853020014,miscellaneous
1846,Unnamed,66.84946068743783,53.75529125836218,miscellaneous
1847,Unnamed,21.286667787670353,64.22776126735516,miscellaneous
1848,Marymount Village,53.83525572703256,60.221573769221656,residential
1849,Unnamed,68.67035145437482,54.647761043868655,miscellaneous
1850,Unnamed,69.33308347781878,54.3299032942348,miscellaneous
1851,Unnamed,68.55141363098703,53.976608991860594,miscellaneous
1852,10664,68.70549770480483,54.104713516844825,commercial
1853,Construction of UPLB University Library and Knowledge Center,60.72317471025725,44.39375483158296,miscellaneous
1854,Dairyville,73.7190641273547,37.61174853334778,residential
1855,GK Los Baños Ville Chapel,73.44710535339227,25.554611215657324,special
1856,Unnamed,61.93897846839608,36.106525022032585,miscellaneous
1857,Unnamed,58.17451138724684,40.05590799810903,miscellaneous
1858,Unnamed,62.10594201077102,38.772189300653665,miscellaneous
1859,Unnamed,62.10881000108197,38.46320154879291,miscellaneous
1860,Unnamed,62.12196961563442,38.05647152522765,miscellaneous
1861,Unnamed,62.181672456889046,37.673575282293584,miscellaneous
1862,Unnamed,62.146713980764126,37.37179424184065,miscellaneous
1863,Regional Training Center on Food and Nutrition Planning,64.03474383304236,32.24363875431276,miscellaneous
1864,UPOU Guesthouse,58.45893787742693,40.93588072372396,miscellaneous
1865,Unnamed,74.05504030642608,26.169800849356804,miscellaneous
1866,Unnamed,74.6942204954103,25.964614579946634,miscellaneous
1867,Unnamed,74.1731971796888,26.866338547370578,miscellaneous
1868,Unnamed,73.93523922911488,26.33930180069333,miscellaneous
1869,Unnamed,74.06314462364458,27.03241068788902,miscellaneous
1870,Unnamed,65.70594526878743,33.919948344993365,miscellaneous
1871,Unnamed,74.00693898624966,26.327509000202788,miscellaneous
1872,Unnamed,64.39876523297677,32.32767350581315,miscellaneous
1873,Unnamed,56.5457614979042,36.76356417740612,miscellaneous
1874,Unnamed,74.4985846709462,26.299299754542222,miscellaneous
1875,Unnamed,74.45081534384421,25.957093680870113,miscellaneous
1876,Unnamed,74.06612540150451,26.667229300033906,miscellaneous
1877,Unnamed,73.87431381391919,25.96242355153765,miscellaneous
1878,Unnamed,73.82788337668266,26.54575770380381,miscellaneous
1879,Unnamed,73.99635343775083,26.67963354348981,miscellaneous
1880,Unnamed,61.86872810754025,34.00563326491671,miscellaneous
1881,Unnamed,57.04334414046086,37.28122435429804,miscellaneous
1882,Unnamed,74.55148984171207,26.659624408061156,miscellaneous
1883,Unnamed,74.06449677969302,25.77015226283238,miscellaneous
1884,Unnamed,73.94357678413354,25.95016031191278,miscellaneous
1885,Unnamed,74.73028571155923,26.301428650266356,miscellaneous
1886,Unnamed,74.1746776611536,26.488513484747656,miscellaneous
1887,Unnamed,64.57681198099856,32.885160647450036,miscellaneous
1888,Unnamed,73.71144894530084,25.828243918129086,miscellaneous
1889,Unnamed,74.71324657013017,26.11257401829361,miscellaneous
1890,Unnamed,73.89663084151158,26.91506597214689,miscellaneous
1891,Unnamed,74.33861818674706,26.98471194446818,miscellaneous
1892,Unnamed,74.28559912315743,26.281648109387152,miscellaneous
1893,Unnamed,74.13289801893671,25.758833954095874,miscellaneous
1894,Unnamed,74.71013919828206,26.655168686189818,miscellaneous
1895,Unnamed,74.40822508607783,26.972673460628204,miscellaneous
1896,Unnamed,74.66425135374753,26.307772438259036,miscellaneous
1897,Unnamed,74.24064143764446,26.477621523171084,miscellaneous
1898,Unnamed,74.77664556756302,26.645013774646998,miscellaneous
1899,Unnamed,74.30766365975532,26.84268205360633,miscellaneous
1900,Unnamed,74.12638690580788,26.158478859764607,miscellaneous
1901,Unnamed,74.64463295612201,26.119049549644558,miscellaneous
1902,Unnamed,74.24168269924931,26.854230446369048,miscellaneous
1903,Unnamed,73.77722420071568,26.213819979478618,miscellaneous
1904,Unnamed,74.56294153487828,25.980931696757516,miscellaneous
1905,Unnamed,73.8646246576044,26.350930812294926,miscellaneous
1906,Unnamed,73.9925915099924,27.044622718613898,miscellaneous
1907,Unnamed,74.21692238289226,26.292949543193377,miscellaneous
1908,Unnamed,56.8364228708249,37.02064714403245,miscellaneous
1909,Unnamed,60.870794358130475,34.50126344471482,miscellaneous
1910,Unnamed,74.60641953879113,27.019725333645884,miscellaneous
1911,Unnamed,74.52183824733477,26.511570172013172,miscellaneous
1912,Unnamed,74.19529618585597,26.14758689819967,miscellaneous
1913,Unnamed,74.47240605779389,26.165603676732307,miscellaneous
1914,Unnamed,73.79816890111665,26.361880060685657,miscellaneous
1915,Unnamed,74.13324163991125,26.655227217430184,miscellaneous
1916,Unnamed,73.92648761425066,27.056077931274018,miscellaneous
1917,Unnamed,73.89602528991898,26.534492478152337,miscellaneous
1918,Unnamed,59.27514808047635,37.48542062026502,miscellaneous
1919,Unnamed,56.93472299088954,36.547526623888885,miscellaneous
1920,Unnamed,74.67293976769311,27.012265913474753,miscellaneous
1921,Unnamed,74.1995594146662,26.643375885684723,miscellaneous
1922,Unnamed,74.01441421240946,25.937589389967293,miscellaneous
1923,Unnamed,73.96681358942634,26.52277118902557,miscellaneous
1924,Unnamed,73.78626809584847,25.81595088177969,miscellaneous
1925,Unnamed,60.76400457492495,35.385436062583345,miscellaneous
1926,Unnamed,57.723420318711185,38.2465907341338,miscellaneous
1927,Unnamed,73.96384161873574,26.903226968819837,miscellaneous
1928,Unnamed,75.9205861241857,35.308381732955624,miscellaneous
1929,Unnamed,74.27087872319082,26.996458698006087,miscellaneous
1930,Unnamed,58.46266419244872,39.64493843175779,miscellaneous
1931,Unnamed,74.20079962669493,25.74769630918442,miscellaneous
1932,Unnamed,74.08248073579597,25.92559384253087,miscellaneous
1933,Unnamed,73.0787213144039,34.52238373928013,miscellaneous
1934,Unnamed,65.47921288642023,33.51595159269382,miscellaneous
1935,Unnamed,57.57781042925294,41.11131863861765,miscellaneous
1936,Unnamed,74.30927495318521,26.466218210990313,miscellaneous
1937,Unnamed,73.85602068671562,25.804449161559166,miscellaneous
1938,Unnamed,57.45006566110567,37.507715636688,miscellaneous
1939,Unnamed,74.37574703396632,26.83066848799916,miscellaneous
1940,Unnamed,73.91567142661405,26.19199351572112,miscellaneous
1941,Unnamed,60.41460287632039,35.20265600073255,miscellaneous
1942,Unnamed,74.46062634217073,35.886446506990424,miscellaneous
1943,Unnamed,74.57828915856868,26.125311608376762,miscellaneous
1944,Unnamed,74.03280173102377,26.891081492175516,miscellaneous
1945,Unnamed,73.84671909663227,26.202865650524377,miscellaneous
1946,Unnamed,74.201342219463,27.008543228801614,miscellaneous
1947,Unnamed,74.14863320883651,26.304169082550764,miscellaneous
1948,Unnamed,62.09505654045082,37.016391971961475,miscellaneous
1949,Unnamed,74.78966779375462,26.78431623049629,miscellaneous
1950,Unnamed,74.51410818678652,26.440605232728448,miscellaneous
1951,Unnamed,74.2638954129189,26.136694936631834,miscellaneous
1952,Unnamed,74.46511981220218,26.09533824044426,miscellaneous
1953,Unnamed,74.62579869565498,25.97311488410921,miscellaneous
1954,Unnamed,74.74812678174362,26.45071571861498,miscellaneous
1955,Unnamed,73.73059711053749,25.987856977559847,miscellaneous
1956,Unnamed,74.0771659915067,26.315961883050036,miscellaneous
1957,Unnamed,73.85764846504189,26.7043872493672,miscellaneous
1958,Unnamed,57.76651009269901,37.50360947509992,miscellaneous
1959,Unnamed,74.72455666299497,26.793160830875113,miscellaneous
1960,Unnamed,74.739432277309,27.004820544125565,miscellaneous
1961,Unnamed,74.57216561171533,26.83623731045925,miscellaneous
1962,Unnamed,57.86356427628414,39.224082864074894,miscellaneous
1963,Unnamed,74.45798859319115,26.026219326437083,miscellaneous
1964,Unnamed,74.6812980225889,26.45760176011888,miscellaneous
1965,Unnamed,74.26928751205452,26.630949048145947,miscellaneous
1966,Unnamed,73.80242341662989,25.975133737206484,miscellaneous
1967,Unnamed,74.0342236505294,26.511689613490358,miscellaneous
1968,Unnamed,73.92555007277808,26.692266871075475,miscellaneous
1969,Unnamed,74.80595250621097,26.997361123966073,miscellaneous
1970,Unnamed,64.85750739087395,33.1454674698838,miscellaneous
1971,Unnamed,74.22092620799322,25.901142007466028,miscellaneous
1972,Unnamed,62.02474731345946,36.59790185841438,miscellaneous
1973,Unnamed,74.33730046147203,26.61880755132045,miscellaneous
1974,Unnamed,73.99124742346301,25.782193040912883,miscellaneous
1975,Unnamed,74.15090742936069,25.913476750590362,miscellaneous
1976,Unnamed,74.10410619040137,26.500160976361375,miscellaneous
1977,Unnamed,73.92189868952403,25.793602756039846,miscellaneous
1978,Unnamed,57.149744748849315,37.63590383626604,miscellaneous
1979,Unnamed,73.9859672626632,26.180733321666683,miscellaneous
1980,Unnamed,59.420317391404055,44.09268194505567,commercial
1981,Unnamed,74.10189271859281,26.87890431780209,miscellaneous
1982,Unnamed,74.13196078104568,27.020545865040653,miscellaneous
1983,Unnamed,61.65044691975178,34.415300259764905,miscellaneous
1984,Unnamed,74.66432886701585,26.80126838121436,miscellaneous
1985,Unnamed,74.61929366821252,26.464027044820586,miscellaneous
1986,Unnamed,74.6456822149856,26.664970282538803,miscellaneous
1987,Unnamed,74.60433923893068,26.313542581094012,miscellaneous
1988,Unnamed,74.50645604385605,26.37029542105112,miscellaneous
1989,Unnamed,74.56205322935308,26.749604226481534,miscellaneous
1990,Unnamed,58.81511579231565,37.49830633076149,miscellaneous
1991,Unnamed,58.48264766668536,51.11978243552677,miscellaneous
1992,Unnamed,57.39203878414671,51.368543933309304,miscellaneous
1993,Unnamed,57.9440987407766,51.12692503425873,residential
1994,Unnamed,56.67343852777839,52.204976941043554,miscellaneous
1995,Unnamed,57.55901471357391,48.727524068781214,residential
1996,Unnamed,57.26072199244159,53.12521634969699,miscellaneous
1997,Unnamed,57.964991370950614,48.77822853010245,miscellaneous
1998,Unnamed,58.21888501839756,50.46614319735664,miscellaneous
1999,Unnamed,58.40700498482383,51.41434769805346,miscellaneous
2000,Unnamed,58.30212579952834,50.226959926933766,miscellaneous
2001,Unnamed,56.78899807920931,51.9873325667991,miscellaneous
2002,Unnamed,57.51173631510292,51.57455402012505,miscellaneous
2003,Unnamed,58.05073734149722,49.21868753038119,miscellaneous
2004,Unnamed,58.04412944703506,49.49003493129516,miscellaneous
2005,Unnamed,58.295204957657944,51.72960266923214,miscellaneous
2006,Unnamed,57.500647235659926,52.10296752721264,miscellaneous
2007,Unnamed,57.597538799248404,49.18244772677465,residential
2008,Navarro Apartments,57.497803478117795,53.309789243357706,miscellaneous
2009,Unnamed,57.58808218267249,48.936191121990035,residential
2010,Unnamed,57.37244031867631,53.25923523688181,miscellaneous
2011,Unnamed,56.661538816857785,52.82600669523809,miscellaneous
2012,Unnamed,57.90735926305873,52.938209001189804,miscellaneous
2013,Unnamed,57.25074451477747,51.978979333119135,miscellaneous
2014,Unnamed,57.54473769729298,52.518967142701946,miscellaneous
2015,Unnamed,57.6251062155661,50.66069489250323,miscellaneous
2016,Unnamed,58.06969229525689,52.42833198851575,miscellaneous
2017,Unnamed,56.887681108701116,51.8018879431286,miscellaneous
2018,Unnamed,58.17013710520181,50.890302705779675,miscellaneous
2019,Unnamed,57.812241896011955,50.73518432716456,miscellaneous
2020,Unnamed,57.47757810440167,52.82128947477612,miscellaneous
2021,Unnamed,57.99047281268012,49.00048448095656,miscellaneous
2022,Unnamed,56.99173281334679,52.61282766827321,miscellaneous
2023,Unnamed,58.66564797276735,50.717291734706784,miscellaneous
2024,Unnamed,57.69525924665909,51.74110107100993,miscellaneous
2025,Unnamed,58.7225863571561,50.499240625816114,miscellaneous
2026,Unnamed,57.07804037057779,52.3640759839674,miscellaneous
2027,Unnamed,74.26335282017284,25.132177638881593,miscellaneous
2028,Unnamed,73.42326420702177,25.197693197192137,miscellaneous
2029,Unnamed,73.21656991693398,25.677490437282675,miscellaneous
2030,Unnamed,74.04189746239662,24.849232321443885,miscellaneous
2031,Unnamed,73.471709988816,26.169207032440582,miscellaneous
2032,Unnamed,73.58131372554482,26.186241077601675,miscellaneous
2033,Unnamed,73.8884212256249,25.60282503087503,miscellaneous
2034,Unnamed,73.39884753300893,25.828198551452488,miscellaneous
2035,Unnamed,73.57650131197309,26.68125759568897,miscellaneous
2036,Unnamed,73.66768868893774,24.589142854824015,miscellaneous
2037,Unnamed,74.37429069571597,25.66985447199494,miscellaneous
2038,Unnamed,74.10948901712563,25.07919193109825,miscellaneous
2039,Unnamed,74.32053330366027,25.36001245099974,miscellaneous
2040,Unnamed,73.17822509118179,25.257278503025514,miscellaneous
2041,Unnamed,73.59332827949059,27.021728234916637,miscellaneous
2042,Unnamed,73.36869487841827,26.348392084409948,miscellaneous
2043,Unnamed,73.30037799855916,24.95647858840377,miscellaneous
2044,Unnamed,73.55736213105376,24.72892937750459,miscellaneous
2045,Unnamed,74.09060048401143,25.5651831457474,miscellaneous
2046,Unnamed,73.3472237078525,25.65359958856294,miscellaneous
2047,Unnamed,73.60894222156574,26.331348324833943,miscellaneous
2048,Unnamed,73.78649130069722,27.348978448659462,miscellaneous
2049,Unnamed,73.36667953386055,24.76365262340586,miscellaneous
2050,Unnamed,73.7700584914927,24.677090191996292,miscellaneous
2051,Unnamed,73.65820687046731,26.60406655070363,miscellaneous
2052,Unnamed,74.20187517950941,24.967759231611915,miscellaneous
2053,Unnamed,74.40905343616492,25.251092835315514,miscellaneous
2054,Unnamed,73.14336385799716,25.11260486584134,miscellaneous
2055,Unnamed,73.49931129818445,26.32443243055157,miscellaneous
2056,Unnamed,73.65914307170888,24.812731928530464,miscellaneous
2057,Unnamed,74.46760742199953,25.573791973761672,miscellaneous
2058,Unnamed,73.6838637565089,25.640987843586892,miscellaneous
2059,Unnamed,73.65987350104051,27.00697486685371,miscellaneous
2060,Unnamed,74.61367587113632,25.728963151369012,miscellaneous
2061,Unnamed,73.86831001788981,25.45690608702962,miscellaneous
2062,Unnamed,73.65336852962184,27.378564321013794,miscellaneous
2063,Unnamed,73.46726728883213,24.85307263005084,miscellaneous
2064,Unnamed,73.66119461365108,25.48499585172851,miscellaneous
2065,Unnamed,73.63061215311431,26.45894958904772,miscellaneous
2066,Unnamed,73.10853469791616,24.967924716847136,miscellaneous
2067,Unnamed,73.49449888454663,25.77758778265935,miscellaneous
2068,Unnamed,73.91446567791995,25.01138332825798,miscellaneous
2069,Unnamed,73.76455505067577,27.565998735545328,miscellaneous
2070,Unnamed,73.816411415527,25.616255720330756,miscellaneous
2071,Unnamed,73.29823533333425,25.999357947528534,miscellaneous
2072,Unnamed,74.59766747126434,25.567692312735367,miscellaneous
2073,Unnamed,73.54565763018127,26.537076892337225,miscellaneous
2074,Unnamed,73.25417425678634,25.523737324279434,miscellaneous
2075,Unnamed,74.00639639343754,25.43821719062771,miscellaneous
2076,Unnamed,74.48259715636082,25.737848298570263,miscellaneous
2077,Unnamed,73.7992387495943,25.466208129518215,miscellaneous
2078,Unnamed,73.52221484981241,25.922550669835402,miscellaneous
2079,Unnamed,73.99942020089706,24.90328265705343,miscellaneous
2080,Unnamed,73.63141980660681,27.595458727974858,miscellaneous
2081,Unnamed,73.40641028152933,26.181185951897167,miscellaneous
2082,Unnamed,73.42888912431886,25.97546709881462,miscellaneous
2083,Unnamed,74.4916691110642,25.40400520047011,miscellaneous
2084,Unnamed,74.37743590878311,25.74839355425082,miscellaneous
2085,Unnamed,73.19570505072409,25.329577124448104,miscellaneous
2086,Unnamed,73.80292410990175,24.915730613131796,miscellaneous
2087,Unnamed,73.50648417503815,24.687043764080983,miscellaneous
2088,Unnamed,73.75905160988087,27.203124436981437,miscellaneous
2089,Unnamed,73.48035132158223,26.54910227549096,miscellaneous
2090,Unnamed,74.1253792335841,25.293591595661937,miscellaneous
2091,Unnamed,73.56413830484094,26.877080631129306,miscellaneous
2092,Unnamed,73.31642650261047,24.71892952442034,miscellaneous
2093,Unnamed,74.62150178550797,25.3992155443739,miscellaneous
2094,Unnamed,74.370941212388,25.588247819155896,miscellaneous
2095,Unnamed,74.36476443363465,25.30554369107469,miscellaneous
2096,Unnamed,73.16082408780139,25.18495152948233,miscellaneous
2097,Unnamed,73.35264963546722,24.999344844418,miscellaneous
2098,Unnamed,73.52674439696334,27.036469235533456,miscellaneous
2099,Unnamed,73.88091653934377,24.81199349877409,miscellaneous
2100,Unnamed,73.60823404885892,24.77087234941437,miscellaneous
2101,Unnamed,73.71517411792635,25.09308873900408,miscellaneous
2102,Unnamed,74.02442285818258,25.577534888371193,miscellaneous
2103,Unnamed,73.62588384484839,27.232688332661002,miscellaneous
2104,Unnamed,73.56776876795598,24.942656745219722,miscellaneous
2105,Unnamed,74.21730994916777,25.185982291147525,miscellaneous
2106,Unnamed,73.56748258828851,26.113692311198815,miscellaneous
2107,Unnamed,73.3335478256782,25.84017747090907,miscellaneous
2108,Unnamed,73.7199460791473,27.363731816704927,miscellaneous
2109,Unnamed,73.51124833883989,26.693285023813935,miscellaneous
2110,Unnamed,73.41693256513267,24.8083757223972,miscellaneous
2111,Unnamed,73.61650474145266,24.545158236452494,miscellaneous
2112,Unnamed,74.06330075228354,25.134936406036047,miscellaneous
2113,Unnamed,74.45328458052526,25.196542216821268,miscellaneous
2114,Unnamed,73.4572122544774,25.08506197302085,miscellaneous
2115,Unnamed,73.12590362830308,25.040258202203265,miscellaneous
2116,Unnamed,74.27624431549394,25.414545237084496,miscellaneous
2117,Unnamed,73.24808701647906,24.91362771581515,miscellaneous
2118,Unnamed,73.81563628304208,25.176400640746593,miscellaneous
2119,Unnamed,74.53262665062897,25.570764827157078,miscellaneous
2120,Unnamed,74.30931100699632,25.078399378294016,miscellaneous
2121,Unnamed,74.67917076062444,25.72441760911745,miscellaneous
2122,Unnamed,73.28192400056582,25.665578508022435,miscellaneous
2123,Unnamed,73.93736736265359,25.447536195403575,miscellaneous
2124,Unnamed,73.59511108422132,26.258799558422357,miscellaneous
2125,Unnamed,73.66493156698087,25.05136168088498,miscellaneous
2126,Unnamed,73.58681716640582,27.393283344964576,miscellaneous
2127,Unnamed,73.51752494630804,24.897821550230624,miscellaneous
2128,Unnamed,73.71889974590214,24.633112873480723,miscellaneous
2129,Unnamed,73.64440951176879,26.53150806988004,miscellaneous
2130,Unnamed,74.15568691466734,25.023503706543888,miscellaneous
2131,Unnamed,73.43403854887272,26.336435495010086,miscellaneous
2132,Unnamed,73.50833001550218,25.850054680071278,miscellaneous
2133,Unnamed,73.26818712711909,25.852135847046785,miscellaneous
2134,Unnamed,73.74757964874723,25.6291131486446,miscellaneous
2135,Unnamed,73.36353504062093,25.98737902807777,miscellaneous
2136,Unnamed,74.66270108875567,25.564662218160255,miscellaneous
2137,Unnamed,73.72645105049988,26.992142362565215,miscellaneous
2138,Unnamed,74.54813650388988,25.73344667524901,miscellaneous
2139,Unnamed,73.69727354893192,26.84762063870559,miscellaneous
2140,Unnamed,73.67203800776768,26.6766153171094,miscellaneous
2141,Unnamed,73.9569527220153,25.5900855391123,miscellaneous
2142,Unnamed,73.53604598700262,25.995099436238263,miscellaneous
2143,Unnamed,73.87198841644242,25.065433663855885,miscellaneous
2144,Unnamed,73.83113893320302,27.551257734937234,miscellaneous
2145,Unnamed,73.49756689367699,26.891865649389242,miscellaneous
2146,Unnamed,74.55658544826406,25.401610372423463,miscellaneous
2147,Unnamed,73.18881355822724,25.535695700431692,miscellaneous
2148,Unnamed,73.84197668925079,24.863868276504135,miscellaneous
2149,Unnamed,73.69246156248929,27.217912961339437,miscellaneous
2150,Unnamed,73.73022631152443,25.4755982988775,miscellaneous
2151,Unnamed,74.17134459136491,25.23978694340473,miscellaneous
2152,Unnamed,73.95694293935343,24.957332992654248,miscellaneous
2153,Unnamed,73.69797116819258,27.580739736167963,miscellaneous
2154,Unnamed,73.34104958294819,26.193144328043605,miscellaneous
2155,Unnamed,73.63068966640466,26.862361639336957,miscellaneous
2156,Unnamed,73.44594203944963,26.705310418355353,miscellaneous
2157,Unnamed,73.56534599588413,24.501180917934015,miscellaneous
2158,Unnamed,74.01708358940864,25.190675918750323,miscellaneous
2159,Unnamed,73.31947396405099,25.511758404828665,miscellaneous
2160,Unnamed,73.40492127235323,25.04221110043514,miscellaneous
2161,Unnamed,73.91996911869282,24.76013116214352,miscellaneous
2162,Unnamed,73.45558723261867,24.64515135731779,miscellaneous
2163,Unnamed,73.76541268836263,25.1347416150066,miscellaneous
2164,Unnamed,73.76384684225737,24.9675959281369,miscellaneous
2165,Unnamed,73.55937747554539,27.24742933328364,miscellaneous
2166,Unnamed,73.41501044046495,26.56108506625167,miscellaneous
2167,Unnamed,73.33329432568262,25.132463744885786,miscellaneous
2168,Unnamed,73.3826477016436,25.254567174623567,miscellaneous
2169,College Country Club,58.0374264980414,42.88165269547889,miscellaneous
2170,Unnamed,63.5986652701274,59.85754527362344,miscellaneous
2171,Unnamed,63.413180282862626,59.961563121936045,miscellaneous
2172,Unnamed,63.2238961618284,59.58177954234919,miscellaneous
2173,Unnamed,63.13645669713475,59.75873899608616,miscellaneous
2174,Unnamed,92.88621384497843,65.96032778182614,commercial
2175,Unnamed,80.37098120713478,66.79807743825393,residential
2176,Unnamed,66.40305844526485,50.01351654782602,miscellaneous
2177,Unnamed,66.1121837145527,48.246304249421826,school
2178,Unnamed,68.01113400335602,52.85991790900554,miscellaneous
2179,Unnamed,65.61122908060814,48.75089494341867,miscellaneous
2180,Unnamed,66.26280465565682,48.38122436420615,school
2181,Unnamed,67.04438873825724,51.08551090670262,miscellaneous
2182,Unnamed,65.73960818602484,47.9040753953004,school
2183,Unnamed,61.41971720064514,52.147600001307296,miscellaneous
2184,Unnamed,67.99289221727702,52.93476924854812,miscellaneous
2185,Unnamed,66.72526668434155,48.61590193631432,school
2186,Unnamed,67.18388267877235,50.80706363751305,miscellaneous
2187,Unnamed,68.00216403284047,52.89668653316916,miscellaneous
2188,CSI Gymnasium,61.39476351134893,52.792652116759534,miscellaneous
2189,Unnamed,67.75614837605055,53.36007075389495,miscellaneous
2190,Unnamed,67.86912972773996,53.175375322251995,miscellaneous
2191,Unnamed,67.97923819035218,53.016773834486685,miscellaneous
2192,Unnamed,69.16158567308551,54.87558595478067,miscellaneous
2193,Unnamed,69.06213617221532,53.26529542603203,miscellaneous
2194,Unnamed,68.89028929499374,54.79238119572122,miscellaneous
2195,Unnamed,68.6244310008866,53.20405646819408,miscellaneous
2196,RAV Sizzlers,68.33366664032873,53.99620337339607,commercial
2197,Unnamed,69.15582106265322,54.682141793480184,miscellaneous
2198,Unnamed,67.3273121040193,53.62841540794827,miscellaneous
2199,Unnamed,68.5947312693156,54.4329464639621,miscellaneous
2200,Unnamed,68.38913663220899,53.78933200019888,miscellaneous
2201,Unnamed,67.10842875400058,53.89294608497196,miscellaneous
2202,Unnamed,69.20312670778802,53.348223804761886,miscellaneous
2203,Unnamed,67.36471713144111,53.43397767248999,miscellaneous
2204,Unnamed,68.48543734235423,53.56808377711045,miscellaneous
2205,Unnamed,67.17612237914514,53.20708918380489,miscellaneous
2206,Unnamed,68.76400811454914,53.949801445247324,miscellaneous
2207,Unnamed,68.68154611029176,53.6178510241787,miscellaneous
2208,Unnamed,68.54496015512736,53.4641656746725,residential
2209,Unnamed,68.447068526368,53.6593715092465,miscellaneous
2210,Unnamed,68.82625543292318,53.229300049181305,miscellaneous
2211,Unnamed,69.42257278884813,53.909067680844615,miscellaneous
2212,Puregold,60.11129501411374,70.95950068100557,commercial
2213,Unnamed,69.59478147349533,68.4679049096937,miscellaneous
2214,Unnamed,69.8836991183799,67.77355202426853,miscellaneous
2215,Unnamed,72.96211848206617,68.4162237023722,miscellaneous
2216,Unnamed,70.00172867458842,67.50657876827063,miscellaneous
2217,Unnamed,69.90726314663951,67.7201568442468,miscellaneous
2218,Unnamed,75.05825120807208,65.86098908838555,miscellaneous
2219,Unnamed,74.82860835336481,65.7704206722926,miscellaneous
2220,Unnamed,69.93090468818946,67.66676166422508,miscellaneous
2221,Unnamed,72.57488167601113,67.53016172515261,miscellaneous
2222,Unnamed,69.83647042369792,67.88034502840819,miscellaneous
2223,Unnamed,76.1295618485825,64.61693053058002,miscellaneous
2224,Unnamed,74.95641248996714,65.55605906542544,miscellaneous
2225,Unnamed,69.95454622967333,67.61336648420915,miscellaneous
2226,Unnamed,75.01290595626156,66.18651951872307,miscellaneous
2227,Unnamed,75.77531335189704,65.40309343677507,miscellaneous
2228,Unnamed,69.86008070172439,67.82694456018243,miscellaneous
2229,Unnamed,75.55867675578529,65.38329877387325,miscellaneous
2230,Unnamed,69.97811025795497,67.55997130418453,miscellaneous
2231,Unnamed,63.300730737852085,51.89616931766441,miscellaneous
2232,LDB,68.05339692086473,48.39565773673788,commercial
2233,Unnamed,68.44407153639446,48.75353051321069,miscellaneous
2234,Yigo's Dough Box,67.1060604261942,52.180756047895706,commercial
2235,Unnamed,68.32268183548393,48.638645692603696,miscellaneous
2236,Unnamed,62.61122080672561,48.02537641660765,miscellaneous
2237,Unnamed,63.029401678149725,47.09583635771064,miscellaneous
2238,Grove Thrift Shop,65.71294362769339,59.704082602018914,commercial
2239,Unnamed,65.7251132081097,59.507617821547754,miscellaneous
2240,Unnamed,65.72836876460804,59.378634066124405,miscellaneous
2241,Unnamed,63.30907670042719,46.80179686715793,miscellaneous
2242,Unnamed,63.11104941632261,46.213233434425696,miscellaneous
2243,Unnamed,62.22861539048479,45.18465486136084,miscellaneous
2244,Unnamed,62.26361088128504,41.71864052616231,miscellaneous
2245,Probikes Motorcycle Center,66.13286683131744,69.6834653921874,commercial
2246,Unnamed,65.30429316845128,69.83605768905647,miscellaneous
2247,Unnamed,66.2930262679799,69.63708946017968,miscellaneous
2248,Unnamed,65.78018312987805,69.87060276737809,miscellaneous
2249,Unnamed,64.93934831020968,69.83405207234628,commercial
2250,Avokado Haus,64.85693438093159,63.14626155922324,residential
2251,Unnamed,62.16302385742064,55.386206253346415,miscellaneous
2252,Q Apartelle,62.698078774830634,60.563762361692866,residential
2253,Unnamed,61.015625069538274,55.527279479150174,miscellaneous
2254,Unnamed,73.65507342334396,59.26457138985253,miscellaneous
2255,Unnamed,62.07563432968778,56.75072312797681,miscellaneous
2256,Unnamed,74.577387031249,60.17135091074657,miscellaneous
2257,Unnamed,73.9722830549964,59.113900031822574,miscellaneous
2258,Unnamed,73.97503137524751,58.523342351681315,miscellaneous
2259,Unnamed,63.234612456971625,58.84910456610671,miscellaneous
2260,Unnamed,60.40274334897734,55.022422699830244,miscellaneous
2261,Unnamed,63.11568289313877,61.027581395459116,miscellaneous
2262,Unnamed,69.00020308468567,59.87753504263341,miscellaneous
2263,Unnamed,74.78990033344942,59.31279093002432,miscellaneous
2264,Unnamed,63.24065849060071,60.8098214373467,miscellaneous
2265,Unnamed,74.55969481066417,59.20203895450121,miscellaneous
2266,Green Shelter,63.925252414699074,60.1276973692101,miscellaneous
2267,Unnamed,62.69663913175866,55.57545105214766,miscellaneous
2268,Unnamed,62.941869607228185,54.83927555944311,miscellaneous
2269,Unnamed,63.35359529709616,61.179329186199794,miscellaneous
2270,Unnamed,60.71922995238705,55.417317727530204,miscellaneous
2271,Unnamed,74.3666779835998,59.11943813857129,miscellaneous
2272,Unnamed,64.62419250571061,58.860078422123394,miscellaneous
2273,Unnamed,60.838227547764234,55.302471451395306,miscellaneous
2274,Unnamed,62.93998442334521,54.55641717394588,miscellaneous
2275,Unnamed,63.479271527383304,60.95969613325575,miscellaneous
2276,Unnamed,64.70736422389089,59.09929210438916,miscellaneous
2277,Unnamed,63.6824027693302,61.10684904025373,miscellaneous
2278,Unnamed,74.84940208555041,59.681553807132595,miscellaneous
2279,Unnamed,64.38714610066619,68.2861322471492,miscellaneous
2280,London Terrace Dormitory,60.54164846832718,55.10101318125415,residential
2281,Unnamed,74.30040415407973,58.50932450183669,miscellaneous
2282,Unnamed,74.47344286681805,59.46995692261239,miscellaneous
2283,Unnamed,73.91686858868707,58.64576065201438,miscellaneous
2284,Unnamed,74.1491758016046,58.70980211025743,miscellaneous
2285,Unnamed,64.8586987393604,69.43803226663134,miscellaneous
2286,Unnamed,67.19285872633832,61.424452019251895,miscellaneous
2287,Home Along,64.36518606663907,68.48608106199822,commercial
2288,Unnamed,95.68564808751675,34.035757853482984,miscellaneous
2289,Unnamed,89.13249822847563,37.28451231206573,special
2290,Unnamed,93.47995042356071,50.47837644176677,miscellaneous
2291,Unnamed,90.7363689064596,49.15403620578832,miscellaneous
2292,Unnamed,90.15294914663308,48.744312430595784,miscellaneous
2293,Unnamed,93.83909179273044,50.30653091843044,miscellaneous
2294,Unnamed,92.80677031741632,49.04683052107664,miscellaneous
2295,Unnamed,92.13124233587307,48.05009319588484,miscellaneous
2296,Unnamed,93.6170428806707,49.72235769496475,miscellaneous
2297,Unnamed,97.18270338314508,59.84477726348105,miscellaneous
2298,Main Building,95.8346652291168,62.34003222543192,miscellaneous
2299,Unnamed,92.27117615791488,48.64617554630313,miscellaneous
2300,Unnamed,93.23110059863819,49.913865386786874,miscellaneous
2301,Unnamed,94.15213113831781,50.05203362850922,miscellaneous
2302,Institute of Biological Sciences,60.18299328272961,50.00139220561284,school
2303,Unnamed,60.90093603679434,52.63529493030084,miscellaneous
2304,Unnamed,59.84364027032094,50.94014826170892,miscellaneous
2305,DA-BAR Network Headquarters/ Gender Program for Rural Development,60.24205837986018,50.38924431079103,school
2306,El Danda Parking Area,63.66265634570608,67.38544022358008,commercial
2307,Unnamed,63.07431505415201,64.25102613743519,miscellaneous
2308,Unnamed,62.859789990493255,64.20739031277294,miscellaneous
2309,Unnamed,62.96416932998967,60.01016671460426,miscellaneous
2310,Unnamed,62.7130511630096,59.94527608229983,miscellaneous
2311,Unnamed,62.276548675985886,60.1766135663066,miscellaneous
2312,Unnamed,62.59534176757556,59.80034707735964,miscellaneous
2313,Unnamed,64.68455609250228,70.0242286584087,miscellaneous
2314,Unnamed,64.78805364246139,69.99963292777082,miscellaneous
2315,Unnamed,70.970816334558,54.96207448027014,residential
2316,Unnamed,63.60497332024978,66.68293421209326,miscellaneous
2317,Unnamed,64.48482368060054,57.271244238729636,miscellaneous
2318,Unnamed,68.94589697249363,54.65049648741259,commercial
2319,Unnamed,64.4050596402151,70.05040965023052,miscellaneous
2320,Unnamed,63.96257039778005,70.30433879006756,commercial
2321,Unnamed,64.01615561351952,60.733638030148605,miscellaneous
2322,Unnamed,69.12476687891748,58.18346649370962,residential
2323,Unnamed,65.61101370280977,48.06164031303177,school
2324,Unnamed,63.89448276179529,60.65938133658304,miscellaneous
2325,Unnamed,67.321188557188,56.273769863501165,residential
2326,Unnamed,63.83371237311418,60.62228315168865,miscellaneous
2327,Sandrose Place,61.85247621733778,56.429195250206746,miscellaneous
2328,Unnamed,58.85946061842466,71.10382968472169,commercial
2329,Unnamed,65.27171832694327,48.287042824874625,school
2330,Unnamed,68.97688914980932,58.09803024497477,miscellaneous
2331,Unnamed,63.39925060189183,60.14967029295503,miscellaneous
2332,Unnamed,69.72595120223778,56.83199982510928,miscellaneous
2333,Unnamed,65.99685309759849,48.4093122414208,school
2334,Unnamed,64.1307860939757,70.14586378020569,miscellaneous
2335,Unnamed,69.6551407963102,59.14999611418893,miscellaneous
2336,Unnamed,63.646884138200875,60.4910653504617,miscellaneous
2337,Unnamed,62.37463726049738,57.581385565066846,miscellaneous
2338,Unnamed,64.13771934314445,60.80785597059779,miscellaneous
2339,Unnamed,63.10718067256105,60.16498455471082,miscellaneous
2340,Unnamed,60.096472680717795,49.52489288548747,miscellaneous
2341,Garan Place,67.93441190334674,55.64966309239051,miscellaneous
2342,Unnamed,64.07694895446335,60.770757785709215,miscellaneous
2343,Unnamed,63.95527610271709,60.69650109214073,miscellaneous
2344,Unnamed,63.73202771563664,60.5468620825485,miscellaneous
2345,Unnamed,69.26192381626255,58.27601408088402,residential
2346,Unnamed,64.5433232789425,70.08661617081636,miscellaneous
2347,Unnamed,60.11906502123446,72.39387527688648,commercial
2348,Go Wheels,69.82799407615462,68.34203754945018,commercial
2349,Unnamed,65.77808603554736,58.46074424615676,miscellaneous
2350,Unnamed,99.93604759804423,65.30225222559301,commercial
2351,UPCA Pumphouse 5,68.6622671091648,38.61766019544548,commercial
2352,Unnamed,97.39729803665999,67.59765517376741,residential
2353,Unnamed,90.74133545188364,64.5053241648621,miscellaneous
2354,Unnamed,84.35620495034085,50.07871494584827,miscellaneous
2355,Service Building,87.27023134603336,57.22169809775688,miscellaneous
2356,Unnamed,100.16738839892847,65.3474579540883,miscellaneous
2357,La Gondola VenezianA,66.33165439629249,58.11917935211714,commercial
2358,Unnamed,65.82905847755103,55.79108398767067,miscellaneous
2359,Unnamed,65.72799414040145,57.76900844782603,miscellaneous
2360,Unnamed,65.59254093041292,57.449934812534565,miscellaneous
2361,Unnamed,66.4116314704655,57.97432789550694,miscellaneous
2362,Atrium Building,66.50775276398483,56.38532478374092,miscellaneous
2363,Unnamed,98.22028459784853,70.01114106329408,miscellaneous
2364,Unnamed,81.39881466575977,73.90877822222824,miscellaneous
2365,Unnamed,88.98600671898342,84.85314845374981,miscellaneous
2366,Unnamed,77.50523608466743,81.6562457426548,miscellaneous
2367,Unnamed,90.29086410193239,77.89720535216065,miscellaneous
2368,Unnamed,76.9632234432257,20.2318982622889,residential
2369,Makiling Subdivision,55.0948089940429,73.71374363791865,residential
2370,Unnamed,66.83652475586403,92.50910451814448,residential
2371,Los Baños New Municipal Hall,33.07841177552461,67.1828823329989,special
2372,Unnamed,32.91685463630737,71.55682983315968,miscellaneous
2373,TESDA Laguna,33.36065625437311,70.76599983524541,special
2374,Unnamed,33.265006417019954,71.74406333963844,miscellaneous
2375,Unnamed,83.42139182138101,38.25262425292449,residential
2376,Unnamed,32.72172575431252,71.43840022217219,miscellaneous
2377,Unnamed,48.56972549459132,84.36962567685372,miscellaneous
2378,Unnamed,83.12196119160899,37.74602610644332,residential
2379,Unnamed,33.50238973353431,71.47182339626355,miscellaneous
2380,Unnamed,31.4382948327176,71.50590765938398,miscellaneous
2381,Unnamed,31.606570643258014,71.88539035807233,miscellaneous
2382,Unnamed,65.82492311193333,64.0966957639923,commercial
2383,Unnamed,65.1874037866406,60.640545613570715,miscellaneous
2384,Unnamed,65.57016421952632,58.22744381222519,miscellaneous
2385,Unnamed,65.20647204639516,58.38812071896887,miscellaneous
2386,Unnamed,65.62047031938569,58.68646219261122,miscellaneous
2387,Unnamed,65.22298236882395,58.18305702146832,miscellaneous
2388,Unnamed,66.54786602704162,56.603396885711696,miscellaneous
2389,Bonitos,67.80601816256788,54.309184657784726,commercial
2390,Bugong,66.47786034583774,52.269714326031945,commercial
2391,Unnamed,64.55323527644707,53.172499119994484,miscellaneous
2392,Unnamed,66.53960964252359,57.63774095867383,miscellaneous
2393,Unnamed,66.44428780746941,56.84651371287347,miscellaneous
2394,Unnamed,63.62507258105976,52.59507130982365,miscellaneous
2395,Unnamed,64.06919762932782,52.82756960208573,residential
2396,Unnamed,66.12106625453114,59.071942091893334,miscellaneous
2397,The Learning Place,56.302147848186564,50.18979812229845,school
2398,Unnamed,61.79874398584718,50.39766237346838,miscellaneous
2399,Unnamed,57.014827227770404,50.44610163087147,residential
2400,Unnamed,61.19002787436701,49.53313834724051,school
2401,Unnamed,60.72094973971394,50.375868131349186,commercial
2402,Unnamed,56.85813989901829,49.12446645767311,miscellaneous
2403,Unnamed,61.01898904432459,50.89897257917879,commercial
2404,Unnamed,56.466581440788296,48.92023154911197,miscellaneous
2405,Unnamed,60.112315057175245,49.68515370080854,miscellaneous
2406,Unnamed,56.48429348998447,48.74120044157183,miscellaneous
2407,Unnamed,57.22640535396686,48.944871933462444,residential
2408,Unnamed,57.25058948826286,49.18670623806492,miscellaneous
2409,Unnamed,56.17020979736391,48.766833403768125,miscellaneous
2410,Unnamed,59.94246966517678,49.70370588755541,miscellaneous
2411,Unnamed,56.796305677664904,48.922557167760026,miscellaneous
2412,Unnamed,57.64195389201533,49.46653956648158,miscellaneous
2413,Unnamed,57.2322963610593,48.769617814990895,miscellaneous
2414,Unnamed,58.057734969802674,49.632539612347564,miscellaneous
2415,Unnamed,56.81395734599023,48.711718440335275,miscellaneous
2416,Unnamed,56.82195433442156,49.76511306096745,miscellaneous
2417,Unnamed,57.06655628208851,50.00741672255111,miscellaneous
2418,Unnamed,65.68527139713815,63.423073269326316,miscellaneous
2419,Unnamed,64.8950238042806,66.68877816759965,miscellaneous
2420,Unnamed,65.66585447019204,60.783707232447824,miscellaneous
2421,PSBank,64.91346469312501,65.52349934308957,commercial
2422,Unnamed,64.15844841821135,69.49512206345842,commercial
2423,Unnamed,65.73693387141945,60.15931084288935,miscellaneous
2424,Unnamed,67.11562341578211,55.47783772451381,miscellaneous
2425,Unnamed,64.19193281652537,69.01210248990847,miscellaneous
2426,Unnamed,63.77014735283958,69.62845417424413,miscellaneous
2427,Unnamed,65.77190340306771,63.24537289317497,miscellaneous
2428,Unnamed,64.190970946517,69.15535704341575,miscellaneous
2429,Unnamed,67.24638827009151,55.21684011910656,miscellaneous
2430,Unnamed,65.58450418377068,62.55976410055043,miscellaneous
2431,Unnamed,68.49228232957341,57.14571289220897,miscellaneous
2432,Unnamed,68.69689373400418,57.93057643864161,residential
2433,Unnamed,69.47706460420535,57.50169521507122,miscellaneous
2434,Unnamed,69.6157652860822,56.997232173498055,miscellaneous
2435,Unnamed,69.88832044032421,56.27187130513125,miscellaneous
2436,Unnamed,69.59958078089228,56.232347372539174,miscellaneous
2437,Unnamed,68.78477950694446,58.05465282209261,residential
2438,Unnamed,70.04089599117174,56.54148281363482,miscellaneous
2439,Unnamed,68.65309874718552,56.74974039459945,miscellaneous
2440,Unnamed,69.15367868975223,57.4580659942748,residential
2441,ICropS Asi (Nemesio B. Mendiola Hall),68.29768214270084,39.31148218050137,miscellaneous
2442,Bienvenido Maria Gonzales Animal Science Complex,67.80322527504813,37.77465990514172,miscellaneous
2443,Department of Agricultural Economics,62.406231378834164,51.31086187289701,miscellaneous
2444,Department of Military Science and Tactics,66.05737451628023,40.78313860469823,miscellaneous
2445,Institute of Cooperatives and Bio-Enterprise Development,64.3549136782318,51.911670769006214,miscellaneous
2446,Institute of Food Science and Technology,67.29056123972441,40.06910941480208,miscellaneous
2447,Kanjanabhisek Memorial Pavilion,60.94135970585447,45.05471238321995,miscellaneous
2448,Men's Residence Hall,61.80820948083937,41.3237373116936,residential
2449,Francisco M. Sacay Building,64.07898640704953,50.90040729661547,miscellaneous
2450,Petron,70.01702292304776,42.4535589935463,commercial
2451,Postharvest Horticulture Training and Research Center,67.47665823173841,41.51351765939675,miscellaneous
2452,UPLB Grandstand,65.32064050643133,40.482947409743915,miscellaneous
2453,Lower ACCI Dorm,61.27892147037453,44.15240325756833,residential
2454,Department of Agribusiness Management,62.98029148083043,51.46615630047009,miscellaneous
2455,Unnamed,61.440964597576354,43.19056401857282,residential
2456,Department of Economics,63.32690018834944,51.60698845789623,miscellaneous
2457,UPLB College of Economics and Management,63.24244314645184,51.122464534458764,miscellaneous
2458,Unnamed,82.27835985834282,59.059068621274115,residential
2459,Unnamed,64.74255523982077,54.371361839155185,miscellaneous
2460,Ken's,67.85049602145774,53.94460806794154,commercial
2461,Unnamed,65.85185603258167,54.916091224466754,miscellaneous
2462,Lakas Angkan National Training Center,68.90242841247826,56.94820744195647,miscellaneous
2463,Unnamed,64.62923086704981,55.06558107386322,miscellaneous
2464,JD Apartments,66.05137620809309,54.714410674757275,residential
2465,Unnamed,66.09035564632084,59.463968080818816,miscellaneous
2466,Unnamed,66.09085925899848,59.387075822776836,miscellaneous
2467,Unnamed,66.09136331858868,59.30558421861358,miscellaneous
2468,Unnamed,68.83097521539447,55.215612548551185,residential
2469,Unnamed,68.8350863522309,60.99887408450425,residential
2470,Unnamed,68.12004012082417,57.94580880594567,miscellaneous
2471,Unnamed,68.20127400782522,57.753193064526386,miscellaneous
2472,Unnamed,68.18096553601988,57.80134699987466,miscellaneous
2473,Unnamed,70.2726337640059,58.03187863114717,miscellaneous
2474,Unnamed,68.16065706434674,57.84950093523747,miscellaneous
2475,Unnamed,69.59909535490807,57.152550757326914,miscellaneous
2476,Unnamed,68.14034859256343,57.89765487059157,miscellaneous
2477,Unnamed,68.69328995621346,60.73053286124887,residential
2478,Unnamed,68.22206269498346,57.70585338697614,residential
2479,National Arts Center Clubhouse,25.520772776092116,46.05440739539707,school
2480,Makiling Heights Subdivision,14.666472567920872,52.26227248990877,residential
2481,Unnamed,15.318481144739266,66.74474030478892,miscellaneous
2482,Lakewood,10.361968823689043,67.87947502940527,residential
2483,Unnamed,3.613984769345095,65.44258918111984,miscellaneous
2484,Kenzo Hemmi Laboratory,91.03201231316896,55.954480810918064,miscellaneous
2485,Unnamed,61.66622695309568,56.69735217389861,residential
2486,Unnamed,56.09649469578157,36.105132816416834,miscellaneous
2487,Unnamed,56.144087831822574,36.15205833505577,miscellaneous
2488,Unnamed,56.191600155007556,36.19898794283415,miscellaneous
2489,Unnamed,56.23919989026801,36.245823388739524,miscellaneous
2490,UPLB Museum of Natural History,55.395800646454475,33.10498280625942,miscellaneous
2491,Ecosystems Research and Development Bureau,56.24080865797878,31.967619488400288,special
2492,Unnamed,55.98265299952862,31.919632901224247,miscellaneous
2493,Unnamed,55.81186603849103,32.132515044007675,miscellaneous
2494,Unnamed,53.88310679683571,30.1261576238186,commercial
2495,Unnamed,56.33367977286532,37.93249629337301,miscellaneous
2496,Unnamed,51.59715899180115,25.939272543125714,commercial
2497,Unnamed,61.30748735689239,56.65025696489005,residential
2498,Filipinas Apartments,64.42932419299751,55.030694039064265,residential
2499,Unnamed,60.749709426476294,57.045923177431156,miscellaneous
2500,Unnamed,62.76515947923805,54.83045184781352,miscellaneous
2501,Unnamed,63.89635133663951,56.443341699520865,miscellaneous
2502,Unnamed,60.994796265621254,57.2130694099904,miscellaneous
2503,Unnamed,64.59463410555767,55.28898911512283,miscellaneous
2504,Unnamed,79.39206310558646,66.72077331923037,residential
2505,Unnamed,79.15072142973537,67.04079218430643,miscellaneous
2506,Unnamed,79.23155261017962,66.85274651596325,miscellaneous
2507,Unnamed,79.18702723522657,66.95563718397118,miscellaneous
2508,Unnamed,79.56717496703338,66.98361741437799,residential
2509,Unnamed,79.50260821825626,66.92349904251905,residential
2510,Unnamed,79.37294368253825,66.9375170209072,miscellaneous
2511,Unnamed,78.0590707670358,67.47774167726558,commercial
2512,Unnamed,79.28466121278812,67.0435449158272,commercial
2513,Unnamed,41.512531567240906,74.23666185127314,miscellaneous
2514,Unnamed,41.69623797184959,74.23567911790161,miscellaneous
2515,Unnamed,39.842663603333996,74.82941386505712,miscellaneous
2516,Unnamed,37.44050004436978,71.51594634747472,miscellaneous
2517,Unnamed,93.07488500482735,64.93407895826192,residential
2518,Unnamed,37.43471015171946,71.09243604584785,miscellaneous
2519,Unnamed,92.86395724784774,64.25163094092565,residential
2520,Unnamed,37.114535662613626,71.06195670029437,miscellaneous
2521,Unnamed,93.5165591558018,64.10754706473864,residential
2522,Unnamed,36.525096465258464,71.24849723688385,miscellaneous
2523,Timugan Barangay Hall,36.96327381198607,71.35158016655726,special
2524,Unnamed,92.7282291609644,64.56848031413504,residential
2525,Unnamed,92.68723402201039,64.81997847099082,residential
2526,Unnamed,93.48420622189323,64.58212130246372,residential
2527,Unnamed,89.80184928090674,66.81811396606622,miscellaneous
2528,Unnamed,92.80374730056874,64.44380566775216,residential
2529,Unnamed,93.52289806320357,64.44842535522233,residential
2530,Unnamed,36.59676961177463,71.62823821034786,miscellaneous
2531,Unnamed,37.1808570563778,71.45754820941077,miscellaneous
2532,Unnamed,92.97793757183652,65.26525608242565,residential
2533,Unnamed,92.72046413617197,66.55259710843161,commercial
2534,Unnamed,92.91086780647669,66.60829308877997,commercial
2535,Unnamed,91.42209322086194,65.51390237883149,commercial
2536,Unnamed,64.19639883848934,69.28458267389199,miscellaneous
2537,San Antonio de Padua,65.29800112527161,68.36147283798103,special
2538,Unnamed,65.00836230247164,69.4861659081046,miscellaneous
2539,Unnamed,65.32888083791866,69.37185927528594,miscellaneous
2540,Unnamed,65.667497910484,68.49430255021637,miscellaneous
2541,Unnamed,65.31440438942685,68.3422749676467,miscellaneous
2542,Cherise Apartments,62.84582961119379,54.82207885853185,residential
2543,Unnamed,62.423315713288744,57.152506905486064,miscellaneous
2544,Unnamed,62.39475638362551,56.86947007740558,miscellaneous
2545,Unnamed,62.74810738796327,55.32427845673071,residential
2546,Unnamed,62.0623020505551,59.398206839167564,miscellaneous
2547,Unnamed,61.85138849486892,60.19340192812408,miscellaneous
2548,Unnamed,61.19244515070969,60.177162031495115,miscellaneous
2549,Unnamed,61.14136711670051,60.14762293176019,miscellaneous
2550,Unnamed,61.090265555452184,60.11806181014017,miscellaneous
2551,Unnamed,61.03915062828841,60.088599125267685,miscellaneous
2552,Wisma Gloria-Shalom,64.01930155167949,54.789202657658834,residential
2553,Unnamed,62.69294234806107,55.86359606087724,miscellaneous
2554,Unnamed,64.15647754982575,54.37676687271469,miscellaneous
2555,Unnamed,61.90929089328314,59.78523999986898,miscellaneous
2556,Unnamed,62.45296883502488,58.01836728677217,miscellaneous
2557,Unnamed,64.04259254797408,54.84557410606739,miscellaneous
2558,Unnamed,61.57241830490992,58.87211690596047,miscellaneous
2559,Unnamed,64.12446457719197,55.062223401504376,miscellaneous
2560,Unnamed,63.95649336254918,54.66511722371481,miscellaneous
2561,Unnamed,64.0337021963887,54.28566942994869,miscellaneous
2562,Unnamed,61.89771071522111,56.71375617260699,miscellaneous
2563,Unnamed,66.75559691439553,55.5023755862621,miscellaneous
2564,Unnamed,63.913192973159894,54.792392633752904,miscellaneous
2565,Unnamed,64.24287913438994,54.884894685844465,miscellaneous
2566,Unnamed,61.55486609721228,59.76703775870428,miscellaneous
2567,Unnamed,62.853192358497225,54.21373406071262,miscellaneous
2568,Unnamed,64.18825798272067,54.12051914528785,miscellaneous
2569,Unnamed,62.3824260996316,58.007019609865196,miscellaneous
2570,Unnamed,66.19134656864105,54.40168243168786,miscellaneous
2571,Unnamed,62.31192845125264,57.99570895699968,miscellaneous
2572,Unnamed,60.68907729779639,60.13754991466912,miscellaneous
2573,Unnamed,60.621279530369364,60.25064733881401,miscellaneous
2574,Unnamed,61.87143582065367,57.613099654754606,miscellaneous
2575,UPLB College of Human Ecology,65.19648407811613,47.08674603387236,school
2576,Nicdao Grill & Restobar,63.04009282424985,54.23085171706424,commercial
2577,Unnamed,63.855523999805875,54.967804471220674,miscellaneous
2578,Unnamed,63.36991751672172,54.7901416938805,miscellaneous
2579,Unnamed,63.38215861176284,54.74073540913701,miscellaneous
2580,Unnamed,63.39521991284251,54.68878471915346,miscellaneous
2581,Seoul Kitchen,63.46849139313924,54.50250462339453,commercial
2582,Unnamed,65.07512240998699,54.535174411219934,miscellaneous
2583,Unnamed,65.63209730703393,54.9359421628637,miscellaneous
2584,Unnamed,65.59744706921235,55.4645150526058,miscellaneous
2585,Unnamed,65.81681138388842,55.48848400273803,miscellaneous
2586,Unnamed,66.30829360349482,55.67108541906968,miscellaneous
2587,Unnamed,66.38382081417294,55.69625021702416,miscellaneous
2588,Residencia Teresita Dormitory,65.60147957292146,54.110609917091544,residential
2589,Unnamed,65.3074004882411,54.70029992395386,miscellaneous
2590,Unnamed,63.80673776186367,54.22485267189225,miscellaneous
2591,Unnamed,65.79267385579222,54.46765423526062,miscellaneous
2592,Unnamed,63.68274440003913,54.112235984137236,miscellaneous
2593,Unnamed,66.62755509807513,55.75905547713721,miscellaneous
2594,Unnamed,65.51717163335836,54.780377116155506,miscellaneous
2595,Unnamed,63.05042209449733,53.563914468847585,miscellaneous
2596,Unnamed,65.86556721868983,54.22919307762846,miscellaneous
2597,Unnamed,63.0892751115669,54.878943627133694,residential
2598,Unnamed,66.12210009376555,55.18770172433114,miscellaneous
2599,Unnamed,62.594821861910034,52.735244253217495,miscellaneous
2600,Unnamed,63.882235668154706,54.25318815085084,miscellaneous
2601,Unnamed,64.40048926361577,53.016254410018824,miscellaneous
2602,Unnamed,63.24321642783838,54.93209312381472,miscellaneous
2603,Unnamed,65.69596822576484,54.767976650260444,miscellaneous
2604,Unnamed,65.76035107195902,55.06851584137286,miscellaneous
2605,Unnamed,63.09575447506727,53.414336523080465,miscellaneous
2606,Unnamed,67.39506498982321,55.952570404635395,miscellaneous
2607,Unnamed,62.57461660899698,53.709001563110725,miscellaneous
2608,Unnamed,66.29787151731024,55.23472269515172,miscellaneous
2609,Unnamed,64.1616254351683,54.816204160322876,miscellaneous
2610,Unnamed,63.13767197555752,53.419581371927485,miscellaneous
2611,Unnamed,66.0141129714492,55.561688156651726,miscellaneous
2612,Unnamed,63.155993492746454,54.630170961967586,miscellaneous
2613,Unnamed,65.98302005313191,55.022568472361044,miscellaneous
2614,Mer-Nel's Place,92.38984041934775,65.68586199981762,commercial
2615,Our Lady of Fatima - Maahas Chapel,82.53680716718493,66.72399278019398,special
2616,Unnamed,79.84554709630743,69.18344683903945,miscellaneous
2617,Unnamed,93.832486711024,64.78894156318965,residential
2618,Unnamed,80.30301205365082,69.40984711377962,miscellaneous
2619,Unnamed,93.9752050612761,64.49089497528294,residential
2620,Beavill Subdivision,85.2611576697737,71.30977164811503,residential
2621,Unnamed,84.29475022611841,72.0468900256282,miscellaneous
2622,Jardin Leonila,78.32239384808531,72.52282676109114,residential
2623,6708 Country inn,66.60629442700792,67.89960908690418,miscellaneous
2624,Unnamed,77.01513162567912,66.89560153739956,miscellaneous
2625,Unnamed,65.46879172382413,69.2324923532508,miscellaneous
2626,Unnamed,76.7707055316306,66.87948026374548,miscellaneous
2627,Unnamed,33.41599124453252,74.71239622242403,miscellaneous
2628,Unnamed,32.212084313245576,71.19972511326314,miscellaneous
2629,Unnamed,36.53613019352467,76.65438238040717,miscellaneous
2630,Unnamed,35.855806805078565,74.54955792245602,miscellaneous
2631,Unnamed,35.734051294136535,70.16543820258964,commercial
2632,Unnamed,35.35704928756404,70.75459182169304,miscellaneous
2633,Unnamed,35.983666407813296,75.37098184891478,miscellaneous
2634,Unnamed,33.06599013100054,74.69608970390047,miscellaneous
2635,Unnamed,36.27193818785564,74.41060565858069,miscellaneous
2636,Unnamed,35.63105862947418,74.40577388615145,miscellaneous
2637,Immaculate Conception,32.79175849820274,70.25993593532391,special
2638,Unnamed,35.63912000757285,75.1125229713954,miscellaneous
2639,Unnamed,32.05157204812137,71.97657545877144,miscellaneous
2640,Boy Scouts of the Philippines - Laguna Chapter,31.545646047335925,68.17173523399272,commercial
2641,Unnamed,27.372564339899014,42.35032151760125,residential
2642,Unnamed,27.363238196898315,42.63902876779738,residential
2643,Unnamed,23.598986746789087,40.40147934130648,school
2644,Unnamed,23.51222316564462,39.87808694173067,commercial
2645,Unnamed,27.36489052805382,43.29087925154565,residential
2646,Unnamed,23.602007505104552,39.466518172372794,commercial
2647,Unnamed,35.38386887238806,56.582348143129344,miscellaneous
2648,Unnamed,23.39648502252328,38.80160687498811,commercial
2649,Unnamed,34.91056461264773,56.202723835011426,miscellaneous
2650,Unnamed,27.021781985900784,42.518604960820014,residential
2651,Unnamed,27.54285403844462,43.15906521826162,residential
2652,Unnamed,23.730604246807673,39.58278054581481,commercial
2653,Unnamed,23.472485121311937,39.013614133017754,commercial
2654,Unnamed,27.019258942321272,42.94978887611744,residential
2655,Unnamed,23.40024277154126,40.50376550671314,school
2656,Unnamed,27.58212676503873,42.950019158549495,residential
2657,Unnamed,23.646967449105595,39.99823107992657,commercial
2658,Unnamed,23.492253258793195,39.612234804492005,commercial
2659,Unnamed,35.359529711577444,56.85456528789108,miscellaneous
2660,Unnamed,34.844334381138395,56.84802597386859,miscellaneous
2661,Unnamed,27.53797761723804,43.3550844986951,residential
2662,Unnamed,23.369935090413954,39.7579527698317,commercial
2663,Unnamed,27.259128168994923,42.128542602674365,residential
2664,Unnamed,23.77424420704563,39.84738150692452,commercial
2665,Unnamed,23.508063703473255,40.203294777430024,school
2666,Unnamed,27.073180523832946,42.304401288087305,residential
2667,Unnamed,23.718969761995123,40.60985075093409,school
2668,Unnamed,23.63449005599491,39.72983523554734,commercial
2669,Unnamed,23.74137858863659,39.3302999629881,commercial
2670,Unnamed,35.33391367221219,57.08517070905381,miscellaneous
2671,Unnamed,23.375450508580233,39.225269786019844,commercial
2672,Unnamed,34.87166131051201,56.52305656285799,miscellaneous
2673,Unnamed,27.051105774315744,42.72887663740689,residential
2674,Unnamed,27.322945070435246,42.857938682802924,residential
2675,Unnamed,23.40804329025936,40.88446422861618,school
2676,PCAARRD-Innovation and Technology Center,35.71907256601613,58.65453689377753,special
2677,Unnamed,35.82750878578413,58.24187351100034,special
2678,Unnamed,23.582390708331914,40.89244008330674,school
2679,Unnamed,35.11809774282067,56.799951075529876,residential
2680,Los Baños Community National High School,34.13603221798617,59.70555732573243,school
2681,Unnamed,24.719678875990883,43.63407018483382,commercial
2682,Unnamed,67.29522776830915,68.95275446199418,miscellaneous
2683,Lalakay Barangay Hall,20.716697316159518,60.61584103964696,special
2684,San Isidro Labrador Chapel,49.71451869698926,74.1479701642199,special
2685,Soft Pillow Hotel,47.12376056479372,74.40250362365512,miscellaneous
2686,Anos Barangay Hall,48.860710238407975,74.4857847617381,special
2687,Unnamed,51.694827230720875,73.08465265288552,miscellaneous
2688,Los Baños Old Cemetery,48.423318466665386,72.76546994408139,miscellaneous
2689,Unnamed,62.79989483092587,71.52211009088343,miscellaneous
2690,Unnamed,69.9878769275601,40.25218576281495,miscellaneous
2691,ICropS Root Crops Division,66.68940272951534,44.82547440647909,miscellaneous
2692,Laguna Water District Santa Rita Extension Office,74.60913943242001,67.1167585522357,special
2693,Maahas Elementary School,78.04047703063442,68.1272036619778,school
2694,Unnamed,76.48154952086318,63.03382895853529,miscellaneous
2695,Unnamed,69.2801892343802,63.81220547112005,miscellaneous
2696,Unnamed,70.66247475005977,63.704298803358725,miscellaneous
2697,Unnamed,76.28700955538201,62.95550885292997,miscellaneous
2698,Unnamed,74.6498266030776,68.32301501459776,miscellaneous
2699,Unnamed,70.98224258283228,64.49706069327685,miscellaneous
2700,Unnamed,68.78417365448009,64.37321265367166,miscellaneous
2701,Unnamed,74.00733727851492,68.4621690037509,miscellaneous
2702,Unnamed,77.33853264677282,61.307522624194924,miscellaneous
2703,Unnamed,75.66134875448967,64.04153587081912,miscellaneous
2704,Unnamed,71.17693019623239,64.05202262907615,miscellaneous
2705,Unnamed,68.40529111507891,64.24116977840767,miscellaneous
2706,CEM Library,64.01828491842473,52.18200204704115,school
2707,Unnamed,66.60922934773018,44.97462910004057,miscellaneous
2708,Unnamed,68.57331909394058,43.60646336453429,miscellaneous
2709,Unnamed,68.12275308464255,52.50957346095431,miscellaneous
2710,Unnamed,68.89121945392716,52.026314323999365,miscellaneous
2711,Unnamed,68.68239875608904,51.95555752101827,miscellaneous
2712,Unnamed,68.1183348293177,52.253243839081534,miscellaneous
2713,Unnamed,69.32336984102321,53.06646369335082,miscellaneous
2714,Unnamed,68.88829706127495,52.98354359730348,miscellaneous
2715,Unnamed,68.77607344667179,52.173990620885036,miscellaneous
2716,Unnamed,67.88229963229676,52.723268021796,miscellaneous
2717,Unnamed,68.98849858381317,52.23547274389251,miscellaneous
2718,Unnamed,69.21243436569094,52.333090925770506,miscellaneous
2719,Unnamed,68.46629181254906,52.436851191233025,miscellaneous
2720,Unnamed,74.32337711749057,65.95517261703586,miscellaneous
2721,Unnamed,77.80272454054604,68.34806513890199,school
2722,Unnamed,77.83098426137653,67.94942900442403,school
2723,Unnamed,75.2880779969101,66.79147380523888,miscellaneous
2724,Unnamed,78.47945356258175,68.0337306851961,school
2725,Unnamed,78.63133684149976,67.46064983605069,miscellaneous
2726,Unnamed,73.96810484754597,65.71161361544519,miscellaneous
2727,Unnamed,71.61750506790855,63.75461185958753,miscellaneous
2728,Unnamed,75.03868771539372,66.38060256563374,miscellaneous
2729,Unnamed,78.17244862274538,66.9010765431726,miscellaneous
2730,Unnamed,71.22560851778752,63.254452601132336,miscellaneous
2731,Unnamed,70.22015954420405,62.96302666280713,miscellaneous
2732,Unnamed,77.95104573126208,66.86272197490429,miscellaneous
2733,Unnamed,71.19131172660607,63.54790359527384,miscellaneous
2734,Unnamed,75.23397374778432,66.92356954968037,miscellaneous
2735,Unnamed,78.1088356374682,67.77332894426864,school
2736,Unnamed,74.29271859847556,65.15797336589148,miscellaneous
2737,Unnamed,78.01003331519043,68.0818846205531,miscellaneous
2738,Unnamed,70.8838525945897,63.343881338216434,miscellaneous
2739,Unnamed,75.33982827074091,66.59827954733622,miscellaneous
2740,Unnamed,78.98196403726246,67.52217581882732,miscellaneous
2741,Unnamed,78.24189154926903,68.13160329845334,school
2742,Unnamed,77.51889814709611,67.43373183980697,miscellaneous
2743,Unnamed,74.83316860329458,66.54578768708272,miscellaneous
2744,Unnamed,77.73896947683751,68.11243124961294,school
2745,Unnamed,77.87329994065244,67.77993979119957,school
2746,Unnamed,70.03248444903505,63.33342366632392,miscellaneous
2747,Unnamed,78.37454877035935,68.30110362756075,school
2748,Unnamed,70.9743610595039,63.41888291954639,miscellaneous
2749,Unnamed,77.53800323118169,68.16593332234724,school
2750,Unnamed,71.44118208816347,63.680028212501064,miscellaneous
2751,Unnamed,75.4828452031782,66.66768951401995,miscellaneous
2752,Unnamed,71.3999358190225,63.34633817165839,miscellaneous
2753,Unnamed,78.30194821805068,68.4413193523122,school
2754,Unnamed,74.61115477691163,67.33558051698152,miscellaneous
2755,Unnamed,78.33318605815546,67.8669935893022,school
2756,Unnamed,74.02251914961283,65.2711033802761,miscellaneous
2757,Unnamed,74.16436839878038,65.75206947269841,miscellaneous
2758,Unnamed,69.8635183431938,63.22896532743538,miscellaneous
2759,Unnamed,78.08322930566253,67.60082880871228,miscellaneous
2760,Unnamed,78.00410790563389,67.48386349814139,miscellaneous
2761,Unnamed,77.62044821641105,66.86379166037317,miscellaneous
2762,Unnamed,69.93618950370065,62.82142163881949,residential
2763,Unnamed,71.0826001165644,63.18727705469585,miscellaneous
2764,Unnamed,67.41408341746057,57.06743103592111,miscellaneous
2765,Unnamed,68.51466133844892,63.31089264808353,miscellaneous
2766,Unnamed,66.56777139809681,58.72439837381695,miscellaneous
2767,Unnamed,69.87129699822471,58.89807744594049,miscellaneous
2768,Unnamed,67.24214565532726,57.444867256521825,miscellaneous
2769,Unnamed,70.15327114394371,60.03638139608959,miscellaneous
2770,Unnamed,70.47579439603889,60.72372346622491,school
2771,Unnamed,67.20956947587943,62.362867747018804,miscellaneous
2772,Unnamed,68.11947871276381,61.14128943137593,miscellaneous
2773,Unnamed,69.83704706124144,60.01671140206677,miscellaneous
2774,Unnamed,67.59505586384677,56.67917235082554,miscellaneous
2775,Unnamed,68.06379035406273,61.514320325996074,miscellaneous
2776,Unnamed,70.84003289385413,60.90776044123017,school
2777,Unnamed,69.90524780212584,59.876060942571726,miscellaneous
2778,Unnamed,70.86081865638533,59.929098482002054,residential
2779,Unnamed,67.52407307173952,60.72770177245924,miscellaneous
2780,Unnamed,53.50896280917621,48.0443972519454,miscellaneous
2781,Unnamed,53.12735752080534,48.00204049139285,miscellaneous
2782,Unnamed,52.65460337551745,47.641737841545705,miscellaneous
2783,Unnamed,52.30028126887768,46.84340633538117,miscellaneous
2784,Unnamed,52.38322241187502,46.90389850329801,miscellaneous
2785,Unnamed,52.756068014144205,45.66757814471008,miscellaneous
2786,Unnamed,54.32531691293933,48.438190984406646,miscellaneous
2787,Unnamed,52.6313423279827,46.09699250829979,miscellaneous
2788,Unnamed,46.89605938132988,43.07664337588547,miscellaneous
2789,Unnamed,46.93775031591832,42.73117780948009,miscellaneous
2790,Unnamed,54.89054353842702,48.69337408401019,residential
2791,Unnamed,53.51049610856421,31.36558733152684,commercial
2792,Unnamed,51.23230566262373,45.60570771543699,miscellaneous
2793,Unnamed,38.05079802923216,41.34975706433055,miscellaneous
2794,Unnamed,32.54672886331569,65.57100084842315,miscellaneous
2795,Unnamed,51.51608167416105,46.498684775166275,miscellaneous
2796,BP International - Makiling,39.12680763222594,40.960275111799305,miscellaneous
2797,Unnamed,65.78222312162202,48.26403224744424,school
2798,Los Baños Presbyterian Church,70.92759856087609,60.50690208275466,special
2799,Unnamed,70.96041527877553,63.97801973903087,miscellaneous
2800,Maikan Paint Depot,67.18938283767014,69.40489488422484,commercial
2801,Unnamed,67.44644997059235,69.36558009113219,miscellaneous
2802,Unnamed,70.19490705307767,68.31379705023265,miscellaneous
2803,Unnamed,69.77731720092105,68.89658909125511,miscellaneous
2804,Unnamed,75.75130788573759,64.57163859012299,miscellaneous
2805,Unnamed,67.6669765861123,69.34198945570277,residential
2806,Unnamed,78.12454763356186,68.42610610311478,school
2807,Unnamed,69.98097824824387,68.83244723540332,miscellaneous
2808,Unnamed,69.34995617493885,69.03181686582617,miscellaneous
2809,Unnamed,71.0388591732968,63.815949978766206,miscellaneous
2810,Unnamed,69.35795529991894,69.48951649455284,miscellaneous
2811,Unnamed,66.0073133268212,70.93662524643126,residential
2812,Unnamed,78.70433911526735,66.52008186991826,residential
2813,Unnamed,75.85301104338184,64.27333172974835,residential
2814,Unnamed,73.55731645582267,62.69768659533385,residential
2815,Unnamed,69.2201954077711,69.53122932131124,residential
2816,Unnamed,70.78215567812374,63.15735274894193,miscellaneous
2817,Unnamed,75.3536835050796,68.19883706570664,residential
2818,Unnamed,71.44660298079677,64.62788036744995,residential
2819,Unnamed,76.61640912096297,67.559909710061,residential
2820,Ranit Apartments,60.94999778672923,59.536638846564024,residential
2821,Vista del Rey Apartments,65.29850209145842,56.70607256310253,residential
2822,Unnamed,60.07907512864976,59.89728396441208,miscellaneous
2823,Unnamed,60.031842443456696,58.56796092652314,miscellaneous
2824,Unnamed,59.774575963758245,58.734370444621696,miscellaneous
2825,Unnamed,60.58558777988231,59.27278036325963,miscellaneous
2826,Unnamed,60.342919966529266,58.91368439860526,miscellaneous
2827,Unnamed,60.27657144400901,60.04275131103911,miscellaneous
2828,Unnamed,65.33643713090311,57.93347466630178,miscellaneous
2829,Unnamed,65.17066092445091,56.63705363430927,residential
2830,Unnamed,64.66868511172383,59.30828673539333,miscellaneous
2831,Unnamed,64.72095640709162,53.20905717392422,miscellaneous
2832,Liceo de Los Baños,32.089790777203966,71.08898732071907,school
2833,Unnamed,32.20152617503173,70.66675964126613,miscellaneous
2834,Unnamed,36.05710965688237,74.19799809499004,miscellaneous
2835,F & M Restobar,33.37152194891132,70.40739442100171,commercial
2836,Gotoyan ni Mayeth,32.553676387073665,71.71152156861939,commercial
2837,Unnamed,32.91375872074107,72.47922874654653,miscellaneous
2838,Unnamed,32.974602008184945,72.50737868976086,miscellaneous
2839,Unnamed,33.04482901350806,72.53980889111494,miscellaneous
2840,Unnamed,33.124462796041826,72.57665411661219,miscellaneous
2841,Laguna Water District,39.12509105958086,74.72858187080462,special
2842,Miracle Life Fellowship,32.97413692866316,72.17824490370924,special
2843,Ronie's Tire Supply,38.89424270942113,74.54803779728894,miscellaneous
2844,Unnamed,42.00664400907549,74.21928614073936,commercial
2845,Unnamed,43.840309620566245,74.89544487754813,commercial
2846,Unnamed,34.18208035060134,73.1053997371401,miscellaneous
2847,Unnamed,35.48347339977287,72.14475007452603,miscellaneous
2848,Unnamed,33.76325678092403,73.36008862814792,miscellaneous
2849,Baybayin Barangay Hall,32.32845154881353,71.7555057637321,special
2850,Unnamed,34.15732227028319,73.1631616394683,miscellaneous
2851,Unnamed,34.12540593399939,73.3101648776215,miscellaneous
2852,Unnamed,36.307439256748644,76.09591150158323,miscellaneous
2853,Unnamed,35.85197139448233,73.02904632277128,miscellaneous
2854,Unnamed,36.98955586455687,69.18148137229055,miscellaneous
2855,Unnamed,33.83065835104078,73.22411889763251,miscellaneous
2856,Unnamed,36.40805145637926,75.76186404866517,miscellaneous
2857,Unnamed,35.30757389165024,72.0446328722659,miscellaneous
2858,Unnamed,32.81112656206922,72.87090814390675,miscellaneous
2859,Unnamed,31.34369552473221,68.12250246678914,miscellaneous
2860,Unnamed,35.61690201548383,75.73583625437246,miscellaneous
2861,Unnamed,36.13582491926593,69.26321203127377,miscellaneous
2862,Unnamed,35.17318785648481,71.97547425075297,miscellaneous
2863,Unnamed,34.20685327350141,73.04769046667226,miscellaneous
2864,Unnamed,31.798749434199586,68.09517931165938,miscellaneous
2865,Unnamed,34.79355340589903,73.50782484479775,miscellaneous
2866,Unnamed,35.89638648727129,73.6903439894409,miscellaneous
2867,Unnamed,41.47292229609635,74.75742864536667,miscellaneous
2868,Unnamed,35.14590319216102,73.05828264067584,miscellaneous
2869,Unnamed,31.683883752709143,68.43028493734586,miscellaneous
2870,Unnamed,35.413895165281126,71.87131089554173,miscellaneous
2871,Unnamed,35.724074530549956,73.56013181730529,miscellaneous
2872,Unnamed,32.91282394723601,73.05345086824369,miscellaneous
2873,Unnamed,32.27014382299531,72.62543406622962,miscellaneous
2874,Unnamed,36.53605199263754,69.36398283957304,miscellaneous
2875,Economic Garden,34.94375778305046,67.3198754063115,miscellaneous
2876,Bambang Elementary School,27.839847309492228,68.34968209879551,school
2877,Elvie's Buko Pie,44.60438776411611,74.8753992139399,commercial
2878,Rusi,44.38106444299878,74.930225930405,commercial
2879,Unnamed,44.135803424053606,75.045163056918,miscellaneous
2880,Unnamed,44.191816075102146,74.82882944571686,miscellaneous
2881,Unnamed,44.81513864796764,74.8226985203307,miscellaneous
2882,Carbern Village,45.301344733063004,72.27561192412651,residential
2883,Unnamed,48.93009306995175,71.52200925769712,miscellaneous
2884,Bernaldo N. Calara Elementary School,44.373703839293874,71.74462487690433,school
2885,Unnamed,61.68532302136022,47.45685280158558,commercial
2886,Unnamed,62.38141395638751,52.2896349631052,miscellaneous
2887,Unnamed,62.53319504973606,52.46223847007989,miscellaneous
2888,Unnamed,62.69325991281681,52.53643483986866,miscellaneous
2889,Unnamed,64.02201324814406,47.423657563556695,miscellaneous
2890,Unnamed,63.55221243597528,47.115098671472886,miscellaneous
2891,Unnamed,61.1898128985388,47.71653710964818,commercial
2892,Velasco Compound,62.59340256911177,52.31072094186173,residential
2893,Unnamed,63.68542952417424,52.89423168267133,miscellaneous
2894,Unnamed,68.71410167569361,54.99900088773519,miscellaneous
2895,Unnamed,64.28902454567901,55.96748633071049,miscellaneous
2896,Unnamed,63.3661524437219,52.46666077027076,commercial
2897,Casa de Felicidad,62.63592499266184,52.21558310931469,miscellaneous
2898,Unnamed,62.77779143758683,52.46583218712726,residential
2899,7-Eleven,67.81461661137888,54.80887789307223,commercial
2900,Unnamed,62.13958276166498,52.08052844849496,miscellaneous
2901,Unnamed,62.002849387082925,52.29157044069107,miscellaneous
2902,Unnamed,64.60161025496227,53.42474387058837,residential
2903,Unnamed,62.136280831962374,52.39499210711468,miscellaneous
2904,Unnamed,64.31530220087777,53.356935313211565,miscellaneous
2905,Unnamed,65.49862872653121,56.46623895149363,residential
2906,Unnamed,65.70635500136231,56.06665880479705,miscellaneous
2907,Unnamed,65.66217158290655,56.049270930867365,miscellaneous
2908,Unnamed,65.61799076082201,56.03179802098295,miscellaneous
2909,Unnamed,65.57375467594743,56.01444260218571,miscellaneous
2910,Unnamed,65.52954727609188,55.99696662965089,miscellaneous
2911,Unnamed,65.2560030136815,55.68224626642654,residential
2912,Tresto,65.4243589992703,55.882728521634206,commercial
2913,Unnamed,65.47083549456349,55.770288164250324,miscellaneous
2914,Unnamed,65.46017291656607,55.975837862091396,miscellaneous
2915,Ocampo's Auto Repair Shop,64.47599254757405,60.815439778906835,commercial
2916,Unnamed,64.34592153850882,60.29959166800787,miscellaneous
2917,Unnamed,63.02993335293146,52.34876827919125,miscellaneous
2918,Instrumentation Section,75.46927729753446,43.373028629600405,miscellaneous
2919,Unnamed,72.62619544807225,42.32067572746702,commercial
2920,Unnamed,73.15652692868667,42.5930676915552,commercial
2921,Unnamed,77.58962029208752,44.94057670909265,miscellaneous
2922,Sitio Riverside,73.4290705048618,48.564991994187885,residential
2923,Unnamed,66.3084004210621,53.413933848938655,miscellaneous
2924,Unnamed,66.54448196879409,54.51699692115323,miscellaneous
2925,Bahay Kubo,64.63485251738652,60.322113689862746,commercial
2926,Unnamed,65.13390303431419,59.94161742432755,residential
2927,Unnamed,63.51262220274212,61.793609282134355,miscellaneous
2928,Unnamed,63.70525938650255,62.47828816629427,miscellaneous
2929,Unnamed,63.019797282418644,61.76364351140327,residential
2930,Unnamed,69.38993971019998,48.11184160958653,miscellaneous
2931,Unnamed,69.34116868554845,48.29212099132755,miscellaneous
2932,Unnamed,63.822317925248875,55.28980807216855,residential
2933,Unnamed,63.03918542260843,53.80592032595077,miscellaneous
2934,Unnamed,60.91105846041355,50.91030469545564,miscellaneous
2935,Andres Galvez Apartments,63.851867897621275,53.247508338560245,residential
2936,Unnamed,63.85685735931006,53.50808738234222,residential
2937,Unnamed,63.87739852365845,53.43923123227391,residential
2938,Unnamed,63.897924667858355,53.37045589817598,residential
2939,Unnamed,63.918419639190674,53.30160775871643,residential
2940,Unnamed,63.96359300310943,53.15360281200723,residential
2941,Unnamed,63.88035633513404,53.09556035492163,residential
2942,Unnamed,63.78301870706743,53.245313180753406,residential
2943,Unnamed,63.7610514594097,53.316062512228235,residential
2944,Unnamed,63.7390996914145,53.38683425818112,residential
2945,Unnamed,63.7171324437788,53.45758358965595,residential
2946,Unnamed,63.24290637485323,53.47830288497124,miscellaneous
2947,Unnamed,63.4055547162932,53.55312544823248,miscellaneous
2948,Unnamed,63.53400810339894,53.240661922413054,miscellaneous
2949,Unnamed,63.49846756306723,53.62866109129188,miscellaneous
2950,Unnamed,66.04775375538902,38.18121073852242,miscellaneous
2951,Unnamed,65.13844303387899,37.7445043389211,miscellaneous
2952,Unnamed,65.47439579971956,37.50404480537526,miscellaneous
2953,Agricultural Education Portal,64.9248664058861,50.34919792577619,miscellaneous
2954,ICropS Plantation Crops Shedhouse,69.90121923537147,38.68416614914628,miscellaneous
2955,Unnamed,71.26901051094038,41.19133657990569,miscellaneous
2956,Unnamed,73.48828995875498,42.74290557502021,transport
2957,Unnamed,65.68944633906017,53.93736745952936,miscellaneous
2958,Unnamed,63.75511393675131,53.917994175663544,miscellaneous
2959,Unnamed,66.9227138465003,54.0812448766263,miscellaneous
2960,Unnamed,63.935332245056706,53.9320800207071,miscellaneous
2961,Unnamed,66.31343878233521,53.80457036534834,miscellaneous
2962,Unnamed,60.00176730213435,52.05424033072248,miscellaneous
2963,Unnamed,60.310746664507484,49.48448134642906,miscellaneous
2964,Unnamed,57.91196436033202,44.62544794318502,miscellaneous
2965,Unnamed,60.08970428057886,46.133388859489614,miscellaneous
2966,Unnamed,60.331028153685665,45.45667818444299,miscellaneous
2967,Unnamed,60.68462987077471,45.665280404680075,miscellaneous
2968,Unnamed,60.49902071819615,45.561967022303385,miscellaneous
2969,Unnamed,60.606331139121714,45.61520619812707,commercial
2970,Unnamed,61.7419863471238,69.9278701584291,miscellaneous
2971,Unnamed,66.02675713397429,57.873314795439356,miscellaneous
2972,Unnamed,67.29994992640516,54.98082032030197,miscellaneous
2973,Unnamed,67.36322877340116,54.83259335586849,miscellaneous
2974,Unnamed,67.39837700391865,54.70988627443748,miscellaneous
2975,Unnamed,66.35397821256743,56.49783307291172,miscellaneous
2976,Unnamed,90.95697926433137,66.713711341275,commercial
2977,Unnamed,65.43196335692373,69.81429316674111,miscellaneous
2978,Unnamed,65.37838716771219,69.83550547591685,miscellaneous
2979,Unnamed,66.10516067724315,61.86650549838896,miscellaneous
2980,Unnamed,65.07390304812809,65.79001807868437,miscellaneous
2981,Unnamed,66.12177524959587,61.24121511854194,miscellaneous
2982,Unnamed,65.09981897551978,61.05256771851481,miscellaneous
2983,Unnamed,65.23178399154341,60.95384247366017,miscellaneous
2984,Unnamed,66.94507100951138,45.04632225927041,miscellaneous
2985,Unnamed,63.641530617031314,53.05965804790146,miscellaneous
2986,Unnamed,66.46366749062203,53.750546003319734,miscellaneous
2987,Unnamed,62.544414939007176,49.37836924588073,miscellaneous
2988,Baan Thai,68.07503356403618,54.27989638628252,commercial
2989,Unnamed,67.7652075901107,53.65186666164311,miscellaneous
2990,Andrew's Inn,74.71991815148378,66.95801945000927,commercial
2991,San Antonio Elementary School,68.95231249416138,66.85255742511372,school
2992,Touch of Class Carwash,90.76994483956575,66.67648015414768,commercial
2993,Unnamed,76.09244288761295,63.18965714701553,miscellaneous
2994,Unnamed,73.6463874270795,71.81133500013893,miscellaneous
2995,Unnamed,77.89929311980933,57.14119656383547,miscellaneous
2996,Unnamed,74.43884282021232,72.47969836636972,miscellaneous
2997,Unnamed,72.48374454395086,63.75846599509739,miscellaneous
2998,Holy Trinity Orthodox Church,74.41818251740227,74.72814967186073,special
2999,Unnamed,78.62571424889265,64.09521348965806,miscellaneous
3000,Unnamed,69.34291846076151,65.8229143395135,miscellaneous
3001,Unnamed,70.54378639330695,54.20031561091303,miscellaneous
3002,Unnamed,77.97631505107222,64.70087233965577,miscellaneous
3003,Unnamed,72.3292168581884,69.48293663952396,miscellaneous
3004,Unnamed,74.57422772571954,68.65464126272516,miscellaneous
3005,Unnamed,73.95988844293268,72.24171310081913,miscellaneous
3006,Unnamed,76.50300344134405,64.62711541172837,miscellaneous
3007,Unnamed,77.3795405324505,64.76065528661145,miscellaneous
3008,Unnamed,74.57898677778527,56.44648525408773,miscellaneous
3009,Unnamed,71.10895107513976,56.44148969276371,miscellaneous
3010,Unnamed,77.89621463528721,63.79698654035752,miscellaneous
3011,Unnamed,69.66013953792279,66.2197257635907,miscellaneous
3012,Unnamed,75.85795541750556,71.51563692588144,miscellaneous
3013,Unnamed,77.44009102087149,57.34743670572525,miscellaneous
3014,Unnamed,74.81571224602763,66.94486210612881,miscellaneous
3015,Unnamed,69.5594611898787,66.4504653242566,miscellaneous
3016,Unnamed,77.927313509046,64.98245709355147,miscellaneous
3017,Unnamed,74.91190619037748,72.75953169478929,miscellaneous
3018,Unnamed,78.37148019614433,64.02136355636536,miscellaneous
3019,Unnamed,73.20870752856177,70.43160011924049,miscellaneous
3020,Unnamed,66.50397161506454,71.56064841401493,miscellaneous
3021,Unnamed,74.54643121240545,66.90244078212669,miscellaneous
3022,Unnamed,74.53809130359438,68.90616573663706,miscellaneous
3023,Unnamed,73.24279028021512,69.95451914591773,miscellaneous
3024,Unnamed,74.37736855192566,72.62509204474003,miscellaneous
3025,Unnamed,71.97175107084128,55.96338990600721,miscellaneous
3026,Unnamed,75.10276583637071,58.93252863528042,miscellaneous
3027,Unnamed,78.26009106260953,64.58695716265333,miscellaneous
3028,Unnamed,78.21164528077124,63.98757169858599,miscellaneous
3029,Unnamed,70.89396949119629,55.20203179334878,miscellaneous
3030,Unnamed,73.31878755869158,61.247024964061644,miscellaneous
3031,Unnamed,74.14116366020235,71.94467831433914,miscellaneous
3032,Unnamed,74.23595920646962,69.3315806086775,miscellaneous
3033,Unnamed,77.17847115965981,64.58187970688337,miscellaneous
3034,Unnamed,73.99100406249616,56.428107840720884,miscellaneous
3035,Unnamed,68.93226902436892,70.10368629976668,miscellaneous
3036,Unnamed,72.96058761247612,60.951908304424585,miscellaneous
3037,Unnamed,71.79967165388084,63.92271129586325,miscellaneous
3038,Unnamed,73.77502911028489,69.20134980515851,miscellaneous
3039,Unnamed,78.08622310534213,63.8560809592296,miscellaneous
3040,Unnamed,69.5946814472763,65.93373598031216,miscellaneous
3041,Unnamed,73.8499009657608,68.98973513275834,miscellaneous
3042,Unnamed,72.482563394196,71.35962800265769,miscellaneous
3043,Unnamed,77.67654203544872,64.85276702088146,miscellaneous
3044,Unnamed,77.64509301483578,63.873196926988705,miscellaneous
3045,Unnamed,74.49292123153059,56.318680711049815,miscellaneous
3046,Unnamed,75.08449731048572,70.40119962838303,miscellaneous
3047,Unnamed,74.48773760239139,71.071910956612,miscellaneous
3048,Unnamed,76.29549314107595,63.295228418296055,miscellaneous
3049,Unnamed,77.09570244666098,60.29316273953754,residential
3050,Unnamed,67.80481449003666,74.38470747310973,residential
3051,Unnamed,71.72059482065816,69.10715619008776,residential
3052,Unnamed,74.52858631896622,68.86796165646646,commercial
3053,Local Government Academy Training Center,54.69381749040512,45.02539007292592,school
3054,Unnamed,53.0277534306837,41.63861774922166,residential
3055,Unnamed,53.81502662146651,41.416247427916616,residential
3056,Unnamed,54.24173439240069,42.27957532469666,residential
3057,Unnamed,52.86856144010436,40.981374590660664,residential
3058,Unnamed,53.76736562569777,41.88094145576891,residential
3059,Unnamed,53.63366557682585,40.75722283516477,residential
3060,Unnamed,66.37038715019466,71.86249430697966,miscellaneous
3061,Unnamed,68.27196609260405,67.88091564544223,miscellaneous
3062,Boklek Car Wash,79.65869926121796,66.93563958596769,commercial
3063,Stable,68.02750642345026,55.57334187956423,commercial
3064,Unnamed,79.97049886742089,66.39597089248065,residential
3065,Unnamed,76.45341221083022,67.12388336920341,miscellaneous
3066,Unnamed,80.27333472822626,66.3147158537409,residential
3067,Unnamed,68.57504334832227,56.03576092646574,residential
3068,Unnamed,67.14337315964973,68.62418965443578,miscellaneous
3069,Unnamed,66.64605357492833,68.79302099277503,miscellaneous
3070,Unnamed,68.29369360630125,55.48395217662857,miscellaneous
3071,Unnamed,67.95788270316847,55.298543129326106,miscellaneous
3072,Unnamed,68.0775628593246,55.37571534800484,miscellaneous
3073,Unnamed,68.58031380464676,54.99547942647577,miscellaneous
3074,Unnamed,68.94396271560151,55.33249196841295,miscellaneous
3075,Unnamed,67.73196384786961,56.51603205489969,residential
3076,Unnamed,67.78295087013694,56.48307224883548,residential
3077,Unnamed,68.72742431426173,54.48940308864648,miscellaneous
3078,Unnamed,68.85500505758765,66.63402083608506,school
3079,Unnamed,69.15964784179613,66.73979840862245,school
3080,Unnamed,69.13383624852929,67.02309829834223,school
3081,Unnamed,68.93957401742074,66.9485899526271,school
3082,Unnamed,66.87215773217125,52.78983976320119,miscellaneous
3083,Unnamed,63.389324248989844,57.87828116134301,school
3084,Unnamed,63.11291665309482,58.2536500355401,school
3085,Unnamed,52.345768719847165,27.334167657936064,commercial
3086,Unnamed,68.84264060269318,37.942166181655665,miscellaneous
3087,Unnamed,66.72797964809382,56.27311470791043,miscellaneous
3088,Unnamed,66.3606935027897,56.71389854657103,miscellaneous
3089,Gastronomeats,66.52315335653,56.77965414961269,commercial
3090,Unnamed,66.25399965562573,57.284890280330934,miscellaneous
3091,Unnamed,63.681565172210995,59.72297611606036,miscellaneous
3092,Unnamed,62.71090434266103,58.29382450903331,residential
3093,Unnamed,62.85773596711343,57.41435363595042,residential
3094,Unnamed,62.631740829946125,58.519319624573875,residential
3095,Unnamed,62.77641270268789,57.852731569551985,miscellaneous
3096,Unnamed,63.657262904554976,55.14386883359273,miscellaneous
3097,Unnamed,63.78735944910192,59.909473877309004,miscellaneous
3098,Unnamed,63.16020616970008,57.934880117897144,school
3099,Transport Services,88.3367427086458,58.25937424374563,miscellaneous
3100,KJ Lampe Laboratory,90.27811171657471,55.03791494217081,miscellaneous
3101,Unnamed,90.036540561144,60.856358100091036,miscellaneous
3102,Unnamed,90.10821685281341,62.14148224097487,miscellaneous
3103,Unnamed,89.52087616637799,61.97236355070393,miscellaneous
3104,Unnamed,90.4039474749532,59.89967073368943,miscellaneous
3105,Unnamed,91.19790528190734,61.934559784584486,miscellaneous
3106,Unnamed,91.50098209289403,61.04477660832508,miscellaneous
3107,Unnamed,92.24392810133938,56.353351995032355,miscellaneous
3108,Unnamed,90.93280996387114,61.64629132803612,miscellaneous
3109,Unnamed,98.7029313174366,59.11793938942945,residential
3110,Unnamed,89.87570980765356,61.59174723137505,miscellaneous
3111,Unnamed,89.18232976166966,61.339518709258044,miscellaneous
3112,Unnamed,85.01529432724624,55.73372239436895,commercial
3113,New Greenhouse,90.80453914581463,60.94749506774083,miscellaneous
3114,Unnamed,90.94064936658224,60.47964690635618,miscellaneous
3115,Unnamed,92.02168842139176,62.07135039419151,miscellaneous
3116,Unnamed,90.32789655388243,61.13052009525788,miscellaneous
3117,Unnamed,91.76584487119138,61.313636080727974,miscellaneous
3118,Unnamed,90.95167099765268,62.65842131690138,miscellaneous
3119,Unnamed,99.99648720608243,59.5849710797579,residential
3120,Unnamed,91.2090554145067,60.75869636355472,miscellaneous
3121,Unnamed,90.65492495942625,60.188979627933215,miscellaneous
3122,Unnamed,89.74446942806172,60.5748054758302,miscellaneous
3123,Unnamed,88.98296413773737,61.66430810656585,miscellaneous
3124,Unnamed,89.11674200660954,59.70962710522569,miscellaneous
3125,Unnamed,91.46307811318984,62.2052209348386,miscellaneous
3126,NC Brady Laboratory,89.393714893765,54.681324924343755,miscellaneous
3127,Unnamed,90.62168155945244,61.41372853633289,miscellaneous
3128,Unnamed,90.50274130221307,62.40854600261297,miscellaneous
3129,Unnamed,92.05916459517502,61.59930772655932,miscellaneous
3130,Unnamed,89.03781218647228,56.75435506896521,miscellaneous
3131,Headhouse/Screenhouse Area,89.65853239459356,59.79733705541722,miscellaneous
3132,Unnamed,98.86360002114816,60.6754002301934,miscellaneous
3133,Unnamed,83.6157916195846,51.63633296317168,commercial
3134,Unnamed,89.9091358195702,54.625069248310965,commercial
3135,Unnamed,88.17171045392396,57.948101850484115,commercial
3136,Unnamed,90.72418765985401,56.620724087274525,commercial
3137,UPLB College of Veterinary Medicine,65.49069973772184,36.12449110095142,school
3138,Unnamed,69.26411034252142,43.07971648221663,commercial
3139,TREES Guesthouse 1,57.50067131187936,30.205373360022243,miscellaneous
3140,UPLB College of Forestry and Natural Resources,52.90812445225123,30.397586025707746,school
3141,Makiling Heights Housing,54.68760303044089,25.285599096279515,residential
3142,UPLB College of Agriculture and Food Science,66.04878096090408,50.42280882584305,school
3143,UPLB College of Arts and Sciences,62.38631819399101,48.518887710315184,school
3144,UPLB College of Development Communication,64.86542218718007,51.18095452562529,school
3145,Unnamed,57.398107171533475,36.84441711056207,miscellaneous
3146,Unnamed,65.43888641588671,69.36911349571479,miscellaneous
3147,Unnamed,66.71984716716615,55.023319318445616,miscellaneous
3148,Unnamed,60.85671271320564,55.925636688819836,miscellaneous
3149,Unnamed,61.64481431829471,54.785148646331464,residential
3150,One Sapphire Place,61.62469839702659,55.87812118651577,residential
3151,Unnamed,60.700626772132246,56.01916002502496,miscellaneous
3152,Casa del Mar,61.12543852515569,56.352058871005696,residential
3153,Unnamed,60.5729624479828,56.62149368921858,miscellaneous
3154,Unnamed,61.81221180186783,55.4573512767316,miscellaneous
3155,Unnamed,62.44490745694824,53.43473503870278,miscellaneous
3156,Unnamed,61.614613904885765,55.21446931292703,miscellaneous
3157,Unnamed,61.12692828101459,55.180025402361,miscellaneous
3158,Unnamed,60.98816884414655,56.65449246003733,miscellaneous
3159,Unnamed,60.467544426707775,56.90353816772776,miscellaneous
3160,Unnamed,60.69840618312098,54.55906593396034,miscellaneous
3161,Unnamed,60.536168574048176,54.76394225524367,miscellaneous
3162,Unnamed,61.21579474819994,57.47870340206581,miscellaneous
3163,Unnamed,65.17600933879731,59.70129819078741,miscellaneous
3164,Unnamed,64.82053357016927,57.93524442217027,miscellaneous
3165,Unnamed,63.56001657295357,69.68729806185944,miscellaneous
3166,Unnamed,64.23601346921404,68.82267415795478,miscellaneous
3167,Unnamed,64.77720366298257,59.78884335557725,miscellaneous
3168,Unnamed,64.65368608745888,58.62792089001479,miscellaneous
3169,Unnamed,63.895412920838865,68.61960356535597,miscellaneous
3170,Kalye Ekis,64.09521504491057,69.36592426204896,commercial
3171,Unnamed,64.84265961919526,58.19599717013793,residential
3172,Unnamed,64.6158305662205,58.36141869882224,residential
3173,Unnamed,65.18013069174748,58.611220027895705,miscellaneous
3174,Unnamed,65.23429992025545,58.89067350171449,miscellaneous
3175,New CAP Sanctuary,61.77496683788072,52.07117879346509,special
3176,Andok's,66.1702907066368,62.16112137826405,commercial
3177,Unnamed,66.14995457864102,62.055073532141215,miscellaneous
3178,Unnamed,65.97658560311088,56.633095539067725,miscellaneous
3179,Unnamed,66.12863565369041,59.81318579969114,miscellaneous
3180,Unnamed,62.131781364388935,56.46870868973268,miscellaneous
3181,Unnamed,65.52626686800748,58.4145205927902,miscellaneous
3182,Unnamed,65.12674703214411,61.99344794025854,miscellaneous
3183,Unnamed,66.51155289637894,61.37001967951833,miscellaneous
3184,Unnamed,66.10279630831192,60.945783505686315,miscellaneous
3185,Unnamed,66.09745388146156,61.6130307753224,miscellaneous
3186,Unnamed,65.47552054023443,58.966541204371495,miscellaneous
3187,Unnamed,66.15825725407906,60.6687991980892,miscellaneous
3188,Unnamed,66.90959319494256,61.94749910735007,miscellaneous
3189,Unnamed,66.97752636742649,61.91214378643431,commercial
3190,Triple Top Carwash,88.13134002817571,66.85828637187684,commercial
3191,Unnamed,68.37861380458223,54.69237777710285,miscellaneous
3192,Unnamed,68.22328777102688,55.0808134411789,miscellaneous
3193,Unnamed,67.56054947593634,55.37948249260497,miscellaneous
3194,Unnamed,67.70673569332017,55.44165457308924,miscellaneous
3195,Unnamed,65.08404368939371,56.34769862363458,residential
3196,Unnamed,64.86598550769399,56.26731413650311,residential
3197,Unnamed,64.95005821244996,55.85144019575951,residential
3198,Unnamed,64.98675045124945,55.76332571418009,residential
3199,Unnamed,65.032405700506,55.657354372610094,residential
3200,Unnamed,65.06873099954528,55.57209823402716,residential
3201,Unnamed,64.98732217006699,56.51783089061547,miscellaneous
3202,Lopez Heights,45.54764238183551,62.05468661329378,residential
3203,Nature's Ville,45.51620089612526,69.0343750792612,residential
3204,Unnamed,48.6425880146396,60.783806267011066,miscellaneous
3205,Unnamed,44.13147177510146,71.37789046453393,school
3206,Unnamed,44.0677558828411,71.69441250560659,school
3207,Unnamed,44.00256723885719,72.03812350337735,school
3208,Unnamed,44.19659039317775,72.7656123656619,miscellaneous
3209,Unnamed,44.14796328825231,72.91079321670307,miscellaneous
3210,Unnamed,44.74715952691908,71.66173662090016,school
3211,Unnamed,44.2353395312965,72.3702054895465,school
3212,Calara Elementary School,44.69083770862529,71.99049113913686,school
3213,Unnamed,44.72863385995462,71.19624857913425,school
3214,Unnamed,43.58157546140143,61.22768573917941,miscellaneous
3215,Unnamed,48.35664156785485,61.29594687998489,miscellaneous
3216,Unnamed,44.74225791597888,71.39527134806818,school
3217,Unnamed,66.14670777972115,56.91786969610328,miscellaneous
3218,Unnamed,53.65699866256443,51.47014112510732,miscellaneous
3219,Unnamed,54.74784164350625,49.34058590563627,miscellaneous
3220,Unnamed,54.47204949684335,49.148871003139696,miscellaneous
3221,Unnamed,54.968909435051025,49.9745308267072,residential
3222,Unnamed,55.62784958087516,53.4828889740598,miscellaneous
3223,Unnamed,57.25316196196738,50.693532952343624,miscellaneous
3224,Unnamed,55.385634902674354,50.43407736566032,residential
3225,Calma Dorm,57.00019242843596,50.42904080742677,miscellaneous
3226,DMS KTV and Restaurant,55.09638595764355,53.2807347965504,miscellaneous
3227,Unnamed,55.98510815425595,53.06432645092699,miscellaneous
3228,Unnamed,54.75168890865332,48.95763391762479,miscellaneous
3229,Unnamed,53.39122134779848,52.61709446503037,residential
3230,Unnamed,59.719386529118346,51.83893982723027,miscellaneous
3231,Unnamed,53.71172201885962,53.11780352539465,miscellaneous
3232,Unnamed,54.75869263938841,51.55391762626581,miscellaneous
3233,Unnamed,55.21506323554265,49.684718196395295,residential
3234,Unnamed,55.3094660649585,49.362005031773364,residential
3235,Unnamed,53.36624066461747,57.11680996127152,miscellaneous
3236,Unnamed,51.26509329580311,56.835675089921146,miscellaneous
3237,Unnamed,51.1356466388182,56.97904484867472,miscellaneous
3238,Unnamed,52.997019720512775,55.542558873792366,miscellaneous
3239,Unnamed,53.730148465462015,56.36250581526144,miscellaneous
3240,Unnamed,53.3813605435932,56.5215824627963,miscellaneous
3241,Unnamed,52.333381391537436,58.256925813455915,miscellaneous
3242,Unnamed,52.994693250344504,54.43697922810161,miscellaneous
3243,Unnamed,53.15646876935859,56.26107634778135,miscellaneous
3244,Unnamed,53.563538313791526,56.20976156423043,miscellaneous
3245,Unnamed,52.640643918044006,58.42014144809039,miscellaneous
3246,Unnamed,51.831173039049446,57.722155068773496,miscellaneous
3247,Unnamed,54.21881370619423,56.84842320429492,miscellaneous
3248,Unnamed,51.71823623246588,57.89896518175266,miscellaneous
3249,Unnamed,53.22400864430878,54.21559859927796,miscellaneous
3250,Unnamed,53.9408418141782,56.67041445240189,miscellaneous
3251,Unnamed,52.62801825097109,56.708355476627034,miscellaneous
3252,Unnamed,53.635914059561394,56.540336291359786,miscellaneous
3253,Unnamed,51.637932504552474,57.0755165082835,miscellaneous
3254,Unnamed,51.60617829585961,57.61062487050207,miscellaneous
3255,Unnamed,53.181118021597726,55.30298719665714,miscellaneous
3256,Unnamed,52.59432220159752,54.4011422094937,miscellaneous
3257,Unnamed,52.74288722810575,55.86563394857627,miscellaneous
3258,Unnamed,52.46089068921634,58.37157804049501,miscellaneous
3259,Unnamed,52.10657761941482,54.77600230615085,miscellaneous
3260,Unnamed,52.75231586283502,58.26461167306708,miscellaneous
3261,Unnamed,53.49111930690271,56.39980541879241,miscellaneous
3262,Unnamed,53.23788351616548,56.76071425061904,miscellaneous
3263,Unnamed,52.874738615210084,56.30846559246125,miscellaneous
3264,Unnamed,54.85294961173002,56.651467057139435,miscellaneous
3265,Unnamed,52.701801873022646,54.1990559208041,miscellaneous
3266,Unnamed,52.8572728974094,57.86932125253045,miscellaneous
3267,Unnamed,52.46188536674011,56.29888791781461,miscellaneous
3268,Unnamed,53.40180295982727,55.00222372171455,miscellaneous
3269,Unnamed,52.55282386574921,58.11734781300631,miscellaneous
3270,Unnamed,52.49954728380626,54.57229165092819,miscellaneous
3271,Unnamed,53.21127146263645,57.450821213683845,miscellaneous
3272,Unnamed,52.09196575830962,57.82512026123269,miscellaneous
3273,Aurora Building,65.69294634173023,65.27241404591602,commercial
3274,Unnamed,65.17947173357432,64.97132757979996,commercial
3275,Unnamed,65.56694482300452,62.890941433521384,miscellaneous
3276,Unnamed,65.53037061201647,65.66304488157238,miscellaneous
3277,Unnamed,65.8926691457388,64.58171337479301,miscellaneous
3278,Unnamed,65.61876502783515,63.61634416633342,miscellaneous
3279,Unnamed,65.47156736443138,66.02445040636073,miscellaneous
3280,Unnamed,65.83071585939575,64.30737859400546,miscellaneous
3281,Unnamed,65.01352764218875,65.93783593230322,miscellaneous
3282,Unnamed,65.48741003515144,65.78369249725971,miscellaneous
3283,ARSTL Building,65.36455008437737,64.53192709420826,miscellaneous
3284,Unnamed,65.44701132423934,66.92201266478313,miscellaneous
3285,Unnamed,65.3086345110617,66.68779543421938,miscellaneous
3286,Unnamed,65.41818498669996,64.3306812269358,miscellaneous
3287,Unnamed,65.9922875734351,64.19906894832984,miscellaneous
3288,Unnamed,65.3745207743283,66.14409819471511,miscellaneous
3289,Unnamed,67.38895017931085,53.74547036509024,miscellaneous
3290,Unnamed,64.59248958610605,56.36794847856276,miscellaneous
3291,Unnamed,64.63633660603011,56.26148602215262,miscellaneous
3292,Unnamed,70.42745457336792,57.7482793976512,miscellaneous
3293,Unnamed,62.77364115395447,41.050656629684376,residential
3294,Unnamed,75.18664042136623,63.57106501709339,miscellaneous
3295,Unnamed,75.09262478363975,65.60364431824394,miscellaneous
3296,Unnamed,76.7254954833852,63.53682315218786,miscellaneous
3297,Unnamed,74.528435911165,64.57485849381561,miscellaneous
3298,Unnamed,76.06841151565959,67.08467684786514,miscellaneous
3299,Unnamed,75.58156254760658,65.85825756357892,miscellaneous
3300,Unnamed,75.4557391586118,63.23062131679891,miscellaneous
3301,Unnamed,75.87027125621724,67.27415430272109,miscellaneous
3302,Unnamed,74.83682524126316,66.3284504519133,miscellaneous
3303,Unnamed,76.05243771258355,67.22894250100461,miscellaneous
3304,Unnamed,75.25870047487044,64.10066793111746,miscellaneous
3305,Unnamed,76.61393718987453,66.94105282116628,miscellaneous
3306,Unnamed,75.7549387405125,67.73856104975799,miscellaneous
3307,Unnamed,76.26024918960155,65.24506094584724,miscellaneous
3308,Gateway Learning Center,45.37470468741984,70.31611609036071,school
3309,Unnamed,67.62015716585702,68.8915750267799,miscellaneous
3310,Unnamed,68.11775265495797,68.08657208207009,miscellaneous
3311,Unnamed,65.91820466386696,67.77057416057859,miscellaneous
3312,Unnamed,68.25607587618963,69.21800629604596,miscellaneous
3313,Unnamed,65.62114163015525,68.28637456720344,miscellaneous
3314,Unnamed,64.44031975249385,67.49370196642154,miscellaneous
3315,Unnamed,68.20228825505684,67.60809357181202,miscellaneous
3316,Unnamed,69.62220584150697,69.07843990791726,miscellaneous
3317,Unnamed,65.01029096266836,66.47999634828327,commercial
3318,Unnamed,65.08917449259057,67.51995549167668,miscellaneous
3319,Unnamed,67.90389192522296,69.38161974894295,miscellaneous
3320,Unnamed,65.46614143686074,68.82884387969796,miscellaneous
3321,Unnamed,65.84827180940785,67.88391205207915,commercial
3322,Unnamed,67.26464736481273,69.54043478916302,miscellaneous
3323,Unnamed,65.36131293670692,67.50057156165397,miscellaneous
3324,Unnamed,65.1412089887149,67.40965613855758,miscellaneous
3325,Unnamed,68.4343546579076,68.7251397607826,miscellaneous
3326,Unnamed,68.63201514296135,69.61003501806849,miscellaneous
3327,Unnamed,65.80809517493765,68.00697116149685,miscellaneous
3328,Unnamed,68.4148276673849,69.12887277560085,miscellaneous
3329,Unnamed,66.39849741256616,67.52766222898398,miscellaneous
3330,Unnamed,66.98597760069094,67.5492847116515,miscellaneous
3331,Unnamed,67.01162513576007,69.50616720957329,residential
3332,Unnamed,81.4886049993029,67.53446862024532,miscellaneous
3333,Unnamed,82.02049140296921,66.81366720061585,miscellaneous
3334,Unnamed,80.99190798685444,67.24037033250004,miscellaneous
3335,Unnamed,82.4087900872086,66.83882983114803,miscellaneous
3336,Unnamed,81.914453275812,66.73111759715003,miscellaneous
3337,Unnamed,82.20439239684801,66.88113597022073,miscellaneous
3338,Unnamed,81.06882336148036,67.47036639162103,miscellaneous
3339,Unnamed,69.23005383456719,57.114587096962445,residential
3340,Unnamed,69.15442163666734,55.432015128057245,miscellaneous
3341,Unnamed,69.41381709244241,56.12895051786156,miscellaneous
3342,Unnamed,68.2465694256239,42.85357859930218,miscellaneous
3343,Unnamed,68.41136069996047,43.32994042561656,miscellaneous
3344,Unnamed,68.1890187313843,43.399448478121485,miscellaneous
3345,Unnamed,68.0878956844723,43.67439825078248,miscellaneous
3346,Unnamed,68.26312958197639,43.247393299726035,miscellaneous
3347,Unnamed,64.77777769406484,59.511016223621546,miscellaneous
3348,Unnamed,65.18829514580396,59.48313818938254,miscellaneous
3349,Unnamed,64.7436404253349,56.58627907662426,miscellaneous
3350,Unnamed,64.93800133595451,56.72044367558131,miscellaneous
3351,Unnamed,65.0129214589571,57.02736257293232,miscellaneous
3352,Unnamed,65.033512313061,56.97088361286396,miscellaneous
3353,Unnamed,65.05418617898232,56.91448381476712,miscellaneous
3354,Unnamed,65.07485454635456,56.85800485470167,miscellaneous
3355,Unnamed,65.26326563212535,57.01544846510937,miscellaneous
3356,Unnamed,64.48965512576089,56.62858921638545,miscellaneous
3357,Unnamed,65.91230770899963,56.38113348467487,miscellaneous
3358,Unnamed,64.8511811177297,58.07656212556127,miscellaneous
3359,Unnamed,64.79356121282447,57.38834726652722,miscellaneous
3360,Haraya,64.69117392324561,56.1136342051701,commercial
3361,Unnamed,66.02126861905894,56.433409260892645,miscellaneous
3362,Unnamed,64.05811323446967,64.14087810502707,miscellaneous
3363,Unnamed,64.18069501539243,63.82438112518501,miscellaneous
3364,Unnamed,64.60692165928177,63.785832744739466,miscellaneous
3365,Unnamed,64.28832758960523,63.5072607617515,miscellaneous
3366,Unnamed,64.33816976130555,63.38893904638726,miscellaneous
3367,Unnamed,64.74280970079073,63.55375510766213,miscellaneous
3368,Unnamed,64.8284879357079,63.37384821018972,miscellaneous
3369,Unnamed,64.41709164796264,63.19347249569108,miscellaneous
3370,Unnamed,64.45607792827506,63.005296881798046,residential
3371,Unnamed,65.13500482908738,62.550651716017555,miscellaneous
3372,Unnamed,65.1863583588527,61.85372326166615,miscellaneous
3373,Unnamed,65.23987749238064,61.62499490662328,miscellaneous
3374,SIKAP BIDANI Development Foundation,64.53344967254053,62.77496181327993,miscellaneous
3375,Unnamed,64.08268493497509,64.00116617693648,miscellaneous
3376,Unnamed,65.04725982904561,63.254206917785815,miscellaneous
3377,Unnamed,64.61738418492922,62.61246973682274,miscellaneous
3378,Unnamed,64.54716917596784,67.42855913889944,commercial
3379,Unnamed,68.28623196805918,57.52412613919895,miscellaneous
3380,LA Hope Building,68.84146258181097,57.14970204502231,miscellaneous
3381,Unnamed,69.13803220554216,57.24385867809352,residential
3382,Unnamed,67.26079423276508,54.17883309957071,miscellaneous
3383,Unnamed,71.13886052143557,56.132450625280505,miscellaneous
3384,Unnamed,70.99818463965055,53.43973060002391,miscellaneous
3385,Unnamed,71.03847813316528,53.31020481266043,miscellaneous
3386,Unnamed,67.21042367282861,54.051387933912174,miscellaneous
3387,Unnamed,71.31797499233545,56.20546293185833,miscellaneous
3388,Unnamed,67.34203962169532,54.33262576530144,miscellaneous
3389,Unnamed,66.88679179044067,55.853765068359905,miscellaneous
3390,Unnamed,66.29783551458807,57.00217702860958,miscellaneous
3391,Unnamed,66.51768619846608,56.717310193239534,miscellaneous
3392,Unnamed,66.40513695818002,57.048409446037155,miscellaneous
3393,Unnamed,66.7824714634951,56.06428386580684,miscellaneous
3394,Unnamed,56.967051531844895,56.596884534171686,miscellaneous
3395,Unnamed,59.19225080274284,57.568480197247816,residential
3396,Unnamed,58.92994038552028,58.565757522841565,residential
3397,Unnamed,60.06037995120275,56.019786676189874,miscellaneous
3398,Unnamed,55.72081525960587,55.9091042940259,miscellaneous
3399,Unnamed,58.03928971616946,57.04510540881008,miscellaneous
3400,Unnamed,54.59547209959103,53.91250246578133,miscellaneous
3401,Unnamed,57.706062577595304,55.492139676118235,residential
3402,Unnamed,57.8909510485636,56.949357476494754,miscellaneous
3403,Unnamed,59.61357682314712,57.70072875614816,residential
3404,Unnamed,57.5989180170579,55.72799080493526,miscellaneous
3405,Unnamed,56.66472458941046,56.48428832012344,miscellaneous
3406,Unnamed,59.59900845047249,56.86594861615488,residential
3407,Unnamed,60.67196380367367,58.52321314155078,miscellaneous
3408,Unnamed,58.68585119472429,58.58696400559818,miscellaneous
3409,Unnamed,57.679547818668276,57.21883179207654,miscellaneous
3410,Unnamed,58.69706426312619,58.342833089286394,residential
3411,Sabadee Compund,58.111839218906425,56.75874878386431,miscellaneous
3412,Unnamed,54.96836684232701,55.296359628005995,miscellaneous
3413,Unnamed,58.5580054910233,58.300575554179034,residential
3414,Unnamed,55.158453992103965,55.32569027396116,miscellaneous
3415,Unnamed,57.12353737297606,55.29467086005786,miscellaneous
3416,Unnamed,55.18238092804098,54.110118550404316,miscellaneous
3417,Unnamed,57.976897708034095,57.93988479280616,miscellaneous
3418,Unnamed,55.014155117116346,54.36199318175182,miscellaneous
3419,Unnamed,59.7280670354036,57.808090416751604,miscellaneous
3420,Unnamed,59.168112288799726,58.88390970645973,miscellaneous
3421,Unnamed,55.40034818953594,55.171961961668295,miscellaneous
3422,Unnamed,58.32339964257574,58.28909177562752,residential
3423,Unnamed,58.89294024812916,58.824945703983744,miscellaneous
3424,Unnamed,58.79271561472997,58.41547346455883,residential
3425,Unnamed,54.510573582561896,54.00644017938482,miscellaneous
3426,Unnamed,55.35034071506375,56.119041295385294,miscellaneous
3427,Unnamed,57.65614683812925,57.66717626698149,miscellaneous
3428,Unnamed,54.73916868679607,54.25296949872607,miscellaneous
3429,Unnamed,57.332903863437465,57.47764653398758,miscellaneous
3430,Unnamed,59.47692508032018,57.132269360664054,residential
3431,Unnamed,59.9576897973307,56.220137069286125,miscellaneous
3432,Unnamed,54.90011718586406,55.83574567571613,miscellaneous
3433,Unnamed,57.12895879656864,56.31459429368451,residential
3434,Unnamed,56.22976701896799,56.23434158164204,miscellaneous
3435,Unnamed,58.995836264545,58.17933325865422,residential
3436,Unnamed,55.11423315369811,54.56170052900542,miscellaneous
3437,Unnamed,58.22697819199239,57.47509947598982,residential
3438,Unnamed,54.90579312363047,53.917972954806444,miscellaneous
3439,Unnamed,56.11356750473423,56.11798965856685,miscellaneous
3440,Unnamed,54.90087914343874,54.895373840278104,miscellaneous
3441,Unnamed,54.72368198682703,54.595912162537,miscellaneous
3442,Unnamed,55.200713742803345,54.678177396396734,miscellaneous
3443,Casubha's Rooms and Apartments,64.8320023194851,65.2067576255619,residential
3444,Unnamed,68.53566617214098,69.10925046925941,miscellaneous
3445,Unnamed,65.89610671120265,69.68667870513595,miscellaneous
3446,Unnamed,68.64233742816765,69.07157396891182,commercial
3447,Unnamed,65.3323462978999,67.01802287026996,miscellaneous
3448,Divi Mall,65.40646166833211,67.2978682666168,commercial
3449,Unnamed,33.25368096819438,72.22037507463756,miscellaneous
3450,Villa Adelina VI,68.1397180950718,76.60718586951913,residential
3451,Unnamed,74.22582652899827,74.66763702050203,miscellaneous
3452,Sitio Pag-asa Sub Parish,78.63236004872691,58.812034301144934,miscellaneous
3453,Unnamed,75.92760346063925,63.41954418764495,miscellaneous
3454,Unnamed,70.57861037256403,75.12654556173244,residential
3455,Unnamed,66.66623711504171,74.69122683718183,miscellaneous
3456,Unnamed,33.41262938904499,73.32476717408852,miscellaneous
3457,Unnamed,33.78978657266712,72.89666729742025,miscellaneous
3458,Unnamed,33.559932971740736,71.6902429982076,miscellaneous
3459,Unnamed,33.670050895213976,72.03591235328773,miscellaneous
3460,Unnamed,33.36061799763509,71.02599002198092,miscellaneous
3461,Unnamed,32.95410192196627,70.52004725797715,miscellaneous
3462,Unnamed,33.17184718531608,70.93246629275805,miscellaneous
3463,Unnamed,33.75604023888832,72.60147932223582,miscellaneous
3464,Unnamed,33.43865205806451,71.8773236151543,miscellaneous
3465,Unnamed,33.5309146098648,72.32958584340142,miscellaneous
3466,Unnamed,33.1040728516524,70.28951879277234,miscellaneous
3467,Unnamed,65.91678385609103,64.79076183836887,miscellaneous
3468,Unnamed,65.14966904547336,62.10568510899165,miscellaneous
3469,Alfamart,66.18606602455303,60.0689544086902,commercial
3470,Unnamed,65.5615602487477,63.94908130808167,miscellaneous
3471,Unnamed,65.51627067870501,64.16031754075304,miscellaneous
3472,Unnamed,66.04142253221333,63.67662115765659,miscellaneous
3473,Unnamed,65.24315238424741,65.26361746770351,miscellaneous
3474,Unnamed,66.40012760015786,64.58467309348816,miscellaneous
3475,Unnamed,65.67508312914968,63.1596098239317,miscellaneous
3476,Unnamed,65.9951693742168,63.76383606697371,miscellaneous
3477,Unnamed,65.59727594694974,63.80612666987334,miscellaneous
3478,Unnamed,65.92804289896553,63.88970783337019,miscellaneous
3479,Residencia Juannata,66.97640245453483,55.29847828416658,miscellaneous
3480,Unnamed,65.72382266653504,64.49295592726804,commercial
3481,Unnamed,60.21036997046201,56.95758394175145,residential
3482,Unnamed,60.364943610803444,56.40308230446184,miscellaneous
3483,Unnamed,64.26989579181635,58.87643478686804,miscellaneous
3484,Unnamed,64.26255404986625,59.081780152742205,miscellaneous
3485,Unnamed,64.11217892439946,59.3556114869224,miscellaneous
3486,Unnamed,59.74380320315321,57.36214707587831,residential
3487,Unnamed,59.89239610512237,57.42766263418013,miscellaneous
3488,Unnamed,60.29500429944249,57.539185331207555,miscellaneous
3489,Unnamed,60.54809028683182,58.125207810716475,miscellaneous
3490,Unnamed,60.716672015061256,58.287800020305305,miscellaneous
3491,Unnamed,62.36068211811172,57.80856113092734,miscellaneous
3492,Unnamed,61.753564696426466,57.99932415373398,miscellaneous
3493,Unnamed,62.43680516390045,59.108720463238384,miscellaneous
3494,Unnamed,60.901896478184966,57.631429479475706,miscellaneous
3495,Unnamed,60.41593126686885,58.53729891655743,miscellaneous
3496,JB's Dormitory,59.65629074293843,59.210996131307795,residential
3497,Unnamed,60.363084456085694,57.314816765281805,miscellaneous
3498,Unnamed,60.487108925831656,58.368062422587855,miscellaneous
3499,Unnamed,60.39423723830397,58.70976978041572,miscellaneous
3500,Unnamed,60.3699271023563,57.11048011732013,miscellaneous
3501,Unnamed,61.130142097716444,58.477566951565585,miscellaneous
3502,Unnamed,60.728106377995296,57.69097982724239,miscellaneous
3503,Unnamed,64.26973183343925,59.58217333651068,school
3504,Unnamed,61.856346825966824,47.845517316669685,miscellaneous
3505,Unnamed,59.85618966885394,48.63561117677253,school
3506,Unnamed,68.12576280649114,66.19032011426718,miscellaneous
3507,Unnamed,68.24305365002007,65.8874409950499,miscellaneous
3508,Unnamed,67.20032737973737,65.91680129986992,miscellaneous
3509,Unnamed,67.28346062834211,65.75904001111567,miscellaneous
3510,Unnamed,65.85096441233377,68.6608706989079,miscellaneous
3511,Unnamed,66.8617197659622,66.37799467056375,miscellaneous
3512,Unnamed,67.32777718349703,65.1319647133216,miscellaneous
3513,Unnamed,67.76208392827085,64.0113210884764,miscellaneous
3514,Unnamed,66.82564634425533,66.53031241093976,miscellaneous
3515,Unnamed,67.05843396225319,65.73615170304438,miscellaneous
3516,Unnamed,68.22313274451227,63.56319466965239,miscellaneous
3517,Unnamed,66.85173800495639,66.73206410214598,miscellaneous
3518,Unnamed,66.93797712609532,65.98060611494829,miscellaneous
3519,Unnamed,68.54915347778827,65.78736597973867,miscellaneous
3520,Unnamed,66.85067010819083,65.56597038769037,miscellaneous
3521,Unnamed,68.60300428763477,64.86741241287416,residential
3522,Unnamed,66.81216064157587,65.78718556196212,miscellaneous
3523,Unnamed,68.54189104849905,65.00326910138469,residential
3524,Unnamed,66.65716036793577,65.99008854540294,miscellaneous
3525,Unnamed,68.27369633525282,64.70815992195612,residential
3526,Unnamed,67.64502007349888,64.75536068854817,residential
3527,Unnamed,68.12532787739723,64.63462852508113,school
3528,Unnamed,66.96409682700205,65.87813768342201,miscellaneous
3529,Unnamed,66.5959056233183,67.28463863097855,miscellaneous
3530,Unnamed,66.25611663608966,68.06361502073902,miscellaneous
3531,Unnamed,67.88861340922719,38.53584765258645,miscellaneous
3532,Unnamed,67.6935115498891,39.51776282774192,miscellaneous
3533,Unnamed,67.97085504813667,39.12447252435262,miscellaneous
3534,Unnamed,67.36024301067941,38.70456709812278,miscellaneous
3535,Unnamed,67.71637220125919,38.78540967046861,commercial
3536,Unnamed,60.98482149188171,37.739423887892926,residential
3537,Unnamed,60.91257876040902,38.03858403005413,residential
3538,Unnamed,61.357784113203614,35.60385690091763,miscellaneous
3539,Unnamed,61.44143672831923,59.711196639855046,miscellaneous
3540,Unnamed,61.90238910633175,60.61142955396105,miscellaneous
3541,Unnamed,61.90919465888128,62.82337707095118,miscellaneous
3542,Unnamed,86.60819067018146,19.057656967088906,miscellaneous
3543,Building B,90.02745519346782,20.79815966797022,miscellaneous
3544,Unnamed,89.96997816494194,20.488788216837886,miscellaneous
3545,Unnamed,91.00078908487563,25.95071264548722,miscellaneous
3546,Unnamed,89.1834134045137,22.317465465112605,miscellaneous
3547,Unnamed,91.00900548951094,25.461229530487277,miscellaneous
3548,Greenhouse A,90.29774389929176,21.0998588139685,miscellaneous
3549,Unnamed,88.33534908395339,20.52172674200216,miscellaneous
3550,Unnamed,86.41350726830332,18.88155008787708,miscellaneous
3551,Unnamed,86.19224821366703,18.637318038991076,miscellaneous
3552,VCO Production Building,89.70941832504423,20.523731373107243,miscellaneous
3553,Unnamed,90.65174691610812,25.552623734326097,miscellaneous
3554,Unnamed,88.6451993061352,20.527594085735597,miscellaneous
3555,Building A,90.02396709716453,21.1073931031775,miscellaneous
3556,Greenhouse B,90.30378993289881,20.803073334842495,miscellaneous
3557,Unnamed,90.57066805568778,26.105902624225468,miscellaneous
3558,Unnamed,90.29803510799238,25.849125607079927,miscellaneous
3559,Unnamed,93.77801135104215,32.60619253057041,commercial
3560,Unnamed,93.60678457981292,28.622764691042246,miscellaneous
3561,Egg Production Building,89.90160229487101,28.95940525747912,miscellaneous
3562,Unnamed,94.54050365680497,32.64341382036701,commercial
3563,Unnamed,94.15395061785794,32.6346917984325,commercial
3564,Unnamed,88.71063322781346,38.28679763072319,special
3565,Unnamed,93.58120520703966,30.40372324917388,miscellaneous
3566,Unnamed,94.53845490217316,32.33961828928982,miscellaneous
3567,Unnamed,93.46233805034126,28.292750112678274,miscellaneous
3568,Unnamed,92.60298798078523,28.302557399824106,miscellaneous
3569,Silkworm Breeding Building,89.97800173940574,29.192750048318985,miscellaneous
3570,Unnamed,94.52500016139635,33.12012074782724,commercial
3571,Unnamed,88.9894752507781,37.91098728670811,special
3572,Unnamed,92.79057004795067,30.41109374948811,miscellaneous
3573,Unnamed,93.78196452686723,32.302609812269154,miscellaneous
3574,Unnamed,93.43065355443521,27.850212588565913,miscellaneous
3575,Unnamed,94.35451562324702,30.403798784877274,miscellaneous
3576,Unnamed,92.55655754348261,28.621454379878248,miscellaneous
3577,Unnamed,89.58624133578115,36.73610765687399,special
3578,Unnamed,67.83339611908606,63.91992688464049,miscellaneous
3579,Unnamed,67.96249168011694,63.66583477581624,residential
3580,Unnamed,67.60625502709041,63.63812623669488,residential
3581,Unnamed,68.15030896442099,64.01441261795982,miscellaneous
3582,Unnamed,68.25882904836998,64.47330748536353,residential
3583,Unnamed,68.17119886643678,63.874966832747546,miscellaneous
3584,Unnamed,62.538349141712935,33.143069314159746,miscellaneous
3585,Unnamed,62.21949892334694,33.265606624934144,miscellaneous
3586,Unnamed,50.23853086385704,46.9352806446436,residential
3587,Unnamed,50.782108701435504,46.26405718197743,miscellaneous
3588,Unnamed,49.446942954895576,48.14271581644173,miscellaneous
3589,Unnamed,49.71815656707539,47.845878073067595,miscellaneous
3590,Unnamed,50.09034173335937,47.87532399585089,miscellaneous
3591,Unnamed,50.50926205837389,46.21401967432037,miscellaneous
3592,Unnamed,50.41880409457985,46.199196779254706,miscellaneous
3593,Unnamed,50.33167920059651,46.184947145328024,miscellaneous
3594,Unnamed,50.24905007511822,46.17143456142054,miscellaneous
3595,Vargas Hall,42.43207126255216,38.71887601508369,miscellaneous
3596,Unnamed,35.22814475134179,38.60438757694227,miscellaneous
3597,Unnamed,38.50974144999418,36.51143587990629,miscellaneous
3598,Unnamed,49.45929504943888,47.2939853618409,miscellaneous
3599,Unnamed,49.124177778184006,46.599251157161824,miscellaneous
3600,Unnamed,38.76654714124527,40.57247494848775,miscellaneous
3601,Unnamed,42.45333598773279,40.339786698547435,residential
3602,Unnamed,47.74687967014907,45.62243427402987,commercial
3603,Unnamed,50.60855653272949,46.24964375915307,commercial
3604,Unnamed,50.24526831630304,46.95229202027913,residential
3605,Unnamed,51.43040040701943,46.47081577941871,miscellaneous
3606,Unnamed,51.34472900138716,46.443021434076485,miscellaneous
3607,Unnamed,51.25904773417944,46.415152438326004,miscellaneous
3608,Unnamed,51.04949702772791,46.315293993634036,miscellaneous
3609,Unnamed,50.966467601433344,46.299464696185055,miscellaneous
3610,Unnamed,50.87713994709101,46.28231964385659,miscellaneous
3611,Unnamed,56.056371788591264,49.29247848892767,miscellaneous
3612,Unnamed,51.077053396144855,46.81280227389376,miscellaneous
3613,Unnamed,49.63646285330635,46.420475577439575,miscellaneous
3614,Unnamed,49.84578146983963,46.667293693252425,miscellaneous
3615,Unnamed,57.271595579262765,49.60223866662843,commercial
3616,Unnamed,51.681848895833284,46.36973357141175,commercial
3617,SEARCA Guesthouse,43.105666275133686,40.08768482940571,miscellaneous
3618,Unnamed,45.49421369824733,40.07906613266669,miscellaneous
3619,Unnamed,50.532467695161145,43.39464653541894,miscellaneous
3620,Unnamed,43.613373206155,39.70832473441883,miscellaneous
3621,Unnamed,45.995501838745874,40.34682407287447,miscellaneous
3622,Unnamed,48.52379335876539,44.50781883029572,miscellaneous
3623,Unnamed,46.54743462823975,41.067682248891664,miscellaneous
3624,Unnamed,51.69133913441759,42.88271732329346,miscellaneous
3625,Unnamed,45.826609058818505,40.71710054345062,miscellaneous
3626,Unnamed,49.26310819308039,43.76119767085109,miscellaneous
3627,Unnamed,46.55058282213397,39.84689014023438,miscellaneous
3628,Unnamed,47.125060468906874,40.146799847091984,miscellaneous
3629,Unnamed,44.14432154981473,41.050850225574116,miscellaneous
3630,Unnamed,51.56697715040065,44.99134722932503,miscellaneous
3631,Unnamed,45.48578329462021,41.20715691958953,miscellaneous
3632,Unnamed,44.64728470176387,40.69374229913327,miscellaneous
3633,Unnamed,51.98028313487261,43.10276993681075,miscellaneous
3634,Unnamed,50.14801216817874,42.73564508000719,miscellaneous
3635,Unnamed,45.65437637798901,42.00409953320142,miscellaneous
3636,Unnamed,45.66871069466934,40.48408277450432,miscellaneous
3637,Unnamed,44.95248741771874,39.8061257994987,miscellaneous
3638,Unnamed,46.81529057391671,39.99036921293093,miscellaneous
3639,Unnamed,45.42439279994677,41.63726655987799,miscellaneous
3640,Unnamed,52.306181776420125,45.126494166916395,miscellaneous
3641,Unnamed,49.94388040634956,43.38153640535944,miscellaneous
3642,Unnamed,50.215811506056426,45.204066601402005,miscellaneous
3643,Unnamed,45.0827143900393,41.116581660230395,miscellaneous
3644,Unnamed,51.15144881632073,43.05865142291012,miscellaneous
3645,Unnamed,48.63756004764162,43.77410738965653,miscellaneous
3646,Unnamed,48.14642563142933,45.18296857546276,miscellaneous
3647,Unnamed,50.753816364887925,45.68801163556502,miscellaneous
3648,Unnamed,47.602360123456144,40.474856766609754,miscellaneous
3649,SEARCA Executive House No. 6,45.854974284060866,39.89413094023995,miscellaneous
3650,Unnamed,45.20569253182744,38.730080515575885,miscellaneous
3651,Unnamed,45.24675717908034,40.76804604962927,miscellaneous
3652,Unnamed,45.225418249846456,39.478619292254294,miscellaneous
3653,Unnamed,44.88712254200537,40.895385381961724,miscellaneous
3654,Unnamed,51.41549291752459,43.48569995376857,miscellaneous
3655,Unnamed,45.162469434585425,40.18938133599016,miscellaneous
3656,Unnamed,49.82156449645838,45.222523593787464,miscellaneous
3657,Unnamed,47.33584198711024,40.32850374275453,miscellaneous
3658,Unnamed,45.627728267873,39.56508847300359,miscellaneous
3659,Unnamed,49.59648541646528,43.57442506703525,miscellaneous
3660,Unnamed,46.64045782080223,41.37544122435047,miscellaneous
3661,Unnamed,47.76812175548278,41.08687889996093,miscellaneous
3662,Unnamed,46.06038902350363,39.06463437404637,miscellaneous
3663,Unnamed,52.29237655841843,43.33717691367644,miscellaneous
3664,Unnamed,43.96726528960503,40.23185426252975,miscellaneous
3665,Unnamed,44.75283242151183,39.38752670683978,miscellaneous
3666,Unnamed,49.65315766433179,42.818834391050686,miscellaneous
3667,Unnamed,49.3792268095302,44.54133932848145,miscellaneous
3668,Unnamed,46.33773143518043,39.62290882527849,miscellaneous
3669,Unnamed,45.951668330337434,41.01715299958001,miscellaneous
3670,Unnamed,50.24532176899365,43.33853673533425,miscellaneous
3671,Unnamed,48.54507628081758,40.60973692227691,miscellaneous
3672,Unnamed,44.59386335107992,41.31681095755675,miscellaneous
3673,Unnamed,45.52066425756494,42.323132560908974,miscellaneous
3674,Unnamed,44.73034323884069,40.217649549967014,miscellaneous
3675,Unnamed,45.192318126812175,41.33229163595808,miscellaneous
3676,Unnamed,44.42265964094454,40.2229442739873,miscellaneous
3677,Unnamed,50.54454908980968,45.41164280556661,miscellaneous
3678,Unnamed,49.32269823960405,43.073314252802,miscellaneous
3679,Unnamed,47.85629690999458,44.43284543751565,miscellaneous
3680,Unnamed,48.200256022024355,40.5503769285841,miscellaneous
3681,Unnamed,50.80327649699492,43.57076822995806,miscellaneous
3682,Unnamed,45.52283462857116,38.77546507857239,miscellaneous
3683,Unnamed,50.63227558752573,42.91056143557937,miscellaneous
3684,Unnamed,47.742116514819685,44.90084220250183,miscellaneous
3685,Unnamed,47.86868714576952,40.48718144947566,miscellaneous
3686,Unnamed,50.9654024816458,45.04792808953081,miscellaneous
3687,Unnamed,45.396100463377174,40.95443065342212,miscellaneous
3688,Unnamed,45.77878338303864,38.85965257099757,miscellaneous
3689,Unnamed,44.931399775022896,40.63737523642697,miscellaneous
3690,Unnamed,46.948480939890096,41.7936983250801,miscellaneous
3691,Unnamed,48.25661081632352,41.24720139181642,miscellaneous
3692,Unnamed,48.75718831569769,41.00723955986301,miscellaneous
3693,Unnamed,52.08398134507177,44.71569541151918,miscellaneous
3694,Unnamed,46.55353430893533,41.85192940032443,miscellaneous
3695,Unnamed,45.83992677971811,42.31688787929412,miscellaneous
3696,Unnamed,49.68174958241621,44.23508833932362,miscellaneous
3697,Unnamed,50.18449868928555,44.37173329910115,miscellaneous
3698,Unnamed,51.97117105083099,44.265410042958706,miscellaneous
3699,Unnamed,48.78847785999119,45.352202273566284,miscellaneous
3700,Unnamed,50.605749363284346,44.73551254469406,miscellaneous
3701,Unnamed,48.56024432547256,44.07961403733013,miscellaneous
3702,Unnamed,48.93622849552347,43.91856530719058,miscellaneous
3703,Unnamed,46.0041670080387,41.32586893247299,miscellaneous
3704,Unnamed,48.71680286123106,44.94614109952,miscellaneous
3705,Unnamed,51.44059728462893,44.55037032793022,miscellaneous
3706,Unnamed,51.03684018906516,43.85768271580335,miscellaneous
3707,Unnamed,46.18166640241561,41.811276063078544,miscellaneous
3708,Unnamed,48.01494921980935,41.122730539953416,miscellaneous
3709,Unnamed,43.860240059768216,39.38679692276368,miscellaneous
3710,Unnamed,46.29106052216933,39.313145701722405,miscellaneous
3711,UPLB Executive Guesthouse,48.21001157479503,42.72765069134538,miscellaneous
3712,UPLB Executive House,43.93794613415725,38.830890297942915,residential
3713,Unnamed,49.258393427084805,45.40130083595187,miscellaneous
3714,Unnamed,44.817249618177925,38.845427551513744,miscellaneous
3715,Unnamed,51.27933335420357,44.17334845106815,miscellaneous
3716,Unnamed,51.719198241178844,45.73040027276194,miscellaneous
3717,Unnamed,49.457404699117966,45.05642298966897,miscellaneous
3718,Unnamed,51.04533487989532,38.2956640493704,residential
3719,Unnamed,46.665209081903456,35.57830093887417,residential
3720,IRRI Staff Housing Guesthouse,50.50676361785336,38.0077129644808,miscellaneous
3721,Unnamed,52.47475971005652,39.34427734177593,residential
3722,Unnamed,52.46397452585023,40.436224279638424,residential
3723,Unnamed,52.075257287789064,40.03266261314554,residential
3724,Unnamed,53.319013671291934,40.202294538834025,residential
3725,Unnamed,49.02336480481172,38.46023444956788,residential
3726,Unnamed,48.586390843512675,39.138748849380484,miscellaneous
3727,Unnamed,52.05580644009975,41.096926992738396,residential
3728,Unnamed,49.91411697726834,39.95586438160741,miscellaneous
3729,Unnamed,51.34167685967977,40.414500558518,residential
3730,Unnamed,51.82520451871072,40.867213066421826,residential
3731,Unnamed,49.55840700971155,39.762538858914425,miscellaneous
3732,Unnamed,50.76120831977603,39.72539556018557,residential
3733,Unnamed,50.378945437894906,40.06462476525775,miscellaneous
3734,Unnamed,49.986283479922264,38.63506320845722,commercial
3735,Unnamed,50.29565515918145,40.49660268382301,miscellaneous
3736,Unnamed,48.22949504972344,38.67753294848132,residential
3737,Unnamed,48.51498825763591,36.749857294289804,residential
3738,Unnamed,46.175205883794604,35.16704265241051,residential
3739,ISH 16,51.68343249967434,39.61950046599116,residential
3740,Unnamed,47.84631514282019,36.17118037740955,residential
3741,Unnamed,51.02935243937362,40.87553895441522,residential
3742,Unnamed,51.106081997486974,40.14686994827384,residential
3743,Unnamed,52.0598850280599,38.924552627508405,residential
3744,IRRI Director General's Home,49.46407232452649,37.29945757096698,residential
3745,Unnamed,50.67155622543723,40.7545510264823,miscellaneous
3746,Unnamed,51.565819478514385,38.50012021049293,residential
3747,Unnamed,47.33319282762844,35.91428720565011,residential
3748,Unnamed,49.3700725502795,38.947868855145146,miscellaneous
3749,Unnamed,48.72635444864429,37.93533811919409,residential
3750,Unnamed,48.09898170087005,39.042564740388556,residential
3751,Unnamed,51.58995489548515,40.630612619949034,residential
3752,Unnamed,52.907131125467046,39.749704523160936,residential
3753,Unnamed,49.16432097120855,39.51128142272488,miscellaneous
3754,Unnamed,48.235964950335955,37.526074362614594,residential
3755,Unnamed,52.38388644450841,41.53663557433447,residential
3756,Unnamed,91.45183869181712,65.99218399389268,residential
3757,Unnamed,97.3320714176212,67.68215782042971,miscellaneous
3758,Uno Fuel,90.95919608789606,66.72540384632303,commercial
3759,Unnamed,98.1103819698013,68.21979487078956,miscellaneous
3760,Unnamed,92.0592325257972,64.60775835241456,residential
3761,Unnamed,97.98875307899773,68.24332983829503,miscellaneous
3762,Unnamed,97.53092107398827,68.06536857868886,miscellaneous
3763,Unnamed,97.03732041146124,67.44721565579492,miscellaneous
3764,Unnamed,97.67348902866613,68.12782538209424,miscellaneous
3765,Unnamed,97.10635283103474,67.25958246934442,miscellaneous
3766,Unnamed,93.31148517555981,64.03807507476922,residential
3767,Unnamed,92.97815685310312,63.930786418535526,residential
3768,Unnamed,91.87516799921637,63.96153290285452,residential
3769,Unnamed,91.61096383642838,63.890807258834634,residential
3770,Unnamed,99.57875116374903,66.02136890880908,miscellaneous
3771,Unnamed,97.52089369674928,67.60370293935648,miscellaneous
3772,Unnamed,92.08814496840318,64.483196897185,residential
3773,Petron,99.85137060644986,65.37212761911259,commercial
3774,Unnamed,92.25817479389981,65.10967970931652,residential
3775,Unnamed,97.21153831248277,67.9056477687071,miscellaneous
3776,Unnamed,93.43664299409782,64.72928971307483,residential
3777,Unnamed,93.36099006124812,64.91707368206777,residential
3778,Unnamed,95.81180442373083,66.3872425866964,miscellaneous
3779,Unnamed,97.86561807530443,67.743611759685,miscellaneous
3780,Unnamed,18.68201240930589,62.19290793970428,miscellaneous
3781,Unnamed,18.86230183390098,61.664175555822375,miscellaneous
3782,Unnamed,21.82875547951454,62.161186304219704,miscellaneous
3783,Unnamed,21.9106582383225,63.458318558863255,miscellaneous
3784,Unnamed,22.54441896840226,64.63306373680385,miscellaneous
3785,Lalakay Elementary School,21.582961706531023,59.66248114638286,special
3786,Unnamed,21.404354074358363,60.1416446370588,school
3787,Unnamed,21.82765393745426,60.158269209981505,school
3788,Unnamed,21.371586897089383,59.70175108511096,school
3789,Unnamed,21.836211258566728,60.020886702658686,school
3790,Unnamed,21.352536884171755,59.08528434034523,school
3791,Unnamed,21.681076380020787,59.65781223896198,school
3792,Unnamed,21.46832286057478,58.60273287534101,school
3793,Unnamed,21.698316444008167,58.939313745755285,school
3794,Unnamed,21.637434371180213,60.429772558873736,miscellaneous
3795,South Side Auto Detail,96.36931837955268,66.34001491421117,commercial
3796,Unnamed,69.8789763074514,55.67670474212383,residential
3797,Unnamed,90.73764473441943,67.31865951500076,residential
3798,Unnamed,87.20798820558466,67.17228298790693,commercial
3799,Unnamed,88.22623040884484,62.886751127884025,miscellaneous
3800,Unnamed,88.40033338885291,62.94909476004561,miscellaneous
3801,Unnamed,88.59570352262787,63.05497855527252,miscellaneous
3802,Unnamed,87.77655261728009,63.69711157371283,miscellaneous
3803,Unnamed,85.95545158445694,66.21190679756413,miscellaneous
3804,Unnamed,85.86774882805128,66.57556826879754,miscellaneous
3805,Unnamed,85.09885264885504,66.41107409482086,miscellaneous
3806,Unnamed,85.26800457098858,66.47101403050027,miscellaneous
3807,Unnamed,85.45856690937647,66.48610794205389,miscellaneous
3808,Unnamed,85.60927740597835,66.63071500404637,miscellaneous
3809,Unnamed,85.55335460645261,67.04149917102335,miscellaneous
3810,Unnamed,82.64237675443137,67.20837997195748,miscellaneous
3811,Unnamed,82.11817883797998,67.58835103252594,miscellaneous
3812,Unnamed,82.37384348596876,67.55864680502846,miscellaneous
3813,Unnamed,70.44008923326199,57.433231456637316,miscellaneous
3814,Unnamed,69.80968511085081,56.43313842029411,miscellaneous
3815,Unnamed,70.51853018412179,57.57379116025982,miscellaneous
3816,Unnamed,16.148036734285803,57.46666666604363,miscellaneous
3817,Unnamed,16.56747313547636,58.35662327677744,miscellaneous
3818,Unnamed,15.698764873939497,62.698194675233985,miscellaneous
3819,Unnamed,16.764100823078294,65.21099285553088,miscellaneous
3820,Unnamed,14.865336229244761,64.74517723596088,miscellaneous
3821,Unnamed,17.356999679077155,64.9918433129897,miscellaneous
3822,Unnamed,14.565771614507733,61.02214499659261,miscellaneous
3823,Unnamed,16.067954316788605,62.45901182883221,miscellaneous
3824,Splash Suites,14.618301498651215,62.41929302160983,miscellaneous
3825,Unnamed,15.672869277016016,55.98116100121078,miscellaneous
3826,Blue Garden,16.01609788027186,61.83399260974238,commercial
3827,Unnamed,17.006484758564074,65.02877770898641,miscellaneous
3828,Unnamed,16.836420686139316,62.000894287374706,miscellaneous
3829,Unnamed,16.791618027096884,66.04263097378814,miscellaneous
3830,Unnamed,14.60017297388907,64.41190283257829,miscellaneous
3831,Makiling Grand Ballroom,14.570127531499658,61.60158656836923,miscellaneous
3832,Unnamed,15.341655155974337,55.59773119621182,miscellaneous
3833,Unnamed,14.558848835201077,65.21508757792348,miscellaneous
3834,Unnamed,15.73191609023216,56.18602638597739,miscellaneous
3835,Unnamed,16.058137345726557,57.81910155690516,miscellaneous
3836,Unnamed,14.333990870763607,64.00292581161924,miscellaneous
3837,Unnamed,30.7339773174555,54.25842103107681,miscellaneous
3838,Unnamed,16.985439630634804,65.2060727201503,miscellaneous
3839,Unnamed,15.34398625805233,56.291157734946154,miscellaneous
3840,Unnamed,16.603720902521314,57.79878063171293,miscellaneous
3841,Unnamed,18.222923814021414,64.10982252528152,residential
3842,Unnamed,66.19360329647948,56.74605514444815,miscellaneous
3843,Unnamed,66.56891483795697,55.94548562960306,miscellaneous
3844,Unnamed,56.64101919109115,35.39489245715355,miscellaneous
3845,ASEAN Centre for Biodiversity,57.51673652838101,41.933101508795595,special
3846,Unnamed,56.77720623371901,38.87861983092053,miscellaneous
3847,Unnamed,82.93289987920333,53.65732414805166,miscellaneous
3848,Unnamed,86.4754085145352,57.543898077379566,miscellaneous
3849,Unnamed,84.66870891604171,56.605593271334556,miscellaneous
3850,Rainbow School,85.65632794925126,56.83269947030365,school
3851,Bradfield Hall,86.01061622357862,57.26250016319674,miscellaneous
3852,Unnamed,54.2033110560333,51.627242679455065,miscellaneous
3853,Unnamed,53.98751416556659,51.48622044019756,miscellaneous
3854,Unnamed,53.93364245617966,51.458703905709925,miscellaneous
3855,Unnamed,53.87976937582908,51.43121561950081,miscellaneous
3856,Unnamed,53.82582289514526,51.40380637734799,miscellaneous
3857,Unnamed,53.77187230157041,51.376318091138884,miscellaneous
3858,Unnamed,53.71797385585834,51.34878428671315,miscellaneous
3859,Unnamed,53.709706674345966,51.49719429621715,miscellaneous
3860,Unnamed,53.7632683307257,51.524628936255944,miscellaneous
3861,Unnamed,53.81706252684428,51.552227365195336,miscellaneous
3862,Unnamed,53.870932859473484,51.57985403529376,miscellaneous
3863,Unnamed,53.924807290607724,51.60747789668952,miscellaneous
3864,Unnamed,53.92379827330621,51.22808914047066,miscellaneous
3865,Unnamed,55.93496522405648,49.51228795696969,miscellaneous
3866,Unnamed,55.0278970190014,49.30569887084022,miscellaneous
3867,Unnamed,56.07068278322539,49.815082336681584,miscellaneous
3868,Unnamed,56.2408995588627,49.776322040119645,miscellaneous
3869,Unnamed,55.79999808711265,49.46010072956054,miscellaneous
3870,Unnamed,56.16434736923526,49.61682520924418,miscellaneous
3871,Unnamed,56.05138198375399,49.565468059526495,miscellaneous
3872,Unnamed,55.711873944830714,49.67021105836929,miscellaneous
3873,Unnamed,55.88945680265215,49.74465311150168,miscellaneous
3874,Unnamed,54.02795153893205,51.66606239051297,miscellaneous
3875,Unnamed,54.094705852137615,52.9899063272224,residential
3876,Unnamed,57.36479497491494,50.33665080093213,miscellaneous
3877,Unnamed,54.26054865486316,51.07746681620245,miscellaneous
3878,Unnamed,54.584927567051565,52.2159614902139,special
3879,Unnamed,63.006368914197886,70.52312330052747,miscellaneous
3880,Unnamed,64.17596805696284,70.24210108525466,commercial
3881,Unnamed,67.46047986902974,68.57808308027946,miscellaneous
3882,Unnamed,67.83343353762619,68.79370340979973,miscellaneous
3883,Unnamed,69.77231257683223,68.04978199698274,miscellaneous
3884,Unnamed,69.99385933135692,68.32683400686444,miscellaneous
3885,Unnamed,69.39699341603081,68.39234647247845,miscellaneous
3886,Unnamed,68.85962680584593,68.30423913557813,miscellaneous
3887,Unnamed,69.26952899768385,68.0464141860424,miscellaneous
3888,Unnamed,68.43172090269964,68.52689905035024,miscellaneous
3889,Unnamed,72.5279086459845,67.90081599628367,miscellaneous
3890,Unnamed,70.76238933047378,67.97116332701474,miscellaneous
3891,Unnamed,68.66495827459465,68.49889114917829,miscellaneous
3892,Unnamed,67.7205827926649,68.81540521542584,miscellaneous
3893,Unnamed,67.77464107489659,68.81549508469689,miscellaneous
3894,Unnamed,68.64813789920275,68.65506386129098,miscellaneous
3895,Unnamed,70.5545058724654,68.32596779519238,miscellaneous
3896,Unnamed,67.69443040530084,68.21009476155179,miscellaneous
3897,Unnamed,69.14325789682944,68.51223047380249,miscellaneous
3898,Unnamed,68.6067458231953,68.33690393126479,miscellaneous
3899,Unnamed,69.44263393785936,68.17847273895849,miscellaneous
3900,Unnamed,70.14074732305899,68.10645546367932,miscellaneous
3901,Unnamed,69.2265417772865,68.26753933390816,miscellaneous
3902,Unnamed,67.62961378247701,68.62951279354935,miscellaneous
3903,Unnamed,67.8398297188805,68.311434757972,miscellaneous
3904,Unnamed,68.3105154627437,68.73736825857587,miscellaneous
3905,Unnamed,72.08138874981515,68.00890179176021,miscellaneous
3906,Unnamed,69.42249527553575,68.2903059904183,miscellaneous
3907,Unnamed,68.81329494625102,68.66312102516616,miscellaneous
3908,Unnamed,69.24329820181639,68.17168757126882,miscellaneous
3909,Unnamed,66.97152628240612,68.98616311408279,miscellaneous
3910,Unnamed,68.98601815982178,68.37678652737902,miscellaneous
3911,Unnamed,67.78402017822623,68.51674413881034,miscellaneous
3912,Unnamed,68.46295874282647,68.33313678665883,miscellaneous
3913,Unnamed,68.01562977194918,68.76644031041427,miscellaneous
3914,Unnamed,69.36958526702836,68.58880786086515,miscellaneous
3915,Unnamed,69.20536287037822,68.3542188250432,miscellaneous
3916,Unnamed,68.73742085673659,68.06637309835656,miscellaneous
3917,Unnamed,68.15065785495868,68.4685083090074,miscellaneous
3918,Unnamed,70.40175811348945,68.40453246919549,miscellaneous
3919,Unnamed,69.11802322607181,68.65236134450834,miscellaneous
3920,Unnamed,72.24978279170764,67.97546648179953,miscellaneous
3921,Unnamed,70.66847968619425,68.25346081960174,miscellaneous
3922,Unnamed,72.90140024171048,67.81436876730403,miscellaneous
3923,Unnamed,68.15688863679289,68.72562587653907,commercial
3924,Unnamed,91.73854646403076,71.82586970923398,miscellaneous
3925,Hillside Village,83.46000606892324,44.898493058206384,residential
3926,Paciano Rizal Elementary School,77.94747814935776,26.975691954540682,school
3927,Putho Tuntungin Barangay Hall,79.61277480384608,26.532818381044045,special
3928,South Hill School,85.60547858409598,46.3884274834755,school
3929,The LEADS Center,73.18304805183284,24.817759348963456,miscellaneous
3930,Tuntungin Putho Pedicab Operators and Drivers Association,78.74981978169605,27.018861929236298,miscellaneous
3931,Unnamed,64.71222186230032,26.687758806717305,miscellaneous
3932,Unnamed,77.78600248058764,27.12116854714256,school
3933,Unnamed,77.89428518663766,26.850578300003143,school
3934,Unnamed,65.03074009217426,26.43080380723258,miscellaneous
3935,Unnamed,64.9136269845354,26.92820477543123,miscellaneous
3936,Unnamed,77.532574981036,27.02910952196198,school
3937,Unnamed,64.02292120905406,26.550125587593154,miscellaneous
3938,Unnamed,77.66845766715063,26.87017014843599,school
3939,Unnamed,64.15802781486167,26.288609137457176,miscellaneous
3940,Unnamed,83.56779200799332,38.05722125257826,residential
3941,Unnamed,78.74571157940042,32.96456263451205,miscellaneous
3942,Unnamed,80.39906922090059,35.30494216614212,miscellaneous
3943,Unnamed,74.1930133266524,27.224592506619633,miscellaneous
3944,Unnamed,72.60112108614808,27.846661818663886,miscellaneous
3945,Unnamed,81.39318166598963,31.405810083001956,miscellaneous
3946,Unnamed,78.06430415869757,26.65396722075275,school
3947,Unnamed,78.98225884397716,33.89339704647641,miscellaneous
3948,Unnamed,80.55225487173244,31.168841837758045,miscellaneous
3949,Unnamed,80.02685399819327,34.9898387995403,miscellaneous
3950,Unnamed,78.66192620466126,33.05511140226108,miscellaneous
3951,Unnamed,75.39289973003744,26.443100881261532,miscellaneous
3952,Unnamed,64.33758749959452,25.898185411237172,miscellaneous
3953,Unnamed,78.26606495922758,26.942151679150378,school
3954,Unnamed,90.13372586042998,35.11764956383351,miscellaneous
3955,Unnamed,80.02026196377385,34.83855328544186,miscellaneous
3956,Unnamed,85.84166756442325,35.05148507997413,miscellaneous
3957,Unnamed,85.51478434719303,35.33005567296612,miscellaneous
3958,Unnamed,64.5364475057129,26.50194417419465,miscellaneous
3959,Unnamed,72.78495599600883,27.693956185810727,miscellaneous
3960,Unnamed,64.71307210328237,26.280715990349783,miscellaneous
3961,Unnamed,79.83999331345322,26.65952983819243,miscellaneous
3962,Unnamed,77.2549155302093,27.25563892073259,miscellaneous
3963,Unnamed,78.70462955644419,33.602438489080804,miscellaneous
3964,Unnamed,78.03018676041508,27.230722865915002,school
3965,Unnamed,77.71519894619966,27.24251781429656,school
3966,Unnamed,80.22396678715864,35.03206986579839,miscellaneous
3967,Unnamed,80.46951376465024,35.6510626543939,miscellaneous
3968,Unnamed,81.19838306844267,31.19079955195634,miscellaneous
3969,Unnamed,79.12454466113836,35.546164240114464,miscellaneous
3970,Unnamed,84.89310031027948,39.688192693282275,residential
3971,Unnamed,83.76489588137682,37.43336823412154,residential
3972,Unnamed,83.01107924459835,31.84331238772235,miscellaneous
3973,Unnamed,80.77801487126953,33.68561074916786,miscellaneous
3974,Unnamed,79.53915665801323,28.507099199116197,school
3975,Unnamed,82.39624494119651,32.846373276181325,miscellaneous
3976,Unnamed,82.44254770928595,33.61666565642364,miscellaneous
3977,Unnamed,79.85781377686173,30.697246248038873,miscellaneous
3978,Unnamed,85.24208534749003,32.226274030661614,miscellaneous
3979,Unnamed,83.06038868028135,30.929251072073576,miscellaneous
3980,Unnamed,78.98051147450464,34.91513482667365,miscellaneous
3981,Unnamed,79.46901724973443,29.232424121268313,miscellaneous
3982,Unnamed,81.76322492331482,29.226900033087094,miscellaneous
3983,Unnamed,82.90390992341715,31.66227712425844,miscellaneous
3984,Unnamed,80.78570531632103,34.463312925236814,miscellaneous
3985,Unnamed,82.09082069659041,35.157767801607044,miscellaneous
3986,Unnamed,82.79701915048467,33.24071071278033,miscellaneous
3987,Unnamed,82.51541350993156,31.832781364755398,miscellaneous
3988,Unnamed,80.51196041913795,28.306331779608378,miscellaneous
3989,Unnamed,80.4758848525107,29.663970701442672,miscellaneous
3990,Unnamed,82.19472704242773,33.83830708170299,miscellaneous
3991,Unnamed,81.15474590382061,29.118471784090094,miscellaneous
3992,Unnamed,80.64224054719878,28.072640128873978,miscellaneous
3993,Unnamed,80.55758381896746,29.427869008195053,miscellaneous
3994,Unnamed,83.05692108064505,32.945235544812505,miscellaneous
3995,Unnamed,80.4066655194334,26.61954460135711,miscellaneous
3996,Unnamed,82.68268710533572,33.0726633057195,miscellaneous
3997,Unnamed,83.96568643408332,33.66238522493126,miscellaneous
3998,Unnamed,79.11924793542707,32.63813136524891,residential
3999,Unnamed,80.18428000270171,32.634609903986565,miscellaneous
4000,Unnamed,79.44736152644096,29.543258285262077,miscellaneous
4001,Unnamed,81.25954379912154,33.68036254839586,miscellaneous
4002,Unnamed,80.8764018242915,34.610420416181505,miscellaneous
4003,Unnamed,82.20032214504316,35.06417248936294,miscellaneous
4004,Unnamed,80.76722531108291,30.054842565776834,miscellaneous
4005,Unnamed,82.6639288986324,31.956523875508196,miscellaneous
4006,Unnamed,82.47238013804579,34.15557605266581,miscellaneous
4007,Unnamed,80.38875995850535,28.75633453554541,miscellaneous
4008,Unnamed,82.81067238889062,33.91639743409817,miscellaneous
4009,Unnamed,82.30310471572407,33.94303749783342,miscellaneous
4010,Unnamed,80.80771907952268,26.66761664226236,miscellaneous
4011,Unnamed,82.03754488490301,29.40930642298073,miscellaneous
4012,Unnamed,80.95331883508535,28.683129031329717,miscellaneous
4013,Unnamed,80.20756429656353,30.496105570117987,miscellaneous
4014,Unnamed,79.87691374491538,32.977826030278386,miscellaneous
4015,Unnamed,81.77260402668851,29.685427046785897,miscellaneous
4016,Unnamed,79.9668553338867,32.49669965375884,miscellaneous
4017,Unnamed,82.07885888090522,33.37157804048919,miscellaneous
4018,Unnamed,80.02041699031048,29.902611122575262,miscellaneous
4019,Unnamed,79.95590049756319,31.370408044575143,miscellaneous
4020,Unnamed,81.16567527218616,34.16267840705893,miscellaneous
4021,Unnamed,82.45882883679236,34.87098348680468,miscellaneous
4022,Unnamed,77.67254062080285,31.391943551796782,miscellaneous
4023,Unnamed,79.1842040396721,29.621958849676012,miscellaneous
4024,Unnamed,84.31023283430173,33.54535805890196,miscellaneous
4025,Unnamed,83.49489716812081,34.10714955590114,miscellaneous
4026,Unnamed,83.54884539944352,32.301387071998406,miscellaneous
4027,Unnamed,82.03056812558152,33.83166104870724,miscellaneous
4028,Unnamed,82.00661446169097,29.727056139955053,miscellaneous
4029,Unnamed,78.07272749259789,31.177413030604328,miscellaneous
4030,Unnamed,81.90109547787476,29.80614286697398,miscellaneous
4031,Unnamed,78.03049836922258,31.799723325356695,miscellaneous
4032,Unnamed,80.2314084246864,31.562829903029655,miscellaneous
4033,Metikuloso Carwash,79.96316677841655,30.136596024926888,miscellaneous
4034,Unnamed,81.19115439790573,33.59825030992653,miscellaneous
4035,Unnamed,82.04384717307855,33.55567151174307,miscellaneous
4036,Unnamed,81.25535810345123,32.442076057013224,miscellaneous
4037,Unnamed,80.42818804672139,32.11716916572041,miscellaneous
4038,Unnamed,79.06801793043607,29.584337139274563,miscellaneous
4039,Unnamed,78.95478840486675,29.890947978618954,miscellaneous
4040,Unnamed,83.09815813013792,34.439481640906294,miscellaneous
4041,Unnamed,79.39316757954387,27.833100087804436,miscellaneous
4042,Unnamed,80.43370807192484,27.450151200249078,miscellaneous
4043,Unnamed,78.87484865538357,30.42788211129977,miscellaneous
4044,Unnamed,81.94566683430618,33.66787740053899,miscellaneous
4045,Unnamed,81.67781934145852,29.80452615627991,miscellaneous
4046,Unnamed,82.09332828207533,33.18035650569763,miscellaneous
4047,Unnamed,81.44518805489122,29.16769034726166,miscellaneous
4048,Unnamed,77.82544843545872,31.538780211732558,miscellaneous
4049,Unnamed,81.5519757527471,29.903758827938958,miscellaneous
4050,Unnamed,80.55417323591047,31.879051727812328,miscellaneous
4051,Unnamed,78.93569655733299,31.747119772265624,miscellaneous
4052,Bahay ni Kuya,80.61533119086707,30.412240271754428,miscellaneous
4053,Unnamed,78.73315443275266,31.365245961788823,miscellaneous
4054,Unnamed,80.64931418648455,27.52662549251468,miscellaneous
4055,Unnamed,79.30016386301514,29.6668370071201,miscellaneous
4056,Unnamed,80.15428237460362,31.17254832591489,miscellaneous
4057,Unnamed,79.2288516721779,29.96534226965431,miscellaneous
4058,Unnamed,78.8160160979478,28.793105142644432,miscellaneous
4059,Unnamed,80.56618778979015,32.371810620731,miscellaneous
4060,Unnamed,79.09002543985795,29.933894801665943,miscellaneous
4061,Unnamed,78.2881748498946,29.645756114146675,miscellaneous
4062,Unnamed,81.33612691090846,27.273881239950892,miscellaneous
4063,Unnamed,81.86903468308475,32.97403507362212,miscellaneous
4064,Unnamed,79.97998091408418,33.74960329334206,miscellaneous
4065,Unnamed,81.55347406643313,26.33373297823906,miscellaneous
4066,Unnamed,79.1625139357909,31.47157056757574,miscellaneous
4067,Unnamed,81.89843790936045,28.84316738046,miscellaneous
4068,Unnamed,82.38426108941273,31.715180937595854,miscellaneous
4069,Unnamed,78.82562873611606,35.10157083130458,miscellaneous
4070,Unnamed,78.58090089858068,31.28254906799752,miscellaneous
4071,Unnamed,82.24838036065,31.59078327126106,miscellaneous
4072,Unnamed,80.51607380366744,28.005623115976203,miscellaneous
4073,Unnamed,79.36501810060558,30.021226560024694,miscellaneous
4074,Unnamed,81.03115989656692,29.46577333100173,miscellaneous
4075,Unnamed,81.63285640513043,29.169122777737318,miscellaneous
4076,Unnamed,80.68703094793575,29.45948026507528,miscellaneous
4077,Unnamed,82.29581847015439,34.92216751673098,miscellaneous
4078,Unnamed,82.61021525164162,32.968029090815115,miscellaneous
4079,Unnamed,79.62292903972671,29.770105905901218,miscellaneous
4080,Unnamed,78.20811846409615,29.834212390840502,miscellaneous
4081,Unnamed,81.40809550152838,26.710879838273282,miscellaneous
4082,Unnamed,81.99475700370337,33.61177445613813,miscellaneous
4083,Unnamed,80.64757670323971,26.509969830085062,miscellaneous
4084,Unnamed,80.51289070212565,29.54113889617268,miscellaneous
4085,Unnamed,81.79812221013432,32.1303238123573,miscellaneous
4086,Unnamed,80.57158784571429,26.92271798795054,miscellaneous
4087,Unnamed,78.50797126639073,32.733511442230004,miscellaneous
4088,Unnamed,80.6310663807889,29.623023477499306,miscellaneous
4089,Unnamed,79.37325707639643,31.230311258560995,miscellaneous
4090,Unnamed,79.16304969211413,31.76412679152058,miscellaneous
4091,Unnamed,78.9258266118204,32.85564483418036,miscellaneous
4092,Unnamed,80.2845768524661,29.854816347667164,miscellaneous
4093,Unnamed,81.89657199638441,33.72404649659053,miscellaneous
4094,Unnamed,80.8091143181101,28.639061686175403,miscellaneous
4095,Unnamed,81.3276291295609,29.858145662677078,miscellaneous
4096,Unnamed,79.75214724708415,29.66370735696165,miscellaneous
4097,Unnamed,82.84134725912037,34.61463397133959,miscellaneous
4098,Unnamed,80.80285684246975,32.02785678272384,miscellaneous
4099,Unnamed,82.8750560126545,32.111757307329164,miscellaneous
4100,Unnamed,80.9581783697118,33.41891606766579,miscellaneous
4101,Unnamed,81.00188922789425,34.769619293012006,miscellaneous
4102,Unnamed,80.4556117927213,34.10258729405618,miscellaneous
4103,Unnamed,82.11834657449326,31.44928068255062,miscellaneous
4104,Unnamed,81.9360681846599,32.405986810668466,miscellaneous
4105,Unnamed,82.42767463976955,31.280027167487447,miscellaneous
4106,Unnamed,80.53163490356371,28.52965906805942,miscellaneous
4107,Unnamed,79.94569580063605,28.698858206807813,school
4108,Unnamed,79.61753226160201,33.31896713176752,miscellaneous
4109,Unnamed,79.81086005435687,32.047371732762734,miscellaneous
4110,Unnamed,83.83952567064574,31.36500825714284,miscellaneous
4111,Unnamed,81.24466299726426,35.06549740702665,miscellaneous
4112,Unnamed,77.63899263363348,31.077332597687253,miscellaneous
4113,Unnamed,80.46788696435003,29.933765956680368,miscellaneous
4114,Unnamed,81.78729473975089,31.797470003482353,miscellaneous
4115,Unnamed,83.32533621321414,32.03124876040279,miscellaneous
4116,Unnamed,84.24808258973914,37.25689539921261,residential
4117,Unnamed,56.042235472772276,32.48242542240683,commercial
4118,Unnamed,84.39101495698203,37.08424481890969,residential
4119,Unnamed,84.5271497842454,36.94121493209336,miscellaneous
4120,Unnamed,84.03374633732132,37.48749045060695,miscellaneous
4121,Unnamed,83.78658138538079,37.70024239904255,residential
4122,PCARRD,38.06477752183171,64.04475177821948,special
4123,PCARRD,39.022162098156684,64.69878247519968,special
4124,Unnamed,35.39587800075005,59.45204225182569,special
4125,DOST Region IV Office,35.343062096352455,59.893802044448805,special
4126,Unnamed,35.092806615281056,60.40026730347876,miscellaneous
4127,Unnamed,35.11441508804603,60.79677349985777,miscellaneous
4128,Unnamed,35.16741747077717,61.13090262274995,miscellaneous
4129,Unnamed,34.77829098459381,61.131561049987404,miscellaneous
4130,Unnamed,34.69480366169742,61.509911628911276,miscellaneous
4131,Unnamed,35.419161360735124,61.482833765870524,miscellaneous
4132,Unnamed,35.13105785642681,61.6410008591292,miscellaneous
4133,Unnamed,35.77450320480601,61.77071909960164,miscellaneous
4134,Unnamed,36.19310721166578,61.404293234541775,miscellaneous
4135,Unnamed,38.559714782712284,63.91392058652783,miscellaneous
4136,Unnamed,37.814291791167456,63.53259089906304,miscellaneous
4137,Unnamed,38.0308458292479,65.26489740201397,special
4138,Unnamed,35.440497898217906,63.489185298294196,special
4139,Unnamed,35.769497295562694,64.01377792191543,special
4140,Unnamed,36.2917815800731,64.36862656459182,special
4141,Unnamed,36.02034134202422,64.18072327423357,special
4142,Unnamed,37.50445722495901,65.60787447287191,special
4143,Unnamed,36.44931274688037,66.87530084839327,special
4144,Unnamed,39.40554568080322,66.09046806876529,special
4145,Unnamed,39.70675705278,66.04721146901193,special
4146,Unnamed,39.35830732312954,65.62627565595912,special
4147,Unnamed,39.68089344874677,66.3690622430571,miscellaneous
4148,Unnamed,38.01824747486446,63.469302145488996,miscellaneous
4149,Unnamed,39.626091580338304,65.70932057090091,special
4150,Unnamed,40.14077956627183,66.29511155662067,miscellaneous
4151,Unnamed,39.012884252600195,67.59387560561193,special
4152,Unnamed,38.482733041349746,66.52728805781256,special
4153,Unnamed,36.24449849699522,66.5757638295141,special
4154,Unnamed,35.62839521855731,63.88973173421477,special
4155,St. Mark Chapel,28.329065667887036,32.660291518948824,special
4156,Bulwagang Sarimanok,24.615196415263792,28.097605538630283,miscellaneous
4157,Unnamed,23.518199865346933,28.69160912694347,miscellaneous
4158,Unnamed,24.076545885481313,29.180383986689456,residential
4159,Unnamed,24.17366998889677,29.321651909287667,residential
4160,Unnamed,23.94415325302187,29.378486656119986,residential
4161,Unnamed,23.879429688493666,29.59763619865826,residential
4162,Unnamed,23.65068808512571,29.664543962575827,residential
4163,Unnamed,24.593404242465127,29.659875979050078,residential
4164,Unnamed,24.24117830169883,29.624961563726504,residential
4165,Unnamed,24.293454401123384,29.805072098031072,residential
4166,Unnamed,24.069285802119584,29.800241070939553,residential
4167,Unnamed,24.1836691982628,29.92087358445733,residential
4168,Unnamed,23.89120613799361,29.858359993521187,residential
4169,Unnamed,23.991854653973892,30.0006625299211,residential
4170,Unnamed,23.57441504626164,30.13969554920024,residential
4171,Unnamed,23.78103265359033,30.133613053897545,residential
4172,Unnamed,23.42791500207446,30.327970884886224,residential
4173,Unnamed,24.30000810189599,30.056299774690824,residential
4174,Unnamed,24.380940421720997,30.234611214298496,residential
4175,Unnamed,24.163548612589832,30.251261339579948,residential
4176,Unnamed,23.942241738507068,30.3366501312617,residential
4177,Unnamed,24.067760435352557,30.439759511952218,residential
4178,Unnamed,23.770756110764378,30.47423436880554,residential
4179,Unnamed,23.573929276952708,30.561892783552118,residential
4180,Unnamed,24.154291676179074,30.663738121212496,residential
4181,Unnamed,23.963236993694725,30.776480152321074,residential
4182,Unnamed,23.863565718179707,30.635232906074588,residential
4183,Unnamed,23.687872315554245,30.69661028744927,residential
4184,Unnamed,23.410552033892447,28.84494432814691,miscellaneous
4185,Unnamed,23.50835960557096,47.811094251498794,commercial
4186,Unnamed,29.719153423116186,34.596970338800254,miscellaneous
4187,Unnamed,29.759817440834386,34.420564023448044,miscellaneous
4188,Unnamed,74.04487714394827,32.693831729728416,special
4189,Dairy Farm Calf Barn,73.83029506216806,32.986099174926174,miscellaneous
4190,Dairy Production Building,74.39044496887671,32.69516435460662,miscellaneous
4191,Unnamed,73.97779697378269,32.254143216159335,special
4192,SEARCA Residence Hotel,59.909927570556,42.36538847852267,commercial
4193,Unnamed,34.36831778122167,60.14189135197141,school
4194,Unnamed,34.26427055960298,59.70568996460973,school
4195,Unnamed,34.54098978221638,69.1084315247739,miscellaneous
4196,Unnamed,34.622090813760806,59.47097762518877,school
4197,Unnamed,34.74784543069701,69.62796783945943,school
4198,Unnamed,31.726173589352857,68.26000504469917,miscellaneous
4199,Unnamed,33.59594822735614,59.919710683294845,school
4200,Unnamed,33.41051084196372,68.57013940920326,school
4201,Unnamed,33.61540405327605,59.27487380065315,school
4202,Unnamed,33.26318384123448,68.77241860510983,school
4203,Unnamed,33.7704623488835,59.28005760065888,school
4204,Unnamed,35.085752909428194,69.49341732428049,school
4205,Unnamed,33.63237945527069,59.77279204379061,school
4206,Unnamed,34.03860048464213,69.28237522716579,school
4207,Unnamed,34.30488441998839,59.381746055145456,school
4208,Unnamed,32.63987153217896,68.30719115498421,school
4209,Unnamed,33.43098780057818,69.23564467460778,school
4210,Unnamed,34.9283486408956,69.1346369947733,school
4211,Unnamed,33.919285758423726,59.61482236231195,school
4212,Unnamed,33.90447656140651,60.01541463137365,school
4213,Unnamed,33.515024393406335,59.5630603627585,school
4214,Unnamed,33.08893405331187,69.0712514454394,school
4215,Unnamed,33.37643070082524,59.85935447520019,school
4216,Unnamed,32.68547758238937,68.90238509390473,school
4217,Unnamed,34.92634446434941,69.32097194547315,school
4218,Unnamed,34.00281528126954,59.30468337968797,school
4219,Unnamed,83.67648449504145,55.217003908004244,commercial
4220,Unnamed,83.10814345194815,55.40794007267645,commercial
4221,Unnamed,84.49427605263062,55.74687130996221,commercial
4222,Unnamed,85.07312138723005,56.36375499336064,commercial
4223,Unnamed,85.34108155784827,57.12383423252945,commercial
4224,Unnamed,85.62285802144451,55.44999944984269,commercial
4225,Unnamed,84.72612390448482,54.286471324481525,commercial
4226,Unnamed,84.39487730429369,53.8496123116872,commercial
4227,Unnamed,82.07870385441264,55.9598684447565,miscellaneous
4228,Unnamed,82.25234447574299,55.958214950320375,miscellaneous
4229,Unnamed,82.7980268226644,66.7063854738939,miscellaneous
4230,Mercury Drug,66.15667870447413,60.30314201101423,commercial
4231,Unnamed,66.17848950636252,60.312845796027744,miscellaneous
4232,Unnamed,61.283795567860466,75.43070135523392,transport
4233,Unnamed,61.207114363016835,74.98062696011114,miscellaneous
4234,Unnamed,61.24523068699514,75.1919426252974,miscellaneous
4235,Unnamed,52.42093612764109,72.72060981888119,miscellaneous
4236,Unnamed,69.8043601787791,69.10792412801273,miscellaneous
4237,Unnamed,69.67699194187247,69.41959182024252,miscellaneous
4238,Unnamed,70.88798075118119,68.67174002212812,miscellaneous
4239,Unnamed,75.4206191567056,67.82903878028007,miscellaneous
4240,Unnamed,52.46463756336184,73.5755239410587,miscellaneous
4241,Unnamed,52.202616537316146,72.81947843064266,miscellaneous
4242,Unnamed,47.076642735932296,74.89093094538937,miscellaneous
4243,Unnamed,55.25410590275604,71.38852518759681,miscellaneous
4244,Unnamed,47.73700064030028,74.88231767838579,miscellaneous
4245,Unnamed,51.777025021241954,73.83378750247563,miscellaneous
4246,Unnamed,47.5735251941405,74.87240845019822,miscellaneous
4247,Unnamed,75.5486660846298,67.73575213822818,miscellaneous
4248,Unnamed,52.37475620109129,73.23932350678822,miscellaneous
4249,Unnamed,53.575584243154154,72.75163393378077,miscellaneous
4250,Unnamed,52.0283690212762,72.892311281267,miscellaneous
4251,Unnamed,52.18182067519099,73.36616315772635,miscellaneous
4252,Unnamed,48.9534160864986,74.85185294377771,commercial
4253,Unnamed,51.86911904285489,72.98856989148094,miscellaneous
4254,Unnamed,51.74314060249501,73.57303352130653,miscellaneous
4255,Unnamed,76.56495377882639,67.10398301836489,miscellaneous
4256,Unnamed,76.63619151459383,67.09777699417668,miscellaneous
4257,Unnamed,52.565469215216446,73.18341972998623,miscellaneous
4258,Unnamed,54.72204135733006,72.18582377360883,miscellaneous
4259,Unnamed,53.04084483238006,72.89383858932038,miscellaneous
4260,Unnamed,52.45347515236512,73.31117288327115,miscellaneous
4261,Unnamed,51.15192442148607,74.1918655882808,miscellaneous
4262,Unnamed,54.44303228069032,72.25141899528948,miscellaneous
4263,Unnamed,53.305834485842,72.76928395422958,miscellaneous
4264,Unnamed,73.50225020968219,67.64776215231798,miscellaneous
4265,Unnamed,52.497604589263915,73.37923102190578,miscellaneous
4266,Unnamed,51.23115725226571,74.05745010535423,miscellaneous
4267,Unnamed,51.88331950146642,72.70349449123864,miscellaneous
4268,Unnamed,52.611651693459436,73.42997519802681,miscellaneous
4269,Phoenix,70.65385065197904,68.79298781020687,commercial
4270,Unnamed,74.94014636800291,68.32900741679184,miscellaneous
4271,University of the Philippines Los Baños Limnological Research Station,53.01322569889765,89.60557657837718,special
4272,Unnamed,46.551636662677524,83.45928083514347,miscellaneous
4273,Mayondon Sports Complex,51.621578098475894,90.28546268357017,miscellaneous
4274,Unnamed,47.86719514001447,82.99273075670382,miscellaneous
4275,Unnamed,47.550803646675405,84.1361512243706,miscellaneous
4276,Unnamed,47.18013734423471,83.64801022619365,miscellaneous
4277,Unnamed,48.162466827493006,83.42969662355543,miscellaneous
4278,Unnamed,47.75746932281483,84.35278235818807,miscellaneous
4279,Unnamed,52.4618703873262,88.38396065556128,miscellaneous
4280,Unnamed,52.551801706539294,88.71622182339316,miscellaneous
4281,Unnamed,49.15075735778485,85.03825429657991,miscellaneous
4282,Unnamed,48.08294227899595,83.14948029783336,miscellaneous
4283,Unnamed,46.0705860805523,82.08609677773265,miscellaneous
4284,Unnamed,49.537607792018974,85.17825957491311,miscellaneous
4285,Unnamed,49.318640747520924,84.90769771105478,miscellaneous
4286,Unnamed,52.84507379928378,89.4910396617881,miscellaneous
4287,Unnamed,46.85919613824158,82.82215975453525,miscellaneous
4288,Unnamed,46.46841783492046,82.8474830444986,miscellaneous
4289,Unnamed,49.08185554319905,86.06000897563494,miscellaneous
4290,Unnamed,48.12427275379205,84.16400639670371,miscellaneous
4291,Unnamed,47.459611998177444,82.85733988343245,miscellaneous
4292,Unnamed,47.9827176456188,83.62340346774263,miscellaneous
4293,Unnamed,46.89319139106299,83.56706008759463,miscellaneous
4294,Unnamed,48.40987334215341,83.70192406895933,miscellaneous
4295,Unnamed,49.61125116849624,85.55599175873289,miscellaneous
4296,Unnamed,31.786401385309937,69.32995600630238,miscellaneous
4297,Unnamed,32.36646710072714,69.56637213160009,transport
4298,Unnamed,32.04442148693446,69.37185000332656,miscellaneous
4299,Unnamed,32.16257319188663,69.84105925554614,miscellaneous
4300,Unnamed,32.12513429172626,69.14192635396584,miscellaneous
4301,Unnamed,62.35827456726154,58.88924373214889,residential
4302,DPS Apartment,63.17878004759462,62.07513019527086,miscellaneous
4303,Unnamed,63.396578149444196,64.39076426098039,miscellaneous
4304,Unnamed,62.64879570143743,64.1578935020782,miscellaneous
4305,Unnamed,62.32972276611215,64.19214402940221,miscellaneous
4306,Unnamed,63.86347746145138,61.1609848298747,miscellaneous
4307,Unnamed,63.61854991636681,62.66958368507297,miscellaneous
4308,Unnamed,62.66938189776771,63.470163977033344,miscellaneous
4309,Unnamed,63.40281621141938,63.59390508760991,miscellaneous
4310,Unnamed,63.50894921847162,63.37996751801792,miscellaneous
4311,Unnamed,63.624202011900685,63.178505645283046,miscellaneous
4312,Unnamed,64.07477858339104,63.266900557210704,miscellaneous
4313,Unnamed,63.71645587454952,62.9824430486431,miscellaneous
4314,Unnamed,64.16194464175385,63.087096854903514,miscellaneous
4315,Teodoro Dormitory,62.99798308671771,62.76717099487566,miscellaneous
4316,Unnamed,63.91721041851949,62.41485704284402,miscellaneous
4317,Unnamed,63.862241801251166,62.709803633280316,miscellaneous
4318,Unnamed,62.9866602164186,62.980385319297525,miscellaneous
4319,Unnamed,63.96263106872768,63.54169260610686,miscellaneous
4320,Unnamed,63.81777148336648,62.818038109148155,miscellaneous
4321,Unnamed,63.389216883169276,62.157696882960046,miscellaneous
4322,Unnamed,63.80472241730596,63.89142761677549,miscellaneous
4323,Unnamed,62.81224275289728,63.10761585607986,miscellaneous
4324,Unnamed,63.20557362598899,62.330246959999535,miscellaneous
4325,Unnamed,63.886905853487086,63.69542331266801,miscellaneous
4326,Unnamed,66.58268175813359,59.81094486735164,miscellaneous
4327,Unnamed,66.72571724781884,59.8141072363399,miscellaneous
4328,Rhoda Subdivision,55.42771843453218,66.68526650179565,residential
4329,Unnamed,65.02862332833715,65.39175910091193,miscellaneous
4330,Unnamed,66.60935469943534,59.08315525429195,miscellaneous
4331,Unnamed,66.74689486549693,57.48782627236785,residential
4332,Unnamed,57.269711137546345,96.13781706560393,miscellaneous
4333,Unnamed,57.811625576769764,98.68892726145846,miscellaneous
4334,Unnamed,55.336799135469484,96.20439917138917,residential
4335,R. M. Cadapan's Canteen,62.618801040022774,53.86481509799268,commercial
4336,Unnamed,66.1586171304573,56.3851401180665,miscellaneous
4337,Unnamed,66.26384136796669,56.57150790384423,miscellaneous
4338,Unnamed,66.22592632207638,56.4185592473588,miscellaneous
4339,Unnamed,61.74947160678577,52.14963201094401,miscellaneous
4340,Unnamed,63.344913813005164,54.06368439845552,miscellaneous
4341,Unnamed,65.72516283131081,57.02654036025072,miscellaneous
4342,Unnamed,66.15621298718877,56.51412168937004,miscellaneous
4343,Unnamed,66.37380996126507,56.622893519393536,miscellaneous
4344,Unnamed,62.32849372268976,54.16453635279349,miscellaneous
4345,Lorenzo Meneses Building,37.061558833649585,75.60673201060781,miscellaneous
4346,Unnamed,35.070288273140044,76.1577320450344,miscellaneous
4347,Unnamed,35.46187568747552,74.80232312079765,miscellaneous
4348,Unnamed,35.55098744127761,75.29293644007703,miscellaneous
4349,Unnamed,36.84841103630854,73.83190791680838,miscellaneous
4350,Unnamed,35.12520416034317,75.51779584754425,miscellaneous
4351,Unnamed,35.37358179151533,75.01216314884356,miscellaneous
4352,Unnamed,35.70962696041769,74.97094997247612,miscellaneous
4353,Unnamed,35.46637124721867,75.46303490299093,miscellaneous
4354,Unnamed,37.309966867543935,75.55288499104041,miscellaneous
4355,Unnamed,38.029919209859365,75.62297185296633,residential
4356,Unnamed,89.28340549819605,57.59202479109257,commercial
4357,Unnamed,89.88064798562951,56.973681314223455,commercial
4358,Unnamed,89.76756412685621,56.86786132812104,commercial
4359,Unnamed,89.44447803352261,56.53910787462717,commercial
4360,Unnamed,87.59687218534575,56.752442911382104,commercial
4361,Unnamed,89.80387201846813,57.349028436331075,commercial
4362,Unnamed,89.5444704130739,59.07327877915254,miscellaneous
4363,Unnamed,89.17418214986778,58.38917822365484,miscellaneous
4364,A.B.L.E. Center,58.292998000779804,68.39338206010478,miscellaneous
4365,De Guzman Building,56.427631303576966,68.66374467276923,miscellaneous
4366,Diaz Auto Care,56.58464432670334,69.31247169704156,commercial
4367,Unnamed,57.16268946172852,68.5939706031684,miscellaneous
4368,Unnamed,57.24252811014217,68.31184423020456,miscellaneous
4369,Unnamed,57.627580745867704,68.9108636911358,miscellaneous
4370,Unnamed,57.612731396446215,68.17655460230192,miscellaneous
4371,Unnamed,57.6503200622381,67.71103097415066,miscellaneous
4372,Unnamed,55.63078448403904,67.15890543914385,miscellaneous
4373,Unnamed,55.504234941343654,67.8402327441833,miscellaneous
4374,Unnamed,57.80113395470401,68.20413828321018,miscellaneous
4375,Unnamed,58.06897439119745,68.34255464816789,miscellaneous
4376,Unnamed,57.63187716944708,68.5214121223448,miscellaneous
4377,Residencia Estrellita,56.94386955450235,68.45032774157998,miscellaneous
4378,Unnamed,56.592833196757056,68.25300834387603,miscellaneous
4379,Unnamed,58.974875894401535,68.81980638976852,miscellaneous
4380,Unnamed,55.97131079557944,67.03109695974884,miscellaneous
4381,Unnamed,56.11992730914287,67.14519379884928,miscellaneous
4382,Unnamed,56.73527463221858,67.72207048727995,miscellaneous
4383,Unnamed,58.41801655994292,68.6045349869496,miscellaneous
4384,Unnamed,55.09590322293836,65.68188803273978,miscellaneous
4385,Unnamed,58.00135047967688,69.1322926182466,miscellaneous
4386,Unnamed,56.50611994652439,67.68545473847341,miscellaneous
4387,Unnamed,56.308804027381264,67.2101725007194,miscellaneous
4388,Unnamed,57.13881538050579,68.87167467594139,miscellaneous
4389,Unnamed,56.914308993148445,67.83570603376633,miscellaneous
4390,Unnamed,57.02885258530645,68.19269271017981,miscellaneous
4391,Unnamed,56.120811184206076,67.5453646206827,miscellaneous
4392,Unnamed,57.80673264764484,69.77501468139744,miscellaneous
4393,Unnamed,58.62451186030426,68.60920297047826,miscellaneous
4394,Unnamed,59.2323270121742,68.85589622587554,miscellaneous
4395,Unnamed,56.057897350527284,67.97964890529312,miscellaneous
4396,Unnamed,57.309069968832524,69.55344135954658,miscellaneous
4397,Unnamed,58.49479834831346,68.96969330945669,miscellaneous
4398,Unnamed,55.684902795026645,67.94910304310984,miscellaneous
4399,Unnamed,57.79953833103861,69.38695454202947,miscellaneous
4400,PLDT Los Baños,58.01072863351008,69.54437638827049,commercial
4401,Unnamed,58.48545671943759,68.44587592987756,miscellaneous
4402,Unnamed,56.47683968436653,68.45478007011289,miscellaneous
4403,Unnamed,57.95961876329221,69.00331945721186,miscellaneous
4404,Unnamed,57.244938891558206,68.00930662558223,miscellaneous
4405,Unnamed,57.37490432714565,69.80441526093996,miscellaneous
4406,Unnamed,55.88484840834672,67.90418684550754,miscellaneous
4407,Unnamed,59.07946552232139,69.4347763844463,miscellaneous
4408,Unnamed,58.66598144951396,69.06363526178738,miscellaneous
4409,Unnamed,57.685594318266375,69.08033761412516,miscellaneous
4410,Unnamed,57.02006508012013,67.60951744516018,miscellaneous
4411,Unnamed,57.72063382490955,69.21055340787662,miscellaneous
4412,Unnamed,55.56462856836618,67.41538818105185,miscellaneous
4413,Unnamed,57.132229071220095,69.08004407411201,miscellaneous
4414,Unnamed,55.27141122256546,66.76424455325994,miscellaneous
4415,Unnamed,55.780117587096555,66.86516729112736,miscellaneous
4416,Unnamed,58.80300280703344,68.70672417446035,miscellaneous
4417,Unnamed,55.94409664853358,67.42641134831567,miscellaneous
4418,Unnamed,56.765830789309256,69.14866405211787,miscellaneous
4419,Unnamed,56.792868766068985,68.85543281676661,miscellaneous
4420,Unnamed,56.253566060362935,68.04720881346543,miscellaneous
4421,Unnamed,57.10540033634261,69.36092215474312,miscellaneous
4422,Bayog Elementary School,67.48222396524088,90.61190280165316,school
4423,Maquiling Builders Depot Corporate Office,42.03038669273798,73.71478544001249,miscellaneous
4424,Seaoil,41.99450896128,74.24059278477387,commercial
4425,Pilot Food Processing Plant,67.01354502679023,40.68821783311596,miscellaneous
4426,Unnamed,66.95681132177037,41.121075698625184,miscellaneous
4427,Unnamed,67.21900522034304,40.178425173414794,miscellaneous
4428,Unnamed,67.16167745801518,40.399248344007404,miscellaneous
4429,Unnamed,62.26667818816828,59.1732318253334,miscellaneous
4430,Unnamed,67.03222904951016,54.19755340729008,miscellaneous
4431,Unnamed,66.78836247056552,56.17598789272839,miscellaneous
4432,Unnamed,66.83356790073638,54.23401674985166,miscellaneous
4433,Unnamed,66.95563606594764,54.41222716864971,miscellaneous
4434,Unnamed,66.97738842001736,55.58321766584465,miscellaneous
4435,Unnamed,67.07950224089677,55.62377363063777,miscellaneous
4436,Unnamed,66.89977884752561,55.54425105376942,miscellaneous
4437,Unnamed,66.5403332456766,56.16259640528618,miscellaneous
4438,ES Plaza,66.96906897537816,54.21161614844958,commercial
4439,Unnamed,81.280007317247,66.61278011995674,miscellaneous
4440,Unnamed,82.10441227652747,62.47702042287422,miscellaneous
4441,Audit Office,64.42427761669329,45.586864748587764,miscellaneous
4442,Unnamed,50.91565016818762,60.293423546409166,miscellaneous
4443,Unnamed,50.14339951414839,61.39135391176745,miscellaneous
4444,Unnamed,50.51276994995624,61.07382351945766,miscellaneous
4445,Unnamed,53.164201176671476,59.90723454884683,miscellaneous
4446,Unnamed,53.33860573434216,60.04862686134027,miscellaneous
4447,Unnamed,50.30470458925789,61.460800403581636,miscellaneous
4448,Unnamed,52.46837984241074,60.14832277780727,miscellaneous
4449,Unnamed,51.369234105112525,59.54807412872223,miscellaneous
4450,Unnamed,51.32520108183445,60.517187838505684,miscellaneous
4451,Unnamed,53.83625857858853,60.38188363586608,miscellaneous
4452,Unnamed,52.64358942162327,59.14679088416707,miscellaneous
4453,Unnamed,52.92410987659617,59.10535229353938,miscellaneous
4454,Unnamed,52.02797918305194,60.291675265584075,miscellaneous
4455,Unnamed,53.01402524762213,60.09422775173846,miscellaneous
4456,Unnamed,52.56350426224279,59.94776249306278,miscellaneous
4457,Unnamed,52.194684266653724,59.86746161786667,miscellaneous
4458,Unnamed,51.5633521271452,59.232287407034335,miscellaneous
4459,Unnamed,49.99640704435156,61.24484011671937,miscellaneous
4460,Unnamed,52.38622624571773,59.613916641030826,miscellaneous
4461,Unnamed,51.72626357627568,59.568407242029245,miscellaneous
4462,Unnamed,51.16487504294774,60.43979327526385,miscellaneous
4463,Unnamed,51.818009760875825,59.35957557611937,miscellaneous
4464,Unnamed,52.511506842126956,59.41655119549848,miscellaneous
4465,Unnamed,51.69792762226436,60.75445463845573,miscellaneous
4466,Unnamed,51.465748421047586,61.07301730990826,miscellaneous
4467,Unnamed,52.81804605615213,59.22975045044371,miscellaneous
4468,Unnamed,53.94355801715436,60.52750710108881,miscellaneous
4469,Unnamed,52.91201780942614,60.247452263724895,miscellaneous
4470,Unnamed,51.34299458493277,59.296330145999285,miscellaneous
4471,Unnamed,52.53955411027078,61.806109225571916,miscellaneous
4472,Unnamed,52.1737816080005,61.90532346668864,miscellaneous
4473,Unnamed,52.55243383856858,62.78175784794697,miscellaneous
4474,Unnamed,51.94576504684581,61.97133335546992,miscellaneous
4475,Unnamed,51.26428296394152,62.019016701831355,miscellaneous
4476,Unnamed,51.64596809176879,62.23863395347059,miscellaneous
4477,Unnamed,52.047590035508506,61.74178025426752,miscellaneous
4478,Unnamed,55.51685320486025,64.20163979246611,miscellaneous
4479,Unnamed,52.55780689465966,60.93767223969404,miscellaneous
4480,Unnamed,54.926819739848995,63.83418339770187,miscellaneous
4481,Unnamed,55.64076842135882,63.826485235197126,miscellaneous
4482,Unnamed,55.39016941058562,63.50349596795791,miscellaneous
4483,Unnamed,54.776211493344164,64.10689190915956,miscellaneous
4484,Unnamed,56.127713760028854,63.98491814066354,miscellaneous
4485,Unnamed,52.18889669190797,61.530410684278955,miscellaneous
4486,Unnamed,51.97887400207617,61.8498508612824,miscellaneous
4487,Unnamed,55.08008062748415,63.91994892504731,miscellaneous
4488,Unnamed,50.92347546440293,61.80180023608762,miscellaneous
4489,Unnamed,50.48195046356935,61.56356469438889,miscellaneous
4490,Unnamed,52.10998820249385,61.65587297843413,miscellaneous
4491,Unnamed,52.324875586362275,62.5924444838875,miscellaneous
4492,Unnamed,54.5314709288906,63.99724127852827,miscellaneous
4493,Unnamed,52.388486121110745,61.17509762332178,miscellaneous
4494,Unnamed,55.371874645429656,64.50553935383849,miscellaneous
4495,Unnamed,52.10308952317762,62.5151095256337,miscellaneous
4496,Unnamed,55.358631664301186,64.12867778345917,miscellaneous
4497,Unnamed,51.69033146212772,61.54941019618605,miscellaneous
4498,Unnamed,55.88170547756067,64.40498769945538,miscellaneous
4499,Unnamed,52.725173161061655,60.60127215934985,miscellaneous
4500,Unnamed,55.189744686856955,64.40056539926742,miscellaneous
4501,Unnamed,56.61588913808021,61.86031440953227,miscellaneous
4502,Unnamed,56.277829034565386,62.18739364950101,miscellaneous
4503,Unnamed,55.89369193593788,61.01040828465175,miscellaneous
4504,Unnamed,56.28478768275836,61.60672726097861,miscellaneous
4505,Unnamed,56.45305564983561,61.71450940312059,miscellaneous
4506,Unnamed,55.74729586384686,61.22398950568629,miscellaneous
4507,Unnamed,56.08021691306963,61.12642537286529,miscellaneous
4508,Unnamed,58.41987687796399,62.140442426567624,miscellaneous
4509,Unnamed,55.88426341482037,61.33492863717643,miscellaneous
4510,Unnamed,56.07502216037664,62.03815461052545,miscellaneous
4511,Unnamed,56.572667518407904,61.0135471537764,miscellaneous
4512,Unnamed,57.01587936457821,61.817205040768556,miscellaneous
4513,Unnamed,56.61274978946825,61.46470599664106,miscellaneous
4514,Unnamed,57.87704515243565,61.862763760365404,miscellaneous
4515,Unnamed,56.904208977878724,62.623873778760995,miscellaneous
4516,Unnamed,58.294409297509006,62.26897978301563,miscellaneous
4517,Unnamed,58.15147386541436,62.4917681869765,miscellaneous
4518,Unnamed,57.6725716261278,61.76700374421671,miscellaneous
4519,Unnamed,56.60047745000417,64.4286015108278,miscellaneous
4520,Unnamed,56.012908310592614,64.95416926431434,miscellaneous
4521,Unnamed,56.61986423255879,65.14307502376542,miscellaneous
4522,Unnamed,56.89841954271565,64.99387799129022,miscellaneous
4523,Unnamed,56.445765092240386,65.05514847728142,miscellaneous
4524,Unnamed,56.80209781860312,64.06021207386132,miscellaneous
4525,Unnamed,54.90629088403583,65.91533679156258,miscellaneous
4526,Unnamed,51.23062012938494,58.40673467742199,miscellaneous
4527,Unnamed,50.2861511790601,59.91888801569352,miscellaneous
4528,Unnamed,50.548045624600356,59.43539362126096,miscellaneous
4529,Unnamed,49.68979196994721,60.744551562382675,miscellaneous
4530,Unnamed,49.883676536165,59.75648907058484,miscellaneous
4531,Unnamed,49.29904767218708,60.1707990605058,miscellaneous
4532,Unnamed,50.69957485517872,59.69574994665591,miscellaneous
4533,Unnamed,49.74093501572355,60.901511295677246,miscellaneous
4534,Unnamed,49.63828937979364,60.52352901543635,miscellaneous
4535,Unnamed,50.388191926011515,59.76956228184734,miscellaneous
4536,Unnamed,49.43245536009239,60.52764875553961,miscellaneous
4537,Unnamed,49.60890809459858,55.626499977678236,miscellaneous
4538,Unnamed,49.047172907124356,56.61536831245194,miscellaneous
4539,Unnamed,48.81571781360519,56.435930528780965,miscellaneous
4540,Unnamed,49.42307019092594,58.20732533462293,miscellaneous
4541,Unnamed,48.900670999545724,55.67343889303088,miscellaneous
4542,Unnamed,49.840684333461375,57.54518707948863,miscellaneous
4543,Unnamed,50.0007751324739,58.34569939496092,miscellaneous
4544,Unnamed,49.66160305268218,57.9376188603176,miscellaneous
4545,Unnamed,49.98829549907243,57.040383790138016,miscellaneous
4546,Unnamed,49.2887418312087,55.43970018039376,miscellaneous
4547,Unnamed,44.958790065741944,64.13258192966273,miscellaneous
4548,Unnamed,43.71324172593478,64.87883763111383,miscellaneous
4549,Unnamed,43.75250949150418,64.7088979955549,miscellaneous
4550,Unnamed,44.820687052009006,65.17298498123264,miscellaneous
4551,Unnamed,44.240827200126986,65.01253462789313,miscellaneous
4552,Unnamed,44.30138082105567,64.76081907550912,miscellaneous
4553,Unnamed,44.450964088280735,67.8781564835971,miscellaneous
4554,Unnamed,44.97962176632918,68.84252025249438,miscellaneous
4555,Unnamed,44.84352167674739,67.02216489659287,miscellaneous
4556,Unnamed,44.61662721241462,68.8071418510082,miscellaneous
4557,Unnamed,44.4678792839529,68.59609985881208,miscellaneous
4558,Unnamed,46.77568130270606,68.68233471243792,miscellaneous
4559,Unnamed,46.055032319816945,68.74788287579452,miscellaneous
4560,Unnamed,46.28997839445716,68.51195225186525,miscellaneous
4561,Unnamed,46.41909420803404,68.95826218033874,miscellaneous
4562,Unnamed,44.239665957258175,68.34675967049844,miscellaneous
4563,Unnamed,44.96879774186062,67.69690682199581,miscellaneous
4564,Unnamed,45.70089495151262,69.36631877172023,miscellaneous
4565,Unnamed,44.88799444123935,68.359481419062,miscellaneous
4566,Unnamed,44.47400283080623,67.6784725702755,miscellaneous
4567,Unnamed,44.56640241874229,67.43431628111666,miscellaneous
4568,Unnamed,45.027421085987825,69.15063983559835,miscellaneous
4569,Unnamed,45.65172877448377,69.63095435126488,miscellaneous
4570,Unnamed,44.99200091714792,68.15631696822594,miscellaneous
4571,Unnamed,45.14883319302274,67.80499949224816,miscellaneous
4572,Unnamed,45.165570083159814,69.21549794214866,miscellaneous
4573,Unnamed,44.58027349776839,67.77445286319414,miscellaneous
4574,Unnamed,44.469119496003664,69.14872359313527,miscellaneous
4575,Unnamed,45.587274927175834,68.26239539768193,miscellaneous
4576,Unnamed,44.91951691849573,70.74648925041734,miscellaneous
4577,Unnamed,44.986435681338534,66.84953323060236,miscellaneous
4578,Unnamed,44.66614049662683,69.87471075557838,miscellaneous
4579,Unnamed,44.53094859564121,68.94562406108591,miscellaneous
4580,Unnamed,44.671580833239396,67.50005406000302,miscellaneous
4581,Unnamed,43.95268500045159,69.01184749100118,miscellaneous
4582,Unnamed,44.38439751272136,68.04716137464601,miscellaneous
4583,Unnamed,44.8834546118168,69.5251480948947,miscellaneous
4584,Unnamed,44.73310100629387,69.7080572824547,miscellaneous
4585,Unnamed,45.53968826777608,69.07405158523594,miscellaneous
4586,Unnamed,44.047524924370165,68.7041186355707,miscellaneous
4587,Unnamed,45.77315222258051,68.94049181041207,miscellaneous
4588,Unnamed,45.28590239953171,68.340687142735,miscellaneous
4589,Unnamed,44.710185706280505,70.92337627878179,miscellaneous
4590,Unnamed,44.82320002604428,69.18041674446725,miscellaneous
4591,Unnamed,44.65484124510396,68.24419941625905,miscellaneous
4592,Unnamed,44.53641069874198,70.860201035065,miscellaneous
4593,Unnamed,45.463891028166856,69.31536719322526,miscellaneous
4594,Unnamed,5.258886506654922,69.90813080836139,residential
4595,Unnamed,8.2575113524397,68.41657555435894,residential
4596,Unnamed,9.821785007803015,67.14824996928212,residential
4597,Unnamed,13.12593887925336,66.63137015963126,miscellaneous
4598,Unnamed,15.041911414732267,67.20676055045877,miscellaneous
4599,Unnamed,14.769482583524157,66.81819979159728,miscellaneous
4600,Unnamed,7.961851078426969,59.237202354628515,miscellaneous
4601,Unnamed,8.160237322767683,59.1037884441585,miscellaneous
4602,Unnamed,8.397859481466272,59.22510389466494,miscellaneous
4603,Unnamed,8.62729073723837,59.041071304628765,miscellaneous
4604,Unnamed,9.087765093616126,58.98802919051703,miscellaneous
4605,Unnamed,9.309854136424091,59.133778077075974,miscellaneous
4606,Unnamed,8.387522261964728,58.32494872863022,miscellaneous
4607,Unnamed,8.578535773945099,58.307566216685956,miscellaneous
4608,Unnamed,5.762335071171646,58.42800331508603,miscellaneous
4609,Unnamed,21.174527285454253,60.49231666289958,miscellaneous
4610,Unnamed,20.84800398306769,60.604180436139686,miscellaneous
4611,Unnamed,20.349786295971533,60.23041821856672,miscellaneous
4612,Unnamed,20.54496466171385,60.19659581158814,miscellaneous
4613,Unnamed,21.194300162773093,60.19713396182277,miscellaneous
4614,Unnamed,20.591589867615593,60.393886238291195,miscellaneous
4615,Unnamed,20.544128073089006,60.531087180445176,miscellaneous
4616,Unnamed,55.657382129429436,73.13436258275595,miscellaneous
4617,Unnamed,56.16177174458345,73.32952193824458,miscellaneous
4618,Unnamed,55.956998161142344,73.32368998743965,miscellaneous
4619,Unnamed,55.79675095456154,73.25319142663356,miscellaneous
4620,Unnamed,55.71970278321254,73.40838140537183,miscellaneous
4621,Unnamed,56.04487878720784,73.53823620191974,miscellaneous
4622,Unnamed,55.483364881201624,73.45759996855503,miscellaneous
4623,Unnamed,55.34720180565365,73.36556036317326,miscellaneous
4624,Unnamed,55.02967982377619,73.20495559683063,miscellaneous
4625,Unnamed,55.16083000625135,73.31267526049372,miscellaneous
4626,Unnamed,55.412672796400784,73.23329107580086,miscellaneous
4627,Unnamed,55.48266726200707,73.04583468460038,miscellaneous
4628,Unnamed,55.33554394087646,72.98468825447338,miscellaneous
4629,Unnamed,55.266017725721014,73.12158704888223,miscellaneous
4630,Unnamed,55.15346233264342,72.98044676749167,miscellaneous
4631,Unnamed,55.00624487565693,72.89177493625701,miscellaneous
4632,Unnamed,54.876976405814695,73.16185362332456,miscellaneous
4633,Unnamed,55.62141430369357,73.57113375334265,miscellaneous
4634,Unnamed,55.76280015070445,73.66978848302037,miscellaneous
4635,Unnamed,55.84682451463797,73.52467152137028,miscellaneous
4636,Unnamed,55.47545852961757,74.30414287632969,miscellaneous
4637,Unnamed,55.32060121807785,74.24690327264688,miscellaneous
4638,Unnamed,55.16444840360829,74.12429315422109,miscellaneous
4639,Unnamed,54.99725514467065,74.07263735546044,miscellaneous
4640,Unnamed,55.61606737017741,74.04623009052168,miscellaneous
4641,Unnamed,55.29335179831547,73.90246526250871,miscellaneous
4642,Unnamed,55.45592995293639,73.96874589016164,miscellaneous
4643,Unnamed,55.139313706658946,73.80775962365394,miscellaneous
4644,Unnamed,55.00640024924147,73.68964513409922,miscellaneous
4645,Unnamed,54.86600390965934,73.97542287447517,miscellaneous
4646,Unnamed,54.7117204686209,73.47103065800783,miscellaneous
4647,Unnamed,54.813495367011946,73.61639330300154,miscellaneous
4648,Unnamed,54.629556422686434,73.5987859967073,miscellaneous
4649,Unnamed,54.58436484070267,73.79806318742502,miscellaneous
4650,Unnamed,55.24795824749658,74.69819071373287,miscellaneous
4651,Unnamed,55.53111304377927,74.85177104933177,miscellaneous
4652,Unnamed,55.442428080397995,74.7187179368157,miscellaneous
4653,Unnamed,55.371978339720066,74.85611145506797,miscellaneous
4654,Unnamed,54.92782357897026,74.5514942843216,miscellaneous
4655,Unnamed,55.08463245474449,74.61078564709514,miscellaneous
4656,Unnamed,54.8001553472549,74.46394399309456,miscellaneous
4657,Unnamed,54.48545811684238,74.59514223361097,miscellaneous
4658,Unnamed,54.64629831914311,74.35985948107528,miscellaneous
4659,Unnamed,54.4572475311473,74.36956589492189,miscellaneous
4660,Unnamed,54.35861900692368,74.09858320251772,miscellaneous
4661,Unnamed,54.50327297139461,74.25062904832615,miscellaneous
4662,Unnamed,54.698552737844544,74.70259643473871,miscellaneous
4663,Unnamed,53.95824204545249,73.43615552519424,miscellaneous
4664,Unnamed,54.13525442176047,73.50681853172951,miscellaneous
4665,Unnamed,54.30143286144221,73.38864225142312,miscellaneous
4666,Unnamed,54.083990754268875,73.67540259989151,miscellaneous
4667,Unnamed,53.93570308485939,74.06376538193835,miscellaneous
4668,Unnamed,53.89830852672688,74.23799261759602,miscellaneous
4669,Unnamed,54.70691464706463,72.5446406635442,miscellaneous
4670,Unnamed,54.41001230102442,73.21183302968024,miscellaneous
4671,Unnamed,54.56491037144857,73.06843755220993,miscellaneous
4672,Unnamed,54.415855971316574,72.98061769793493,miscellaneous
4673,Unnamed,54.52003605975968,72.69128324763737,miscellaneous
4674,Unnamed,54.56459877103471,72.86692360358926,miscellaneous
4675,Unnamed,54.466546056048436,72.81366392484186,miscellaneous
4676,Unnamed,54.36407353839674,72.75535507794496,miscellaneous
4677,Unnamed,54.606149164200055,72.72363338720072,miscellaneous
4678,Unnamed,63.9256697228892,72.11823651220277,miscellaneous
4679,Unnamed,64.05831719346028,72.1756113400586,miscellaneous
4680,Unnamed,64.07439480648732,71.97221061652425,miscellaneous
4681,Unnamed,64.20331489291407,72.04062663103952,miscellaneous
4682,Unnamed,64.72648170906223,72.08930215652065,miscellaneous
4683,Unnamed,64.89571536618621,72.16222320848078,miscellaneous
4684,Unnamed,65.12833658770353,72.20071235481784,miscellaneous
4685,Unnamed,64.8473531550594,72.84838717074314,miscellaneous
4686,Unnamed,64.52404124151543,72.67692051022858,miscellaneous
4687,Unnamed,64.98479210091,72.67875527238044,miscellaneous
4688,Unnamed,64.0755115744618,72.5991719285611,miscellaneous
4689,Unnamed,63.8563870131552,72.5462171375688,miscellaneous
4690,Unnamed,64.20445825214225,72.64127611204484,miscellaneous
4691,Unnamed,64.3638394757382,72.78869961411947,miscellaneous
4692,Unnamed,64.45163608636068,72.84961259129813,miscellaneous
4693,Unnamed,64.5258281903325,73.06073947410616,miscellaneous
4694,Unnamed,64.5290534758736,72.88031252141494,miscellaneous
4695,Unnamed,64.62062689616104,72.93552286329168,miscellaneous
4696,Unnamed,64.83528913966111,73.06623546648864,miscellaneous
4697,Unnamed,64.3311924173803,72.13549600191173,miscellaneous
4698,Unnamed,65.07500957291322,72.5112277288011,miscellaneous
4699,Unnamed,64.46791595113972,71.91570362845665,miscellaneous
4700,Unnamed,64.56799539880286,72.18774465966133,miscellaneous
4701,Unnamed,64.18199698018098,72.39069308285023,miscellaneous
4702,Unnamed,63.92233115823053,72.32466434034926,miscellaneous
4703,Unnamed,59.44865167853679,81.74729431295162,miscellaneous
4704,Unnamed,59.6486944443175,81.8453112152826,miscellaneous
4705,Unnamed,59.79410930296852,81.92745134651004,miscellaneous
4706,Unnamed,59.80023284982185,81.76849422316292,miscellaneous
4707,Unnamed,60.015029830807876,81.77370294109885,miscellaneous
4708,Unnamed,60.31489184283678,81.87273306229471,miscellaneous
4709,Unnamed,60.19996112803327,81.78514968990343,miscellaneous
4710,Unnamed,59.24516046017073,81.65834619076352,miscellaneous
4711,Unnamed,59.35438070716459,81.42088372054354,miscellaneous
4712,Unnamed,59.46429042047019,81.45262733767517,miscellaneous
4713,Unnamed,59.54896292767167,81.48253116331564,miscellaneous
4714,Unnamed,59.185864695527,81.49641232541066,miscellaneous
4715,Unnamed,59.27105315914623,81.52941506531809,miscellaneous
4716,Unnamed,59.491120118084496,81.94314628059502,miscellaneous
4717,Unnamed,59.619316922233764,82.00885442771245,miscellaneous
4718,Unnamed,59.31631762449337,82.06577106898489,miscellaneous
4719,Unnamed,60.057809382505454,82.45182149630892,miscellaneous
4720,Unnamed,60.20640228449664,82.46033851888657,miscellaneous
4721,Unnamed,60.180310734521335,82.6123207402611,miscellaneous
4722,Unnamed,59.90727864924691,82.05995656318409,miscellaneous
4723,Unnamed,58.36522596149032,83.88991924714765,miscellaneous
4724,Unnamed,58.48994885675047,83.93370153076738,miscellaneous
4725,Unnamed,58.61032217178773,83.97263365520897,miscellaneous
4726,Unnamed,58.46133764634539,83.69689490761273,miscellaneous
4727,Unnamed,59.233394296092776,84.10417409950813,miscellaneous
4728,Unnamed,59.13702947520952,83.94017119215307,miscellaneous
4729,Unnamed,59.1118434045744,84.24323150467629,miscellaneous
4730,Unnamed,59.191831343551904,83.40106004173155,miscellaneous
4731,Unnamed,58.9736593684525,83.28297217757043,miscellaneous
4732,Unnamed,59.07432125523903,83.0961670122634,miscellaneous
4733,Unnamed,58.87867780993087,82.21309918073041,miscellaneous
4734,Unnamed,59.0126982207386,82.31079925705143,miscellaneous
4735,Unnamed,68.87633690982466,67.66758060870475,miscellaneous
4736,Unnamed,68.90710967040766,67.51402851892296,miscellaneous
4737,Unnamed,69.06043088066478,67.66897281431469,miscellaneous
4738,Unnamed,69.01020229402967,67.80639169786392,miscellaneous
4739,Unnamed,69.1017454433819,67.4711158282307,miscellaneous
4740,Unnamed,68.97206577465272,67.94331921472592,miscellaneous
4741,Unnamed,69.46188849404088,66.79955123130779,miscellaneous
4742,Unnamed,69.53328630487518,67.24411232524233,miscellaneous
4743,Unnamed,92.44555856821046,64.61037897474837,residential
4744,Unnamed,93.04837912039515,65.05449256562572,residential
4745,Unnamed,46.18611551642978,71.99046093471048,miscellaneous
4746,Unnamed,46.19087674901732,71.78745829548399,miscellaneous
4747,Unnamed,45.90283198908146,71.94167778658763,miscellaneous
4748,Unnamed,45.9459992072717,71.72463572761548,miscellaneous
4749,Unnamed,46.269674800929636,71.59523832922098,miscellaneous
4750,Unnamed,46.08620093605982,71.12540988171595,miscellaneous
4751,Unnamed,45.648246963001384,71.31870808071803,miscellaneous
4752,Unnamed,45.3368979782162,70.9405400847498,miscellaneous
4753,Unnamed,45.6036870969992,71.03295560314112,miscellaneous
4754,Unnamed,45.75146562015331,72.57648974888022,miscellaneous
4755,Unnamed,46.03186414719517,72.42925138646845,miscellaneous
4756,Unnamed,45.81904593736427,72.3746390288308,miscellaneous
4757,Unnamed,45.72749530247988,72.75145150167558,miscellaneous
4758,Unnamed,46.15042420091472,72.21028815331265,miscellaneous
4759,Unnamed,45.693679498713394,72.95416917481865,miscellaneous
4760,Unnamed,45.991512013490635,72.8498741406533,miscellaneous
4761,Unnamed,46.189603612733066,72.43744083126526,miscellaneous
4762,Unnamed,45.23635671770526,72.67170575017957,miscellaneous
4763,Unnamed,45.339529343986264,72.45057896495423,miscellaneous
4764,Unnamed,45.00179269226372,72.58659768887699,miscellaneous
4765,Unnamed,45.20065198970207,72.8772217598846,miscellaneous
4766,Unnamed,44.980491898908035,73.12369851567999,miscellaneous
4767,Unnamed,45.1110067266089,71.96327197801531,miscellaneous
4768,Unnamed,45.13249531361254,71.74802077042276,miscellaneous
4769,Unnamed,45.46682413762206,71.82897150390181,miscellaneous
4770,Unnamed,45.388019384312415,72.06773966251076,miscellaneous
4771,Unnamed,45.064498776037965,72.1677624143827,miscellaneous
4772,Unnamed,65.24786412235858,65.4320259703605,miscellaneous
4773,Unnamed,64.83329591355233,65.594619161551,commercial
4774,Unnamed,65.75040895678607,46.66589179501664,miscellaneous
4775,Arts and Crafts Lab,65.67535314309997,46.3904938850445,miscellaneous
4776,Unnamed,54.04742329208799,72.50217063149897,commercial
4777,Unnamed,67.41323725632365,50.32421940632299,residential
4778,Nell Battery,53.736604543663205,72.52728778260948,commercial
4779,House of Worship,53.37668617535659,72.1579706154094,special
4780,Old Basketry Building,52.550745685517995,33.14335805451339,miscellaneous
4781,Unnamed,50.908495306915746,46.314948266889914,residential
4782,Unnamed,53.72384500426768,71.47610387360609,miscellaneous
4783,Unnamed,54.14236728633715,71.45330510239249,miscellaneous
4784,Unnamed,54.434932878452614,71.38562427641124,miscellaneous
4785,Unnamed,54.12673154646831,71.65435258287324,miscellaneous
4786,Unnamed,54.26868944694141,71.62594699991351,miscellaneous
4787,Unnamed,53.698312226458626,71.71513180092771,miscellaneous
4788,Unnamed,53.54661377518809,71.56230141320891,miscellaneous
4789,Unnamed,53.529664540138,71.74439372107108,miscellaneous
4790,Unnamed,53.231989168993124,71.96788451651493,miscellaneous
4791,Unnamed,53.44388726736017,70.0584048141773,miscellaneous
4792,Unnamed,53.28493405946043,70.4020362235522,miscellaneous
4793,Unnamed,53.325922201146284,70.27736541138924,miscellaneous
4794,Unnamed,53.15579698349933,70.75483750503665,miscellaneous
4795,Unnamed,52.66172405742901,70.04287695985381,miscellaneous
4796,Unnamed,52.349392792328395,69.877617492831,miscellaneous
4797,Unnamed,54.396835401116114,70.3049904244484,miscellaneous
4798,Unnamed,54.483347173487395,70.14899091265846,miscellaneous
4799,Unnamed,54.56912321737683,70.00010165227573,miscellaneous
4800,Unnamed,54.64746396954008,69.83571897796203,miscellaneous
4801,Unnamed,54.86522312474165,69.92603443366862,miscellaneous
4802,Unnamed,54.926947059921375,69.3925983467875,miscellaneous
4803,Unnamed,55.11825462287905,69.46736319176811,miscellaneous
4804,Unnamed,54.80896716967533,69.55644518157763,miscellaneous
4805,Unnamed,55.02975733702248,69.61109964588596,miscellaneous
4806,Unnamed,55.27104315981789,69.5883449128069,miscellaneous
4807,Unnamed,55.13568445557888,69.70161536913889,miscellaneous
4808,Unnamed,55.37837349551644,69.7992345287606,miscellaneous
4809,Unnamed,54.08340437030381,69.48151438945641,miscellaneous
4810,Unnamed,54.007780143203945,69.6500325447833,miscellaneous
4811,Unnamed,53.92548198474733,69.79653053151182,miscellaneous
4812,Unnamed,53.83203416761343,69.96723073963001,miscellaneous
4813,Unnamed,53.617611445941314,69.83314418581622,miscellaneous
4814,Unnamed,53.79388606481612,69.52502858116361,miscellaneous
4815,Unnamed,53.90096014740021,69.35171009147173,miscellaneous
4816,Unnamed,53.97093557326655,69.21531600353413,miscellaneous
4817,Unnamed,54.714854372284194,68.66706649970632,miscellaneous
4818,Unnamed,54.29758293096816,68.81200981005335,miscellaneous
4819,Unnamed,54.49132410152354,68.83985448818855,miscellaneous
4820,Unnamed,54.70849733196569,68.9396745534455,miscellaneous
4821,Unnamed,54.62606832636111,69.13488343144407,miscellaneous
4822,Unnamed,54.608550331708564,69.34355048465288,miscellaneous
4823,Unnamed,54.351368318639636,69.06165039277506,miscellaneous
4824,Unnamed,56.215060401339066,72.22687507841695,miscellaneous
4825,Unnamed,56.345157204569205,72.22132138329339,miscellaneous
4826,Unnamed,56.51258582653204,72.45881528215673,miscellaneous
4827,Unnamed,56.60219114459487,72.71154154833579,miscellaneous
4828,Unnamed,56.670232451260304,72.58545629326899,miscellaneous
4829,Unnamed,55.32292087753299,71.83944326312435,miscellaneous
4830,Unnamed,55.356274536957386,71.95736574819664,miscellaneous
4831,Unnamed,55.46545965987513,71.82937521500969,miscellaneous
4832,Unnamed,55.194317968696396,72.56961847014976,miscellaneous
4833,Unnamed,55.83186445726716,70.34471011003265,miscellaneous
4834,Unnamed,55.60140539005063,70.26079928607696,miscellaneous
4835,Unnamed,55.26446746070713,70.06848013731845,miscellaneous
4836,Unnamed,55.36962098136349,70.1571621207102,miscellaneous
4837,Unnamed,55.319191815847276,70.28361685191297,miscellaneous
4838,Unnamed,54.08844454993784,70.15486506551247,miscellaneous
4839,Unnamed,54.1879634323429,70.24889360601169,miscellaneous
4840,Unnamed,54.46261335734921,69.72584371958021,miscellaneous
4841,Unnamed,54.33826162584056,69.6739945818656,miscellaneous
4842,Unnamed,54.381487801284855,69.8769988614106,miscellaneous
4843,Unnamed,54.3163253758191,69.83761968874137,miscellaneous
4844,Unnamed,54.24539072183083,69.81004854377566,miscellaneous
4845,Unnamed,54.220829050707884,70.01320138500246,miscellaneous
4846,Unnamed,45.04139982732219,73.70762371794851,miscellaneous
4847,Unnamed,44.84663943119443,73.64655347656534,miscellaneous
4848,Unnamed,44.689885010811125,73.6661397075143,miscellaneous
4849,Unnamed,44.721115074646065,74.4149460643198,miscellaneous
4850,Unnamed,44.85868703175362,74.36737129502437,miscellaneous
4851,Unnamed,44.68801691649816,74.19121043270462,miscellaneous
4852,Unnamed,26.436308946403113,64.86482226603381,miscellaneous
4853,Unnamed,26.52910228911783,64.99235462335005,miscellaneous
4854,Unnamed,26.077395430779156,65.03770420380533,miscellaneous
4855,Unnamed,26.185984059453045,64.95766454473927,miscellaneous
4856,Unnamed,26.314663491745538,65.10035345643554,miscellaneous
4857,Unnamed,26.650295868067992,65.21246695558384,miscellaneous
4858,Unnamed,26.46238647069082,65.36809370471785,miscellaneous
4859,Unnamed,27.24368693890984,65.34455969879686,miscellaneous
4860,Unnamed,27.170808073881474,65.22652580910253,miscellaneous
4861,Unnamed,26.796317592546504,64.96085914623565,miscellaneous
4862,Unnamed,27.024900845975054,64.99999731379962,miscellaneous
4863,Unnamed,26.095465272744345,65.2095521908824,miscellaneous
4864,Unnamed,26.129561848593514,65.3121324986654,miscellaneous
4865,Unnamed,26.16968847820465,65.37895714468524,miscellaneous
4866,Unnamed,25.764674473935695,65.28184473950859,miscellaneous
4867,Unnamed,25.626395907654388,65.13360432241218,miscellaneous
4868,Unnamed,27.05979837250942,65.46355533280352,miscellaneous
4869,Unnamed,27.243439562977933,65.74415320595219,miscellaneous
4870,Unnamed,27.527599636979478,65.88018038353857,miscellaneous
4871,Unnamed,27.308114222326058,65.8553940004456,miscellaneous
4872,Unnamed,27.64719378775744,66.14139567793829,miscellaneous
4873,Unnamed,27.712200775683847,66.59582962775012,miscellaneous
4874,Unnamed,27.60161599625212,66.44137504053417,miscellaneous
4875,Unnamed,24.946477852075883,64.2722765258085,miscellaneous
4876,Unnamed,25.11733273025293,64.04035485353491,miscellaneous
4877,Unnamed,25.371774293719646,64.53602250320499,miscellaneous
4878,Unnamed,23.458624050298628,65.27609043857143,miscellaneous
4879,Unnamed,23.599839392542325,65.26520698002648,miscellaneous
4880,Unnamed,23.715644189392787,65.21803577804684,miscellaneous
4881,Unnamed,26.246581248761313,64.58294323005165,miscellaneous
4882,Unnamed,76.96570148452055,71.68160179016319,miscellaneous
4883,Unnamed,77.1012971938789,71.73259124637457,miscellaneous
4884,Unnamed,77.21759179723222,71.79370158406246,miscellaneous
4885,Unnamed,77.35266384338746,71.83840148518209,miscellaneous
4886,Unnamed,77.48445527716862,71.89496791507725,miscellaneous
4887,Unnamed,77.62468843565696,71.92404610077612,miscellaneous
4888,Unnamed,77.75414085685787,71.96260710571408,miscellaneous
4889,Unnamed,77.87828912724525,72.02232824134228,miscellaneous
4890,Unnamed,77.44608639022186,71.67723614841547,miscellaneous
4891,Unnamed,77.67863550698092,71.7853021832278,miscellaneous
4892,Unnamed,78.1050345676504,71.8962720235164,miscellaneous
4893,Unnamed,76.68525651258686,72.39520348463716,miscellaneous
4894,Unnamed,76.83857555448307,72.45406540418506,miscellaneous
4895,Unnamed,77.20363284873152,72.25472194481796,miscellaneous
4896,Unnamed,77.35313985473081,72.29862842160586,miscellaneous
4897,Unnamed,77.48170299711705,72.35652911675008,miscellaneous
4898,Unnamed,77.46495301327448,72.16950163541026,miscellaneous
4899,Unnamed,76.94317867814465,72.14945136084238,miscellaneous
4900,Unnamed,76.71030547669848,71.94784341979071,miscellaneous
4901,Unnamed,76.71819747585926,71.45724618453859,miscellaneous
4902,Unnamed,79.08836263754053,73.40109516885798,miscellaneous
4903,Unnamed,79.02972013063254,73.56226107294607,miscellaneous
4904,Unnamed,78.28254011263785,73.55142143018776,miscellaneous
4905,Unnamed,77.42643604923086,73.27554861090532,miscellaneous
4906,Unnamed,77.24327223739024,73.66569376062778,miscellaneous
4907,Unnamed,77.10195715567768,73.62486018735736,miscellaneous
4908,Unnamed,76.97197585925441,73.57028672883649,miscellaneous
4909,Unnamed,76.82799777648208,73.5770236180904,miscellaneous
4910,Unnamed,76.85333657070805,73.37812540683531,miscellaneous
4911,Unnamed,77.7828776132559,73.83880222933361,miscellaneous
4912,Unnamed,77.37473471089422,73.72170956298042,miscellaneous
4913,Unnamed,77.50001268524456,73.77041345235388,miscellaneous
4914,Unnamed,77.40418974622423,73.55014069466307,miscellaneous
4915,Unnamed,78.81378897113837,73.24494863204886,miscellaneous
4916,Unnamed,78.66916687935877,73.20935804600644,miscellaneous
4917,Unnamed,78.54120150857209,73.15351326268478,miscellaneous
4918,Unnamed,78.49695441697192,72.95751414073969,miscellaneous
4919,Unnamed,78.35256437087317,72.91177347340418,miscellaneous
4920,Unnamed,78.1923444812778,72.90743306767088,miscellaneous
4921,Unnamed,78.27776408379873,73.0655712465325,miscellaneous
4922,Unnamed,78.71714781753478,72.74412405927623,miscellaneous
4923,Unnamed,79.3757392826406,72.57846307051405,miscellaneous
4924,Unnamed,79.40347120702066,72.43016937507772,miscellaneous
4925,Unnamed,79.57817545516946,72.49402143448873,miscellaneous
4926,Unnamed,79.38257970681768,73.04359284998316,miscellaneous
4927,Unnamed,79.42902452163642,72.9173221559616,miscellaneous
4928,Unnamed,79.5007681563281,72.79081537388288,miscellaneous
4929,Unnamed,79.33496165768119,72.71080166490957,miscellaneous
4930,Unnamed,81.08010064323875,72.06498488228299,miscellaneous
4931,Unnamed,80.03351040615362,71.19767221179025,miscellaneous
4932,Unnamed,79.79857406623672,71.31565068414794,miscellaneous
4933,Unnamed,79.97941608251405,71.36468232010124,miscellaneous
4934,Unnamed,79.66949542626386,72.035978780649,miscellaneous
4935,Unnamed,79.75455281401354,72.07810273716511,miscellaneous
4936,Unnamed,79.78232821309912,71.88716592721785,miscellaneous
4937,Unnamed,79.94768008756819,71.47195571756289,miscellaneous
4938,Unnamed,80.03767218063379,71.97922866856933,miscellaneous
4939,Unnamed,79.88895451678448,72.395183296155,miscellaneous
4940,Unnamed,79.9399892893663,72.25638128988587,miscellaneous
4941,Unnamed,79.98522597435857,72.12403077921364,miscellaneous
4942,Unnamed,79.29114535463555,71.16314748989156,miscellaneous
4943,Unnamed,78.92777190978376,71.82460684018001,miscellaneous
4944,Unnamed,78.80000004746843,71.78001242646151,miscellaneous
4945,Unnamed,78.66037655606331,71.72593521086766,miscellaneous
4946,Unnamed,80.3647072037926,70.26547354263792,miscellaneous
4947,Unnamed,80.51432442723014,70.3185451190591,miscellaneous
4948,Unnamed,80.50714448142071,70.7162241874136,miscellaneous
4949,Unnamed,80.3402703889509,71.00076814701161,miscellaneous
4950,Unnamed,80.12521816601048,69.8308749011961,miscellaneous
4951,Unnamed,72.76401400819046,70.26543628448265,miscellaneous
4952,Unnamed,72.69502721491811,70.4139109184945,miscellaneous
4953,Unnamed,72.53651675565024,70.34402559102845,miscellaneous
4954,Unnamed,72.42383256772844,70.29027165869029,miscellaneous
4955,Unnamed,72.26351094716487,70.31170664753377,miscellaneous
4956,Unnamed,72.34731110440853,70.46940593031954,miscellaneous
4957,Unnamed,73.08073731998948,70.55580472500571,miscellaneous
4958,Unnamed,73.31848926757456,71.34263701668874,miscellaneous
4959,Unnamed,73.59161702278305,71.1058672345288,miscellaneous
4960,Unnamed,73.31373798353926,71.14580159923297,miscellaneous
4961,Unnamed,73.40246310496462,71.18223076759578,miscellaneous
4962,Unnamed,73.46403617694878,71.45347903992973,miscellaneous
4963,Unnamed,73.5469482667298,71.36994435241675,miscellaneous
4964,Unnamed,73.49775444111106,71.21836008005366,miscellaneous
4965,Unnamed,73.59441346493863,71.26438475976407,miscellaneous
4966,Unnamed,73.6279799244721,70.93579446992456,miscellaneous
4967,Unnamed,73.7283563625221,70.97259484195627,miscellaneous
4968,Unnamed,73.84479999502429,71.02185322109882,miscellaneous
4969,Unnamed,73.48434464873209,70.87800675465047,miscellaneous
4970,Unnamed,73.80020256585115,70.66292264451192,miscellaneous
4971,Unnamed,73.90152096504075,70.54838160192327,miscellaneous
4972,Unnamed,74.03671852090454,70.77675448336063,miscellaneous
4973,Unnamed,73.40504859308653,70.82968903040452,miscellaneous
4974,Unnamed,73.46085813369673,70.72183404254068,miscellaneous
4975,Unnamed,73.5711300885628,70.50914644724034,miscellaneous
4976,Unnamed,73.78913585285545,70.35073820749336,miscellaneous
4977,Unnamed,73.97769004238334,70.27562789394092,miscellaneous
4978,Unnamed,74.12084777862805,70.36907512193066,miscellaneous
4979,Unnamed,73.07908224675242,70.19971415010076,miscellaneous
4980,Unnamed,73.2737893861737,70.27779208155913,miscellaneous
4981,Unnamed,73.13204692337813,69.61928909067696,miscellaneous
4982,Unnamed,73.33133797854073,69.49995823465639,miscellaneous
4983,Unnamed,73.41062954708366,69.38040298619494,miscellaneous
4984,Unnamed,73.55933740450008,69.30897151637366,miscellaneous
4985,Unnamed,73.47202004184523,69.26476802579012,miscellaneous
4986,Unnamed,73.72221811807019,69.3667569959575,miscellaneous
4987,Unnamed,73.84548749801382,69.50943799147204,miscellaneous
4988,Unnamed,73.91531832367319,69.39850165918223,miscellaneous
4989,Unnamed,72.13785875330993,70.75142612687198,miscellaneous
4990,Unnamed,72.32900964420003,70.72789423167927,miscellaneous
4991,Unnamed,71.81954118303716,70.19369738802546,miscellaneous
4992,Unnamed,71.88211864195526,70.11867792331489,miscellaneous
4993,Unnamed,71.94353624754,70.00091721781305,miscellaneous
4994,Unnamed,71.65422726586634,70.4776432500923,miscellaneous
4995,Unnamed,71.73621103005564,70.32654522957641,miscellaneous
4996,Unnamed,72.03236643305183,70.69833033599387,miscellaneous
4997,Unnamed,71.93437105558651,70.62346320453827,miscellaneous
4998,Unnamed,73.14745494413185,70.94079907280661,miscellaneous
4999,Unnamed,72.81742063803355,70.79848724575686,miscellaneous
5000,Unnamed,72.53217187479473,70.7752292225624,miscellaneous
5001,Unnamed,73.54082346463949,69.88765128490336,miscellaneous
5002,Unnamed,73.6835325011288,69.93585429747802,miscellaneous
5003,Unnamed,81.82701832879945,75.05437791339328,miscellaneous
5004,Unnamed,81.99537710971774,75.05675285238348,miscellaneous
5005,Unnamed,82.41747331715786,75.05193442567358,miscellaneous
5006,Unnamed,82.55007972900816,74.78124339167834,miscellaneous
5007,Unnamed,82.6394303882223,74.78027650817366,miscellaneous
5008,Unnamed,82.73088278145362,74.78042455417133,miscellaneous
5009,Unnamed,82.82415203659433,74.78045048991456,miscellaneous
5010,Unnamed,82.91452923877551,74.77978582963551,miscellaneous
5011,Unnamed,83.00317665370225,74.7763068065611,miscellaneous
5012,Unnamed,83.0861038537589,74.77019112518724,miscellaneous
5013,Unnamed,83.17113198246045,74.7694169835453,miscellaneous
5014,Unnamed,83.25711447717656,74.76884187556745,miscellaneous
5015,Unnamed,83.34476643698778,74.76358699020624,miscellaneous
5016,Unnamed,83.42820955241916,74.77724710175927,miscellaneous
5017,Unnamed,83.5051481079413,74.7648279800383,miscellaneous
5018,Unnamed,82.289927463106,75.81362133972753,miscellaneous
5019,Unnamed,82.40464707439827,75.83229327384217,miscellaneous
5020,Unnamed,82.55808587319888,75.76769793727081,miscellaneous
5021,Unnamed,82.34566860192578,75.9787705673702,miscellaneous
5022,Unnamed,82.61176248079602,75.25927782200196,miscellaneous
5023,Unnamed,82.53554187572976,75.45675896421135,miscellaneous
5024,Unnamed,82.63062844416463,75.57138911736429,miscellaneous
5025,Unnamed,81.88678104521271,75.33462071405123,miscellaneous
5026,Unnamed,82.21664447440308,75.31594092435633,miscellaneous
5027,Unnamed,82.10583349219979,75.26771295013074,miscellaneous
5028,Unnamed,82.28493462972338,75.45326663678742,miscellaneous
5029,Unnamed,82.36278335013989,75.23801767839089,miscellaneous
5030,Unnamed,82.24886532057707,75.2105958182076,miscellaneous
5031,Unnamed,80.96328817412044,75.08123929230182,miscellaneous
5032,Unnamed,81.09483912985787,75.07276339012638,miscellaneous
5033,Unnamed,81.27620916795856,75.07165764190088,miscellaneous
5034,Unnamed,81.54254469800148,75.07165764190088,miscellaneous
5035,Unnamed,81.08643303850798,75.23628397695502,miscellaneous
5036,Unnamed,81.28887500237249,75.24929653529179,miscellaneous
5037,Unnamed,79.9808924218312,74.83019208517527,miscellaneous
5038,Unnamed,80.1271261420599,74.80947238837857,miscellaneous
5039,Unnamed,80.39923994136929,74.8367584060963,miscellaneous
5040,Unnamed,80.98206549698783,76.10218807686292,miscellaneous
5041,Unnamed,81.20167825151913,76.02882293076426,miscellaneous
5042,Unnamed,83.69641542369706,74.73595790884819,miscellaneous
5043,Unnamed,83.78584361997254,74.73610637274251,miscellaneous
5044,Unnamed,83.87521221946793,74.73049234826759,miscellaneous
5045,Unnamed,83.96560914228853,74.73450958160493,miscellaneous
5046,Unnamed,84.0530445103277,74.73268408205557,miscellaneous
5047,Unnamed,84.13735101662463,74.73169782274334,miscellaneous
5048,Unnamed,84.22337924409369,74.73006722468747,miscellaneous
5049,Unnamed,84.3117206338001,74.73006599927177,miscellaneous
5050,Unnamed,84.39347555606321,74.72890838350217,miscellaneous
5051,Unnamed,84.47967680073415,74.72581738848353,miscellaneous
5052,Unnamed,84.56847335234107,74.72375623236384,miscellaneous
5053,Unnamed,84.73833851895391,74.74047649465443,miscellaneous
5054,Unnamed,84.82500026362568,74.7396259331603,miscellaneous
5055,Unnamed,84.91341777453142,74.73896607492654,miscellaneous
5056,Unnamed,88.38981785824257,68.32406784128102,miscellaneous
5057,Unnamed,88.63571615060619,68.38503598566002,miscellaneous
5058,Unnamed,88.35073044321987,68.58146234810197,miscellaneous
5059,Unnamed,88.16620701310704,68.58774662512921,miscellaneous
5060,Unnamed,88.72771850339286,68.77328773995495,miscellaneous
5061,Unnamed,88.9848827073066,68.62897504067631,miscellaneous
5062,Unnamed,90.17684150436796,69.03085949541817,miscellaneous
5063,Unnamed,91.28773477797623,69.28748798219078,miscellaneous
5064,Unnamed,91.78725930520868,68.9380758434566,miscellaneous
5065,Unnamed,91.24029383128423,68.9624934968424,miscellaneous
5066,Unnamed,91.25735794535748,68.82073632936161,miscellaneous
5067,Unnamed,91.05376104800914,68.78907870153832,miscellaneous
5068,Unnamed,92.44714955952553,68.80284578931169,miscellaneous
5069,Unnamed,92.6403493676993,68.88043738186845,miscellaneous
5070,Unnamed,91.66965092679747,69.67882635428612,miscellaneous
5071,Unnamed,85.97197409077185,40.22560910952461,miscellaneous
5072,Unnamed,86.12468037852625,40.28923883404072,miscellaneous
5073,Unnamed,85.90254952033484,39.90901652513169,miscellaneous
5074,Unnamed,87.60934191881651,39.754790531301396,miscellaneous
5075,Unnamed,87.38839040158032,39.64978643994924,miscellaneous
5076,Unnamed,87.60689449283906,40.03978781103047,miscellaneous
5077,Unnamed,87.85788860386519,40.952587128681444,miscellaneous
5078,Unnamed,86.11226089095125,39.45379679038856,miscellaneous
5079,Unnamed,86.23401821104541,39.2159702663547,miscellaneous
5080,Unnamed,86.3933168248602,39.288318221875436,miscellaneous
5081,Unnamed,86.56010456591734,39.4110435970045,miscellaneous
5082,Unnamed,87.03653242821319,39.55639501709139,miscellaneous
5083,Unnamed,87.4569499651859,42.235084509064976,miscellaneous
5084,Unnamed,86.6073982788655,41.94805798975529,miscellaneous
5085,Unnamed,82.9442965419802,26.506025109698356,miscellaneous
5086,Unnamed,82.75268157091998,26.134156208746855,miscellaneous
5087,Unnamed,83.04296869547598,26.079205034217512,miscellaneous
5088,Unnamed,82.12885492773538,26.512508557970037,miscellaneous
5089,Unnamed,81.73338232173134,26.445764582947245,miscellaneous
5090,Unnamed,81.64385507378203,26.523677191984625,miscellaneous
5091,Unnamed,81.57703031483187,26.45057062045108,miscellaneous
5092,Unnamed,53.50610456850329,67.40586325687902,miscellaneous
5093,Unnamed,53.62301268682486,67.48706006486901,miscellaneous
5094,Unnamed,53.7245892184705,67.58961709432167,miscellaneous
5095,Unnamed,53.78861516373805,67.47209856160514,miscellaneous
5096,Unnamed,53.911268955965284,67.56767495898134,miscellaneous
5097,Unnamed,53.83163014442041,67.71076839946151,miscellaneous
5098,Unnamed,54.11432527449405,67.8121512634529,miscellaneous
5099,Unnamed,54.00738098066425,68.08069890043964,miscellaneous
5100,Unnamed,54.00548611028294,68.27633218277278,miscellaneous
5101,Unnamed,53.82435642487192,68.17619678844837,miscellaneous
5102,Unnamed,52.94935605968142,67.6465739284585,miscellaneous
5103,Unnamed,53.22826510269984,67.78635775306047,miscellaneous
5104,Unnamed,53.394847849218465,67.92374644168856,miscellaneous
5105,Unnamed,53.53584445258871,67.97001680473969,miscellaneous
5106,Unnamed,52.95169968251532,67.20212224157888,miscellaneous
5107,Unnamed,53.08967818049386,67.24271221307812,miscellaneous
5108,Unnamed,53.388001571425235,67.13551338556319,miscellaneous
5109,Unnamed,53.30654914486149,67.31095983902482,miscellaneous
5110,Unnamed,53.62335691286958,67.03805798781886,miscellaneous
5111,Unnamed,53.53238190945769,66.98216529398492,miscellaneous
5112,Unnamed,53.85643229779493,67.24577250116907,miscellaneous
5113,Unnamed,53.96092712052548,67.29348677077184,miscellaneous
5114,Unnamed,53.96441521678471,67.1426371977727,miscellaneous
5115,Unnamed,54.07925957918417,67.33936475222043,miscellaneous
5116,Unnamed,54.13517690851418,67.22436785675593,miscellaneous
5117,Unnamed,53.487191688237445,65.92122960993979,miscellaneous
5118,Unnamed,53.561129251136094,65.75750737526901,miscellaneous
5119,Unnamed,53.729521777764546,65.85533168770496,miscellaneous
5120,Unnamed,53.66808205859963,66.00979130018985,miscellaneous
5121,Unnamed,53.754832428373234,66.07968988439184,miscellaneous
5122,Unnamed,53.85628733450177,66.10676690763583,miscellaneous
5123,Unnamed,54.35959925910291,66.30640810214187,miscellaneous
5124,Unnamed,54.51611848874024,66.37838099355065,miscellaneous
5125,Unnamed,55.134845242075215,66.20464654553011,miscellaneous
5126,Unnamed,55.28903155424777,66.54914197606516,miscellaneous
5127,Unnamed,55.46835478370076,66.41083420151047,miscellaneous
5128,Unnamed,54.97609167060992,66.41808837649734,miscellaneous
5129,Unnamed,55.08021846337443,66.48174900334148,miscellaneous
5130,Unnamed,54.844268127661046,66.35350229795478,miscellaneous
5131,Unnamed,56.568125456162946,66.72605794638231,miscellaneous
5132,Unnamed,56.87627799970725,66.98785669126703,miscellaneous
5133,Unnamed,57.05185127247242,67.08551330229135,miscellaneous
5134,Unnamed,57.19385176730862,67.16936097494617,miscellaneous
5135,Unnamed,57.49939006688363,67.40677021949357,miscellaneous
5136,Unnamed,57.323027461728024,67.24164311968745,miscellaneous
5137,Unnamed,56.724739594246955,67.3491749953262,miscellaneous
5138,Unnamed,56.84294730188657,67.44482771046403,miscellaneous
5139,Unnamed,57.90497315211528,67.05231088732602,miscellaneous
5140,Unnamed,57.824304507312554,67.24227785714531,miscellaneous
5141,Unnamed,58.206078191021525,67.35249330805652,miscellaneous
5142,Unnamed,58.557902466000215,67.57530347335027,miscellaneous
5143,Unnamed,58.59434001030549,67.2022840732871,miscellaneous
5144,Unnamed,56.614656764425575,65.75759791849963,miscellaneous
5145,Unnamed,56.84043960041058,65.74092846564682,miscellaneous
5146,Unnamed,56.803679030869326,65.51893374272942,miscellaneous
5147,Unnamed,52.72981293994867,68.5414059595722,miscellaneous
5148,Unnamed,52.93104684168672,68.66280686147154,miscellaneous
5149,Unnamed,53.48194707267256,69.13782608250567,miscellaneous
5150,Unnamed,53.65572858712236,68.66808034978476,residential
5151,Unnamed,54.02813110902305,69.06666535635668,miscellaneous
5152,Unnamed,52.95752710414512,72.34499209236623,miscellaneous
5153,Unnamed,52.80146412705473,72.50973098626908,miscellaneous
5154,Unnamed,51.88514818016618,72.48322784174964,miscellaneous
5155,Unnamed,51.95698303128593,72.54059040326362,miscellaneous
5156,Unnamed,52.03314768532648,72.60821586058664,miscellaneous
5157,Unnamed,52.10991469390229,72.69617329216585,miscellaneous
5158,Unnamed,52.2582212170254,72.57073604848203,miscellaneous
5159,Unnamed,52.08231116334356,72.43891573477272,miscellaneous
5160,Unnamed,51.5018185983534,72.53058185663531,miscellaneous
5161,Unnamed,51.36669146089423,72.54357757072805,miscellaneous
5162,Unnamed,51.58254007989345,72.92509598239613,miscellaneous
5163,Unnamed,51.48034806552919,72.8405253037504,miscellaneous
5164,Unnamed,51.387133822977106,72.76062926024075,miscellaneous
5165,Unnamed,51.555555844006484,72.72200147768434,miscellaneous
5166,Unnamed,51.01271062289061,72.43768651460306,miscellaneous
5167,Unnamed,51.229151892919134,72.60009084906076,miscellaneous
5168,Unnamed,50.8041000606277,72.71701601816895,miscellaneous
5169,Unnamed,50.374001435537416,73.86928335806373,miscellaneous
5170,Unnamed,50.53267106014092,73.67691329998517,miscellaneous
5171,Unnamed,50.47544134661032,73.758217196123,miscellaneous
5172,Unnamed,51.03246488568195,74.27986557300422,miscellaneous
5173,Unnamed,51.08843525487132,74.461785058499,miscellaneous
5174,Unnamed,51.200802752607764,74.3808105014772,miscellaneous
5175,Unnamed,51.452588228808985,74.35729574217143,miscellaneous
5176,Unnamed,51.30992849380805,74.35762741192843,miscellaneous
5177,Unnamed,50.34827244627974,74.39687619554192,miscellaneous
5178,Unnamed,50.464290684153234,74.3244141836452,miscellaneous
5179,Unnamed,50.236788227326514,74.47762588642244,miscellaneous
5180,Unnamed,49.95225914299763,75.16555794520391,miscellaneous
5181,Unnamed,50.16921142668254,74.98656931054427,miscellaneous
5182,Unnamed,49.358240637577225,76.22311841205325,miscellaneous
5183,Unnamed,49.51636598724484,76.23699977788718,miscellaneous
5184,Unnamed,49.45562443903064,76.41390764271759,miscellaneous
5185,Unnamed,48.38284104670857,75.35059013139194,miscellaneous
5186,Unnamed,48.76911455449001,75.20489329851658,miscellaneous
5187,Unnamed,48.920742323319274,75.19579818993569,miscellaneous
5188,Unnamed,49.064996529785695,75.26228907328787,miscellaneous
5189,Unnamed,48.808132017760045,75.35397664108166,miscellaneous
5190,Unnamed,53.88085933427074,70.42329986238572,miscellaneous
5191,Unnamed,53.71529995525183,70.36893156068543,miscellaneous
5192,Unnamed,53.519554431442884,70.31395552369791,miscellaneous
5193,Unnamed,54.62549694130703,70.83647478611952,miscellaneous
5194,Unnamed,55.17634956918679,71.05689237967921,miscellaneous
5195,Unnamed,54.87175771646607,70.70554284426056,miscellaneous
5196,Unnamed,54.75094217353402,70.99921053752121,miscellaneous
5197,Unnamed,55.106588009467806,70.21405772254876,miscellaneous
5198,Unnamed,55.49984424056012,70.98579418510414,miscellaneous
5199,Unnamed,55.61088953230778,71.05711224299817,miscellaneous
5200,Unnamed,54.941846229761815,71.39874367349564,miscellaneous
5201,Unnamed,55.65240368226504,71.81829720155085,miscellaneous
5202,Unnamed,55.892410352464154,71.70656186100912,miscellaneous
5203,Unnamed,55.822455477988775,71.89792366215829,miscellaneous
5204,Unnamed,52.740250283661325,70.48178797146505,miscellaneous
5205,Unnamed,45.33651222034379,81.1270954922038,miscellaneous
5206,Unnamed,45.49281492784776,81.02073966533256,miscellaneous
5207,Unnamed,45.052123246916196,80.71255322598448,miscellaneous
5208,Unnamed,44.87915743950577,81.03524304463949,miscellaneous
5209,Unnamed,44.7429788788537,81.18686773244474,miscellaneous
5210,Unnamed,45.31703430476891,80.40084121038683,miscellaneous
5211,Unnamed,45.44366766703334,80.32077883220902,miscellaneous
5212,Unnamed,44.929393179760154,80.32829846267285,miscellaneous
5213,Unnamed,45.11327365522778,80.50534160594961,miscellaneous
5214,Unnamed,45.873349549084246,81.54868952504556,miscellaneous
5215,Unnamed,46.13338565356256,81.41762816888362,miscellaneous
5216,Unnamed,46.346225814255696,81.56543038813751,miscellaneous
5217,Unnamed,46.57313917814776,81.58414982097767,miscellaneous
5218,Unnamed,46.822492559812254,81.98492323377945,miscellaneous
5219,Unnamed,46.92876997322431,82.05487910741994,miscellaneous
5220,Unnamed,46.86837234300108,82.18716457536472,miscellaneous
5221,Unnamed,44.787528124260476,83.19783615893395,school
5222,Unnamed,44.890489054473434,83.26156097374243,school
5223,Unnamed,44.84603593243433,82.86709059411832,school
5224,Unnamed,44.94823440925214,82.56169188579156,school
5225,Unnamed,44.272389014193145,82.77036403890608,miscellaneous
5226,Unnamed,43.98644448268188,83.2737141752763,miscellaneous
5227,Unnamed,43.5753165473838,81.77097747017703,miscellaneous
5228,Unnamed,44.784757049779586,82.03568591546654,miscellaneous
5229,Unnamed,45.27415696725324,82.39344408600712,school
5230,Malinta Barangay Hall,45.5525402599344,81.8252620982931,special
5231,Unnamed,44.724215604673844,81.51503090696758,miscellaneous
5232,Unnamed,44.19146703127562,82.22423682563895,miscellaneous
5233,Unnamed,48.5850750482496,82.94936449476074,miscellaneous
5234,Unnamed,48.68039079680228,82.53199480548696,miscellaneous
5235,Unnamed,47.94938586276949,82.69424505994553,miscellaneous
5236,Unnamed,47.412727987468045,82.32991470594075,miscellaneous
5237,Unnamed,47.490211151513265,82.5157278192169,miscellaneous
5238,Unnamed,47.54107188002534,82.43019751740596,miscellaneous
5239,Unnamed,47.597166735668424,82.33807010820126,miscellaneous
5240,Unnamed,47.11314642151312,82.28655493358514,miscellaneous
5241,Unnamed,47.16931807674353,82.17722995947433,miscellaneous
5242,Unnamed,47.045117362820825,81.8761854221349,miscellaneous
5243,Unnamed,47.2416134537941,82.04456040698236,miscellaneous
5244,Unnamed,46.54400929728832,82.0052024698078,miscellaneous
5245,Unnamed,46.61444884727581,81.86795703011896,miscellaneous
5246,Unnamed,46.46115939905038,81.85682317899156,miscellaneous
5247,Unnamed,49.20140868297451,81.3636116414347,miscellaneous
5248,Unnamed,49.34284265891761,80.99254432946003,miscellaneous
5249,Unnamed,49.135678867856555,80.88192393645068,miscellaneous
5250,Unnamed,45.01545056467228,78.70067978020072,miscellaneous
5251,Unnamed,44.832606614210434,78.64218498143183,miscellaneous
5252,Unnamed,44.54810549864204,78.4650359844161,miscellaneous
5253,Unnamed,44.671583114793485,78.50734904700123,miscellaneous
5254,Unnamed,44.75891681518037,78.54672339216438,miscellaneous
5255,Unnamed,44.412999902320166,78.37429693616511,miscellaneous
5256,Unnamed,43.92032475126326,77.44788003136259,miscellaneous
5257,Unnamed,44.121368562774414,78.14531294626767,miscellaneous
5258,Unnamed,44.20526438995212,78.02493522149415,miscellaneous
5259,Unnamed,44.8514831382953,78.21242170293866,miscellaneous
5260,Unnamed,44.56012005254375,78.25366641442754,miscellaneous
5261,Unnamed,44.71049575924363,78.11796731428652,miscellaneous
5262,Unnamed,44.58918752159826,78.03246951070024,miscellaneous
5263,Unnamed,44.96995649919411,78.40053291839301,miscellaneous
5264,Unnamed,45.12644987084391,78.57921936516257,miscellaneous
5265,Unnamed,45.29874382026692,79.01675887981078,miscellaneous
5266,Unnamed,45.50878651713581,79.42414848588464,miscellaneous
5267,Unnamed,44.84523959253151,79.64153285451243,miscellaneous
5268,Unnamed,45.862885260262516,79.62376052753305,miscellaneous
5269,Unnamed,45.87882605970682,79.82636121252666,miscellaneous
5270,Unnamed,45.69102688236749,79.77679990891092,miscellaneous
5271,Unnamed,46.04777279871996,79.83988262171633,miscellaneous
5272,Unnamed,43.410805572067034,79.1068355128735,miscellaneous
5273,Unnamed,43.526716410060665,78.96158840109962,miscellaneous
5274,Unnamed,43.653085787398496,78.83536250290688,miscellaneous
5275,Unnamed,43.95892727861923,79.15352260778383,miscellaneous
5276,Unnamed,43.859918543187106,79.0364881848657,miscellaneous
5277,Unnamed,43.99717615938544,78.82565739108537,miscellaneous
5278,Unnamed,43.677941744168606,79.50566873368338,miscellaneous
5279,Unnamed,43.73938992067911,79.6540781469777,miscellaneous
5280,Unnamed,43.82126374503766,79.81842363015008,miscellaneous
5281,Unnamed,44.01636459748963,79.72801215969153,miscellaneous
5282,Unnamed,44.22722983537533,79.05466736975121,miscellaneous
5283,Unnamed,44.65215345881426,79.02941375324193,miscellaneous
5284,Unnamed,44.54466143117972,78.92788634760525,miscellaneous
5285,Unnamed,44.75914425472728,79.13322952910067,miscellaneous
5286,Unnamed,44.7761500790954,79.40016131308629,miscellaneous
5287,Unnamed,44.88237442881099,79.21658680698721,miscellaneous
5288,Unnamed,44.34657104628549,78.76182146355085,miscellaneous
5289,Unnamed,44.40283759513599,78.86377855141492,miscellaneous
5290,Unnamed,43.491599889009876,79.71572799250212,miscellaneous
5291,Unnamed,26.15263557415527,64.47279389378548,miscellaneous
5292,Unnamed,26.035615788540245,64.368544670143,miscellaneous
5293,Unnamed,26.274434114498487,63.37966921194682,miscellaneous
5294,Unnamed,26.272296100768482,63.86132809053087,miscellaneous
5295,Unnamed,26.525161647905897,63.81903765851634,miscellaneous
5296,Unnamed,25.936631367125745,63.7333713323598,miscellaneous
5297,Unnamed,26.81279825067443,63.965156203076745,miscellaneous
5298,Unnamed,26.96405412175899,64.3274054077869,miscellaneous
5299,Unnamed,24.703395545447407,63.53207477945939,miscellaneous
5300,Unnamed,24.840877861732732,63.64459594352078,miscellaneous
5301,Unnamed,35.07108021701469,74.5771029859458,residential
5302,Unnamed,35.28738240182014,74.63668658115611,commercial
5303,Unnamed,35.230264861185056,74.90781142298556,miscellaneous
5304,Unnamed,35.113580648791725,75.19518123691007,miscellaneous
5305,Unnamed,34.78107241968709,75.44276158375293,miscellaneous
5306,Unnamed,34.88930287232577,75.67538658319383,residential
5307,Unnamed,34.423453415418095,75.24795021220841,residential
5308,Unnamed,36.09365771081761,74.67274978625136,miscellaneous
5309,Unnamed,35.422935550808596,74.28375115880685,miscellaneous
5310,Unnamed,35.27689458249875,74.2361054445352,residential
5311,Unnamed,36.331352117583435,74.7805060368276,residential
5312,Unnamed,37.121481551393316,73.95252073467125,miscellaneous
5313,Unnamed,37.08001531660546,74.32805714226649,residential
5314,Unnamed,42.882430092339696,74.10223600378613,miscellaneous
5315,Unnamed,43.12069898348923,73.94495382791419,miscellaneous
5316,Laguna Water District Motorpool,46.50759702916469,74.3104279859353,commercial
5317,Unnamed,44.11164293796671,74.12724877116422,miscellaneous
5318,Unnamed,43.29072515569702,74.11241105991297,miscellaneous
5319,Shell,43.797234637278294,74.85316325493588,commercial
5320,Unnamed,43.551579349845156,74.19608203784598,miscellaneous
5321,Unnamed,44.56163346892687,74.3807850024986,miscellaneous
5322,Unnamed,45.00575335531731,74.83445079170879,miscellaneous
5323,Unnamed,45.09793143797659,74.84831569265351,miscellaneous
5324,Maquiling Builders Depot,59.476748833015094,69.8351531277744,commercial
5325,Unnamed,61.939218623956016,70.57138307791863,miscellaneous
5326,Unnamed,61.23457239661336,70.2076303510172,miscellaneous
5327,Unnamed,59.47703354914634,69.83215114974841,miscellaneous
5328,Unnamed,58.57761056833669,70.07817626221315,commercial
5329,Unnamed,69.30094159816103,39.15944123407469,miscellaneous
5330,Unnamed,70.17337639081774,39.777632914975854,miscellaneous
5331,Unnamed,61.6426484415731,55.639906836873244,residential
5332,Unnamed,60.76191143669355,54.385198462380416,miscellaneous
5333,Unnamed,60.075819510179386,54.86740354760589,miscellaneous
5334,Unnamed,59.89425642316547,55.14804878288311,miscellaneous
5335,Unnamed,60.10020913075873,55.330345823873515,miscellaneous
5336,One Providence,61.17167479778375,54.92922681813438,residential
5337,Unnamed,61.14888590203109,54.23214127775473,miscellaneous
5338,Unnamed,61.29557123461351,54.24228197974046,miscellaneous
5339,Unnamed,61.97052636148604,54.534086107093714,miscellaneous
5340,Unnamed,62.048349665363986,54.50575062812639,miscellaneous
5341,Unnamed,62.049881199154335,54.57433946687984,miscellaneous
5342,Unnamed,61.64486029459587,54.364997704556174,miscellaneous
5343,Unnamed,62.15082218305975,54.54530564645401,miscellaneous
5344,Unnamed,62.50323337201545,54.51842458253634,miscellaneous
5345,Unnamed,61.74093211234282,54.45849753170082,miscellaneous
5346,Unnamed,61.738111553916184,54.35779263133421,miscellaneous
5347,Unnamed,61.167394848371856,54.56967288586081,miscellaneous
5348,Unnamed,60.99961210409069,54.60176499944062,miscellaneous
5349,Philippine Tropical Forest Science Center,51.92742021250144,25.79307201589246,miscellaneous
5350,Unnamed,53.296798720305695,25.28913637570126,miscellaneous
5351,Unnamed,53.39623949120175,24.90462480234855,miscellaneous
5352,Makiling Tennis Club,55.96492993532337,27.354138663487014,miscellaneous
5353,Unnamed,53.75984828374541,24.734859138734315,residential
5354,ERDB Guest House,54.62608272656876,22.620609466040904,miscellaneous
5355,Unnamed,54.81504563206989,23.314776051446298,residential
5356,Unnamed,54.69604438895559,23.873651686208504,residential
5357,Unnamed,54.60544980161468,24.08712258944092,residential
5358,Unnamed,54.08025252349526,23.817061501934653,residential
5359,Unnamed,54.05001664314811,23.904361335078246,residential
5360,Unnamed,63.55186696676635,47.27920302987329,miscellaneous
5361,Unnamed,63.59543392604161,47.36623940587807,miscellaneous
5362,Unnamed,65.7909994713763,61.235918249688496,miscellaneous
5363,BDO,59.945645622946984,71.24244803274837,commercial
5364,Novo Jeans & Shirts,60.30125835811615,71.45271183082251,commercial
5365,Unnamed,59.84212508732677,51.29113707145373,miscellaneous
5366,Unnamed,55.30044370717374,50.67240690637419,residential
5367,Unnamed,69.72991282862301,33.99569562781558,commercial
5368,Unnamed,74.72533179547987,37.99648509029438,miscellaneous
5369,Unnamed,69.92688028750794,34.15369389910734,miscellaneous
5370,Unnamed,70.78362796121256,33.17257453213305,miscellaneous
5371,Unnamed,9.432975067064024,59.86222078087762,miscellaneous
5372,Unnamed,9.004791869165558,60.04451782186512,miscellaneous
5373,Unnamed,8.742719567910836,57.395314327271976,miscellaneous
5374,Unnamed,9.617689143962577,58.9930750054934,miscellaneous
5375,Unnamed,7.737570616762439,58.58235675934387,miscellaneous
5376,Unnamed,9.999260768488972,59.43855616638304,miscellaneous
5377,Unnamed,7.910743400186801,58.89357397575431,miscellaneous
5378,Unnamed,8.819911337295226,57.659550318266405,miscellaneous
5379,Unnamed,9.164314139478236,59.91889173881225,miscellaneous
5380,Unnamed,75.11406074870433,43.12053879995219,commercial
5381,Putho Checkpoint,87.44285335578391,45.243406677997534,special
5382,Unnamed,75.19989321284903,43.744090806936065,miscellaneous
5383,Unnamed,75.64585784883676,42.96143300241969,commercial
5384,Unnamed,75.1446009695705,43.6244353377794,miscellaneous
5385,Unnamed,65.41714587032388,41.844503965410766,miscellaneous
5386,Feljam Auto Supply,91.73654486233191,66.59705638596256,commercial
5387,Unnamed,91.50959396263089,66.61754224857074,residential
5388,Unnamed,92.29557042774202,66.64881367702783,commercial
5389,Unnamed,92.00489715162693,66.62379660695773,miscellaneous
5390,Unnamed,60.112387122190306,66.46927241120099,miscellaneous
5391,Unnamed,59.247901798729316,67.92875271845284,miscellaneous
5392,Unnamed,57.87495872421554,65.50343792891778,miscellaneous
5393,Unnamed,58.94736730255953,67.77194725296694,miscellaneous
5394,Unnamed,59.236168884915564,68.34542779186573,miscellaneous
5395,Unnamed,64.02788306661068,53.54627527672374,miscellaneous
5396,Fam,67.92610995342012,55.532074208038686,miscellaneous
5397,Unnamed,67.77231567735372,54.03985311411918,miscellaneous
5398,Unnamed,67.4705695487799,54.442394710197725,miscellaneous
5399,Unnamed,68.32975423043786,55.34863330316949,miscellaneous
5400,Unnamed,66.84352725973754,55.37694455589942,miscellaneous
5401,Unnamed,67.30691102878394,53.3420346791871,miscellaneous
5402,Unnamed,67.59526453740585,55.673905021122984,miscellaneous
5403,Unnamed,67.75986546532177,54.474269967185954,miscellaneous
5404,San Antonio Community Garden,68.33443923114436,62.942028913154424,miscellaneous
5405,Saint John Paul II Chapel and Pastoral Center,63.61222363969766,59.21344607478068,special
5406,Unnamed,52.38810574667758,33.48582079529863,commercial
5407,Ticket Booth,52.12409561415549,33.51882425778878,miscellaneous
5408,Los Baños Municipal Materials Recovery Facility,35.22050574036191,45.020745088263794,miscellaneous
5409,Unnamed,59.500954188123615,38.90903492306391,residential
5410,Unnamed,60.54025185608837,38.44526666469748,residential
5411,Unnamed,56.79100862464512,34.97321670833889,residential
5412,Unnamed,57.058250687927625,34.5094135817358,residential
5413,Milka Krem,64.45110913848457,43.12069284084797,miscellaneous
5414,Unnamed,51.61154948106885,25.248442435133846,miscellaneous
5415,Unnamed,52.08354069985464,25.298138301537758,residential
5416,Makiling Center for Mountain Ecosystems,50.95799821280297,26.074377444284046,special
5417,SEARCA Copeland Apartments,56.9926131356908,37.14752380629761,residential
5418,SEARCA Rubber Area Apartments,52.50001986036018,25.825554434567756,residential
5419,UPLB-EDC Ninhi Biodiversity Park,56.29802914809405,32.72534895224339,miscellaneous
5420,Unnamed,63.750703210667325,53.71191556418838,miscellaneous
5421,Unnamed,63.57753107897393,53.77598920303741,miscellaneous
5422,Unnamed,63.60814524571686,53.64032040081875,miscellaneous
5423,Unnamed,63.4315736275328,53.79556197608056,miscellaneous
5424,Unnamed,63.34943527486312,53.71339391949146,miscellaneous
5425,Unnamed,63.32767664099549,53.50234990104076,miscellaneous
5426,Unnamed,63.285306123084474,53.49034136881704,miscellaneous
5427,Unnamed,63.852499904671014,53.75004591235566,miscellaneous
5428,Unnamed,61.918744156054075,49.34809802266249,school
5429,Unnamed,67.35064682178405,90.8422600302768,school
5430,Unnamed,67.55940217312222,90.47744800740116,school
5431,Unnamed,70.44608431658918,92.6537317555323,miscellaneous
5432,Unnamed,67.34973029256038,90.27856299021776,school
5433,Unnamed,59.14555593278593,85.58149971664297,school
5434,Unnamed,67.5110960218963,91.0874272367834,school
5435,Unnamed,59.393055742923295,95.64870230058101,miscellaneous
5436,Unnamed,67.81394029310006,90.61432301135673,school
5437,Unnamed,67.12820007009957,90.70170192017389,school
5438,Unnamed,58.79734341175137,86.32177110770346,miscellaneous
5439,Unnamed,67.53171454659866,89.95384428917261,school
5440,Unnamed,59.27913951788617,95.2025448486192,miscellaneous
5441,Unnamed,58.1151720217284,85.93236302462202,school
5442,Unnamed,58.010761939754005,95.48728834380358,miscellaneous
5443,Unnamed,70.57224932602662,92.76740994067238,miscellaneous
5444,Unnamed,67.65689844677875,90.86672169973168,school
5445,Unnamed,70.80323881366913,92.92472917506012,miscellaneous
5446,Unnamed,67.1724584436755,91.12320625224977,school
5447,Unnamed,57.45902261993563,95.27215162920906,miscellaneous
5448,Unnamed,67.93997504329788,90.35895018632091,school
5449,Unnamed,61.429543479653894,88.62714314996065,residential
5450,Lapiz Coliseum,86.42942772778423,73.5120545628357,miscellaneous
5451,Maharlika Village,90.65428921334461,69.93474962577291,residential
5452,Unnamed,87.98355756996152,69.12954135091341,miscellaneous
5453,Unnamed,85.39123069527687,70.87145429731501,residential
5454,Unnamed,90.11775813074726,68.40446685077018,miscellaneous
5455,Unnamed,90.239686474407,68.65318028899092,miscellaneous
5456,Unnamed,89.46576434436436,68.15844560726744,miscellaneous
5457,Unnamed,84.8203158003995,71.54051914508459,residential
5458,Unnamed,89.8593595194249,69.00869588770561,miscellaneous
5459,Unnamed,87.0308450967759,67.52741177746722,miscellaneous
5460,Unnamed,85.32128075446423,69.91019325821128,miscellaneous
5461,Unnamed,89.09000993722852,68.20685554802688,miscellaneous
5462,Unnamed,86.81279789276545,70.4160365401134,miscellaneous
5463,Unnamed,86.17854292173331,71.84907949200786,miscellaneous
5464,Unnamed,86.73884941276168,70.59161298085841,miscellaneous
5465,Unnamed,87.42060705275527,68.27556498979567,miscellaneous
5466,Unnamed,85.10829481948782,70.6562690771798,miscellaneous
5467,Unnamed,89.7932101492609,68.50052903813764,miscellaneous
5468,Unnamed,85.26206621685162,71.30268524624961,residential
5469,Unnamed,85.18636510913592,71.6760681492815,residential
5470,Unnamed,86.85443689675681,70.33073547383258,miscellaneous
5471,Unnamed,80.94049384295836,70.37140117594386,residential
5472,Royal Cable Satellite Station,87.09287588147257,71.58050782672115,commercial
5473,Unnamed,59.2788200829095,52.96056062455823,miscellaneous
5474,Unnamed,59.187955681039206,53.16137137166601,miscellaneous
5475,Unnamed,62.02385547810486,67.014963753525,miscellaneous
5476,Makiling Lodge 72,62.332978322632506,66.8714027863796,miscellaneous
5477,Unnamed,63.60295542521055,67.10316407388811,miscellaneous
5478,Unnamed,63.72310096413957,61.41788771288355,miscellaneous
5479,Unnamed,63.76857112151374,65.46886622560699,miscellaneous
5480,Unnamed,80.0146887969297,55.46159226039739,miscellaneous
5481,Unnamed,76.31093824416095,51.011369929330854,miscellaneous
5482,Unnamed,63.8793752191794,66.82527816610991,special
5483,Unnamed,62.798405845168304,66.96330794781944,miscellaneous
5484,Unnamed,62.397902404973,66.08795100107109,miscellaneous
5485,Unnamed,64.23084915845772,66.82025023113623,miscellaneous
5486,Unnamed,62.18864864949561,64.44421513999345,miscellaneous
5487,Unnamed,63.242596321846044,64.89717333123505,miscellaneous
5488,Unnamed,63.90384884577268,64.56765440147669,miscellaneous
5489,Unnamed,63.69508797746784,64.45983958304724,miscellaneous
5490,Unnamed,63.76433443910295,64.06914317041688,miscellaneous
5491,Kingdom Hall of Jehovah's Witnesses,62.46296613742296,67.07600391537682,special
5492,Montessori Children's House,61.96230797552953,65.88955366460436,school
5493,Unnamed,61.32943901517523,65.95265635718948,miscellaneous
5494,Unnamed,62.59884877321973,66.73914325304627,miscellaneous
5495,Unnamed,61.17629247774094,65.560140427883,residential
5496,Unnamed,61.98966251022496,63.64282649251292,miscellaneous
5497,Unnamed,62.87395813031599,64.68200638630238,miscellaneous
5498,Unnamed,61.07793482163767,65.27480979820113,miscellaneous
5499,Unnamed,62.613587578048715,66.27459031577101,miscellaneous
5500,Unnamed,62.283137302294925,65.49819668425887,miscellaneous
5501,Unnamed,62.22526679379998,65.70351388990396,miscellaneous
5502,Unnamed,64.06051614525883,66.97164159058852,miscellaneous
5503,Unnamed,63.67174330877155,64.9178811879135,miscellaneous
5504,Unnamed,62.12423513801865,63.70151439213014,miscellaneous
5505,Unnamed,64.73813698451796,66.95468943987336,miscellaneous
5506,Unnamed,61.866609358548615,63.594658824330885,miscellaneous
5507,Unnamed,62.089633181735195,64.87972118484406,miscellaneous
5508,Unnamed,62.62390175183374,65.93392600772759,miscellaneous
5509,Unnamed,61.98742425014625,66.08234978101054,miscellaneous
5510,Unnamed,62.20464808879925,65.94953575764335,miscellaneous
5511,Unnamed,64.44524660687824,67.10194275394463,miscellaneous
5512,Unnamed,61.83947402457595,65.96037168121072,miscellaneous
5513,Unnamed,63.92422585617842,65.12242164074699,miscellaneous
5514,Unnamed,60.82612577951161,65.53971237009486,miscellaneous
5515,Unnamed,60.54415712826605,65.37332856121942,miscellaneous
5516,Unnamed,63.7562702652562,66.7411376728068,miscellaneous
5517,Makiling Organics,63.70031486096258,54.236722381416705,commercial
5518,Unnamed,63.105831489056186,53.977185815974984,miscellaneous
5519,Unnamed,63.38474054663682,53.93914557662166,miscellaneous
5520,Unnamed,64.27212732018364,55.14722983840633,miscellaneous
5521,Unnamed,63.01716602369522,53.94546525696716,miscellaneous
5522,Unnamed,65.38493770852699,55.34559211422116,residential
5523,Unnamed,65.84812673728358,56.75154207245067,residential
5524,Unnamed,64.4685156429476,61.627530640832795,miscellaneous
5525,Unnamed,64.283603424963,64.90425461057652,residential
5526,Unnamed,64.38025688082308,64.33750598311914,commercial
5527,Unnamed,66.75712226944228,53.560513425502684,miscellaneous
5528,Unnamed,66.24201020287263,55.82873418115691,miscellaneous
5529,Unnamed,32.505713903218705,70.22479030979191,miscellaneous
5530,Unnamed,31.33475993923253,70.5679950121659,miscellaneous
5531,Unnamed,64.6720664994011,64.77218627826238,miscellaneous
5532,Unnamed,64.90768617072703,64.8523855087759,miscellaneous
5533,7-Eleven,81.54618782081937,66.9154619993411,commercial
5534,Unnamed,84.4017583207158,63.92298050731567,miscellaneous
5535,Unnamed,84.56133220528831,63.976059431159804,miscellaneous
5536,Unnamed,84.63175779900659,63.86866096026244,miscellaneous
5537,Unnamed,84.35319887655983,63.794462175652846,miscellaneous
5538,Unnamed,83.80405644170663,63.751956853185746,miscellaneous
5539,Unnamed,84.0899835420856,63.70434945585358,miscellaneous
5540,Unnamed,82.85136848557258,63.29251199748612,miscellaneous
5541,Unnamed,82.7270664314603,63.39065819978351,miscellaneous
5542,Unnamed,83.26071956248283,63.678881359511784,miscellaneous
5543,Unnamed,83.4238688104067,63.34871311064859,miscellaneous
5544,Unnamed,84.86049940239657,63.34617438276652,miscellaneous
5545,Unnamed,84.59867114084919,63.21928927597348,miscellaneous
5546,Unnamed,85.25783232642168,63.68145025240266,miscellaneous
5547,Unnamed,85.086325672683,63.62216658074258,miscellaneous
5548,Unnamed,84.98026739361552,63.82170472328777,miscellaneous
5549,Unnamed,85.20356659202889,63.83732579375643,miscellaneous
5550,Unnamed,84.91180459638447,63.98981384543937,miscellaneous
5551,Unnamed,85.11688931217749,63.96990136065468,miscellaneous
5552,Unnamed,85.16109578934781,62.9988600292875,miscellaneous
5553,Unnamed,85.31349832402891,63.056440289051885,miscellaneous
5554,Unnamed,84.89592405897801,63.07602109424555,miscellaneous
5555,Unnamed,85.07110290500948,63.19000167064218,miscellaneous
5556,Unnamed,84.99661267092019,63.13292124047497,miscellaneous
5557,Unnamed,84.92638566561911,62.712884617274675,miscellaneous
5558,Unnamed,85.31745223179834,62.60712782902763,miscellaneous
5559,Unnamed,85.26068916123448,62.707430588559255,miscellaneous
5560,Unnamed,84.19832692736676,60.883901119950856,miscellaneous
5561,Unnamed,83.93531367025035,60.79218133257576,miscellaneous
5562,Unnamed,84.01403260991405,60.4880946711681,miscellaneous
5563,Unnamed,84.48424683310549,60.65580784349308,miscellaneous
5564,Unnamed,84.35046960234939,60.596044022569416,miscellaneous
5565,Unnamed,84.22062773857162,60.53150270489833,miscellaneous
5566,Unnamed,83.68578608514683,60.70909126644764,miscellaneous
5567,Unnamed,83.40031964376344,60.59473504341264,miscellaneous
5568,Unnamed,83.41171076789554,60.82018910707788,miscellaneous
5569,Unnamed,83.45664778241347,60.275669750220985,miscellaneous
5570,Unnamed,83.25261878599889,60.21018469896007,miscellaneous
5571,Unnamed,84.51982866471289,64.55813031699297,miscellaneous
5572,Unnamed,84.69360700995203,64.63817190481709,miscellaneous
5573,Unnamed,84.32303587292283,64.52747077935676,miscellaneous
5574,Unnamed,84.94873194721463,64.46997014596852,miscellaneous
5575,Unnamed,84.83248109994153,64.70813899880234,miscellaneous
5576,Unnamed,85.10056404012545,64.76512826807479,miscellaneous
5577,Unnamed,84.48246378870398,65.49822757014545,miscellaneous
5578,Unnamed,84.62210639440056,65.61021112650496,miscellaneous
5579,Unnamed,85.1338557639802,65.30392818534736,miscellaneous
5580,Unnamed,84.91770418157216,65.34595490563817,miscellaneous
5581,Unnamed,85.02068773493286,65.58778102214225,miscellaneous
5582,Unnamed,84.6786533157649,65.10510333441013,miscellaneous
5583,Unnamed,84.3722739781127,65.20994112460255,miscellaneous
5584,Unnamed,83.02227265750528,65.55249270320039,miscellaneous
5585,Unnamed,83.1499837121291,65.65607511430863,miscellaneous
5586,Unnamed,82.35275730361468,66.16930723347238,miscellaneous
5587,Unnamed,81.98824589064063,65.99234778278746,miscellaneous
5588,Unnamed,82.09960578001998,66.23076681919575,miscellaneous
5589,Unnamed,82.10847850411443,66.44823276566619,miscellaneous
5590,Unnamed,81.8817426838735,66.13861126670677,miscellaneous
5591,Unnamed,81.96459981572379,66.15633276124609,miscellaneous
5592,Unnamed,81.79105218038465,66.290443573092,miscellaneous
5593,Unnamed,81.81292282321819,66.55509356494052,miscellaneous
5594,Unnamed,81.48263317369258,66.4243107847757,miscellaneous
5595,Unnamed,81.31651605840784,66.35423934798852,miscellaneous
5596,Unnamed,82.1617980593907,65.62627960075078,miscellaneous
5597,Unnamed,82.09319883232776,65.76926730675137,miscellaneous
5598,Unnamed,82.24255984977425,65.86912851336746,miscellaneous
5599,Unnamed,82.41354625802553,65.98746847355058,miscellaneous
5600,Unnamed,37.374138231102435,-27.99930468044096,residential
5601,Los Baños Tourist Information Center,33.10894700624163,67.9754650589934,miscellaneous
5602,Holland Tulips Dormitory,59.88941523405099,53.16333201250324,miscellaneous
5603,Unnamed,60.150980310117866,53.48804832427276,miscellaneous
5604,Unnamed,60.441623896795186,53.618871384661894,miscellaneous
5605,Unnamed,59.53051638452188,54.282513723810055,miscellaneous
5606,Unnamed,60.20705082733342,54.67454095345508,miscellaneous
5607,Unnamed,59.90335791540568,54.47088985755332,miscellaneous
5608,Unnamed,59.67450635685165,53.852806195151274,miscellaneous
5609,Unnamed,60.62992571918453,54.90716465666073,miscellaneous
5610,Unnamed,59.816743172228605,54.18038398668655,miscellaneous
5611,Unnamed,60.41178961215633,54.50602515914116,miscellaneous
5612,Unnamed,59.7000902452131,54.36887460959316,miscellaneous
5613,Unnamed,37.56956235885963,72.57063112608064,miscellaneous
5614,Unnamed,57.3852717953976,35.46762979010396,residential
5615,Unnamed,57.174190476629235,35.9861551098693,residential
5616,Unnamed,57.01616452429541,35.64756124014923,commercial
5617,Unnamed,55.13029202345088,24.28399684215047,residential
5618,Unnamed,55.049026326633786,24.576015885556775,residential
5619,Unnamed,56.64442983521695,27.70696780665347,residential
5620,Unnamed,57.774966630555234,28.974009978019094,residential
5621,Unnamed,58.51765097261744,28.55821858017944,residential
5622,Unnamed,58.87930854088066,28.320378663691347,residential
5623,Unnamed,59.026597586228334,28.829275218698108,residential
5624,Unnamed,58.55172691774347,29.029780097031026,residential
5625,Unnamed,58.28286048675657,29.179406272506043,residential
5626,Unnamed,58.08796942402156,29.47869754303228,miscellaneous
5627,Unnamed,57.80284618668379,29.917746883453557,miscellaneous
5628,Unnamed,57.062542341641716,29.669785207243464,residential
5629,Unnamed,56.891083030695654,29.413537479816622,residential
5630,Unnamed,57.29544993682789,29.068874669230215,residential
5631,Unnamed,56.66063613575514,29.171866964103092,residential
5632,Unnamed,57.04453324444868,28.756827053800034,residential
5633,Unnamed,56.842059808629266,28.48048555784155,residential
5634,Unnamed,56.33870887012073,28.82975983550749,residential
5635,Unnamed,56.53258424524207,28.072106423473787,residential
5636,Unnamed,55.29517707436845,28.23791049974591,residential
5637,Learning Laboratory for Agroforestry,58.0941382649988,27.781817736785147,miscellaneous
5638,TREES Guesthouse 2,57.519435501716664,29.339930092615273,miscellaneous
5639,Unnamed,57.23379537705853,27.505808707878813,miscellaneous
5640,Unnamed,54.45116754584407,24.55833533308631,residential
5641,Unnamed,57.25252731953022,28.23229196353606,residential
5642,Unnamed,54.34523781838103,24.900498245821932,residential
5643,Unnamed,58.899373848011706,28.981708056117046,miscellaneous
5644,Unnamed,54.518324907631346,24.323715649378673,residential
5645,Unnamed,56.88286662603832,27.194607414395072,residential
5646,Unnamed,57.03683662807789,28.046062761095076,residential
5647,Heaven's Garden Memorial Park,47.313826865260026,71.8904028713608,miscellaneous
5648,Unnamed,46.734382624045004,70.32338605674272,miscellaneous
5649,Unnamed,61.66796628770326,35.84831035437346,miscellaneous
5650,Los Baños Municipal Jail,33.68190024457822,65.39549091015333,special
5651,Unnamed,35.405495069402335,55.92801150452975,miscellaneous
5652,Unnamed,35.18709423268137,61.27934235449008,residential
5653,Unnamed,84.66816711377528,40.48809786449525,miscellaneous
5654,Unnamed,82.47775512395057,44.68370690613369,miscellaneous
5655,Unnamed,84.57059984400593,44.81501682111728,miscellaneous
5656,Unnamed,82.21650135203016,45.48758781161361,miscellaneous
5657,Unnamed,84.12477581681085,45.25889632027973,miscellaneous
5658,Unnamed,84.59674865703879,44.58890688059949,miscellaneous
5659,Unnamed,84.61855692521095,44.68639360670921,miscellaneous
5660,Unnamed,82.21179410615476,45.32980532052106,miscellaneous
5661,Unnamed,84.08642405137844,44.27067160506228,miscellaneous
5662,Unnamed,84.26212935981992,44.69558594871068,miscellaneous
5663,IRRI Pleasant Village Apartments,87.04807836899647,39.09559047534751,residential
5664,Unnamed,84.25407112334962,46.46878500605294,miscellaneous
5665,Unnamed,84.00089993921495,36.82847957538502,residential
5666,Unnamed,82.3966085209832,44.94371908413207,miscellaneous
5667,Unnamed,83.29315686899437,37.456581732659,residential
5668,Unnamed,84.67400252070121,43.94234958446781,miscellaneous
5669,Unnamed,82.37232404880137,44.02121393778234,miscellaneous
5670,Unnamed,83.81133450588591,46.39953937297011,miscellaneous
5671,Unnamed,84.22876640760589,46.26053572072382,miscellaneous
5672,Unnamed,81.8412331028449,45.25439864011804,miscellaneous
5673,Unnamed,84.69880676098954,45.823710735706044,miscellaneous
5674,Unnamed,83.2095728014456,37.60712852347864,residential
5675,Unnamed,84.79034991029772,45.47017240418783,miscellaneous
5676,Unnamed,84.4985438386889,44.0109924674718,miscellaneous
5677,Unnamed,82.86202173874786,45.021220148727146,miscellaneous
5678,Unnamed,82.57713341606868,44.397978285837816,miscellaneous
5679,Unnamed,81.80210621735284,45.44469467270268,miscellaneous
5680,Unnamed,82.21768511329127,44.474008340132094,miscellaneous
5681,Unnamed,82.04599326256226,45.354865021566745,miscellaneous
5682,Unnamed,84.77047473807161,45.65713159867711,miscellaneous
5683,Unnamed,84.4525579096455,45.16531701138604,miscellaneous
5684,Unnamed,82.89535462740066,44.608698338493205,miscellaneous
5685,Unnamed,84.30860505606358,44.19376553947705,miscellaneous
5686,Unnamed,82.2985001294283,44.30587312575407,miscellaneous
5687,Unnamed,84.33865650251605,44.55565896359131,miscellaneous
5688,Unnamed,81.85576677929951,44.151166436188,miscellaneous
5689,Unnamed,83.18062645799003,44.63965808119173,miscellaneous
5690,Unnamed,83.91418723384287,38.74350169641261,residential
5691,Unnamed,82.13753145646352,44.961628244241716,miscellaneous
5692,Unnamed,84.35650710494058,45.51048295620107,miscellaneous
5693,Unnamed,82.79169127437699,45.18390226669036,miscellaneous
5694,Unnamed,84.49460806969637,44.97701226007024,miscellaneous
5695,Unnamed,82.62795071091824,44.12216848602501,miscellaneous
5696,Unnamed,82.85501632941393,44.82542775414611,miscellaneous
5697,Unnamed,83.81095787909862,45.85944926301666,miscellaneous
5698,Unnamed,84.65747005301226,44.420397833635086,miscellaneous
5699,Unnamed,83.09067521937754,45.13975793862766,miscellaneous
5700,Unnamed,84.54900836259857,38.66749274672444,miscellaneous
5701,Unnamed,84.81761940089778,43.819498762899585,miscellaneous
5702,Unnamed,85.81831123980393,45.46587563316125,residential
5703,Vraja Cuisine - Vegetarian and Vegan Cafe,65.84147718057262,39.39666756833301,commercial
5704,Unnamed,31.497152080916134,69.37787363024472,miscellaneous
5705,Unnamed,46.37186872409038,42.729321906065636,commercial
5706,Unnamed,57.49909697062401,55.277278221650064,miscellaneous
5707,Unnamed,57.17707807471688,54.57568108245262,miscellaneous
5708,Unnamed,56.75326505941107,54.869470827539644,miscellaneous
5709,Unnamed,56.71194990781626,54.28004952975939,miscellaneous
5710,Unnamed,58.80031191330686,55.53074153784541,residential
5711,Unnamed,59.38375415279589,56.46900622725717,residential
5712,Barrion's Compound,59.17748817024355,55.06189239048458,residential
5713,Unnamed,56.02012387676126,51.83646506055387,residential
5714,Unnamed,56.81419646364496,53.18148775468177,residential
5715,Unnamed,57.18392809251135,53.857637967580516,miscellaneous
5716,Unnamed,57.26588806745171,53.93996479758877,miscellaneous
5717,Unnamed,57.36507655986033,53.99079833983366,miscellaneous
5718,Unnamed,57.29917052085581,54.3765647510005,miscellaneous
5719,Unnamed,57.46119760906042,54.06236568882936,miscellaneous
5720,Unnamed,57.567257974755314,54.55791977811043,residential
5721,Unnamed,57.5960930914852,54.19422617137081,miscellaneous
5722,Unnamed,58.2421803244926,54.525697523190516,miscellaneous
5723,Unnamed,58.51180901727461,55.03931919770418,miscellaneous
5724,Unnamed,58.683066098036655,54.801607494551675,miscellaneous
5725,Unnamed,58.77447172400253,55.21765210847111,miscellaneous
5726,Unnamed,58.988164920853,54.962928928302404,miscellaneous
5727,Unnamed,59.45739829424137,55.19499473947427,residential
5728,Unnamed,59.41444284697912,55.17185962926722,residential
5729,Unnamed,59.3714876838454,55.14867012483177,residential
5730,Unnamed,59.32849372136022,55.125548277147615,residential
5731,Unnamed,59.61714655122754,55.74473173016489,miscellaneous
5732,Unnamed,59.56107770897579,55.280050578759756,residential
5733,Unnamed,60.12776862143916,55.562629378805795,residential
5734,Unnamed,60.36517771737996,55.42789717397029,miscellaneous
5735,Unnamed,56.80078009332809,54.088007049473276,miscellaneous
5736,Unnamed,56.38818597919937,52.08301104867744,miscellaneous
5737,Unnamed,57.0054925889587,53.78139423659691,miscellaneous
5738,Unnamed,58.34902976664854,55.196939768270944,residential
5739,Unnamed,56.366240808881486,51.97922501645984,miscellaneous
5740,Unnamed,57.098586003302806,53.470441017984335,miscellaneous
5741,Unnamed,55.966737513762034,52.70227109682533,miscellaneous
5742,Unnamed,56.091118345918865,52.710035850192206,miscellaneous
5743,Unnamed,56.191854221938364,51.40265843867638,residential
5744,Unnamed,57.9283653540366,54.74062390465885,miscellaneous
5745,Unnamed,57.10254872824346,53.62297891528319,special
5746,Unnamed,56.5693863292289,51.80138123707104,miscellaneous
5747,Unnamed,56.21317199349941,51.57963226339686,residential
5748,Unnamed,57.82514280641451,54.67384195144385,miscellaneous
5749,Unnamed,58.07695825604983,54.84602205908947,miscellaneous
5750,Unnamed,56.19416139187698,52.81635006273127,miscellaneous
5751,Unnamed,56.49863344140702,51.9313986588953,miscellaneous
5752,Unnamed,58.53023099968618,55.357104355304955,miscellaneous
5753,Unnamed,59.335568023480356,55.83155180049886,miscellaneous
5754,Unnamed,56.38020369832445,52.93697229357287,residential
5755,Unnamed,57.89660638896119,54.375839094823874,miscellaneous
5756,Unnamed,59.804940431840016,55.4110391845957,miscellaneous
5757,Maranatha Christian Academy,61.33532268312879,69.69254197980823,school
5758,Unnamed,61.35244567558657,69.6401215862988,miscellaneous
5759,Unnamed,64.38855600814632,70.59819402686061,miscellaneous
5760,Unnamed,64.04058226835939,71.56401904465866,miscellaneous
5761,Unnamed,64.35616335684952,70.27053493795901,miscellaneous
5762,Unnamed,65.50047589737855,60.11474751380368,miscellaneous
5763,Unnamed,62.550575938988665,44.86696225553238,miscellaneous
5764,Unnamed,65.49959510620154,60.254290339474316,miscellaneous
5765,Unnamed,58.44567450830838,71.13833216395848,miscellaneous
5766,Unnamed,58.72403887446481,71.41113961037644,miscellaneous
5767,Alfamart,33.844455709695254,69.51241683618467,commercial
5768,Unnamed,50.4305800885753,58.36019335293601,miscellaneous
5769,Jollibee,67.13811024221546,52.82324277857139,commercial
5770,UPOU Community Hub,95.01796572988115,65.32798964427023,school
5771,Unnamed,94.74883643038987,65.34901912960905,commercial
5772,Unnamed,96.78071311986925,61.89062423159197,school
5773,Unnamed,96.08418559155719,65.5976711402912,miscellaneous
5774,Unnamed,95.71289620214286,65.3030866639769,miscellaneous
5775,Unnamed,97.166752417971,65.40969785760329,miscellaneous
5776,Unnamed,97.13346072830772,64.64937949011825,miscellaneous
5777,Unnamed,95.20208649016219,64.66460578645014,miscellaneous
5778,Unnamed,95.1572257135176,63.35988242894266,miscellaneous
5779,Unnamed,97.33944277998721,62.94279724868246,miscellaneous
5780,Unnamed,95.86624946587435,62.71520267822326,miscellaneous
5781,Unnamed,96.46182173179237,62.45604159982937,miscellaneous
5782,Unnamed,94.7396445093593,64.00883720295467,miscellaneous
5783,Unnamed,95.32890426931371,62.703984640859204,miscellaneous
5784,Unnamed,95.87639453251289,61.92283099136242,miscellaneous
5785,Unnamed,54.59834731296167,50.988965957467535,miscellaneous
5786,Unnamed,54.28429681213613,50.732597155533234,miscellaneous
5787,Unnamed,53.52135644574738,52.41650267437266,miscellaneous
5788,Unnamed,53.78303420969686,51.71896446108343,miscellaneous
5789,Unnamed,53.90469631950322,52.362874982129036,miscellaneous
5790,Unnamed,53.48910536783061,52.16771787112891,miscellaneous
5791,Unnamed,54.649392489996764,50.871294448408946,miscellaneous
5792,Unnamed,53.54196799942002,51.82133252093893,miscellaneous
5793,Unnamed,54.71587496478865,51.93439686179568,miscellaneous
5794,Unnamed,54.51458441568195,50.77109413555967,miscellaneous
5795,Unnamed,68.74440935675483,60.03624648263691,commercial
5796,Orchard Row,68.5458717312353,59.49894629693705,residential
5797,Unnamed,69.36063970138459,59.47379541456627,miscellaneous
5798,Unnamed,69.51602833898382,59.59653829028498,miscellaneous
5799,Unnamed,69.7981244893664,59.05498720808986,miscellaneous
5800,Unnamed,68.43261124178056,59.88409434428246,residential
5801,Unnamed,68.64375886015833,59.88308730520703,residential
5802,Unnamed,68.64481967972873,59.59791220947055,miscellaneous
5803,Unnamed,70.38595565159402,60.28159472294033,residential
5804,Unnamed,70.01108522813219,60.156003463585876,commercial
5805,One Bonitos Place,70.97520951847551,57.634825527001375,commercial
5806,One Place Bonito's,71.08003211264648,57.65396815515238,commercial
5807,Unnamed,69.24259560432512,56.11920436932307,miscellaneous
5808,UPLB Graduate School International Student and Cultural Center,59.34523006705531,45.89299343861673,school
5809,Pergas,95.43614754375191,66.14209511571035,commercial
5810,PM2V Scrap Trading,96.51182619668757,66.21534636438344,miscellaneous
5811,Motorace,86.76763542726988,66.51966613271554,commercial
5812,Unnamed,70.09766282821761,60.20054227846011,miscellaneous
5813,Grand Harvest Christian Ministries Inc Los Baños,88.01711164713525,69.19773261962622,special
5814,Unnamed,67.15183498564087,52.86534258466522,miscellaneous
5815,Department of Industrial Engineering,76.062998762867,44.300537927933355,miscellaneous
5816,Department of Civil Engineering,70.06741972262972,41.6567780372836,miscellaneous
5817,Hydraulics Laboratory Building 1,69.66692864928461,41.8743225006047,miscellaneous
5818,Hydraulics Laboratory Building 2,70.02510031848757,42.06916113090356,miscellaneous
5819,Unnamed,69.52639323245451,41.24297442919701,miscellaneous
5820,Unnamed,68.91554880057215,40.97404493362694,miscellaneous
5821,Unnamed,68.89193658555003,41.93730177187634,miscellaneous
5822,Unnamed,70.34921763509917,41.789991181604684,miscellaneous
5823,Rural Economic Development and Renewable Energy Cente,64.1699457513597,49.64148029125986,miscellaneous
5824,UPLB School of Environmental Science and Management,63.237618585807084,49.868759017121654,school
5825,Generator Room,63.088269759693084,49.285415385799666,miscellaneous
5826,CAS Annex 2,63.613868188084275,48.977562297169555,miscellaneous
5827,Unnamed,63.08919759832061,48.401911743994845,commercial
5828,Unnamed,62.761316547045574,48.357606847686824,commercial
5829,Unnamed,63.4310824809752,50.17423631098015,miscellaneous
5830,Unnamed,62.92155448570927,49.58165824230678,miscellaneous
5831,Unnamed,62.76642418230022,49.908591866350136,miscellaneous
5832,Unnamed,63.46963325459567,48.62711715885709,miscellaneous
5833,Unnamed,64.18210777255155,49.3188194796396,miscellaneous
5834,Unnamed,73.6827904508367,42.3710057258728,commercial
5835,"Field Service Building, Philippine Rice Research Institute",72.40266044685904,39.578200193422994,miscellaneous
5836,DA-PhilRice- UPLB Seed Processing and Storage Facility,72.4101168900234,40.09462704674937,special
5837,"Business Development Office Building, Philippine Rice Research Institute",73.0441237064524,40.03888856679988,special
5838,Unnamed,71.53023559376606,39.78997349895613,miscellaneous
5839,Unnamed,71.4663342480793,41.67357339596428,miscellaneous
5840,Unnamed,71.53969221036402,41.52531684962447,miscellaneous
5841,Unnamed,71.31760235348166,41.489792696354954,miscellaneous
5842,Unnamed,71.48108534203456,41.166721582766336,miscellaneous
5843,Unnamed,71.66916744120164,41.26738510882666,miscellaneous
5844,Unnamed,71.9960384140497,41.24419343905207,miscellaneous
5845,Unnamed,71.7775028641205,41.69352804557424,miscellaneous
5846,ICropS Instruction Demonstation Area PhilRice,72.33061531423347,41.4239860625692,miscellaneous
5847,Unnamed,72.21490546246656,40.78784613684619,miscellaneous
5848,Unnamed,84.05288884133498,36.19456155350675,miscellaneous
5849,Unnamed,84.26587707912499,36.025800564824365,miscellaneous
5850,Unnamed,84.33046379277266,35.97573958875802,miscellaneous
5851,Unnamed,84.44415005038475,35.83299696197177,miscellaneous
5852,Unnamed,84.94858386027008,35.46614033596745,miscellaneous
5853,Unnamed,84.58052195456514,34.95099475088194,miscellaneous
5854,Unnamed,84.58455113024506,35.23538619867052,miscellaneous
5855,Unnamed,83.47246843360195,35.78944447769192,miscellaneous
5856,Unnamed,83.74335754863793,35.58663826896962,miscellaneous
5857,Unnamed,83.90535000129479,35.46263403240199,miscellaneous
5858,Unnamed,84.01906723579032,35.668148940184,miscellaneous
5859,Unnamed,84.17755741237436,35.57081903499112,miscellaneous
5860,Unnamed,84.19285193938848,35.30077373013411,miscellaneous
5861,University of the Philippines Los Baños,64.56261086739553,41.342313374106446,school
5862,La Purisima Concepcion Chapel,57.044325046111474,86.62366765456248,special
5863,Malinta Elementary School,45.0990332507708,82.5706060275139,school
5864,Unnamed,45.42897578868489,82.07851195418259,miscellaneous
5865,Unnamed,45.662695788370634,81.886334392055,miscellaneous
5866,Mayondon Barangay Hall,55.20798799688006,90.65347755138461,special
5867,Unnamed,84.99010155783542,70.89643300542731,residential
5868,Unnamed,13.734841726891087,58.64484649329575,miscellaneous
5869,Unnamed,1.6365997464503665,58.55259085130564,miscellaneous
5870,Unnamed,62.88721148412962,73.47130130018017,miscellaneous
5871,Unnamed,63.3000056046525,74.05121345867133,miscellaneous
5872,Unnamed,63.66264734416083,74.15045022745052,miscellaneous
5873,Unnamed,63.91194519247758,74.0525541419435,miscellaneous
5874,Unnamed,34.5000355331627,64.57433795958661,miscellaneous
5875,Unnamed,91.83502633661294,54.902518009728105,miscellaneous
5876,Unnamed,91.44883737677593,54.095080158781286,miscellaneous
5877,Unnamed,61.40699715410206,79.25702568979737,residential
5878,Unnamed,61.1932234815297,79.11978209524827,residential
5879,Unnamed,63.675342471197524,71.94342171145693,miscellaneous
5880,Unnamed,63.31073501806534,72.84714857071621,miscellaneous
5881,Unnamed,63.15640158686223,72.75617402242463,miscellaneous
5882,Unnamed,63.15643443513424,73.24981745759975,miscellaneous
5883,Unnamed,62.68083981387088,73.97771899785234,residential
5884,Unnamed,62.59879696484837,74.38634141813574,miscellaneous
5885,Unnamed,62.145977432215574,74.77838203885008,miscellaneous
5886,Unnamed,62.36243095435896,74.9403105762235,commercial
5887,Unnamed,74.88404469953177,37.70957841270384,miscellaneous
5888,Unnamed,63.990356430260796,67.25048669873573,miscellaneous
5889,Unnamed,58.363082353642504,57.06920598044595,miscellaneous
5890,Unnamed,57.76882448162167,56.74610408696875,miscellaneous
5891,Unnamed,60.4525875345821,59.743830095468574,miscellaneous
5892,Unnamed,59.917820451403045,59.41278405089252,miscellaneous
5893,Unnamed,62.169398392782185,59.95877048821908,miscellaneous
5894,Unnamed,62.02816904377516,59.88031213761407,miscellaneous
5895,Unnamed,58.98707041545158,56.87226561800255,miscellaneous
5896,Unnamed,58.227411457556386,56.42672140549359,residential
5897,Unnamed,55.498634991667764,54.061637037251955,miscellaneous
5898,Unnamed,55.27614509203549,53.89120352349731,miscellaneous
5899,Unnamed,54.82845542447089,53.48051403507541,miscellaneous
5900,Unnamed,59.01076940872908,57.94254287778482,residential
5901,Unnamed,58.608625720518525,57.41804952745216,residential
5902,Unnamed,58.56082730131622,56.56311853725728,residential
5903,Unnamed,57.83545171984519,56.28802522868676,residential
5904,Unnamed,56.99086437232077,55.6854139070581,residential
5905,Unnamed,66.72112666286688,65.7035421348424,miscellaneous
5906,Unnamed,66.68480749734239,65.87710372086852,miscellaneous
5907,Unnamed,66.56918413249832,66.06049115417663,miscellaneous
5908,Unnamed,66.38853221195554,66.5442587742559,miscellaneous
5909,Unnamed,66.39133959950352,66.7194066911025,miscellaneous
5910,Unnamed,67.58188531348523,63.783561404449976,miscellaneous
5911,Unnamed,62.38809024404816,59.74109889245863,miscellaneous
5912,Unnamed,67.9160850825574,59.50139960443541,miscellaneous
5913,Unnamed,68.3996787564744,59.59895814101751,miscellaneous
5914,Unnamed,68.85092259924922,59.59094636216318,miscellaneous
5915,Unnamed,69.17814718266705,59.39794538432962,miscellaneous
5916,Unnamed,66.38420838044844,60.3182909611432,miscellaneous
5917,Unnamed,67.71569242265748,60.634655083702384,commercial
5918,Unnamed,67.69309713493242,61.16114861876365,miscellaneous
5919,Unnamed,68.46239251412032,61.72166982090754,miscellaneous
5920,Unnamed,68.39897200910275,61.86256862095249,miscellaneous
5921,Unnamed,68.28538369819817,62.01555237585771,miscellaneous
5922,Unnamed,68.1916097014222,62.32153821530113,miscellaneous
5923,Casa Francisco,70.24453846366619,57.32466975881457,miscellaneous
5924,Unnamed,69.68521934371611,53.35510050948912,miscellaneous
5925,Unnamed,69.53553670711409,53.645841432561305,miscellaneous
5926,Unnamed,68.91276813771718,54.17899178107661,miscellaneous
5927,Unnamed,71.09655998891793,55.48025963157907,miscellaneous
5928,Unnamed,71.32849186009253,55.623822955047366,miscellaneous
5929,Unnamed,71.09979912606089,55.584234597936046,miscellaneous
5930,Unnamed,71.05327228027069,55.67964836755706,miscellaneous
5931,Unnamed,71.18444898156298,55.7738861536177,miscellaneous
5932,Unnamed,71.01618058006451,55.76091749904136,miscellaneous
5933,Unnamed,70.98426239937965,55.8763930327393,miscellaneous
5934,Unnamed,69.53233155209155,57.31694134064759,miscellaneous
5935,Unnamed,68.43125582319988,57.3307815023417,miscellaneous
5936,Unnamed,68.32847325247491,52.66959521211889,miscellaneous
5937,Unnamed,68.45558512234692,52.58763667428512,miscellaneous
5938,Unnamed,68.97905007777727,52.736149659047484,miscellaneous
5939,Unnamed,69.2067016597842,52.811280180595965,miscellaneous
5940,Unnamed,69.0825555888429,52.702928695295846,miscellaneous
5941,Unnamed,69.305682336549,52.80166215103588,miscellaneous
5942,Unnamed,69.41147434695476,52.81349363276132,miscellaneous
5943,mini box,61.57883390544718,69.93734505635415,commercial
5944,Unnamed,61.701193909918615,70.15571585655547,miscellaneous
5945,Unnamed,61.91537280346518,70.01993488834582,miscellaneous
5946,Unnamed,61.81108194034209,70.58639632303434,miscellaneous
5947,Nextvas,62.16991217674131,69.79915619973112,commercial
5948,Unnamed,62.22019360813288,70.75369024865736,commercial
5949,Unnamed,62.279816212300986,70.49605018370788,miscellaneous
5950,Unnamed,62.18344742421501,70.48852238938159,miscellaneous
5951,Unnamed,62.784426381935546,69.91088718514918,miscellaneous
5952,Unnamed,62.75825781493097,70.40640872906334,miscellaneous
5953,Unnamed,62.61597920164085,70.40916104051989,miscellaneous
5954,Unnamed,62.87689581484198,69.91103264374469,miscellaneous
5955,Unnamed,63.021149592460915,69.8417582062546,miscellaneous
5956,Unnamed,63.157381701834936,69.8182851705085,miscellaneous
5957,Unnamed,63.35576410589117,69.78023201074876,miscellaneous
5958,Unnamed,63.562316015860695,70.17594398356611,commercial
5959,Unnamed,63.7727132521311,70.23945749945972,miscellaneous
5960,Unnamed,58.52540476577399,70.51372334470885,miscellaneous
5961,Unnamed,58.67699402290521,70.51206333759275,miscellaneous
5962,Unnamed,58.7917488589534,70.47688076113734,miscellaneous
5963,Unnamed,58.941772573208404,70.44844918703508,miscellaneous
5964,Unnamed,59.91947439885489,70.81599885853431,miscellaneous
5965,Unnamed,60.29618951963541,70.92252209250339,miscellaneous
5966,Unnamed,60.78809780267517,70.71343482196257,commercial
5967,Baliwag,60.58358989137348,70.7124180292874,commercial
5968,Unnamed,61.44607170596941,72.73578230489888,miscellaneous
5969,Unnamed,61.744186947956145,73.29399914933276,miscellaneous
5970,Unnamed,61.341661356984254,73.40133848285588,commercial
5971,Unnamed,61.82271111379948,73.55658029091352,miscellaneous
5972,Unnamed,60.734783629340086,73.4083808297525,miscellaneous
5973,Unnamed,61.13335274714632,73.59148340871559,miscellaneous
5974,Unnamed,61.199347028383045,73.74857094188604,miscellaneous
5975,Unnamed,61.56722588604961,73.74021791609975,miscellaneous
5976,Unnamed,60.97069319616716,73.8146126624156,miscellaneous
5977,Unnamed,61.83334545203812,74.06940146920562,miscellaneous
5978,Unnamed,60.9083674525685,74.25489350743632,miscellaneous
5979,Unnamed,61.02998057515284,74.36294308990801,miscellaneous
5980,Unnamed,60.880695871166665,74.56113513592486,miscellaneous
5981,Unnamed,60.870923384339925,74.99492254423005,miscellaneous
5982,Unnamed,60.026028949676636,68.6835631291589,miscellaneous
5983,Unnamed,60.10240109745,68.54647797328217,miscellaneous
5984,Unnamed,60.33794227126893,68.82581378513447,miscellaneous
5985,Unnamed,60.430183039793704,68.686183751484,miscellaneous
5986,Unnamed,60.42077630036551,69.03668941089387,miscellaneous
5987,Unnamed,60.28407680279595,69.16510938058558,miscellaneous
5988,Unnamed,60.220764558922156,69.3574536168007,miscellaneous
5989,Unnamed,59.89901108138406,69.98371978573901,miscellaneous
5990,Unnamed,56.3044494949459,50.480612632418065,miscellaneous
5991,Unnamed,56.07022059819279,50.78591727835842,miscellaneous
5992,Unnamed,56.21535543946309,50.197289905141794,miscellaneous
5993,Unnamed,64.6582149573674,67.370858001666,miscellaneous
5994,Unnamed,64.9906532606494,67.85159960785757,miscellaneous
5995,Unnamed,64.91589961085992,68.27675989624848,miscellaneous
5996,Unnamed,64.91262091342888,68.42731447237874,miscellaneous
5997,Unnamed,53.74526937544738,48.28729810104618,miscellaneous
5998,Unnamed,61.89705608033111,65.28242408679554,miscellaneous
5999,Unnamed,61.78469555714929,65.60047132757036,miscellaneous
6000,Unnamed,61.64959010457702,65.62708433212671,miscellaneous
6001,Unnamed,61.577844232436505,65.83576559843928,miscellaneous
6002,Unnamed,61.62125165295762,65.71144982654751,miscellaneous
6003,Unnamed,61.553186666248884,65.91523634417852,miscellaneous
6004,Unnamed,61.53399260472621,63.02257319123872,miscellaneous
6005,Unnamed,61.18663485522067,63.60193074350323,miscellaneous
6006,Unnamed,61.092068689131004,63.41168994106543,miscellaneous
6007,Unnamed,65.38060256763806,66.31302739478485,miscellaneous
6008,Unnamed,65.30539064573534,66.50775874046772,miscellaneous
6009,Unnamed,66.14453740864884,63.60045664344446,miscellaneous
6010,Unnamed,65.74497260418558,65.10426695505129,miscellaneous
6011,Unnamed,3.9067831720214823,79.2198264529969,residential
6012,Unnamed,4.232146727328229,59.193896766923096,residential
6013,Unnamed,4.372832535745051,59.43358524065666,residential
6014,Unnamed,4.001214815159098,58.12835039290181,commercial
6015,Unnamed,4.004470364167024,58.011426343380066,miscellaneous
6016,Unnamed,4.829359338504538,72.3751516159387,miscellaneous
6017,Unnamed,5.353169469013404,73.5336833224953,miscellaneous
6018,Unnamed,5.396869295223237,74.2990621587645,miscellaneous
6019,Unnamed,5.963042665727243,74.46116434544797,residential
6020,Unnamed,6.40504368127485,72.50641362926936,residential
6021,Unnamed,6.726231984380729,72.30136694547815,residential
6022,Unnamed,4.921254936004423,73.06095382282027,residential
6023,Unnamed,5.804593086411227,73.06194009007537,residential
6024,Unnamed,5.623574575513407,73.25684223119605,residential
6025,Unnamed,5.0734308101623276,72.9271161667558,residential
6026,Unnamed,5.053546249732076,71.59049815952523,residential
6027,Unnamed,66.09972636487365,52.984975071673205,miscellaneous
6028,Unnamed,66.04399355753868,52.896150189579004,miscellaneous
6029,Unnamed,65.98450483161942,53.371158493141834,miscellaneous
6030,Unnamed,65.95514702427091,53.25681826900867,miscellaneous
6031,Unnamed,65.64015500188216,53.523947444899655,miscellaneous
6032,Unnamed,66.11416412921193,53.10587873965788,miscellaneous
6033,Unnamed,66.15732539903246,53.22275854487965,miscellaneous
6034,Unnamed,66.28412240130992,53.64105239284906,miscellaneous
6035,Unnamed,65.79169933918922,53.79696142518701,miscellaneous
6036,Unnamed,65.95734232419058,53.962916119715146,miscellaneous
6037,Unnamed,66.17072136635642,53.907537028948774,miscellaneous
6038,Unnamed,66.15786179316332,54.155914987952194,miscellaneous
6039,Unnamed,66.29181695790857,54.16001542832195,miscellaneous
6040,Unnamed,66.60053844212477,54.30348306073487,miscellaneous
6041,Unnamed,66.65552726179749,54.1476367221159,miscellaneous
6042,Unnamed,66.71832127281054,54.00126628346271,miscellaneous
6043,Unnamed,66.47965924318814,54.08904747072142,miscellaneous
6044,Unnamed,66.53559997433712,53.98635063482935,miscellaneous
6045,Unnamed,66.26683646579887,54.0059773102454,miscellaneous
6046,Unnamed,65.7464060510437,53.61553078033812,miscellaneous
6047,Unnamed,65.83487174020816,53.67389033074171,miscellaneous
6048,Unnamed,65.24391539323203,53.73081202015446,miscellaneous
6049,Unnamed,65.46862276141862,53.423408179044706,miscellaneous
6050,Unnamed,65.4188509672782,53.52269856237113,miscellaneous
6051,Unnamed,65.36473418847415,53.63159984453822,miscellaneous
6052,Unnamed,65.94822670946037,53.57045841885994,miscellaneous
6053,Unnamed,65.97301067733112,53.81276396604543,miscellaneous
6054,Unnamed,65.96393965185602,53.69644823453806,miscellaneous
6055,Unnamed,65.81355465915192,53.535808475561254,miscellaneous
6056,Unnamed,65.85590507115253,53.44355940740536,miscellaneous
6057,Unnamed,65.50147856482486,53.89789268560571,miscellaneous
6058,Unnamed,65.38142914741296,53.79301605963289,miscellaneous
6059,Unnamed,65.49781265605317,53.72243636053312,miscellaneous
6060,Unnamed,66.53858572875335,54.75710047468485,miscellaneous
6061,Unnamed,66.81177114116869,54.83341930766511,miscellaneous
6062,Unnamed,66.94765435987287,54.8735834436531,miscellaneous
6063,Unnamed,67.07068890167017,54.917328693970525,miscellaneous
6064,Unnamed,59.37942030893597,42.06419330202555,commercial
6065,Unnamed,66.98099632977758,54.75094916992875,miscellaneous
6066,Unnamed,67.09474821790799,54.79888483513725,miscellaneous
6067,Unnamed,67.07809550972115,54.599286276870004,miscellaneous
6068,Unnamed,67.18672815509714,54.68058172825302,miscellaneous
6069,Unnamed,66.84459198414207,55.07612626053975,miscellaneous
6070,Unnamed,66.98792073243037,55.13683447433162,miscellaneous
6071,Unnamed,66.58141025792914,55.157388566805366,miscellaneous
6072,Unnamed,70.68524100277106,53.81092956849446,miscellaneous
6073,Unnamed,70.60957377900748,53.9985287188444,miscellaneous
6074,Unnamed,70.91693909042571,53.898246790253644,miscellaneous
6075,Unnamed,72.43708538668339,53.843926401131355,miscellaneous
6076,Unnamed,72.82009790130134,53.3650187334483,miscellaneous
6077,Unnamed,71.0445375637289,53.1554749714222,miscellaneous
6078,Unnamed,71.45199247285429,53.0185767721116,miscellaneous
6079,Unnamed,72.84569381937884,52.24475173947041,miscellaneous
6080,Unnamed,74.26993964120715,52.15480122925038,miscellaneous
6081,Unnamed,74.5396350689671,51.261607653876375,miscellaneous
6082,Unnamed,74.4820722725528,51.811420853866274,miscellaneous
6083,Unnamed,75.08495475669413,53.297733165885965,miscellaneous
6084,Unnamed,75.24992790435388,53.13758063413465,miscellaneous
6085,Unnamed,76.47466578773874,53.75736384283375,miscellaneous
6086,Unnamed,76.54701098690462,53.42807627732598,miscellaneous
6087,Unnamed,78.70145528399216,56.208870349880954,miscellaneous
6088,Unnamed,78.1884602025349,55.54190449236355,miscellaneous
6089,Unnamed,76.43964220421186,57.05612470982353,miscellaneous
6090,Unnamed,77.6280589237214,57.5930701258887,miscellaneous
6091,Unnamed,77.75978855662794,57.368795175142665,miscellaneous
6092,Unnamed,77.47500660222418,57.18493943572962,miscellaneous
6093,Unnamed,77.07516814358593,57.33403176774403,miscellaneous
6094,Unnamed,76.84074519729015,57.43835852657442,miscellaneous
6095,Unnamed,76.81434243483766,57.695354699181046,miscellaneous
6096,Unnamed,77.82356537717529,56.98915019168551,miscellaneous
6097,Unnamed,77.11798150393506,57.19638911519627,miscellaneous
6098,Unnamed,76.55369896454759,57.51685309613415,miscellaneous
6099,Unnamed,76.49346207687405,57.617363722938954,miscellaneous
6100,Unnamed,76.48513547143361,59.165927863670774,miscellaneous
6101,Unnamed,76.71845759723706,58.88970899347631,miscellaneous
6102,Unnamed,76.81832526967625,58.7404046794197,miscellaneous
6103,Unnamed,77.10423811214316,58.86448876753939,miscellaneous
6104,Unnamed,67.60784420786543,52.52314294298459,miscellaneous
6105,Unnamed,67.46352808900554,52.514368094187994,miscellaneous
6106,Unnamed,67.64872979994834,52.38524091123017,miscellaneous
6107,Unnamed,67.96401965761915,52.40586093834263,miscellaneous
6108,Unnamed,67.80168352203773,52.92702702124349,miscellaneous
6109,Unnamed,67.46090227844725,52.844505373508454,miscellaneous
6110,Unnamed,67.62305590536528,52.86834061134451,miscellaneous
6111,Unnamed,67.52704023469427,53.1060254836712,miscellaneous
6112,Unnamed,67.39428355262378,53.17951689561035,miscellaneous
6113,Unnamed,67.60571165794228,52.7029397227744,miscellaneous
6114,Unnamed,68.29480811629438,52.14559823858694,miscellaneous
6115,Unnamed,68.53560386172082,52.051091334383656,miscellaneous
6116,Unnamed,67.48706703772854,52.00827362280399,miscellaneous
6117,Unnamed,67.79409182576146,52.1499799335593,miscellaneous
6118,Unnamed,67.93438644347401,52.075981737597374,miscellaneous
6119,Unnamed,68.80026540892142,51.780855347185415,miscellaneous
6120,Unnamed,68.11554815083363,51.473402657522385,miscellaneous
6121,Unnamed,68.28878793968347,51.614450337054016,miscellaneous
6122,Unnamed,68.06725913495728,51.12846320436082,miscellaneous
6123,Unnamed,67.99875295720148,51.017391395614496,miscellaneous
6124,Unnamed,67.81183190381756,50.98622211813524,miscellaneous
6125,Unnamed,67.8889505936121,51.281139200056714,miscellaneous
6126,Unnamed,67.68635369043004,51.19126173292863,miscellaneous
6127,Unnamed,67.56693461089813,51.12745184566022,miscellaneous
6128,Unnamed,67.59916626510378,51.001269070126924,miscellaneous
6129,Unnamed,67.96815435791301,50.79822017226599,miscellaneous
6130,Unnamed,67.96336661930809,50.60569066175786,miscellaneous
6131,Unnamed,67.82402834342366,50.249408476874954,miscellaneous
6132,Unnamed,67.21738056685783,50.2887093674009,miscellaneous
6133,Unnamed,67.25215527789271,50.5603332190276,miscellaneous
6134,Unnamed,67.44764563410051,50.15277653016636,miscellaneous
6135,Unnamed,67.79905602869479,50.51881439449043,miscellaneous
6136,Unnamed,67.81334606985764,49.98312788280422,miscellaneous
6137,Unnamed,67.639167763558,49.67975103580048,miscellaneous
6138,Unnamed,67.50682701659902,49.82225533101282,miscellaneous
6139,Unnamed,67.38810313820606,49.910587834300635,miscellaneous
6140,Unnamed,77.60586814390643,28.347347755429535,miscellaneous
6141,Unnamed,76.07286023847657,28.00172296100242,miscellaneous
6142,Unnamed,74.44330408187231,28.802931894147697,miscellaneous
6143,Unnamed,75.69858041726516,28.165608046172004,miscellaneous
6144,Unnamed,74.88445027484602,27.97155667771517,miscellaneous
6145,Unnamed,75.50826584442018,27.917557932874242,miscellaneous
6146,Unnamed,73.62569818252793,28.298388183139878,miscellaneous
6147,Unnamed,75.39721208962101,28.561295277952315,miscellaneous
6148,Unnamed,75.10036822285917,29.591702573578477,miscellaneous
6149,Unnamed,76.98384418352256,30.386039782820305,miscellaneous
6150,Unnamed,75.7128031484296,30.298710967497605,miscellaneous
6151,Unnamed,75.27358301903904,29.93151986268156,miscellaneous
6152,Unnamed,75.07247235063264,29.79239909526685,miscellaneous
6153,Unnamed,75.6624183588243,29.464086636322385,miscellaneous
6154,Unnamed,76.22059778316735,30.671598320252524,miscellaneous
6155,Unnamed,75.65115055744603,30.429323736537693,miscellaneous
6156,Unnamed,75.49594523106259,30.087972193669504,miscellaneous
6157,Unnamed,74.0964692606514,29.321855712701826,miscellaneous
6158,Unnamed,75.40360875457897,29.11251230996073,miscellaneous
6159,Unnamed,75.48604683971708,29.351057516452883,miscellaneous
6160,Unnamed,74.84152415853976,29.60451533228235,miscellaneous
6161,Unnamed,75.6887762289468,29.274349962746427,miscellaneous
6162,Unnamed,76.69543001789839,28.75762388928783,miscellaneous
6163,Unnamed,76.63228883806038,29.29729249458578,miscellaneous
6164,Unnamed,74.60723289794231,29.493468343838806,miscellaneous
6165,Unnamed,76.50721052920284,29.020326155538317,miscellaneous
6166,Unnamed,76.26289821161248,28.964171599641723,miscellaneous
6167,Unnamed,76.09315274821552,29.402766666333953,miscellaneous
6168,Unnamed,75.51627700755404,29.124204395433324,miscellaneous
6169,Unnamed,74.95723607880291,29.917818816216997,miscellaneous
6170,Unnamed,77.26710861704585,29.878602478059012,miscellaneous
6171,Unnamed,75.93583782293796,30.148822971952395,miscellaneous
6172,Unnamed,76.21682974901378,30.353651132729702,miscellaneous
6173,Unnamed,76.5781014010487,30.503243290041087,miscellaneous
6174,Unnamed,76.84204816032883,29.74326784940739,miscellaneous
6175,Unnamed,76.84958243611695,29.249011534015235,miscellaneous
6176,Unnamed,75.85352870505545,30.398093590880983,miscellaneous
6177,Unnamed,77.01688719954197,29.721631139659028,miscellaneous
6178,Unnamed,76.2533179463842,30.20479152151746,miscellaneous
6179,Unnamed,76.8602792647216,66.02428661746596,miscellaneous
6180,Unnamed,76.68520530516597,65.92167875180255,miscellaneous
6181,Unnamed,77.00081078859209,66.48142142555774,residential
6182,Unnamed,76.47418576206924,66.1386112667126,miscellaneous
6183,Unnamed,76.67764236341526,65.62812692721258,miscellaneous
6184,Unnamed,76.88080786035349,65.92031038900481,miscellaneous
6185,Unnamed,76.9357771711228,65.94910751431146,miscellaneous
6186,Unnamed,77.38799177335956,65.68374078799725,miscellaneous
6187,Unnamed,77.32225868222665,65.65439631074005,miscellaneous
6188,Unnamed,77.25203123474958,65.61587900586726,miscellaneous
6189,Unnamed,77.16020884552023,65.56771022687958,miscellaneous
6190,Unnamed,77.27408728185924,66.04392251277925,miscellaneous
6191,Unnamed,77.02507243611235,66.09455205374819,miscellaneous
6192,Unnamed,76.20496853910637,65.35884189973984,miscellaneous
6193,Unnamed,75.55913569342066,64.5427651977145,miscellaneous
6194,Unnamed,75.30221415959446,65.65404604973006,miscellaneous
6195,Unnamed,73.2087075285838,66.53538986670972,miscellaneous
6196,Unnamed,73.23544960009544,66.3915013217777,miscellaneous
6197,Unnamed,73.10155982815844,66.46942829858361,miscellaneous
6198,Unnamed,73.31314635730695,66.44007934810422,miscellaneous
6199,Unnamed,73.15834818616159,66.34367977355247,miscellaneous
6200,Unnamed,73.23046059736994,66.26808032156642,miscellaneous
6201,Unnamed,73.34999272126144,66.57678765478373,miscellaneous
6202,Unnamed,73.50736608422362,66.52793747194956,miscellaneous
6203,Unnamed,73.45308282464994,66.35413613512206,miscellaneous
6204,Unnamed,73.43411606216307,28.434489355364995,miscellaneous
6205,Unnamed,74.55069444121567,27.84697858624576,miscellaneous
6206,Unnamed,74.55115952071544,28.232373857984904,miscellaneous
6207,Unnamed,76.80764776736342,27.988574086630603,miscellaneous
6208,Unnamed,80.08870616430015,27.42538596852621,miscellaneous
6209,Unnamed,80.20435593463601,27.492293732455416,miscellaneous
6210,Unnamed,78.33602165444317,27.524955019070525,miscellaneous
6211,Unnamed,76.1698687390538,28.497711869128363,miscellaneous
6212,Unnamed,78.72160495837274,30.382266903836474,miscellaneous
6213,Unnamed,77.38473392026026,29.594442315191284,miscellaneous
6214,Unnamed,77.38062571796463,29.38143485624626,miscellaneous
6215,Unnamed,72.70138330148828,27.16643572432834,miscellaneous
6216,Unnamed,75.67514218810796,28.514972574875785,miscellaneous
6217,Unnamed,75.94965359328428,27.87916310425624,miscellaneous
6218,Unnamed,75.54317410558029,28.82225956608852,miscellaneous
6219,Unnamed,76.68595196348662,28.357754257688335,miscellaneous
6220,Unnamed,78.51627235670571,30.52967691002502,miscellaneous
6221,Unnamed,77.91934281163549,29.15991037471778,miscellaneous
6222,Unnamed,72.57647336153215,27.39043143298201,miscellaneous
6223,Unnamed,72.960045019686,27.410808756807075,miscellaneous
6224,Unnamed,72.45199706981137,28.12790378820853,miscellaneous
6225,Unnamed,72.43039697633759,28.295923949534902,miscellaneous
6226,Unnamed,72.1405465252577,27.639434520505574,miscellaneous
6227,Unnamed,71.96555001078572,28.122799086712856,miscellaneous
6228,Unnamed,74.29854383605866,29.118062311851705,miscellaneous
6229,Unnamed,75.01401474808263,28.026274323280315,miscellaneous
6230,Unnamed,75.23680157291325,28.185295914323277,miscellaneous
6231,Unnamed,74.21544963110264,28.123454242294855,miscellaneous
6232,Unnamed,74.75027296516578,27.868964801419228,miscellaneous
6233,Unnamed,78.61984867290097,27.531911492749817,miscellaneous
6234,Unnamed,79.27165401579957,27.58487451541863,miscellaneous
6235,Unnamed,79.48045968456682,27.32719452552378,miscellaneous
6236,Unnamed,78.45645798038525,29.101396831325815,miscellaneous
6237,Unnamed,78.43620116859728,31.650975690452217,residential
6238,Unnamed,78.91624073134697,31.21603427774614,miscellaneous
6239,Unnamed,78.70501712269767,29.798768962660986,miscellaneous
6240,Unnamed,78.13916424507931,30.21973889412921,miscellaneous
6241,Unnamed,76.61890300145959,30.9172833318625,miscellaneous
6242,Unnamed,76.46141145151498,30.74355128235226,miscellaneous
6243,Unnamed,76.15626338054628,29.253116127573627,miscellaneous
6244,Unnamed,75.54226203241815,29.893836558130403,miscellaneous
6245,Unnamed,74.85753361193663,28.88211659398088,miscellaneous
6246,Unnamed,73.9825328421323,28.512167108196667,miscellaneous
6247,Unnamed,75.52309817364599,27.59474368675685,miscellaneous
6248,Unnamed,75.930662846776,28.34072021253306,miscellaneous
6249,Unnamed,75.38179151726855,29.580274575704713,miscellaneous
6250,Unnamed,75.91477263038362,28.803096265292478,miscellaneous
6251,Unnamed,67.9107219273884,49.7444546197681,miscellaneous
6252,Unnamed,68.09453852079554,49.798352963148126,miscellaneous
6253,Unnamed,67.9548772875073,49.634093686648065,miscellaneous
6254,Unnamed,68.22959114216016,49.63173927203023,miscellaneous
6255,Unnamed,67.90805838746039,49.494456969866015,miscellaneous
6256,Unnamed,68.11478634057751,49.58592427851256,miscellaneous
6257,Unnamed,68.01636362897638,49.54584960643879,miscellaneous
6258,Unnamed,67.89459121598873,49.072463570900524,miscellaneous
6259,Unnamed,67.76926859338535,49.025364378863976,miscellaneous
6260,Unnamed,67.71438908884394,49.404313801448104,miscellaneous
6261,Unnamed,67.8139576041436,49.5824410361084,miscellaneous
6262,Unnamed,68.07906299038017,49.317907198222066,miscellaneous
6263,Unnamed,68.04223992333498,49.17342268744122,miscellaneous
6264,Unnamed,68.47750359456272,49.47357114130796,miscellaneous
6265,Unnamed,68.60016763669863,49.55259894253549,miscellaneous
6266,Unnamed,68.70254213670431,49.65054550350161,miscellaneous
6267,Unnamed,68.35446277730753,49.67881910586736,miscellaneous
6268,Unnamed,68.4724587048985,49.73704130852726,miscellaneous
6269,Unnamed,68.6073558023198,49.82117926603067,miscellaneous
6270,Unnamed,68.84736439252896,49.85477541492553,miscellaneous
6271,Unnamed,69.3775889764202,50.140546134484566,miscellaneous
6272,Unnamed,69.40979982306317,49.98031664493363,miscellaneous
6273,Unnamed,69.03399609423688,49.96850681328562,miscellaneous
6274,Unnamed,69.23978759773955,50.09119390174828,miscellaneous
6275,Unnamed,68.5837805604894,50.21808970500305,miscellaneous
6276,Unnamed,68.48136454370291,49.916994303582996,miscellaneous
6277,Unnamed,68.56347445340364,49.31639956459604,miscellaneous
6278,Unnamed,68.20586456111923,49.40111612730148,miscellaneous
6279,Unnamed,68.31222515867199,49.4588487749811,miscellaneous
6280,Unnamed,68.69602391758633,53.0217580145516,miscellaneous
6281,Unnamed,68.31555902524104,53.08497253276566,miscellaneous
6282,Unnamed,68.51280734805417,53.035043783763655,miscellaneous
6283,Unnamed,67.74043676220967,53.5329626213942,miscellaneous
6284,Unnamed,67.86524633665363,53.380226482690105,miscellaneous
6285,Unnamed,66.48944961052715,53.351097007088555,miscellaneous
6286,Unnamed,66.00015294023306,53.141775799846755,miscellaneous
6287,Unnamed,66.08754033419305,53.470154584661266,miscellaneous
6288,Unnamed,69.26225730580893,49.66196699338839,miscellaneous
6289,Unnamed,68.32892742467315,51.975827053929194,miscellaneous
6290,Unnamed,57.33282700734168,53.703723031702225,residential
6291,Unnamed,65.0997998681239,69.0722650224636,miscellaneous
6292,Unnamed,65.14765790847211,68.80049229737574,miscellaneous
6293,Unnamed,65.32406496283438,69.09713381246874,miscellaneous
6294,Unnamed,65.94890627901381,69.01139453819717,miscellaneous
6295,Unnamed,65.22732311088046,69.08664760164405,miscellaneous
6296,Unnamed,66.06988543030093,68.26018104434154,miscellaneous
6297,Unnamed,65.53582584939373,67.89254465704092,miscellaneous
6298,Unnamed,65.39730967005893,67.82604636536173,miscellaneous
6299,Unnamed,65.83742990863485,65.35299782815993,miscellaneous
6300,Unnamed,66.33170880898814,64.24858354609863,miscellaneous
6301,Unnamed,57.54457340493213,53.782768101712776,residential
6302,Unnamed,66.2005019757957,63.910181445338964,miscellaneous
6303,Unnamed,67.76630230993584,62.31670575092011,miscellaneous
6304,Unnamed,57.581227252827304,53.94083366113406,residential
6305,Unnamed,68.90018711109849,49.67527945326812,miscellaneous
6306,Unnamed,69.13665914627421,49.47945826159134,miscellaneous
6307,Unnamed,69.06814944261046,49.61654742964609,miscellaneous
6308,Unnamed,69.00373176688916,49.73291642826862,miscellaneous
6309,Unnamed,69.08428183705915,49.76319680996505,miscellaneous
6310,Unnamed,68.88391797446822,49.368436208796716,miscellaneous
6311,Unnamed,68.98918677111693,49.419844158956074,miscellaneous
6312,Unnamed,69.48685711155191,49.631474984521354,miscellaneous
6313,Unnamed,72.58503952490868,49.78393751756055,miscellaneous
6314,Unnamed,73.01241221897476,49.273698777381405,miscellaneous
6315,Unnamed,73.0296970213644,49.39930295329305,miscellaneous
6316,Unnamed,72.71457395586557,51.34277403733817,miscellaneous
6317,Unnamed,72.89097622082144,51.352019724495655,miscellaneous
6318,Unnamed,72.70519266148354,51.68016917254775,miscellaneous
6319,Unnamed,72.88099025944112,51.986980091209986,miscellaneous
6320,Unnamed,73.00795657126011,51.93738998965475,miscellaneous
6321,Unnamed,72.87662582947637,52.927016272902904,miscellaneous
6322,Unnamed,73.10720908101908,53.939793294668426,miscellaneous
6323,Unnamed,70.80033530414138,53.39746517826889,miscellaneous
6324,Unnamed,69.606370345864,53.12329489241557,miscellaneous
6325,Unnamed,69.84799133409484,53.09269827303126,miscellaneous
6326,Unnamed,69.41384333664823,52.317783354891304,miscellaneous
6327,Unnamed,69.27440038078068,52.51711319058526,miscellaneous
6328,Unnamed,70.8434968516575,51.268589787565,miscellaneous
6329,Unnamed,70.8434936228541,50.809497599796984,miscellaneous
6330,Unnamed,70.94045354298217,50.851231236562576,miscellaneous
6331,Unnamed,70.832326409497,49.69939053753344,miscellaneous
6332,Unnamed,70.22243202475217,52.71914135309456,miscellaneous
6333,Unnamed,69.74907102588578,52.96002291498109,miscellaneous
6334,Unnamed,71.4635268023265,52.42536943221812,miscellaneous
6335,Unnamed,71.39653817585341,52.85806363824894,miscellaneous
6336,Unnamed,57.65296795108355,53.82062490465661,residential
6337,Unnamed,57.7550924525697,53.96033911512288,residential
6338,Unnamed,73.98443751907868,49.65353716868018,miscellaneous
6339,Unnamed,73.85742656127579,49.530762755599724,miscellaneous
6340,Unnamed,73.23907476181316,49.6599772651247,miscellaneous
6341,Unnamed,85.3848491712391,37.28080706216119,miscellaneous
6342,Unnamed,86.41239219842477,39.655912287771564,miscellaneous
6343,Unnamed,85.85290155355895,40.99619682184517,miscellaneous
6344,Unnamed,84.51758078046036,41.03550615682626,miscellaneous
6345,Unnamed,84.27356906660425,39.56140609491751,miscellaneous
6346,Unnamed,82.05353881215281,37.868236553515224,miscellaneous
6347,Unnamed,80.44898775446242,36.074586187354086,miscellaneous
6348,Unnamed,82.55727066539474,35.77714555263735,miscellaneous
6349,Unnamed,82.82698674775898,35.83248542972031,miscellaneous
6350,Unnamed,84.74035386348959,36.02872529653845,miscellaneous
6351,Unnamed,86.15055243693094,36.71704813100266,miscellaneous
6352,Unnamed,86.01846985743462,36.63015812180064,miscellaneous
6353,Unnamed,85.86269778667499,40.69819295978329,miscellaneous
6354,Unnamed,84.96052455811375,39.314604439385256,miscellaneous
6355,Unnamed,84.99966033803832,37.16342363140224,miscellaneous
6356,Unnamed,85.49378266211303,37.835398711312315,miscellaneous
6357,Unnamed,87.73956178215178,37.958949812875865,miscellaneous
6358,Unnamed,86.9038262090618,39.83902827323293,miscellaneous
6359,Unnamed,86.42947526669317,40.9061189195384,miscellaneous
6360,Unnamed,86.21016012687366,40.02476488103975,miscellaneous
6361,Unnamed,84.04260758517424,38.51226324966617,miscellaneous
6362,Unnamed,84.28873446265347,38.008682515855,miscellaneous
6363,Unnamed,81.88822320589657,36.382162591541686,miscellaneous
6364,Unnamed,81.7870990045816,36.03429411899563,miscellaneous
6365,Unnamed,82.16482107612812,36.036423374642226,miscellaneous
6366,Unnamed,82.81523476437586,38.85654058197653,miscellaneous
6367,Unnamed,83.56788843051439,39.188294990353235,miscellaneous
6368,Unnamed,87.45992219962675,38.84478751886622,miscellaneous
6369,Unnamed,87.75451148302992,39.039624240517306,miscellaneous
6370,Unnamed,88.18411781429755,38.85476835284749,miscellaneous
6371,Unnamed,88.34362466727222,39.216007405256406,miscellaneous
6372,Unnamed,88.4085591091236,39.00672138975292,miscellaneous
6373,Unnamed,87.645767512099,37.508040879969876,miscellaneous
6374,Unnamed,82.79673659194138,37.25112509530036,miscellaneous
6375,Unnamed,83.53019476522974,36.6024275689087,miscellaneous
6376,Unnamed,85.68307002080698,37.1957211788836,miscellaneous
6377,Unnamed,85.48858205106734,37.09788592405379,miscellaneous
6378,Unnamed,85.52411768470178,39.69531280282667,miscellaneous
6379,Unnamed,83.17614511606325,40.66291549728065,miscellaneous
6380,Unnamed,85.33470487168418,39.96117968899259,miscellaneous
6381,Unnamed,86.75802378415732,40.57206547624646,miscellaneous
6382,Unnamed,87.04606302448282,40.69834671488714,miscellaneous
6383,Unnamed,86.45040377474199,40.46782075064979,miscellaneous
6384,Unnamed,87.06753419496046,39.88357885288747,miscellaneous
6385,Unnamed,86.40402076736298,38.853264804060714,miscellaneous
6386,Unnamed,88.00598712351166,38.54010043535562,miscellaneous
6387,Unnamed,86.2538776003579,37.82876526103183,miscellaneous
6388,Unnamed,86.74081584248991,37.85267843981702,miscellaneous
6389,Unnamed,86.44060438043444,36.91807178281125,miscellaneous
6390,Unnamed,86.00834258825304,36.92872614206517,miscellaneous
6391,Unnamed,85.7276990788589,36.73173391094007,miscellaneous
6392,Unnamed,85.83057773723996,36.530656367619656,miscellaneous
6393,Unnamed,87.19039269766378,36.14427836250315,miscellaneous
6394,Unnamed,87.19736889022629,36.59879254826402,miscellaneous
6395,Unnamed,87.2670093090571,36.985650546056156,miscellaneous
6396,Unnamed,87.44424859430524,37.30144691110085,miscellaneous
6397,Unnamed,86.3102010864996,37.11957298504412,miscellaneous
6398,Unnamed,86.53710005626448,37.26699696088025,miscellaneous
6399,Unnamed,85.12613731315682,36.621968677012546,miscellaneous
6400,Unnamed,82.84391466724298,36.31879543094677,miscellaneous
6401,Unnamed,80.3362093618832,35.82297869766703,miscellaneous
6402,Unnamed,80.63106735493757,35.782031923915504,miscellaneous
6403,Unnamed,81.41374374452876,36.79369899628673,miscellaneous
6404,Unnamed,81.87647178283949,37.422241221733195,miscellaneous
6405,Unnamed,82.28775422457602,36.38149771981363,miscellaneous
6406,Unnamed,80.68579073590702,36.315601547473975,miscellaneous
6407,Unnamed,59.25655978054185,54.81920681798774,residential
6408,Unnamed,73.59138171538511,57.296554020822775,miscellaneous
6409,Unnamed,73.97440078923698,56.81506452866421,miscellaneous
6410,Unnamed,73.91492094807879,56.15719907767264,miscellaneous
6411,Unnamed,73.96341264012646,55.93636713859662,miscellaneous
6412,Unnamed,74.29710206157108,56.326685166868415,miscellaneous
6413,Unnamed,74.42939729346135,56.044881784685266,miscellaneous
6414,Unnamed,74.35814421336529,56.19506911646529,miscellaneous
6415,Unnamed,74.51829087772657,56.11369805335139,miscellaneous
6416,Unnamed,74.07626681701322,55.71413437983601,miscellaneous
6417,Unnamed,74.49488907223004,55.89145745759334,miscellaneous
6418,Unnamed,73.36610940538732,55.76521582060296,miscellaneous
6419,Unnamed,73.28594688571893,55.93781754297535,miscellaneous
6420,Unnamed,73.767111305283,56.781841060445004,miscellaneous
6421,Unnamed,73.49809050969058,56.84450846426136,miscellaneous
6422,Unnamed,73.6289336615133,56.603104337006236,miscellaneous
6423,Unnamed,73.8687094327679,56.576568242641756,miscellaneous
6424,Unnamed,73.78860873014457,56.65751032412406,miscellaneous
6425,Unnamed,73.78743937616295,56.480193477400775,miscellaneous
6426,Unnamed,73.81239873767541,56.338714462361516,miscellaneous
6427,Unnamed,74.03607228050684,56.5991418970104,miscellaneous
6428,Unnamed,74.11751555104684,56.47482523169442,miscellaneous
6429,Unnamed,74.21970979774885,56.53430247662599,miscellaneous
6430,Unnamed,74.13850531458097,56.64470194195178,miscellaneous
6431,Unnamed,74.18968214497349,56.81392640334132,miscellaneous
6432,Unnamed,74.28722795820303,56.685207660750294,miscellaneous
6433,Unnamed,73.80355241358713,57.1385079619237,miscellaneous
6434,Unnamed,74.0721579821312,56.980832887586786,miscellaneous
6435,Unnamed,73.75873537925364,56.95011266738892,miscellaneous
6436,Unnamed,74.06128043687548,56.85069111241321,miscellaneous
6437,Unnamed,74.03087567078927,57.12682886854702,miscellaneous
6438,Unnamed,73.56820366570037,57.02774492866932,miscellaneous
6439,Unnamed,73.37900222476895,57.11747678551641,miscellaneous
6440,Unnamed,73.44508227391611,56.967267719703116,miscellaneous
6441,Unnamed,73.91526207620383,56.9994378420461,miscellaneous
6442,Unnamed,73.66766652825616,56.882617866322015,miscellaneous
6443,Unnamed,73.86422845930275,56.78117971583598,miscellaneous
6444,Unnamed,73.65200258654319,57.85243555385472,miscellaneous
6445,Unnamed,76.9012432976268,56.7902243593155,miscellaneous
6446,Unnamed,77.20289537542688,57.063927354752984,miscellaneous
6447,Unnamed,76.45810782933424,57.34705766760469,miscellaneous
6448,Unnamed,76.03419316604946,56.460507947972985,miscellaneous
6449,Unnamed,74.65770412223593,56.21454805315044,miscellaneous
6450,Unnamed,73.68577843534356,57.07755985813825,miscellaneous
6451,Unnamed,74.21747955222287,56.036751530267516,miscellaneous
6452,Unnamed,74.82936767806358,55.91771208695944,miscellaneous
6453,Unnamed,73.95964893187768,54.65365095511564,miscellaneous
6454,Unnamed,74.7724363296287,54.667412479861774,miscellaneous
6455,Unnamed,74.53202830480205,54.54903423344285,miscellaneous
6456,Unnamed,75.30027687717521,54.11883813924361,miscellaneous
6457,Unnamed,76.80170434070493,57.815761434503955,miscellaneous
6458,Unnamed,77.0250917568745,57.48498389365627,miscellaneous
6459,Unnamed,76.96032887417441,57.23321058199715,miscellaneous
6460,Unnamed,77.37098014058209,56.682656713214726,miscellaneous
6461,Unnamed,77.20921328904137,56.626758546739296,miscellaneous
6462,Unnamed,75.45952655366726,57.57627495691454,miscellaneous
6463,Unnamed,75.22163217467673,57.458022797932905,miscellaneous
6464,Unnamed,75.10815007944166,58.07980982241484,miscellaneous
6465,Unnamed,74.13736420159182,54.01589602412531,miscellaneous
6466,Unnamed,55.74877025226706,50.33159061948484,miscellaneous
6467,Unnamed,53.06517807650095,50.19198992946049,miscellaneous
6468,Unnamed,52.72730373257164,49.967160326401704,miscellaneous
6469,Unnamed,53.525689175057664,48.99256248683264,miscellaneous
6470,Unnamed,53.411978277705664,49.3013584650982,miscellaneous
6471,Unnamed,53.94617191508917,48.98302989892162,miscellaneous
6472,Unnamed,53.889614929688236,49.14674174749892,miscellaneous
6473,Unnamed,55.23892978256764,52.64923753671922,miscellaneous
6474,Unnamed,57.91601289195696,54.062528103520776,miscellaneous
6475,Unnamed,60.1483968270441,52.82429415854136,miscellaneous
6476,Unnamed,60.34631370235276,52.085605904262,miscellaneous
6477,Unnamed,58.91816693559545,53.72060039199644,miscellaneous
6478,Unnamed,55.68934750931152,51.4768952785211,miscellaneous
6479,Unnamed,55.7228537047583,52.56017028514462,miscellaneous
6480,Unnamed,55.84124356059679,51.37033979644622,miscellaneous
6481,Unnamed,57.19077816350969,50.92927026841538,miscellaneous
6482,Unnamed,57.11875508028918,51.06844629662825,miscellaneous
6483,Unnamed,71.41279542671552,56.35986466369643,miscellaneous
6484,Unnamed,71.56012469027284,56.41473070404424,miscellaneous
6485,Unnamed,71.31311897828556,55.84642412862556,miscellaneous
6486,Unnamed,71.45155460437283,55.684373388258166,miscellaneous
6487,Unnamed,71.65063575622877,55.75340286631991,miscellaneous
6488,Unnamed,71.99499765723178,56.25794542100334,miscellaneous
6489,Unnamed,71.81528729863427,55.87227253120308,miscellaneous
6490,Unnamed,71.78162974421551,56.17617028758065,miscellaneous
6491,Unnamed,72.139080777037,55.93294841779216,miscellaneous
6492,Unnamed,72.0947032791871,56.06232102572055,miscellaneous
6493,Unnamed,71.50238141692235,56.66043507076958,miscellaneous
6494,Unnamed,71.65858133010758,56.44980891555663,miscellaneous
6495,Unnamed,71.79492838243753,56.51175418537219,miscellaneous
6496,Unnamed,71.76920087931946,56.668203428801725,miscellaneous
6497,Unnamed,71.93544062229289,56.57425812799669,miscellaneous
6498,Unnamed,72.01381081966277,56.76209986402723,miscellaneous
6499,Unnamed,71.7503374466489,56.91978964698935,miscellaneous
6500,Unnamed,71.97601686244812,56.87070784263132,miscellaneous
6501,Unnamed,72.76563234909624,56.63165250249281,miscellaneous
6502,Unnamed,72.83316788769913,55.98977473007317,miscellaneous
6503,Unnamed,72.68022218397377,55.40830933825952,miscellaneous
6504,Unnamed,72.1097921416904,55.693170197829254,miscellaneous
6505,Unnamed,72.23359083233511,55.22199946931954,miscellaneous
6506,Unnamed,71.91508246066593,54.81386696552452,miscellaneous
6507,Unnamed,72.33761361502272,55.09105024715601,miscellaneous
6508,Unnamed,72.40587597183494,55.38725406400415,miscellaneous
6509,Unnamed,72.74124647268192,57.6367098596288,miscellaneous
6510,Unnamed,72.89677316202716,57.6925463319384,miscellaneous
6511,Unnamed,72.32928290790483,57.16540519023706,miscellaneous
6512,Unnamed,69.38745928616454,57.67170808887805,miscellaneous
6513,Unnamed,71.13663614228145,55.365613576145066,miscellaneous
6514,Unnamed,70.9231845438404,55.379613578939725,miscellaneous
6515,Unnamed,70.7953664449325,55.823795355109475,miscellaneous
6516,Unnamed,70.87269068648529,55.87895673024714,miscellaneous
6517,Unnamed,70.7067572680398,55.44250480123897,miscellaneous
6518,Unnamed,70.58318956430777,55.6818514303005,miscellaneous
6519,Unnamed,70.63007421119455,55.571197395104456,miscellaneous
6520,Unnamed,70.77765944089586,55.65702277648609,miscellaneous
6521,Unnamed,70.86458056332486,55.50683646172768,miscellaneous
6522,Unnamed,71.0015111739763,55.56866836543152,miscellaneous
6523,Unnamed,70.94712736632293,55.69432941326035,miscellaneous
6524,Unnamed,70.91675466787677,55.0198932895834,miscellaneous
6525,Unnamed,70.15373298963912,55.42944270949626,residential
6526,Unnamed,70.58114851822378,55.394418730128315,miscellaneous
6527,Unnamed,70.44503783576108,55.3136695249847,miscellaneous
6528,Unnamed,70.66898586314454,54.32861293735769,miscellaneous
6529,Unnamed,70.79095922922491,54.40494490586225,miscellaneous
6530,Unnamed,52.72474579531195,62.33477795139801,miscellaneous
6531,Unnamed,53.23410741317579,62.68220106657251,miscellaneous
6532,Unnamed,53.52127196147135,62.556711905159055,miscellaneous
6533,Unnamed,52.96102091472105,62.49257378623436,residential
6534,Unnamed,53.580558342977966,63.022090856557725,residential
6535,Unnamed,53.819232897872546,63.31169682020013,residential
6536,Unnamed,54.59095482372158,63.687756124884864,residential
6537,Unnamed,53.525380163766975,63.82738615852953,residential
6538,Unnamed,53.58832336889397,64.03970686250953,residential
6539,Unnamed,53.90757237578631,64.2415977710155,residential
6540,Unnamed,53.463452248050736,64.95126912825663,residential
6541,Unnamed,53.89147524768728,64.75729761425261,residential
6542,Unnamed,53.19919197746735,65.26371900444164,residential
6543,Unnamed,53.72730891743708,65.43134876463658,residential
6544,Unnamed,53.54359577772425,65.31172302642703,residential
6545,Unnamed,52.81593138971539,65.5547958177469,residential
6546,Unnamed,52.703799791779474,65.49547908433463,residential
6547,Unnamed,52.57548169497329,65.43567637012187,residential
6548,Unnamed,52.4640687325565,65.38739349626876,residential
6549,Unnamed,52.337617600026164,65.34012355537801,residential
6550,Unnamed,52.21253880603298,65.22969169001361,residential
6551,Unnamed,51.9420196854749,65.08853201015069,residential
6552,Unnamed,52.404981205332255,64.99300767928304,residential
6553,Unnamed,52.743736541776165,65.06317337709521,residential
6554,Unnamed,53.400355743475295,64.26025191569651,residential
6555,Unnamed,53.40788930410637,65.47219044990806,residential
6556,Unnamed,53.94915391932602,65.50488000677986,residential
6557,Unnamed,53.927589772087984,65.25731328756413,residential
6558,Unnamed,55.0926983549524,64.94658283880138,residential
6559,Unnamed,54.953253806273125,64.84388611498231,residential
6560,Unnamed,54.82127139905868,65.29642941756676,residential
6561,Unnamed,54.66366646647472,65.23140809620769,residential
6562,Unnamed,54.24695101629329,65.91978930196096,residential
6563,Unnamed,54.54405659563641,66.11915006293579,residential
6564,Unnamed,54.420560803410275,65.87711693055535,residential
6565,Unnamed,54.78360117888311,66.57406425050581,residential
6566,Unnamed,55.46766027110591,66.13139311827977,residential
6567,Unnamed,62.82354820369627,62.25561688605278,miscellaneous
6568,Unnamed,62.656286092112154,62.385061142395784,miscellaneous
6569,Unnamed,71.26185144345591,54.44037325933475,miscellaneous
6570,Unnamed,71.55340050013244,54.168812271884434,miscellaneous
6571,Unnamed,71.46586660939596,54.08928206862391,miscellaneous
6572,Unnamed,71.5005567495085,54.42083948642244,miscellaneous
6573,Unnamed,71.41246727150221,54.54836676335846,miscellaneous
6574,Unnamed,71.44995309375902,54.75622628863574,miscellaneous
6575,Unnamed,71.56973256580187,54.85822478831507,miscellaneous
6576,Unnamed,71.50601979710477,54.61959954666842,miscellaneous
6577,Unnamed,70.92413672014642,54.42954927559336,miscellaneous
6578,Unnamed,70.5276128259309,54.68858502495413,miscellaneous
6579,Unnamed,71.27467198540353,55.06367490721843,miscellaneous
6580,Unnamed,70.82604533376234,54.85647227074993,miscellaneous
6581,Unnamed,71.33523336466918,54.91319349325619,miscellaneous
6582,Unnamed,71.35645785665936,54.75277659981019,miscellaneous
6583,Unnamed,71.15675299465047,54.816938331116646,miscellaneous
6584,Unnamed,70.95071017319412,54.716617114176614,miscellaneous
6585,Unnamed,71.06096868080778,54.76586095531722,miscellaneous
6586,Unnamed,70.98485300264349,54.92152027269533,miscellaneous
6587,Unnamed,71.09674509007517,54.96394152688171,miscellaneous
6588,Unnamed,71.11464810254854,55.21533392240926,miscellaneous
6589,Unnamed,70.7100024328626,54.74759188299683,miscellaneous
6590,Unnamed,70.77054100678752,54.60141354676483,miscellaneous
6591,Unnamed,71.21285600101737,54.69340060849864,miscellaneous
6592,Unnamed,71.0867054985919,54.626233303785064,miscellaneous
6593,Unnamed,72.92233580371219,54.17615816950718,miscellaneous
6594,Unnamed,71.52576699691068,57.002962405062185,miscellaneous
6595,Unnamed,71.4752901872454,57.110552557720084,miscellaneous
6596,Unnamed,70.67908950295318,57.17389610810372,miscellaneous
6597,Unnamed,71.28581461658666,57.121556102351,miscellaneous
6598,Unnamed,71.33977728530465,57.032739237932674,miscellaneous
6599,Unnamed,69.70095421192524,56.33387006760739,miscellaneous
6600,Unnamed,52.61676983677722,66.02346767298629,residential
6601,Unnamed,52.69754674417776,65.83602721133155,residential
6602,Unnamed,52.89489184991039,66.050462220509,residential
6603,Unnamed,53.046453141299324,66.2280515706396,residential
6604,Unnamed,53.12210755165263,66.02503188496051,residential
6605,Unnamed,53.30276223190145,66.50208601438811,residential
6606,Unnamed,53.676911879440055,66.4224054332233,residential
6607,Unnamed,53.61017966022948,66.6409518100322,residential
6608,Unnamed,53.47391183426659,66.57065864238919,residential
6609,Unnamed,54.263616365236665,66.97712851859104,residential
6610,Unnamed,54.02007721011173,66.58520242282367,residential
6611,Unnamed,53.841718821161834,66.53150460196477,residential
6612,Unnamed,54.20563645355413,66.66871402786636,residential
6613,Unnamed,54.66524091358706,66.87378246465188,residential
6614,Unnamed,54.164786970358804,66.92356954967745,residential
6615,Unnamed,54.06634159179108,66.87596549748245,residential
6616,Unnamed,53.756008107954386,67.1099090564206,residential
6617,Unnamed,53.68983515633398,67.27038767397673,residential
6618,Unnamed,54.250053417621494,67.59087227362673,residential
6619,Unnamed,54.43318606269697,67.47160000918613,residential
6620,Unnamed,54.053893145951605,67.48365380789575,residential
6621,Unnamed,54.61488057132852,68.1583467258997,miscellaneous
6622,Unnamed,53.6718026946638,68.27564688424451,residential
6623,Unnamed,54.08820387844349,68.76373779363452,residential
6624,Unnamed,53.366526789538916,68.83391096663927,residential
6625,Unnamed,52.81582386512035,68.91606146669534,residential
6626,Unnamed,53.46882253216475,69.42061993077641,residential
6627,Unnamed,71.91986795168792,65.79544890943497,miscellaneous
6628,Unnamed,72.61704888448148,62.93096953199257,miscellaneous
6629,Unnamed,72.40587689363893,62.843006388164945,miscellaneous
6630,Unnamed,72.89555399496275,63.9182889956753,miscellaneous
6631,Unnamed,72.773595164446,64.06920426129429,miscellaneous
6632,Unnamed,73.89911805420752,63.47483056038868,miscellaneous
6633,Unnamed,73.72873103358776,62.97139450954475,miscellaneous
6634,Unnamed,77.87097454306551,64.40957378853518,miscellaneous
6635,Unnamed,77.46767309872371,64.25725011546855,miscellaneous
6636,Unnamed,77.35761888697043,63.196441901353175,miscellaneous
6637,Unnamed,70.2432055760132,62.0198937992818,residential
6638,Unnamed,70.16584735159094,64.31662359018586,miscellaneous
6639,Unnamed,80.79343715927628,64.28657385413746,miscellaneous
6640,Unnamed,80.25866514972662,62.411338652311684,miscellaneous
6641,Unnamed,80.70710687991411,62.2015356846873,miscellaneous
6642,Unnamed,80.48178338390915,62.8652609350557,miscellaneous
6643,Unnamed,80.88856540031432,62.797727265287676,miscellaneous
6644,Unnamed,80.22628833210193,63.04016465643526,miscellaneous
6645,Unnamed,75.94088086804689,65.95323295234269,miscellaneous
6646,Unnamed,76.0245983841378,66.17131944422601,miscellaneous
6647,Unnamed,75.93208338965609,66.80639697543893,miscellaneous
6648,Unnamed,75.63279331941632,63.72729888963451,miscellaneous
6649,Unnamed,75.78725282547873,63.057527109802514,miscellaneous
6650,Unnamed,73.17654707766663,66.89381293345285,miscellaneous
6651,Unnamed,72.86729665169568,67.1977317809715,miscellaneous
6652,Unnamed,73.68804947202877,66.90800960458095,miscellaneous
6653,Unnamed,74.00686147293729,66.26849586105283,miscellaneous
6654,Unnamed,74.08477095901095,66.6396258172621,miscellaneous
6655,Unnamed,72.34091786655132,63.434288438526764,miscellaneous
6656,Unnamed,72.7151031468524,63.540755590931795,miscellaneous
6657,Unnamed,74.19087793059722,63.05135437037779,miscellaneous
6658,Unnamed,73.9503274657952,63.11858789305188,miscellaneous
6659,Unnamed,74.18586299279916,62.68520144209736,miscellaneous
6660,Unnamed,72.79607797529745,63.19000094454189,miscellaneous
6661,Unnamed,72.90928334958912,62.893921166008006,miscellaneous
6662,Unnamed,73.02650086301834,62.736391117435595,miscellaneous
6663,Unnamed,72.70978301167752,62.76989346054812,miscellaneous
6664,Unnamed,72.91872828739629,62.305979577105994,miscellaneous
6665,Unnamed,73.60438308222008,62.124546114933665,miscellaneous
6666,Unnamed,72.71843638504292,62.21108992045002,miscellaneous
6667,Unnamed,73.16250963104207,62.384405986805056,miscellaneous
6668,Unnamed,73.6367233423703,62.67871141760277,miscellaneous
6669,Unnamed,73.72530712347726,62.49076293856379,miscellaneous
6670,Unnamed,52.05813183762059,70.46648715403944,residential
6671,Unnamed,52.95457258421605,70.91379462837504,residential
6672,Unnamed,53.87251326251202,71.11484965892079,residential
6673,Unnamed,53.86385707350492,71.28412593686294,residential
6674,Unnamed,54.10049715670648,71.19437576152325,residential
6675,Unnamed,54.29187705113922,71.30351971902058,residential
6676,Unnamed,53.99499559816242,71.44609817338794,residential
6677,Unnamed,53.96380478332332,71.76905321459898,residential
6678,Unnamed,53.95484857183709,71.62210756918543,residential
6679,Unnamed,54.40652802240224,71.73672170252615,residential
6680,Unnamed,54.40038027441603,71.52774033421652,residential
6681,Unnamed,54.06820545971143,71.89472632513255,residential
6682,Unnamed,53.282352895833384,71.78969725731736,residential
6683,Unnamed,53.77988543212416,71.98455067953971,residential
6684,Unnamed,53.605909678426265,72.04161447812805,residential
6685,Unnamed,53.12228683519174,71.60178427567453,residential
6686,Unnamed,53.037460850997256,71.4240818131123,residential
6687,Unnamed,52.79811385547223,71.14657661745034,residential
6688,Unnamed,53.524605031238,71.14113361570432,residential
6689,Unnamed,53.31857481037642,71.61079827431747,residential
6690,Unnamed,53.360675025670304,71.41908651748736,residential
6691,Unnamed,53.58002700561677,71.41236802709741,residential
6692,Unnamed,53.8552998392811,71.48407345511305,residential
6693,Dormitory,22.544108915439136,27.990867131177787,residential
6694,Dormitory,22.727117700765127,28.00405213727826,residential
6695,Unnamed,22.675338849138157,27.855413714374556,miscellaneous
6696,Unnamed,72.77563810333227,48.41550664808304,miscellaneous
6697,Unnamed,72.93981705660437,48.54625963135459,miscellaneous
6698,Unnamed,73.05817753643431,48.594874725609074,miscellaneous
6699,Unnamed,72.63822687723037,48.3505198778482,miscellaneous
6700,Unnamed,72.86892662396039,48.46405056674466,miscellaneous
6701,Unnamed,72.4274809260722,47.9436743255088,miscellaneous
6702,Unnamed,72.36334651567964,48.08668944803295,miscellaneous
6703,Unnamed,71.6681191855671,48.293537626710126,miscellaneous
6704,Unnamed,71.74535898192612,48.3812529270455,miscellaneous
6705,Unnamed,71.62709070703686,48.53493889752391,miscellaneous
6706,Unnamed,71.57953052305398,48.20070148292126,miscellaneous
6707,Unnamed,71.75225826122346,47.768235841195896,miscellaneous
6708,Unnamed,72.0208944719182,47.3001857366079,miscellaneous
6709,Unnamed,69.76835940100716,47.637345178541196,miscellaneous
6710,Unnamed,69.8589574100954,47.42961015580241,miscellaneous
6711,Unnamed,70.06985779223723,47.083567616788855,miscellaneous
6712,Unnamed,69.95811183920087,47.21026563283367,miscellaneous
6713,Unnamed,70.43135651855185,47.02116686926266,miscellaneous
6714,Unnamed,70.41497173889957,47.2199019936997,miscellaneous
6715,Unnamed,70.37969620392938,47.32183798125206,miscellaneous
6716,Unnamed,70.60539134646423,47.45995070861257,miscellaneous
6717,Unnamed,70.4573746881977,47.59033776545634,miscellaneous
6718,Unnamed,69.55319993427362,47.89396744909482,miscellaneous
6719,Unnamed,69.43187437890946,47.32598248768733,miscellaneous
6720,Unnamed,70.20348737992113,47.31958101639175,miscellaneous
6721,Unnamed,70.712134192945,47.62520804047913,miscellaneous
6722,Unnamed,70.95855116393632,47.613989293284575,miscellaneous
6723,Unnamed,70.59143601681855,47.28944872898155,miscellaneous
6724,Unnamed,71.10137068714378,47.637090272315234,miscellaneous
6725,Unnamed,71.29775952337474,47.736732766938275,miscellaneous
6726,Unnamed,71.36666060793284,47.65170469158805,miscellaneous
6727,Unnamed,71.7162041011266,47.5949456855364,miscellaneous
6728,Unnamed,71.87955327241133,47.827409548683114,miscellaneous
6729,Unnamed,70.0354937024472,47.39662097751193,miscellaneous
6730,Unnamed,72.49345714418509,48.875880421076346,miscellaneous
6731,Unnamed,71.66566809689374,47.96368833000539,miscellaneous
6732,Unnamed,70.34024665102221,47.46130512768615,miscellaneous
6733,Unnamed,69.33630054057397,47.11166471758121,miscellaneous
6734,Unnamed,71.46317718826016,47.642898593005164,miscellaneous
6735,Unnamed,69.52837837626647,48.09922986461629,miscellaneous
6736,Unnamed,69.01286934158026,47.884548291673475,miscellaneous
6737,Unnamed,33.35054127500074,62.47539071841422,miscellaneous
6738,Unnamed,32.63769049279298,61.26603288387216,miscellaneous
6739,Unnamed,34.09469580178203,60.71647995592249,miscellaneous
6740,Unnamed,34.42200694209185,57.86678066373927,miscellaneous
6741,Unnamed,32.71082441542376,62.43730980013955,miscellaneous
6742,Unnamed,32.67493578027729,62.6900360663186,miscellaneous
6743,Unnamed,33.23093832892793,62.847519089595316,miscellaneous
6744,Unnamed,33.71090037845337,61.790261767414066,miscellaneous
6745,Unnamed,33.64907812149533,61.42782277274531,miscellaneous
6746,Unnamed,33.43968151351975,61.24009486652411,miscellaneous
6747,Unnamed,33.88225270138147,60.93314301793442,miscellaneous
6748,Unnamed,33.43665849678232,60.80097683698242,miscellaneous
6749,Unnamed,33.39061960774046,61.87130843212279,miscellaneous
6750,Unnamed,33.866546986209286,58.61627865077492,miscellaneous
6751,Unnamed,34.44133527303854,58.70825357641828,miscellaneous
6752,Unnamed,34.30341166822079,58.79505423050008,miscellaneous
6753,Unnamed,35.128385197464404,58.507195246187194,miscellaneous
6754,Unnamed,34.85324290646323,58.2530857008865,miscellaneous
6755,Unnamed,34.91325748335549,58.662464484248,miscellaneous
6756,Unnamed,34.22403809930691,58.62061905651403,miscellaneous
6757,Unnamed,34.71058877518544,58.97219192128043,miscellaneous
6758,Unnamed,34.93227667265648,59.053103635786876,miscellaneous
6759,Unnamed,35.056350151809255,59.07271017489346,miscellaneous
6760,Unnamed,33.96506632807997,58.101653940268825,miscellaneous
6761,Unnamed,35.10855207656936,58.00785010372511,miscellaneous
6762,Unnamed,35.32232335115595,58.08879651195207,miscellaneous
6763,Unnamed,35.10745661971079,57.81633368384382,miscellaneous
6764,Unnamed,35.0011539872424,57.709605568357446,miscellaneous
6765,Unnamed,34.83577267532147,57.713064785062706,miscellaneous
6766,Unnamed,33.04878218935517,60.52384602533678,miscellaneous
6767,Unnamed,32.49478140175063,61.575407523978484,miscellaneous
6768,Unnamed,30.559160270654278,62.5411527014434,miscellaneous
6769,Unnamed,30.070490550353885,62.30898120030985,miscellaneous
6770,Unnamed,30.185259790949743,62.24487881796051,miscellaneous
6771,Unnamed,28.315435523753035,62.710673467182154,miscellaneous
6772,Unnamed,27.442584486565153,62.2825200015642,miscellaneous
6773,Unnamed,27.584048885124073,62.214708354537066,miscellaneous
6774,Unnamed,27.28947013489892,61.66004959527557,miscellaneous
6775,Unnamed,26.855524625878918,60.82862061323294,miscellaneous
6776,Unnamed,28.08055916002705,61.43595374186691,miscellaneous
6777,Unnamed,27.96987062439895,60.89348797440507,miscellaneous
6778,Unnamed,28.474687803952513,61.04410339687717,miscellaneous
6779,Unnamed,29.264976706216927,60.28140786097287,miscellaneous
6780,Unnamed,32.61506837081677,61.100526348822456,miscellaneous
6781,Unnamed,33.28140800385414,61.46968309920668,miscellaneous
6782,Unnamed,33.51271743233974,61.72597916628757,miscellaneous
6783,Unnamed,22.938799609947147,28.234304574092327,residential
6784,Unnamed,73.53074027849412,48.84646441835024,miscellaneous
6785,Unnamed,73.93365645871312,48.914305132390965,miscellaneous
6786,Unnamed,73.72315713178106,48.89757035387004,miscellaneous
6787,Unnamed,73.27938920108848,48.47108036894705,miscellaneous
6788,Unnamed,73.39795262804398,48.5552156932968,miscellaneous
6789,Unnamed,73.2607972242924,48.71570468339988,miscellaneous
6790,Unnamed,73.35782382967537,48.76484727699256,miscellaneous
6791,Unnamed,73.15823497853327,48.67387934455385,miscellaneous
6792,Unnamed,73.45459979970052,48.80791729263917,miscellaneous
6793,Unnamed,73.64825158622223,48.8006484622996,miscellaneous
6794,Unnamed,73.47571813059095,48.707932717077256,miscellaneous
6795,Unnamed,74.95655382283921,46.30672418932609,miscellaneous
6796,Unnamed,75.00282923362722,46.45724618453859,miscellaneous
6797,Unnamed,75.74646459415571,46.37170809110638,miscellaneous
6798,Unnamed,73.24366600468667,49.19890851079967,miscellaneous
6799,Unnamed,52.49158593661916,66.27504741688448,residential
6800,Unnamed,53.18843006210341,66.8429035185146,residential
6801,Unnamed,53.03262842781085,66.6660115110808,residential
6802,Unnamed,53.148747824429975,66.4723015390244,residential
6803,Unnamed,52.670951599149284,66.32860638580388,residential
6804,Unnamed,53.31464994302354,66.24418466859021,residential
6805,Unnamed,54.123269519381864,66.23690237819183,residential
6806,Unnamed,52.35632531382674,63.08263804947429,residential
6807,Unnamed,51.73570151148327,64.13374950289025,residential
6808,Unnamed,51.78918291733782,63.8599631846436,residential
6809,Unnamed,55.61804703956378,64.80886370759511,residential
6810,Unnamed,55.72117553498015,64.62757680880425,residential
6811,Unnamed,56.62345363054219,66.12787911413925,residential
6812,Unnamed,58.21376914385613,66.19503654130362,residential
6813,Unnamed,58.96931801927695,65.26007446655429,residential
6814,Unnamed,60.64213062992736,65.86543170229115,residential
6815,Unnamed,77.64456808584302,42.706040599903126,miscellaneous
6816,Unnamed,78.50153179531164,43.132121268774185,miscellaneous
6817,Unnamed,80.4413139425952,43.78625876680104,miscellaneous
6818,Unnamed,80.31403718465516,43.93506097860825,miscellaneous
6819,Unnamed,80.10489777807881,44.578197455415335,miscellaneous
6820,Unnamed,80.19440435785297,44.418147942995105,miscellaneous
6821,Unnamed,78.99212620395757,44.66408535367221,miscellaneous
6822,Unnamed,79.19621859359584,44.761785429996145,miscellaneous
6823,Unnamed,79.46489908236364,44.38383936993195,miscellaneous
6824,Unnamed,79.25896442555708,44.1445593843795,miscellaneous
6825,Unnamed,78.63725749546684,44.51343111017365,miscellaneous
6826,Unnamed,78.6789726703806,43.36614024916063,miscellaneous
6827,Unnamed,77.52991623915038,43.49209391000595,miscellaneous
6828,Unnamed,77.33278297206778,42.85211749687604,miscellaneous
6829,Unnamed,80.26501165369471,44.25583842835915,miscellaneous
6830,Unnamed,77.73935763461236,44.384584356237355,miscellaneous
6831,Unnamed,77.63099798553384,44.489730292299626,miscellaneous
6832,Unnamed,79.4945210730903,44.49215955522532,miscellaneous
6833,Unnamed,80.26024298855859,44.64385742504996,miscellaneous
6834,Unnamed,80.06838136522731,44.68157222011739,miscellaneous
6835,Unnamed,41.27867687485741,71.13250839272428,residential
6836,Unnamed,41.57472582769049,71.43643479704625,residential
6837,Unnamed,40.347033942712315,72.66136666757895,residential
6838,Unnamed,40.40401654282753,72.99650669893623,residential
6839,Unnamed,39.87499486872439,72.65754402342039,residential
6840,Unnamed,39.85751552762486,73.6603508267655,residential
6841,Unnamed,39.84269484799929,73.40393970321722,residential
6842,Unnamed,39.56037523849088,73.99053081290573,residential
6843,Unnamed,39.90766557830959,74.14761221148254,residential
6844,Unnamed,40.86719987081621,73.76795853322444,residential
6845,Unnamed,40.30809283802123,74.18284626353208,residential
6846,Unnamed,41.0148964965483,73.89458874245885,residential
6847,Unnamed,41.350219747483635,73.91513586688775,miscellaneous
6848,Unnamed,42.681198850949706,74.05059766567679,miscellaneous
6849,Unnamed,42.46201631673788,73.95104607447158,residential
6850,Unnamed,42.29037703994328,73.91489856553576,residential
6851,Unnamed,42.764913161920106,73.23058855902111,residential
6852,Unnamed,40.725539530991824,73.2057745413045,residential
6853,Unnamed,40.806120511050246,73.52776400786739,residential
6854,Unnamed,40.528772331566465,74.1990586570428,residential
6855,Unnamed,40.51148455500301,73.87569344121404,residential
6856,Unnamed,40.73809105860519,74.17167711997529,residential
6857,Unnamed,41.515596170419876,73.41084741085595,residential
6858,Unnamed,41.115431182954666,74.68339606448141,residential
6859,Unnamed,41.23565097310443,74.71651509141587,residential
6860,Unnamed,40.846230586633006,74.89174910671105,residential
6861,Unnamed,40.87648041205784,74.69810259017025,residential
6862,Unnamed,41.07592014773521,75.00886897408878,residential
6863,Unnamed,41.59002116758936,74.9923929220483,residential
6864,Unnamed,42.0936047542493,75.14388081373183,residential
6865,Unnamed,41.87196761970996,75.08250465357446,residential
6866,Unnamed,41.704376863216574,74.73114052759419,residential
6867,Unnamed,41.8948269206489,74.766764612424,residential
6868,Unnamed,42.19735487076784,74.71299883048557,residential
6869,Unnamed,41.335797422205516,75.03925780429896,residential
6870,Unnamed,41.44580295512101,75.2443420992288,residential
6871,Unnamed,41.48261145243317,75.09442429841103,residential
6872,Unnamed,41.03504994177295,75.25174353279587,residential
6873,Unnamed,40.821646944335626,75.16996112988052,residential
6874,Unnamed,37.82752287868486,74.12225030250923,miscellaneous
6875,Unnamed,40.47116809089607,75.21245832148443,miscellaneous
6876,Unnamed,40.67391570587946,75.47236717539292,miscellaneous
6877,Unnamed,33.27178781212326,74.14461249184943,miscellaneous
6878,Unnamed,36.1245854978932,73.03846418428034,miscellaneous
6879,Unnamed,37.63800544807479,71.13363012322976,miscellaneous
6880,Unnamed,38.54462670394725,75.61494540915513,miscellaneous
6881,Unnamed,38.606172225135296,74.64269452387875,miscellaneous
6882,Unnamed,38.13330072573143,75.26932398588461,miscellaneous
6883,Unnamed,38.26387370919143,75.23405433204987,miscellaneous
6884,Unnamed,35.79394243234999,72.1965110871011,miscellaneous
6885,Unnamed,35.80798202612,71.21497872617229,miscellaneous
6886,Unnamed,35.7490613177468,71.42606747996383,miscellaneous
6887,Unnamed,34.933749424490166,70.80020702916215,miscellaneous
6888,Unnamed,34.994804947949845,72.62504171072509,miscellaneous
6889,Unnamed,35.136575909650034,72.65034428485805,miscellaneous
6890,Unnamed,34.99800443602143,74.08969034520995,miscellaneous
6891,Unnamed,35.36472309936517,73.77272980400903,miscellaneous
6892,Unnamed,36.14853709245033,73.88402435868637,miscellaneous
6893,Unnamed,36.35929562155581,73.96231545086192,miscellaneous
6894,Unnamed,36.61694966755179,74.1093159848179,miscellaneous
6895,Unnamed,40.371303974414566,73.7210544073926,miscellaneous
6896,Unnamed,40.72158635516675,73.70672287901708,miscellaneous
6897,Unnamed,42.12302593129284,74.87936947826533,miscellaneous
6898,Unnamed,40.17004228489733,75.08245308394899,miscellaneous
6899,Unnamed,40.64908478608285,74.99868109745235,miscellaneous
6900,Unnamed,40.13101289664466,72.45603087093397,miscellaneous
6901,Unnamed,39.721897958434674,74.03872297073448,miscellaneous
6902,Unnamed,41.03152417342352,73.59062357551231,miscellaneous
6903,Unnamed,40.94823510079679,74.18195636008743,miscellaneous
6904,Unnamed,42.44187647941271,73.14931441992256,miscellaneous
6905,Unnamed,38.73079359761634,70.69802230572911,miscellaneous
6906,Unnamed,37.667021677411554,72.14212945219222,miscellaneous
6907,Unnamed,37.80049949538512,72.60172109371722,miscellaneous
6908,Unnamed,34.25474045675249,73.70046931091049,miscellaneous
6909,Unnamed,34.67872004139087,73.84490897490596,miscellaneous
6910,Unnamed,32.38604389422057,72.97425893714544,miscellaneous
6911,Unnamed,32.12528931821884,72.9554232141273,miscellaneous
6912,Unnamed,34.220472489757334,70.67621883506865,miscellaneous
6913,Unnamed,35.447042171858314,71.65346528166614,miscellaneous
6914,Unnamed,37.211476301898955,72.35268007770111,miscellaneous
6915,Unnamed,37.883671213609475,71.62422896377612,miscellaneous
6916,Unnamed,38.02928643114411,71.46378185307879,miscellaneous
6917,Unnamed,38.525015851424605,71.48279725227441,miscellaneous
6918,Unnamed,38.378487388413994,71.43249966801237,miscellaneous
6919,Unnamed,38.55586612529796,71.21025252972314,miscellaneous
6920,Unnamed,38.573510158283106,71.37354242168995,miscellaneous
6921,Unnamed,38.37316739295712,71.26643212096472,miscellaneous
6922,Unnamed,38.20370991760868,71.1857145864659,miscellaneous
6923,Unnamed,37.983733534691225,71.2317373960209,miscellaneous
6924,Unnamed,38.231803764678425,70.72696654010969,miscellaneous
6925,Unnamed,37.48067982227485,72.85526630437013,miscellaneous
6926,Unnamed,38.282011809924455,72.41459228030047,miscellaneous
6927,Unnamed,38.06202920384973,72.67788293024327,miscellaneous
6928,Unnamed,36.582634557427276,73.71682259173646,miscellaneous
6929,Unnamed,35.61943164187,72.57223909248067,miscellaneous
6930,Unnamed,35.506649861778996,72.87672264971046,miscellaneous
6931,Unnamed,35.13115012049759,73.78026445255858,miscellaneous
6932,Unnamed,35.086422054083975,73.91104328953779,miscellaneous
6933,Unnamed,34.049865824586526,73.59198875753788,miscellaneous
6934,Unnamed,35.55928135911515,73.22944203674898,miscellaneous
6935,Unnamed,34.72632396510728,72.38838605698265,miscellaneous
6936,Unnamed,34.97041319214358,72.23409691716711,miscellaneous
6937,Unnamed,34.81073589529427,72.1565428750195,miscellaneous
6938,Unnamed,34.29100954810966,74.53958941400113,miscellaneous
6939,Unnamed,34.864220038405676,74.4417255487766,miscellaneous
6940,Unnamed,32.4891365178646,74.29734563716318,miscellaneous
6941,Unnamed,32.64005481737662,74.09555771756389,miscellaneous
6942,Unnamed,32.72183129707965,73.93946689990003,miscellaneous
6943,Unnamed,32.800429733442535,73.7597085867946,miscellaneous
6944,Unnamed,32.859727370400094,73.58912245185462,miscellaneous
6945,Unnamed,32.9094133642451,73.44932862931519,miscellaneous
6946,Unnamed,33.78332329685157,74.21954507787162,miscellaneous
6947,Unnamed,31.685779102145663,72.92097597539797,miscellaneous
6948,Unnamed,31.825313037304,72.57469592591681,miscellaneous
6949,Unnamed,36.269095613907005,73.61805225138579,miscellaneous
6950,Unnamed,35.753762105596806,70.82469346907759,miscellaneous
6951,Unnamed,36.23969267550503,71.39656239865438,miscellaneous
6952,Unnamed,34.86748539131297,71.78618739097726,miscellaneous
6953,Unnamed,35.119161120583286,71.51064136456033,miscellaneous
6954,Unnamed,34.458438169984376,71.50761126998812,miscellaneous
6955,Unnamed,33.35201402679037,73.06065757966023,miscellaneous
6956,Unnamed,34.94669413734734,73.07195901346356,miscellaneous
6957,Unnamed,34.432485839288276,72.75082186817633,miscellaneous
6958,Unnamed,34.387203492459506,72.91766987365672,miscellaneous
6959,Unnamed,33.271865325369546,71.29771580006124,miscellaneous
6960,Unnamed,34.25225292265225,72.23630806725963,miscellaneous
6961,Unnamed,67.51480714367526,68.36814445926464,miscellaneous
6962,Unnamed,67.50369995085664,68.21060433083268,miscellaneous
6963,Unnamed,67.34149702892724,68.08810859858937,miscellaneous
6964,Unnamed,67.87106755896328,67.92538433064503,miscellaneous
6965,Unnamed,67.90876939305886,67.77782233743783,miscellaneous
6966,Unnamed,67.80869635488772,67.58039011423757,miscellaneous
6967,Unnamed,67.08774904060965,67.8190155137378,miscellaneous
6968,Unnamed,68.3617933721972,68.17028202396916,miscellaneous
6969,Unnamed,68.1299889992123,67.27307140023933,miscellaneous
6970,Unnamed,68.05928241398665,67.14960685816268,miscellaneous
6971,Unnamed,68.16614228487359,67.01688001801863,miscellaneous
6972,Unnamed,68.07010720827016,66.89614791583969,miscellaneous
6973,Unnamed,67.89816827175214,66.84011467954765,miscellaneous
6974,Unnamed,67.6534878637438,66.7695260932026,miscellaneous
6975,Unnamed,67.4716417771562,66.80212008346894,miscellaneous
6976,Unnamed,66.98912179034902,66.91898346060054,miscellaneous
6977,Unnamed,66.87899242830656,67.15556901918663,miscellaneous
6978,Unnamed,66.63713411809037,66.79548663319136,miscellaneous
6979,Unnamed,67.0350096349276,66.77288376557308,miscellaneous
6980,Unnamed,67.62140712902186,67.13351625850102,miscellaneous
6981,Unnamed,67.6453786315225,67.46334733182971,miscellaneous
6982,Unnamed,68.2699507480904,69.59840600646689,miscellaneous
6983,Unnamed,68.41513306698052,69.82337005480596,miscellaneous
6984,Unnamed,68.40025415900502,69.56897399610762,miscellaneous
6985,Unnamed,68.70472701366502,69.22279900139151,miscellaneous
6986,Unnamed,67.45153441558777,69.90270594232601,miscellaneous
6987,Unnamed,67.13008134123943,70.39000150173936,miscellaneous
6988,Unnamed,67.2088682712723,70.05694249586108,miscellaneous
6989,Unnamed,66.66771025172781,70.82947801125025,miscellaneous
6990,Unnamed,66.80585065293774,70.74671835855318,miscellaneous
6991,Unnamed,66.92104106758573,70.8256309989359,miscellaneous
6992,Unnamed,67.00164915295966,70.64098761035986,miscellaneous
6993,Unnamed,67.12770267088574,70.54882236117759,miscellaneous
6994,Unnamed,66.92776541621421,70.32523687390272,miscellaneous
6995,Unnamed,67.41184902923618,70.1459392709606,miscellaneous
6996,Unnamed,67.07432126853669,69.95788977072213,miscellaneous
6997,Unnamed,66.57202983565006,70.15312144324606,miscellaneous
6998,Unnamed,66.14714417871814,69.8914235246522,miscellaneous
6999,Unnamed,65.44668561089675,70.27034995135493,miscellaneous
7000,Unnamed,65.47740601452465,70.0280987785436,miscellaneous
7001,Unnamed,65.78774391483391,70.60554392654223,miscellaneous
7002,Unnamed,65.27572871489117,70.8731487437762,residential
7003,Unnamed,64.72309941385679,70.91338515613957,miscellaneous
7004,Unnamed,64.80173158802084,70.75717543435532,residential
7005,Unnamed,64.91495778119892,70.68588936688069,residential
7006,Unnamed,66.62117075696366,69.7552941174594,miscellaneous
7007,Unnamed,66.62337157378393,69.58073580133276,miscellaneous
7008,Unnamed,67.31833709191315,69.85748632472905,miscellaneous
7009,Unnamed,67.51675448916174,69.5515623822768,miscellaneous
7010,Unnamed,68.28160606260636,70.26961792049475,miscellaneous
7011,Unnamed,68.734177607694,70.76196232200435,miscellaneous
7012,Unnamed,68.51070690538208,67.23042804590615,miscellaneous
7013,Unnamed,68.2463092065845,67.15606788722262,miscellaneous
7014,Unnamed,67.79321538730046,67.04083107555016,miscellaneous
7015,Unnamed,45.152232481105905,74.19543991767033,miscellaneous
7016,Unnamed,47.07221846533084,74.08355775441397,miscellaneous
7017,Coffee Delfi,49.40778284927717,74.3833847554952,commercial
7018,Unnamed,50.49578141054744,73.31343854747703,miscellaneous
7019,Unnamed,50.58871314053406,74.67463335855433,miscellaneous
7020,Unnamed,47.445282198076676,75.87804587916487,miscellaneous
7021,Unnamed,50.319845447018054,73.53474513740592,miscellaneous
7022,Unnamed,50.90817077851051,72.98858690136721,miscellaneous
7023,Unnamed,50.732296417029666,73.59082667982031,miscellaneous
7024,Unnamed,50.698704443538375,74.43574725408104,miscellaneous
7025,Unnamed,51.13809862836647,74.81286667921837,miscellaneous
7026,Unnamed,49.94876374119618,73.67535730547465,miscellaneous
7027,Unnamed,46.63809528232672,71.64232763675469,miscellaneous
7028,Unnamed,46.69677281331397,71.38681695935577,miscellaneous
7029,Unnamed,45.572830675379286,71.51178788682664,miscellaneous
7030,Unnamed,45.248282693937,71.40262258779589,miscellaneous
7031,Unnamed,44.79475266300414,75.26656642786735,miscellaneous
7032,Unnamed,45.001402989814,75.06215788594298,miscellaneous
7033,Unnamed,46.3134697876822,75.078618669968,miscellaneous
7034,Unnamed,45.016905640019,75.48383239809682,miscellaneous
7035,Unnamed,42.84085419429312,74.9739336410958,miscellaneous
7036,Unnamed,43.26572627588678,74.82662945382852,miscellaneous
7037,Unnamed,42.871055250510665,75.30860225129813,miscellaneous
7038,Unnamed,42.60616602407031,75.3048930294798,miscellaneous
7039,Unnamed,45.2397040747948,73.91799490067801,miscellaneous
7040,Unnamed,45.302929535786795,73.60026009676025,miscellaneous
7041,Unnamed,45.37234018064321,73.96392458216638,miscellaneous
7042,Unnamed,45.415711315855766,73.69165430060198,miscellaneous
7043,Unnamed,45.53422907641445,74.44704868788435,miscellaneous
7044,Unnamed,46.04527163920593,74.02387568570073,commercial
7045,Unnamed,45.923092680566654,74.01697653762471,miscellaneous
7046,Unnamed,45.58275237149903,73.26211792145833,miscellaneous
7047,Unnamed,45.80467280879705,73.14214255529984,miscellaneous
7048,Unnamed,46.13483219419226,73.01685471173293,miscellaneous
7049,Unnamed,46.39833286713991,72.92499102021057,miscellaneous
7050,Unnamed,46.44102304284499,72.67229726566015,miscellaneous
7051,Unnamed,46.48585925764983,72.31590947059917,miscellaneous
7052,Unnamed,46.491362698444725,72.0552394429902,miscellaneous
7053,Unnamed,46.61767678820809,72.11975229396262,miscellaneous
7054,Unnamed,46.6041008617329,71.91193581272204,miscellaneous
7055,Unnamed,46.308663966103886,73.36915396483667,miscellaneous
7056,Unnamed,46.380906315940656,73.14468128318191,miscellaneous
7057,Unnamed,46.30427866526053,73.61967619276012,miscellaneous
7058,Unnamed,46.300790950549114,73.91139306586705,miscellaneous
7059,Unnamed,46.53666754443307,73.90805765546574,miscellaneous
7060,Unnamed,46.24999358681925,74.15431204553161,miscellaneous
7061,Unnamed,85.88834709789442,44.35998459343628,miscellaneous
7062,Unnamed,85.00626714302165,43.58834164065614,miscellaneous
7063,Unnamed,84.80751618086003,43.56312501884334,miscellaneous
7064,Unnamed,85.0522310187165,43.313084691705015,miscellaneous
7065,Unnamed,84.98284255701286,43.144472513796245,miscellaneous
7066,Unnamed,85.22171115153635,43.18236910810271,miscellaneous
7067,Unnamed,84.85690748056666,42.823522371091435,miscellaneous
7068,Unnamed,84.99650792936158,42.90479907670794,miscellaneous
7069,Unnamed,84.6302155848078,42.43799912439874,miscellaneous
7070,Unnamed,84.66778760208211,42.29990060566429,miscellaneous
7071,Unnamed,84.0807160984048,41.884178320247514,miscellaneous
7072,Unnamed,84.12499544512534,42.13813969075389,miscellaneous
7073,Unnamed,83.7649348181992,42.02595284914611,miscellaneous
7074,Unnamed,83.72371802546017,42.11774487180899,miscellaneous
7075,Unnamed,83.63553008219033,42.285207714006326,miscellaneous
7076,Unnamed,83.23525943614317,42.45927737464607,miscellaneous
7077,Unnamed,83.346665612455,42.36080400693362,miscellaneous
7078,Unnamed,83.57649759407954,42.00536821383037,miscellaneous
7079,Unnamed,83.37250384610377,41.71498629845091,miscellaneous
7080,Unnamed,84.0065699534401,41.66757964578122,miscellaneous
7081,Unnamed,83.67106620704085,41.52668681324458,miscellaneous
7082,Unnamed,83.59367840170353,41.678402494923276,miscellaneous
7083,Unnamed,84.03129002882991,41.43707728103664,miscellaneous
7084,Unnamed,84.24230466818146,41.68175358849887,miscellaneous
7085,Unnamed,84.15390058337876,41.777179196443,miscellaneous
7086,Unnamed,84.29598496989011,41.43993754244217,miscellaneous
7087,Unnamed,83.97434681489501,40.922819724329194,miscellaneous
7088,Unnamed,83.75512865792263,40.738231224825114,miscellaneous
7089,Unnamed,83.62567371164148,40.521098475673476,miscellaneous
7090,Unnamed,83.3478745940502,40.50408903561583,miscellaneous
7091,Unnamed,83.00506709967999,40.86899472222449,miscellaneous
7092,Unnamed,83.2311854029416,41.16926865715316,miscellaneous
7093,Unnamed,83.6402230039958,41.25287299179238,miscellaneous
7094,Unnamed,83.5223053184451,41.38347004425739,miscellaneous
7095,Unnamed,83.84978497263965,41.330421474671795,miscellaneous
7096,Unnamed,83.41993717470552,41.50491313202041,miscellaneous
7097,Unnamed,84.17728642319588,41.292193935041475,miscellaneous
7098,Unnamed,84.067828854437,41.05676631476067,miscellaneous
7099,Unnamed,85.08456592404518,41.45895580621694,miscellaneous
7100,Unnamed,85.15602733686507,41.18009234626655,miscellaneous
7101,Unnamed,85.43699086213849,41.29612411003619,miscellaneous
7102,Unnamed,72.13615667597854,66.80080977230202,miscellaneous
7103,Unnamed,70.56806361048471,66.00086480537092,miscellaneous
7104,Unnamed,70.72577439721617,65.73994412033579,miscellaneous
7105,Unnamed,69.21165923313993,65.96294767600267,miscellaneous
7106,Unnamed,68.61185268762158,64.6025481655864,residential
7107,Unnamed,70.85124063158003,64.16476490906996,miscellaneous
7108,Unnamed,70.61302129597567,64.79718021036976,miscellaneous
7109,Unnamed,70.26921857377954,64.85485180287998,miscellaneous
7110,Unnamed,69.96369279328611,64.8497564459089,miscellaneous
7111,Unnamed,69.36534023876881,64.96822282680098,miscellaneous
7112,Unnamed,71.63673880051115,64.79480527138247,miscellaneous
7113,Unnamed,62.497463240012095,62.884840223569014,miscellaneous
7114,Unnamed,62.83689196664899,66.34383875310502,miscellaneous
7115,Unnamed,63.17159418401599,65.15645115323701,miscellaneous
7116,Unnamed,63.20263116377686,65.42761243309013,miscellaneous
7117,Unnamed,85.02720262595557,41.75649640565033,miscellaneous
7118,Unnamed,84.65418671459489,42.642287605994724,miscellaneous
7119,Unnamed,84.95426171804654,42.726856325734396,miscellaneous
7120,Unnamed,84.55495389306836,42.57189757646822,miscellaneous
7121,Unnamed,83.73169065248608,41.8219174782109,miscellaneous
7122,Unnamed,83.66997338191261,41.93102194443761,miscellaneous
7123,Unnamed,82.89025477427603,41.54315310993674,miscellaneous
7124,Unnamed,83.47500211659099,40.893181957526856,miscellaneous
7125,Unnamed,83.10485383459205,40.54230647763588,miscellaneous
7126,Unnamed,82.99626023751321,40.58583874231963,miscellaneous
7127,Unnamed,82.9074971899629,40.764556542228775,miscellaneous
7128,Unnamed,40.33402517430375,75.28462162102511,residential
7129,Unnamed,40.70037832249543,75.28041625146616,residential
7130,Unnamed,40.36014206628812,75.02383128433343,residential
7131,Unnamed,40.53258051455536,74.76227414870652,residential
7132,Unnamed,40.66387624290061,74.72024346427895,residential
7133,Unnamed,40.30597063875266,74.74259694158538,residential
7134,Unnamed,40.14620549379841,74.68511584788088,residential
7135,Unnamed,40.89850188173644,75.35600065310916,residential
7136,Unnamed,41.30898177045883,75.34338341997831,residential
7137,Unnamed,41.79069430257756,75.3467268288122,residential
7138,Unnamed,42.73682630729383,75.43158127974581,residential
7139,Unnamed,43.00989915570458,75.0934824773502,residential
7140,Unnamed,42.97804512979689,75.35777978600981,residential
7141,Unnamed,43.2615901803956,75.03471453786221,residential
7142,Unnamed,43.08054711955456,74.72999400531916,residential
7143,Unnamed,42.72479550230641,74.77137053106439,residential
7144,Unnamed,43.170772543565676,75.19351658034779,residential
7145,Unnamed,39.55756986654369,74.2553337853907,residential
7146,Unnamed,39.974126076793915,73.84405986811745,residential
7147,Unnamed,40.246142508183496,73.97136646613006,residential
7148,Unnamed,40.06357636838621,73.34032711918212,residential
7149,Unnamed,39.10365226935736,72.53301165193679,residential
7150,Unnamed,39.74983087712668,75.15112320714779,residential
7151,Unnamed,39.85292570098787,75.40079561880431,residential
7152,Unnamed,39.502147892208974,75.23503706543015,residential
7153,Unnamed,84.32170479543537,41.82595136780527,miscellaneous
7154,Unnamed,82.89915879954424,43.263350947794194,miscellaneous
7155,Unnamed,83.14023995347935,44.13091901819847,miscellaneous
7156,Unnamed,84.6366131320028,43.32478942876016,miscellaneous
7157,Unnamed,85.81143484905687,43.38602318273396,miscellaneous
7158,Unnamed,85.70674030793808,41.50672667289621,miscellaneous
7159,Unnamed,84.90035486515252,39.60474459252672,miscellaneous
7160,Unnamed,85.25284397093293,39.20604175896871,miscellaneous
7161,Unnamed,85.76376131503994,38.010816618681545,miscellaneous
7162,Unnamed,85.1370666815444,37.6648125763636,miscellaneous
7163,Unnamed,86.29685332316609,37.592859218383204,miscellaneous
7164,Unnamed,86.9218616145036,37.502207430264406,miscellaneous
7165,Unnamed,85.6502117217974,36.36585443034876,miscellaneous
7166,Unnamed,83.17772652332222,36.34988415539076,miscellaneous
7167,Unnamed,81.86268929655229,36.17201039132824,miscellaneous
7168,Unnamed,82.92398585537347,35.706188083602,miscellaneous
7169,Unnamed,82.79017506685018,35.535888413000094,miscellaneous
7170,Unnamed,83.05380188841556,35.577729227807595,miscellaneous
7171,Unnamed,88.2832544247967,67.10646461877602,miscellaneous
7172,Unnamed,85.65683080343769,65.57904571899147,miscellaneous
7173,Unnamed,85.81343710162749,65.40708645870752,miscellaneous
7174,Unnamed,85.68996870014523,65.93100884132417,miscellaneous
7175,Unnamed,85.63738421604607,66.26216084147083,miscellaneous
7176,Unnamed,84.08428170793235,66.71228187413773,miscellaneous
7177,Unnamed,83.50564529006569,62.117757664503415,miscellaneous
7178,Unnamed,80.9850221248479,66.6901823307339,miscellaneous
7179,Unnamed,80.12354378815967,65.97425989443354,miscellaneous
7180,Unnamed,80.9977461014942,64.8060825865088,miscellaneous
7181,Unnamed,81.5711470876003,64.87317825800686,miscellaneous
7182,Unnamed,81.1207103896977,65.89705147910703,miscellaneous
7183,Unnamed,84.25119580231548,65.44776646415701,miscellaneous
7184,Unnamed,83.57344104486604,66.43233222896792,miscellaneous
7185,Unnamed,84.76182503396723,66.34236465304623,miscellaneous
7186,Unnamed,84.72260332903207,66.62309882039142,miscellaneous
7187,Unnamed,84.28480848802106,66.2241909647477,miscellaneous
7188,Unnamed,87.51377798038972,66.1060172764521,miscellaneous
7189,Unnamed,82.55724003648446,63.939164568690956,miscellaneous
7190,Unnamed,82.80918873081288,64.04940200674233,miscellaneous
7191,Unnamed,82.8961111068486,64.16766571447864,miscellaneous
7192,Unnamed,82.9159244772748,64.40834537182003,miscellaneous
7193,Unnamed,83.2921737971198,64.62331829750815,miscellaneous
7194,Unnamed,81.92879322719048,65.08372888351866,miscellaneous
7195,Unnamed,80.91809794882454,63.99395946552284,miscellaneous
7196,Unnamed,80.50024912559537,63.35747441916051,miscellaneous
7197,Unnamed,82.09965699206731,62.862694339250815,miscellaneous
7198,Unnamed,81.54042114576822,62.471777404564286,miscellaneous
7199,Unnamed,81.64247373191515,62.17243454269335,miscellaneous
7200,Unnamed,82.2357829513569,63.38664167296568,miscellaneous
7201,Unnamed,83.30060134408426,64.05156961866744,miscellaneous
7202,Unnamed,83.78244510895236,64.21966056388693,miscellaneous
7203,Unnamed,82.6100860205697,64.33480873565512,miscellaneous
7204,Unnamed,39.39021875791527,75.1539615620231,residential
7205,Unnamed,39.18728906705944,75.08222202567336,residential
7206,Unnamed,39.619192901044116,75.23159749861955,residential
7207,Unnamed,40.06070837811932,75.37196458229214,residential
7208,Unnamed,83.71246666192094,35.11447708220463,miscellaneous
7209,Unnamed,83.45727702147367,35.29470536015628,miscellaneous
7210,Unnamed,84.02149597473759,34.87081969790991,miscellaneous
7211,Unnamed,83.81239143229841,34.77319718548166,miscellaneous
7212,Unnamed,83.64525522840547,34.865487835447624,miscellaneous
7213,Unnamed,83.50060692874851,34.93977482302523,miscellaneous
7214,Unnamed,83.37984128382716,35.051888322179344,miscellaneous
7215,Unnamed,84.00344048984415,34.545533612420634,miscellaneous
7216,Unnamed,84.5357956302866,34.453880657754894,miscellaneous
7217,Unnamed,84.30396330477777,34.32229051114894,miscellaneous
7218,Unnamed,83.3971932822289,34.5633680358939,miscellaneous
7219,Unnamed,83.78934082217998,34.24823032339643,miscellaneous
7220,Unnamed,83.6502790391342,34.34737471666223,miscellaneous
7221,Unnamed,84.0686753290472,34.0373812822456,miscellaneous
7222,Unnamed,85.2121889696967,33.76799107099295,miscellaneous
7223,Unnamed,84.97950790578025,34.08315260311991,miscellaneous
7224,Unnamed,84.98800870007548,33.246689007470074,miscellaneous
7225,Unnamed,85.24272725889863,32.9856211264201,miscellaneous
7226,Unnamed,85.48661547380026,32.997725641513746,miscellaneous
7227,Unnamed,86.29517128173188,33.102553952525234,miscellaneous
7228,Unnamed,85.74120433976827,32.80736417362326,miscellaneous
7229,Unnamed,86.66695450345316,33.02234129576682,miscellaneous
7230,Unnamed,86.17761550140062,33.75784426116328,miscellaneous
7231,Unnamed,86.22596249630669,34.08852239604738,miscellaneous
7232,Unnamed,86.27404685369916,34.33139286357839,miscellaneous
7233,Unnamed,85.83352803577735,34.2986792972862,miscellaneous
7234,Unnamed,85.07793331985194,34.8377145871847,miscellaneous
7235,Unnamed,85.2301147013932,34.70398639432801,miscellaneous
7236,Unnamed,84.74075863457712,34.80716492820024,miscellaneous
7237,Unnamed,84.80943941631013,35.040165286346195,miscellaneous
7238,Unnamed,86.10714401227752,34.836683356049484,miscellaneous
7239,Unnamed,85.70092437477678,34.82874268187248,miscellaneous
7240,Unnamed,85.7941723591396,34.76388447321704,miscellaneous
7241,Unnamed,85.88963171533302,34.70474970349315,miscellaneous
7242,Unnamed,86.02246213883639,34.594947502197854,miscellaneous
7243,Unnamed,76.17742108961994,27.59342867291781,residential
7244,Unnamed,76.11002850937223,27.881538043249353,residential
7245,Unnamed,76.53080047222282,27.83016255597327,residential
7246,Unnamed,76.40830851605568,27.594683240572603,residential
7247,Unnamed,76.56676872277455,27.663967885357266,residential
7248,Unnamed,76.31182043505157,28.127822678805934,residential
7249,Unnamed,76.03701102702851,28.12943253699333,residential
7250,Unnamed,75.90714959114155,28.013033920989244,residential
7251,Unnamed,75.7846913315784,27.852178594213644,residential
7252,Unnamed,76.29199423663084,27.903721422891607,residential
7253,Unnamed,75.88880569133487,28.152690560193605,residential
7254,Unnamed,75.87357538477109,27.71478824735049,residential
7255,Unnamed,75.83911969748985,27.595644525679553,residential
7256,Unnamed,75.29613937500878,27.737321920521964,residential
7257,Unnamed,75.14797466160988,28.00509726445133,residential
7258,Unnamed,74.69595427337413,28.322785328446358,residential
7259,Unnamed,74.95225347876196,28.174615418796385,residential
7260,Unnamed,74.67719606667079,28.015435465539152,residential
7261,Unnamed,74.48610053825917,27.976236374799925,residential
7262,Unnamed,74.383808412065,28.1686599775314,residential
7263,Unnamed,74.34466422031004,27.98071221962915,residential
7264,Unnamed,74.3197049535952,27.84288386384735,residential
7265,Unnamed,74.19033533782914,28.256041353423562,residential
7266,Unnamed,74.06790721027629,28.267327589117386,residential
7267,Unnamed,73.96267204563785,28.27507918480431,residential
7268,Unnamed,74.33307380877416,28.39503216188736,residential
7269,Unnamed,74.31860543162996,28.534195140550935,residential
7270,Unnamed,74.14239262521787,28.494858651670068,residential
7271,Unnamed,74.47728939259646,28.4950093523457,residential
7272,Unnamed,75.41078147309882,28.37585293067563,residential
7273,Unnamed,75.17277780294624,28.58163700070209,residential
7274,Unnamed,74.90368978574217,28.32556973967204,residential
7275,Unnamed,75.00029160742677,28.5522960515095,residential
7276,Unnamed,76.63087891112723,28.535722402320392,residential
7277,Unnamed,76.16571479677918,28.31605348644538,residential
7278,Unnamed,75.83497231729112,28.574973318585066,residential
7279,Unnamed,75.49255795277983,27.756321432434873,residential
7280,Unnamed,75.63530130662907,27.912141432720727,residential
7281,Unnamed,75.1772340481746,27.862047164655035,residential
7282,Unnamed,74.754047031185,27.73741369524327,residential
7283,Unnamed,74.375223005496,27.713930707264677,residential
7284,Unnamed,74.42798256529137,27.62221656261025,residential
7285,Unnamed,74.01619862004192,28.115517549205197,residential
7286,Unnamed,74.21575968410981,27.977190758378445,residential
7287,Unnamed,73.72920900825332,28.49607398016027,residential
7288,Unnamed,74.31429414874746,29.48512164887571,residential
7289,Unnamed,73.50886935360295,28.90391940418464,residential
7290,Unnamed,73.73440353167395,29.03455705658165,residential
7291,Unnamed,73.95574734109988,28.991430217294788,residential
7292,Unnamed,73.81555876975173,28.88179682970059,residential
7293,Unnamed,73.56177348300481,28.758741852953907,residential
7294,Unnamed,74.02647232541588,28.797281759480043,residential
7295,Unnamed,74.68242601338702,28.888370460442513,residential
7296,Unnamed,74.83997867572828,29.05381923787258,residential
7297,Unnamed,75.01670410557205,28.799165331785932,residential
7298,Unnamed,75.25707269663229,29.109627183717095,residential
7299,Unnamed,75.14467848279476,29.365547333360208,residential
7300,Unnamed,75.38687667872084,29.763287466319564,residential
7301,Unnamed,75.90496680497205,29.553008953737287,residential
7302,Unnamed,75.89840853615641,29.384424898583543,residential
7303,Unnamed,77.22918961142118,29.480543150619738,residential
7304,Unnamed,76.74606915047781,29.545218018881275,residential
7305,Unnamed,77.07785895998514,29.41771409666387,residential
7306,Unnamed,76.6339405721428,29.805484307390305,residential
7307,Unnamed,76.43821961363241,29.91833485657817,residential
7308,Unnamed,75.78237830408017,29.802034782522433,residential
7309,Unnamed,76.20901293078673,30.50044059212918,residential
7310,Unnamed,76.34094048376843,30.55539176665852,residential
7311,Unnamed,76.42801512793457,30.41543797435864,residential
7312,Unnamed,76.3436534475868,29.13173868464523,residential
7313,Unnamed,76.6818996435033,29.15439429148638,residential
7314,Unnamed,76.69781149087372,28.99915157352234,residential
7315,Unnamed,76.04949066040795,30.300372455946835,residential
7316,Unnamed,76.08564699858385,30.150024877598884,residential
7317,Unnamed,75.96600888919845,30.035034444806286,residential
7318,Unnamed,75.98163328994416,29.915705769530526,residential
7319,Unnamed,83.04505349160381,44.37449901498735,miscellaneous
7320,Unnamed,85.72120654027205,45.318258203365396,miscellaneous
7321,Unnamed,85.62837515779862,45.137445411169324,miscellaneous
7322,Unnamed,85.59183692457208,45.23251471643551,miscellaneous
7323,Unnamed,85.99994419047017,45.29442691903196,miscellaneous
7324,Unnamed,85.91312934949401,45.370015494424855,miscellaneous
7325,Unnamed,85.79874888619524,45.35684289878999,miscellaneous
7326,Unnamed,85.84245782641648,45.11195910094509,miscellaneous
7327,Unnamed,85.99064260034275,45.2003301984134,miscellaneous
7328,Unnamed,85.48192884351296,45.09630856012813,miscellaneous
7329,Unnamed,85.91687930243663,41.397404084013935,miscellaneous
7330,Unnamed,86.47277502089645,41.63415457085694,miscellaneous
7331,Unnamed,86.27351761138107,41.62549993389093,miscellaneous
7332,Unnamed,86.08993707476445,41.49141254819706,miscellaneous
7333,Unnamed,86.08172922747157,41.134812723459966,miscellaneous
7334,Unnamed,86.27744625039314,41.22710859449381,miscellaneous
7335,Unnamed,86.47905359422033,41.298878701217895,miscellaneous
7336,Unnamed,83.2427487627844,40.20197653053262,miscellaneous
7337,Unnamed,87.17163449091639,44.03759282735561,miscellaneous
7338,Unnamed,86.96504232398539,43.992096364846944,miscellaneous
7339,Unnamed,87.27961044938503,42.91007006888633,miscellaneous
7340,Unnamed,87.71655264466484,45.19738199828712,miscellaneous
7341,Unnamed,87.8662307321261,45.03727835267951,miscellaneous
7342,Unnamed,88.08288026841214,41.545217200457174,miscellaneous
7343,Unnamed,87.61524282575154,41.35153683120588,miscellaneous
7344,Unnamed,86.94671887927396,41.0687578250907,miscellaneous
7345,Unnamed,87.34661133422968,41.23607555497827,miscellaneous
7346,Unnamed,86.29834431910493,45.41501163465744,miscellaneous
7347,Unnamed,86.14939221114841,45.376456222114946,miscellaneous
7348,Unnamed,85.3372058953576,45.05382103115046,miscellaneous
7349,Unnamed,86.52145334245158,45.14316787378863,miscellaneous
7350,Unnamed,86.92684764461941,45.0537391366958,miscellaneous
7351,Unnamed,86.30871035840867,43.30234914862414,miscellaneous
7352,Unnamed,86.52094518970976,43.61953972023546,miscellaneous
7353,Unnamed,86.2273652298113,43.9024979407653,miscellaneous
7354,Unnamed,86.89728199076224,42.55414818172255,miscellaneous
7355,Unnamed,87.06445119557713,42.12499859028755,miscellaneous
7356,Unnamed,86.66775373632505,42.382602131092895,miscellaneous
7357,Unnamed,85.96032339329494,42.40539740138729,residential
7358,Unnamed,89.78515430337409,45.125257414790305,miscellaneous
7359,Unnamed,89.43759777299209,44.88174939764524,miscellaneous
7360,Unnamed,86.4780387567231,34.579292080485935,miscellaneous
7361,Unnamed,86.74160994542855,35.0982683280867,miscellaneous
7362,Unnamed,86.88719663843699,35.42532458025946,miscellaneous
7363,Unnamed,87.15901354396367,35.73003067309721,miscellaneous
7364,Unnamed,87.44815593442839,36.32811215811849,miscellaneous
7365,Unnamed,84.76608826279949,35.61196445125688,miscellaneous
7366,Unnamed,85.32100562591397,35.558569271238056,miscellaneous
7367,Unnamed,85.27925921259161,36.30532561188564,miscellaneous
7368,Unnamed,82.60883636316743,37.3455208913513,miscellaneous
7369,Unnamed,83.03787363563512,37.14988562611185,miscellaneous
7370,Unnamed,83.02529567426474,34.869181808947644,miscellaneous
7371,Unnamed,81.55999610680115,35.506502442439064,miscellaneous
7372,Unnamed,80.8843274256111,35.71646576690339,miscellaneous
7373,Unnamed,80.36086059282191,34.59969628152258,miscellaneous
7374,Unnamed,80.93505410996195,33.9614181176864,miscellaneous
7375,Unnamed,80.91537143231535,32.71235438716935,miscellaneous
7376,Unnamed,79.74587337519853,30.828975452752644,residential
7377,Unnamed,78.69333352986938,32.10525560178605,residential
7378,Unnamed,78.44511519244918,32.24438285982109,residential
7379,Unnamed,82.69586435804192,35.03796626604512,miscellaneous
7380,Unnamed,82.31491277621397,35.37504227749248,miscellaneous
7381,Unnamed,80.07449460332826,35.58002257749473,miscellaneous
7382,Unnamed,77.46000066828469,31.315482249002734,miscellaneous
7383,Unnamed,78.76074915003957,31.913938762611288,residential
7384,Unnamed,81.56250756469117,31.614238355492457,residential
7385,Unnamed,83.3752138821227,32.2556162853212,miscellaneous
7386,Unnamed,85.02885818329283,35.703440549541625,miscellaneous
7387,Unnamed,85.16652171694051,35.796800220135175,miscellaneous
7388,Unnamed,79.12707677376484,34.64978658306866,miscellaneous
7389,Unnamed,78.06480910156026,35.046154460340745,miscellaneous
7390,Unnamed,78.22742484299096,34.50386057176454,miscellaneous
7391,Unnamed,75.90771892459685,28.987932034162046,residential
7392,Unnamed,75.91345490510861,29.23672736682873,residential
7393,Unnamed,75.39658340826522,28.86529343104543,residential
7394,Unnamed,75.26257613740516,28.900141186028595,residential
7395,Unnamed,75.03453215327585,29.468079182101757,residential
7396,Unnamed,75.25641539152451,29.75887437881334,residential
7397,Unnamed,75.99430122579008,29.76920506697269,residential
7398,Unnamed,77.16549106677513,27.54714850221473,residential
7399,Unnamed,75.49954412376803,28.15994228614423,residential
7400,Unnamed,75.07948983881086,28.363978235733335,residential
7401,Unnamed,73.77238388899151,28.305587494390494,residential
7402,Unnamed,73.72043102393934,28.155591193204238,residential
7403,Unnamed,73.83827015228015,28.52064231453327,residential
7404,Unnamed,73.59325076622227,28.45291560613311,residential
7405,Unnamed,73.17472731591462,28.442644884711388,residential
7406,Unnamed,73.28827234492542,28.421891632616564,residential
7407,Unnamed,74.70355057192897,28.55561124378688,residential
7408,Unnamed,74.84626719987352,28.578661153799306,residential
7409,Unnamed,80.05821698668292,35.23475579561797,miscellaneous
7410,Unnamed,70.96206346478724,32.369845153976264,miscellaneous
7411,Unnamed,73.45899781567566,34.45987335842622,miscellaneous
7412,Unnamed,73.62306758745403,34.15288289573486,miscellaneous
7413,Unnamed,73.25738585011689,34.16448008490433,miscellaneous
7414,Unnamed,76.0863869678443,34.70211713527,miscellaneous
7415,Unnamed,78.9910151730574,32.41980082231614,residential
7416,Unnamed,79.3793841237124,32.49429712790694,residential
7417,Unnamed,79.15948934582694,30.864119478919918,miscellaneous
7418,Unnamed,78.86684949566124,30.94915732626066,miscellaneous
7419,Unnamed,76.6597535163475,30.199585144923553,miscellaneous
7420,Unnamed,77.22910454379713,30.204881377937355,miscellaneous
7421,Unnamed,76.35806608257731,29.403804071369834,miscellaneous
7422,Unnamed,76.32447093469817,29.627859026846398,miscellaneous
7423,Unnamed,76.50995400602855,29.663729494379098,miscellaneous
7424,Unnamed,76.26942848342443,28.787699721819227,miscellaneous
7425,Unnamed,75.70440166748756,29.12870859007303,miscellaneous
7426,Unnamed,75.33615227378709,30.200251707370953,miscellaneous
7427,Unnamed,75.08565362284219,30.006806963514965,miscellaneous
7428,Unnamed,74.68578190536984,29.791516424594356,miscellaneous
7429,Unnamed,75.7512569359204,27.71340257829277,miscellaneous
7430,Unnamed,75.14031455940142,27.70464675016735,miscellaneous
7431,Unnamed,76.1057443383263,27.231756165841325,miscellaneous
7432,Unnamed,76.30335805886844,27.45442049892219,miscellaneous
7433,Unnamed,75.8388096445047,27.36339187148382,miscellaneous
7434,Unnamed,76.1163457388928,27.404573558138008,miscellaneous
7435,Unnamed,76.04026658359292,27.5825414140221,miscellaneous
7436,Unnamed,72.18196700724476,28.181681194742925,residential
7437,Unnamed,72.5476745249777,28.303867710988108,residential
7438,Unnamed,72.73325087208968,28.397424976027246,residential
7439,Unnamed,72.68650075729765,28.233602274700058,residential
7440,Unnamed,71.90883815416382,28.98949615267521,residential
7441,Unnamed,71.95482832462469,27.726564816355758,residential
7442,Unnamed,72.4054043764134,27.904979027255926,residential
7443,Unnamed,73.35668032447249,66.31812389647442,miscellaneous
7444,Unnamed,73.50415928404466,66.20715274645644,miscellaneous
7445,Unnamed,73.62119769610575,66.56993998450142,miscellaneous
7446,Unnamed,73.79134026513425,66.61031240364296,miscellaneous
7447,Unnamed,74.0068159513916,66.26981706815218,miscellaneous
7448,Unnamed,73.495118990561,65.93272862473238,miscellaneous
7449,Unnamed,77.6666767850516,65.1241051394376,residential
7450,Unnamed,77.82469913232157,65.21279453338211,residential
7451,Unnamed,77.93468519638526,65.27236245528998,residential
7452,Unnamed,78.00325459182501,65.30134051933508,residential
7453,Unnamed,78.0894912583816,65.34150248337069,residential
7454,Unnamed,78.20911370238657,65.40254475659088,residential
7455,Unnamed,77.9060880457491,65.7898228131719,residential
7456,Unnamed,73.92454240053226,66.58518169102318,miscellaneous
7457,Unnamed,74.0824471926571,66.6437016766247,miscellaneous
7458,Unnamed,73.57746661049217,66.40871238758585,miscellaneous
7459,Unnamed,73.71311423084038,66.45013937218582,miscellaneous
7460,Unnamed,73.61986545934657,66.04281988189355,miscellaneous
7461,Unnamed,73.81021279095327,66.00973155751673,miscellaneous
7462,Unnamed,73.94766491023805,66.38917829068309,miscellaneous
7463,Unnamed,73.91423313818109,66.44596112962272,miscellaneous
7464,Unnamed,74.09615673799294,66.40886294472833,miscellaneous
7465,Unnamed,73.37519233564296,66.48921616016807,miscellaneous
7466,Unnamed,73.42078635234806,66.50851173645668,miscellaneous
7467,Unnamed,73.41659570911372,66.43861507781233,miscellaneous
7468,Unnamed,73.27312104003873,66.21854024784751,miscellaneous
7469,Unnamed,73.30367249690283,66.17437122826996,miscellaneous
7470,Unnamed,73.73476350210078,66.35800582210882,miscellaneous
7471,Unnamed,73.82675107745,66.34196534452721,miscellaneous
7472,Unnamed,74.21551127082347,66.49072382591761,miscellaneous
7473,Unnamed,76.36920311213021,65.43922420195723,miscellaneous
7474,Unnamed,76.65892811811726,64.71464173754958,miscellaneous
7475,Unnamed,76.43015823551171,65.29370624789148,miscellaneous
7476,Unnamed,76.29903467083714,65.07841286085355,miscellaneous
7477,Unnamed,76.39495865241375,65.11168676630716,miscellaneous
7478,Unnamed,76.5052394852114,65.15014130382218,miscellaneous
7479,Unnamed,77.85368908815182,64.42521562808054,miscellaneous
7480,Unnamed,78.452097802655,64.17999121665278,miscellaneous
7481,Unnamed,78.08476502647683,64.12790630033861,miscellaneous
7482,Unnamed,77.9620841883726,63.537163670043164,miscellaneous
7483,Unnamed,79.00266800611371,63.954732024990605,miscellaneous
7484,Unnamed,78.96406640714886,64.09419826973176,miscellaneous
7485,Unnamed,76.41442304561191,62.633037530591515,miscellaneous
7486,Unnamed,76.54444124512557,62.68234926964984,miscellaneous
7487,Unnamed,76.99680106988947,62.70063942093515,miscellaneous
7488,Unnamed,77.10697601659525,62.442614807746665,miscellaneous
7489,Unnamed,77.19862460488444,62.57513815593008,miscellaneous
7490,Unnamed,77.14369611239404,63.368781828028055,miscellaneous
7491,Unnamed,77.34602640334731,63.197613198941774,miscellaneous
7492,Unnamed,77.11661558544255,63.20916497144695,miscellaneous
7493,Unnamed,77.22048334163759,63.04390197562345,miscellaneous
7494,Unnamed,77.43059215680414,62.90139807073758,miscellaneous
7495,Unnamed,76.88427387905254,62.55695272557664,miscellaneous
7496,Unnamed,76.4114568798278,62.867573689505484,miscellaneous
7497,Unnamed,76.04739780267005,62.61493885760131,miscellaneous
7498,Unnamed,76.03097331512471,62.813257410089726,miscellaneous
7499,Unnamed,75.88648029379199,62.79969273203076,miscellaneous
7500,Unnamed,74.06011307633187,66.10110360957691,miscellaneous
7501,Unnamed,74.04080744696184,66.16263558480189,miscellaneous
7502,Unnamed,74.4975712339777,66.47888177838333,miscellaneous
7503,Unnamed,74.42147985198625,66.31763252978138,miscellaneous
7504,Unnamed,76.7516056869923,64.3689541423872,miscellaneous
7505,Unnamed,75.41710867403937,64.39816745942643,miscellaneous
7506,Unnamed,75.19585746421012,64.43475485512022,miscellaneous
7507,Unnamed,75.24490311619394,64.26503008801826,miscellaneous
7508,Unnamed,75.22449443965567,64.33226909231247,miscellaneous
7509,Unnamed,75.06274697657712,64.37411349260599,miscellaneous
7510,Unnamed,74.95694352035407,64.33264592211805,miscellaneous
7511,Unnamed,75.09029424906977,64.0391752054032,miscellaneous
7512,Unnamed,74.96193092711748,63.9468020521516,miscellaneous
7513,Unnamed,74.83829729499149,64.09797405692231,miscellaneous
7514,Unnamed,74.77163393479422,64.19476571856205,miscellaneous
7515,Unnamed,74.83292018771706,64.29557671707809,miscellaneous
7516,Unnamed,74.91484491910941,64.46629818487743,miscellaneous
7517,Unnamed,74.47922722390788,64.90962128731633,miscellaneous
7518,Unnamed,74.5224796178483,64.82535190044231,miscellaneous
7519,Unnamed,74.70855688922289,64.74118184731577,miscellaneous
7520,Unnamed,74.38111177943556,64.96962179282106,miscellaneous
7521,Unnamed,74.21940280692772,64.89266913660117,miscellaneous
7522,Unnamed,75.16142233620681,65.17801564393831,miscellaneous
7523,Unnamed,75.24529068242538,65.21910040586722,miscellaneous
7524,Unnamed,74.32973473379889,65.05762366677149,miscellaneous
7525,Unnamed,74.1484495130327,65.08429239122957,miscellaneous
7526,Unnamed,74.16930200245662,65.36380569700164,miscellaneous
7527,Unnamed,74.0926867501084,65.4416450056098,miscellaneous
7528,Unnamed,74.26141498892753,65.2274536395559,miscellaneous
7529,Unnamed,74.1046056823451,65.1749592984627,miscellaneous
7530,Unnamed,74.21562880180105,65.28319793256422,miscellaneous
7531,Unnamed,74.25443503904773,65.53499682942133,miscellaneous
7532,Unnamed,74.14677431575406,65.49879617860582,miscellaneous
7533,Unnamed,74.96934350929193,65.82585637024299,miscellaneous
7534,Unnamed,75.16242901723025,65.96769755397143,miscellaneous
7535,Unnamed,75.2230250991268,65.84036908654188,miscellaneous
7536,Unnamed,75.30821629689657,65.78084762755434,miscellaneous
7537,Unnamed,75.43121865186832,66.3851216699172,miscellaneous
7538,Unnamed,75.49050366670723,66.20860898401594,miscellaneous
7539,Unnamed,75.75385512154963,66.39960887211694,miscellaneous
7540,Unnamed,75.79519246231158,66.32003470850087,miscellaneous
7541,Unnamed,75.8222977700208,66.24815499116335,miscellaneous
7542,Unnamed,75.67050877335197,66.22421484843512,miscellaneous
7543,Unnamed,75.84674115284258,66.16137856624005,miscellaneous
7544,Unnamed,81.68580184233092,35.36925066979145,miscellaneous
7545,Unnamed,76.95213246703696,62.44697334499515,miscellaneous
7546,Unnamed,76.11652775700102,62.34209804813754,miscellaneous
7547,Unnamed,75.89272537508798,66.0646352071731,miscellaneous
7548,Unnamed,75.9358875449683,66.52549966117178,miscellaneous
7549,Unnamed,75.85893164075235,66.51645838496762,miscellaneous
7550,Unnamed,76.04029660564855,66.55473083359372,miscellaneous
7551,Unnamed,76.1438242867808,66.62301692594549,miscellaneous
7552,Unnamed,75.97290756855874,66.3323735304011,miscellaneous
7553,Unnamed,76.10561025409145,66.402802755581,miscellaneous
7554,Unnamed,75.98895281150978,66.44776280747394,miscellaneous
7555,Unnamed,75.96210622438527,66.4352957801839,miscellaneous
7556,Unnamed,75.92286407065562,66.42050371978934,miscellaneous
7557,Unnamed,75.88337454885897,66.41400145317137,miscellaneous
7558,Unnamed,75.85614086781686,66.399289507488,miscellaneous
7559,Unnamed,76.45224951204777,66.33958024181766,miscellaneous
7560,Unnamed,76.29050333106149,66.50234795601327,miscellaneous
7561,Unnamed,76.29006316630951,66.54259398161163,miscellaneous
7562,Unnamed,76.28218543960098,66.57658277399088,miscellaneous
7563,Unnamed,74.97741319521455,64.17704345593583,miscellaneous
7564,Unnamed,75.75229332045913,63.820867652954746,miscellaneous
7565,Unnamed,75.76377681766937,63.70388933112325,miscellaneous
7566,Unnamed,75.82567827909608,63.71763365337002,miscellaneous
7567,Unnamed,76.13906565197445,63.85169849966461,miscellaneous
7568,Unnamed,76.00515308093138,63.79266291262825,miscellaneous
7569,Unnamed,75.84229774078595,64.10844790367007,miscellaneous
7570,Unnamed,76.05220362422632,64.05374241247853,miscellaneous
7571,Unnamed,76.03088748021925,64.10238771452276,miscellaneous
7572,Unnamed,73.44902671170385,64.09551442029114,miscellaneous
7573,Unnamed,80.60959521031126,35.35981144622553,miscellaneous
7574,Unnamed,81.18241164552964,36.185905104537,miscellaneous
7575,Unnamed,81.24194831107226,36.06697000370207,miscellaneous
7576,Unnamed,81.33757629482825,36.09161373979421,miscellaneous
7577,Unnamed,80.30942200094017,36.091597565244456,miscellaneous
7578,Unnamed,80.16312896537221,36.125628329096884,miscellaneous
7579,Unnamed,80.829607857454,35.54107166850625,miscellaneous
7580,Unnamed,81.56334729930643,35.863244048596464,miscellaneous
7581,Unnamed,81.34822842539072,35.66369668612494,miscellaneous
7582,Unnamed,81.73404026160654,35.731576484432715,miscellaneous
7583,Unnamed,81.04141705698912,35.27633448329509,miscellaneous
7584,Unnamed,80.19586865322232,33.8873201349426,miscellaneous
7585,Unnamed,77.6524474977155,38.88025115914412,miscellaneous
7586,Unnamed,77.63778572412551,39.00016277132722,miscellaneous
7587,Unnamed,80.82306996938037,36.86708186095291,miscellaneous
7588,Unnamed,81.05521392502233,36.70927928420195,miscellaneous
7589,Unnamed,80.9738236399702,36.9582535869252,miscellaneous
7590,Unnamed,80.8489343864746,36.42094732691601,miscellaneous
7591,Unnamed,81.12194706801965,36.914360386625695,miscellaneous
7592,Unnamed,81.20544349585084,36.58541390490979,miscellaneous
7593,Unnamed,81.17446539506933,36.77920152313018,miscellaneous
7594,Unnamed,81.07656436704649,36.51289471601996,miscellaneous
7595,Unnamed,81.16821809557926,36.444835584777124,miscellaneous
7596,Unnamed,81.00238076373239,36.22731894099428,miscellaneous
7597,Unnamed,81.08235126347036,36.333260579484126,miscellaneous
7598,Unnamed,81.31621872097307,36.66750471628678,miscellaneous
7599,Unnamed,81.40603504078786,36.58972514034022,miscellaneous
7600,Unnamed,81.50461648096815,36.7124688684159,miscellaneous
7601,Unnamed,81.30664677092697,36.88184178312964,miscellaneous
7602,Unnamed,80.04222403549845,36.31011506394617,miscellaneous
7603,Unnamed,80.565946046111,36.13794250018583,miscellaneous
7604,Unnamed,81.4658644963869,36.42688211349323,miscellaneous
7605,Unnamed,81.35114242826515,36.25761179469173,miscellaneous
7606,Unnamed,81.62672597087548,36.61022866596533,miscellaneous
7607,Unnamed,81.34586267146233,37.290096872860865,miscellaneous
7608,Unnamed,81.60346991047169,36.964888039391894,miscellaneous
7609,Unnamed,81.49580004932952,37.082019660886715,miscellaneous
7610,Unnamed,81.50646432062018,36.88090623122861,miscellaneous
7611,Unnamed,81.28215618412732,37.557796112348434,miscellaneous
7612,Unnamed,81.5375928266694,37.6153776458869,miscellaneous
7613,Unnamed,81.60969178194529,37.217933326448296,miscellaneous
7614,Unnamed,79.40206488799332,36.36478280869976,miscellaneous
7615,Unnamed,78.9581937470885,36.22172270038715,miscellaneous
7616,Unnamed,79.12375359813485,36.12255453016804,miscellaneous
7617,Unnamed,82.63737572289307,38.93919164427638,residential
7618,Unnamed,82.54393838626206,38.789632818053136,residential
7619,Unnamed,83.02624809156339,39.551644956605415,residential
7620,Unnamed,83.45397086407864,40.142636963346156,residential
7621,Unnamed,85.07637380610959,36.93095642887912,residential
7622,Unnamed,84.89640355871121,37.36332746391054,residential
7623,Unnamed,84.39634569882898,37.895727561055466,residential
7624,Unnamed,79.40703473862285,36.213195594734984,miscellaneous
7625,Unnamed,79.02503251753856,36.43450094660652,miscellaneous
7626,Unnamed,74.09634484057587,62.06924047042522,residential
7627,Unnamed,73.44853352683191,33.89037936783672,miscellaneous
7628,Unnamed,74.18178924524624,61.80940434054107,residential
7629,Unnamed,74.13413937012324,37.486255232827546,residential
7630,Unnamed,73.92265650149224,38.88495563493779,residential
7631,Unnamed,73.34327537115688,38.29924548837401,residential
7632,Unnamed,73.69342748542141,39.8603276514669,residential
7633,Unnamed,74.46561061545708,61.793323071831296,residential
7634,Unnamed,74.53045546986633,61.603035838087536,residential
7635,Unnamed,73.50958535538695,62.026103766361764,residential
7636,Unnamed,65.43697407277934,26.95849412203848,miscellaneous
7637,Unnamed,65.23191325281927,26.645040847899022,miscellaneous
7638,Unnamed,73.67192671585346,62.0225144216098,residential
7639,Unnamed,51.84559972614225,75.08997125517426,miscellaneous
7640,Unnamed,51.95992254873506,74.7022317874879,miscellaneous
7641,Unnamed,52.04898350395995,74.5633387549047,miscellaneous
7642,Unnamed,51.93033702489308,74.50376202166268,miscellaneous
7643,Unnamed,52.04432777501323,74.81241041773583,miscellaneous
7644,Unnamed,52.093865446318546,74.7136151157517,miscellaneous
7645,Unnamed,52.2288160161258,74.43943250423816,miscellaneous
7646,Unnamed,52.43355739209869,74.34685129935157,miscellaneous
7647,Unnamed,52.58393235577283,74.40299790092902,miscellaneous
7648,Unnamed,52.21106548162423,74.18785276033124,miscellaneous
7649,Unnamed,51.83798381815839,74.26720217728653,miscellaneous
7650,Unnamed,52.08952470428405,73.92439832148784,miscellaneous
7651,Unnamed,52.21192738438943,73.64601086706237,miscellaneous
7652,Unnamed,52.84480646650046,73.08965385117237,miscellaneous
7653,Unnamed,53.77044068212777,72.74013648834459,miscellaneous
7654,Unnamed,53.80566807895695,73.21101578597214,miscellaneous
7655,Unnamed,52.14827974840745,71.8155343940314,miscellaneous
7656,Unnamed,52.029655785507764,71.69287245243974,miscellaneous
7657,Unnamed,51.86966356175754,71.53810024397279,miscellaneous
7658,Unnamed,52.462419713810505,71.93838387558843,miscellaneous
7659,Unnamed,51.785103595230254,72.2126384872867,miscellaneous
7660,Unnamed,51.96750838483008,72.3100429579748,miscellaneous
7661,Unnamed,51.923723860581404,72.06023500430548,miscellaneous
7662,Unnamed,51.78675794623846,71.73961824084604,miscellaneous
7663,Unnamed,53.846014048436054,74.7489207612937,miscellaneous
7664,Unnamed,53.847835287427294,74.5155943407613,miscellaneous
7665,Unnamed,53.886933940056146,74.38647335474427,miscellaneous
7666,Unnamed,54.29400749877118,74.36528613285928,miscellaneous
7667,Unnamed,53.73776647113263,75.18131430761305,miscellaneous
7668,Unnamed,53.96172071999904,75.21804641929663,miscellaneous
7669,Unnamed,54.39887698802909,75.23339917646787,miscellaneous
7670,Los Baños Christian Reformed Church,55.676351293030415,72.62910212351773,special
7671,Unnamed,55.37313278615157,72.20252209226756,miscellaneous
7672,Unnamed,55.477431248352495,72.12093785186411,miscellaneous
7673,Unnamed,55.58871216222712,72.08468710414422,miscellaneous
7674,Unnamed,55.76998663365112,72.16534371156908,miscellaneous
7675,Unnamed,55.82227175554998,71.23403242062892,miscellaneous
7676,Unnamed,55.010595035042044,72.20965464390939,miscellaneous
7677,Unnamed,53.43368198796623,73.15483619472764,miscellaneous
7678,Unnamed,52.33141587072531,74.48937528105978,miscellaneous
7679,Unnamed,52.46577402406297,74.55629588136104,miscellaneous
7680,Unnamed,45.00333737441744,62.24529572275602,miscellaneous
7681,Unnamed,41.98807536146354,60.64627822492267,miscellaneous
7682,Unnamed,42.048506712083785,60.469602300456785,miscellaneous
7683,Unnamed,41.4792008693982,59.92167615004376,miscellaneous
7684,Unnamed,42.270798775158866,60.56673431811808,miscellaneous
7685,Unnamed,42.800285616355396,60.34696740482338,miscellaneous
7686,Unnamed,42.4085847475829,60.19266487809324,miscellaneous
7687,Unnamed,41.50160219889739,59.5602759515299,miscellaneous
7688,Unnamed,43.86821188701759,57.95178111066013,miscellaneous
7689,Unnamed,42.74452717689051,58.83313514876601,miscellaneous
7690,Unnamed,42.03799389504741,58.30008418749472,miscellaneous
7691,Unnamed,42.103725131843454,58.62266641770305,miscellaneous
7692,Unnamed,41.571286611430395,59.182087391204405,miscellaneous
7693,Unnamed,42.52581129573544,59.141314725421346,miscellaneous
7694,Unnamed,42.82878408065102,59.372000615846844,miscellaneous
7695,Unnamed,42.81142111244698,59.89415961555612,miscellaneous
7696,Unnamed,43.22914002147965,60.200690533989466,miscellaneous
7697,Unnamed,43.07578647102002,59.884004211433314,miscellaneous
7698,Unnamed,50.623636729962485,59.2532787279047,miscellaneous
7699,Unnamed,50.82202802567537,59.42998188494547,miscellaneous
7700,Unnamed,50.41926917407961,58.757055206685905,miscellaneous
7701,Unnamed,49.72162111225838,59.92617471010641,miscellaneous
7702,Unnamed,50.611058227322516,60.83434288890973,miscellaneous
7703,Unnamed,50.752650093602824,62.25643280581289,miscellaneous
7704,Unnamed,45.971275304727044,62.63320281260572,miscellaneous
7705,Unnamed,45.39809090085375,62.41935764262338,miscellaneous
7706,Unnamed,44.61680652245652,62.21605846069181,miscellaneous
7707,Unnamed,44.11178340935456,60.21346606784864,miscellaneous
7708,Unnamed,45.30587034160691,59.107454860982635,miscellaneous
7709,Unnamed,46.32928249082829,60.361613124073855,miscellaneous
7710,Unnamed,45.605626026183096,68.72791944923458,residential
7711,Unnamed,46.58148144286615,69.02029561794095,residential
7712,Unnamed,46.42898959363588,70.18604959437083,residential
7713,Unnamed,46.064464276605115,70.21407631161092,residential
7714,Unnamed,46.942131892181855,69.97439428761083,residential
7715,Unnamed,47.27036314459441,69.74761061080198,residential
7716,Unnamed,46.19029684955842,70.7316931547028,residential
7717,Unnamed,45.98194561361131,70.70439052513247,residential
7718,Unnamed,45.83125985390424,70.59309597046968,residential
7719,Unnamed,45.309828215125044,70.61553504919027,residential
7720,Unnamed,45.340181314584726,71.20106738978143,residential
7721,Unnamed,45.98077418606639,71.4514649720115,residential
7722,Unnamed,44.81645637322064,72.91922586815852,residential
7723,Unnamed,44.989000869680844,72.35947731687344,residential
7724,Unnamed,44.183405653176955,72.5910748154959,residential
7725,Unnamed,44.442920017194005,72.6370994952034,residential
7726,Unnamed,43.9155799389784,72.52715164857374,residential
7727,Unnamed,45.172754616707614,73.29830845287162,residential
7728,Unnamed,45.3037796978773,73.13343167771458,residential
7729,Unnamed,44.17108104631212,73.84848216830251,residential
7730,Laguna Water District Pumping Station,46.434521236803654,74.26135804341769,residential
7731,Unnamed,45.71541225280524,74.42299308808602,residential
7732,Unnamed,46.069885916472,74.445158844126,residential
7733,Unnamed,33.00645995432615,54.99277690969602,miscellaneous
7734,Unnamed,32.49776945384733,56.599636882497116,miscellaneous
7735,Unnamed,32.62992158328036,56.83287370397018,miscellaneous
7736,Unnamed,34.575305977127194,57.939273995302074,miscellaneous
7737,Unnamed,34.0751351443526,57.5787578905287,miscellaneous
7738,Unnamed,34.0571980705368,57.861714204942025,miscellaneous
7739,Unnamed,34.39350907647753,57.54755671521826,miscellaneous
7740,Unnamed,33.94115832051827,57.70090025840514,miscellaneous
7741,Unnamed,33.90352080684786,57.84491484615475,miscellaneous
7742,Unnamed,34.05748699107415,57.41595317274235,miscellaneous
7743,Unnamed,34.09153092766821,57.15584739303515,miscellaneous
7744,Unnamed,34.3739772217766,57.210663032383145,miscellaneous
7745,Unnamed,34.432703770696506,57.06708138014888,miscellaneous
7746,Unnamed,34.35108231750808,56.6263254616362,miscellaneous
7747,Unnamed,34.126336813905944,57.000699044034754,miscellaneous
7748,Unnamed,34.082744631190245,56.8062142860535,miscellaneous
7749,Unnamed,34.123377443545735,56.620404902963216,miscellaneous
7750,Unnamed,34.48761898587849,57.35018196192835,miscellaneous
7751,Unnamed,34.50568504089525,57.5944686773842,miscellaneous
7752,Unnamed,33.76749121324041,57.83064908623163,miscellaneous
7753,Unnamed,33.83614068459087,57.676497485641086,miscellaneous
7754,Unnamed,33.98455380805965,57.2708518961199,miscellaneous
7755,Unnamed,44.649415317555345,73.98237959059522,residential
7756,Unnamed,44.82661060912331,74.06132583835276,residential
7757,Unnamed,44.96915747748542,74.14829774200362,residential
7758,Unnamed,45.019341477068444,73.93932499389018,residential
7759,Unnamed,45.580897755457535,74.2802779987004,residential
7760,Unnamed,45.39256565376136,74.30637950110962,residential
7761,Unnamed,41.1436460063,67.35425245110198,miscellaneous
7762,Unnamed,40.969783784520715,67.19439448883506,miscellaneous
7763,Unnamed,41.49155548404283,66.37185233534744,miscellaneous
7764,Unnamed,40.99277765134932,66.95131571135423,miscellaneous
7765,Unnamed,34.81479397288441,69.9604811283639,miscellaneous
7766,Unnamed,32.89688388431841,71.10953223881434,miscellaneous
7767,Unnamed,31.711576753573322,69.46530276950244,miscellaneous
7768,Unnamed,33.51511607139731,70.27302254077762,miscellaneous
7769,Unnamed,33.69385411054671,70.52959633773658,miscellaneous
7770,Unnamed,37.759950718784864,67.12391542835334,miscellaneous
7771,Unnamed,38.080313956674914,67.3751230666191,miscellaneous
7772,Unnamed,38.709552765669045,70.32728992045661,miscellaneous
7773,Unnamed,37.5968721853127,70.59547090945406,miscellaneous
7774,Unnamed,37.89816619154663,70.52635199544397,miscellaneous
7775,Unnamed,33.817326071908106,70.93713454602707,miscellaneous
7776,Unnamed,31.924891210638457,70.46116311314566,miscellaneous
7777,Unnamed,33.89980017084977,69.9619354606215,miscellaneous
7778,Unnamed,33.76575126281173,69.90148694629387,miscellaneous
7779,Unnamed,33.654393218516404,69.85105037818546,miscellaneous
7780,Unnamed,34.1359055330337,70.07797989328218,miscellaneous
7781,Unnamed,34.37549899156498,69.79994824270801,miscellaneous
7782,Unnamed,34.54434984375289,69.83763189588413,miscellaneous
7783,Unnamed,35.34996680308414,70.07018866639922,miscellaneous
7784,Unnamed,36.425026858329836,69.7452427515252,miscellaneous
7785,Unnamed,37.47627173426601,70.19522062034916,miscellaneous
7786,Unnamed,39.398667702201315,70.60881970446094,miscellaneous
7787,Unnamed,40.43101623183016,66.89253328079705,miscellaneous
7788,Unnamed,41.16576145903032,67.05501823544071,miscellaneous
7789,Unnamed,41.232476191811834,66.92127650513609,miscellaneous
7790,Unnamed,41.41694687533653,66.96610516562416,miscellaneous
7791,Unnamed,40.666241894034265,66.73644073626069,miscellaneous
7792,Unnamed,39.965677132507864,66.45537899112306,miscellaneous
7793,Unnamed,40.52152288234895,70.39013446680957,miscellaneous
7794,Unnamed,40.23813620940412,69.95898726050105,miscellaneous
7795,Unnamed,39.300303386889304,69.91124279738827,miscellaneous
7796,Unnamed,39.28596343546676,69.60962554582719,miscellaneous
7797,Unnamed,39.0893628423413,69.76783887187833,miscellaneous
7798,Unnamed,39.382312406309175,69.43199648836253,miscellaneous
7799,Unnamed,39.19100970314565,69.31423227231112,miscellaneous
7800,Unnamed,38.31193192475423,69.51602019189585,miscellaneous
7801,Unnamed,37.910568311657755,69.98494780047817,miscellaneous
7802,Unnamed,46.05278520883817,75.21198049709234,residential
7803,Unnamed,46.0903484179738,74.90170917846743,residential
7804,Unnamed,46.2471959581401,75.29449243459337,residential
7805,Unnamed,46.92070859510361,75.30751365179907,residential
7806,Unnamed,46.72944424689048,75.27117196506391,residential
7807,Unnamed,45.74971591391804,75.1362723612771,residential
7808,Unnamed,45.187744845016795,75.06731723615886,residential
7809,Unnamed,44.78281562232669,75.01244795607836,residential
7810,Unnamed,44.33858718147717,75.24240756573563,residential
7811,Unnamed,44.123921331150775,75.24978087905565,residential
7812,Unnamed,43.62393809974113,75.32336740986403,residential
7813,Unnamed,43.47501205329075,75.24895912156727,residential
7814,Unnamed,43.31803822285002,75.32737190619663,residential
7815,Unnamed,43.49462290579137,74.88755892305635,residential
7816,Unnamed,43.636162101907665,73.86215854109312,residential
7817,Unnamed,45.683023042069884,73.9121629576123,residential
7818,Unnamed,31.51315751350986,44.6922033608394,miscellaneous
7819,Unnamed,31.749756036243955,44.4556030111183,miscellaneous
7820,Unnamed,31.695331091022354,44.2987690879793,miscellaneous
7821,Unnamed,31.920783524585673,44.671698883699506,miscellaneous
7822,Unnamed,31.813128737126313,43.87586519996105,miscellaneous
7823,Unnamed,31.963768614140207,43.71132837776725,miscellaneous
7824,Unnamed,32.171138789275254,43.738250839589966,miscellaneous
7825,Unnamed,31.90551428954913,44.30081638032723,miscellaneous
7826,Unnamed,31.681022363688527,43.9656491074135,miscellaneous
7827,Unnamed,31.46224586816037,44.159874278163514,miscellaneous
7828,Unnamed,31.413371450707068,44.772500369377816,miscellaneous
7829,Unnamed,31.55198271579075,44.88074445025848,miscellaneous
7830,Unnamed,31.764568486364315,44.81411192647045,miscellaneous
7831,Unnamed,31.922098816273497,44.792771029265246,miscellaneous
7832,Unnamed,31.9840601750877,44.40472563722432,miscellaneous
7833,Unnamed,32.537943417725245,42.319208925352676,miscellaneous
7834,Unnamed,33.87414206451173,42.01763897214447,miscellaneous
7835,Unnamed,31.17960167882733,40.85451876366567,miscellaneous
7836,Unnamed,31.11071829194963,41.072713508915506,miscellaneous
7837,Unnamed,31.450226416197374,41.890566087181476,miscellaneous
7838,Unnamed,33.7636888015834,44.445029812494106,miscellaneous
7839,Unnamed,33.741606616940025,44.308461635159205,miscellaneous
7840,Unnamed,33.67799980930491,43.86313736023356,miscellaneous
7841,Unnamed,33.4927681522239,43.66521074996454,miscellaneous
7842,Unnamed,33.70334015358122,44.06545385364896,miscellaneous
7843,Unnamed,32.04736806657591,44.86147444906036,miscellaneous
7844,Unnamed,28.233675119882356,68.4677071709876,school
7845,Unnamed,28.03421626511085,67.96554126328145,school
7846,Unnamed,27.59100015518403,68.75453563625061,miscellaneous
7847,Unnamed,28.56440808554785,66.43891820710385,miscellaneous
7848,Unnamed,30.18043866864135,67.74687537991915,miscellaneous
7849,Unnamed,31.183379738574107,67.37375127759712,miscellaneous
7850,Unnamed,31.899536266381094,67.6163037957174,miscellaneous
7851,Unnamed,32.13455321938062,67.32000371968357,miscellaneous
7852,Unnamed,31.5667288323085,66.6574125940543,miscellaneous
7853,Unnamed,31.75043523691718,66.9794215631353,miscellaneous
7854,Unnamed,74.44917530932742,65.26203292807526,miscellaneous
7855,Unnamed,29.478806385728635,66.41031966735262,miscellaneous
7856,Unnamed,74.39109465761264,65.35455382267045,miscellaneous
7857,Unnamed,29.38948422685112,69.55087568597263,miscellaneous
7858,Unnamed,30.592237992168563,70.6210759373566,miscellaneous
7859,Unnamed,74.83188726660754,65.12434683221478,miscellaneous
7860,Unnamed,30.99339023621908,71.39105119028079,miscellaneous
7861,Unnamed,74.83592402288161,65.01075821250927,miscellaneous
7862,Unnamed,30.33052470816513,70.41929471178778,miscellaneous
7863,Unnamed,74.94190381845354,64.7872709821851,miscellaneous
7864,Unnamed,75.03127238241359,64.82792073579832,miscellaneous
7865,Unnamed,29.81508438865449,69.68087371548678,miscellaneous
7866,Unnamed,75.05672857792304,64.664286917267,miscellaneous
7867,Unnamed,30.701988604027243,69.282018904974,miscellaneous
7868,Unnamed,75.13576209904798,64.69639724189541,miscellaneous
7869,Unnamed,32.32542853203204,69.04570037769486,miscellaneous
7870,Unnamed,75.82637922616561,64.9079788182552,miscellaneous
7871,Unnamed,34.07004988770615,70.57837610295728,miscellaneous
7872,Unnamed,75.84369297928524,64.8246967448574,miscellaneous
7873,Unnamed,34.6836916770931,70.29172440224932,miscellaneous
7874,Unnamed,75.85666429015953,64.75672508285075,miscellaneous
7875,Unnamed,34.57835116913046,70.24479888361618,miscellaneous
7876,Unnamed,75.88818558534253,64.68342882225919,miscellaneous
7877,Unnamed,34.95901874423421,70.50014577212033,miscellaneous
7878,Unnamed,75.92205551998934,64.59708049857772,miscellaneous
7879,Unnamed,35.160165630315255,66.45890045238248,miscellaneous
7880,Unnamed,75.95476946780369,64.47918406923542,miscellaneous
7881,Unnamed,76.02562794077956,64.87421488763266,miscellaneous
7882,Unnamed,76.06077571297264,64.77536906685572,miscellaneous
7883,Unnamed,76.71925253004603,65.43807465288816,miscellaneous
7884,Unnamed,77.0536444059593,65.52390219566658,miscellaneous
7885,Unnamed,77.49610990598245,66.00425268982552,miscellaneous
7886,Unnamed,77.53739885375352,65.92750665312998,miscellaneous
7887,Unnamed,77.57683967137719,66.07466042399481,miscellaneous
7888,Unnamed,77.0685573699018,66.38896259388981,miscellaneous
7889,Unnamed,77.22924233895286,66.32917964693412,miscellaneous
7890,Unnamed,73.21289324408164,62.545738049145285,miscellaneous
7891,Unnamed,73.25916575769273,62.45625629465466,miscellaneous
7892,Unnamed,73.32753534217169,62.49111445240258,miscellaneous
7893,Unnamed,73.24552632272979,62.79109381500428,miscellaneous
7894,Unnamed,73.89440061407272,62.799417431704185,miscellaneous
7895,Unnamed,73.89236861661334,62.85909485488158,miscellaneous
7896,Unnamed,73.92213948974312,62.97764936728206,miscellaneous
7897,Unnamed,74.27223874598876,62.93055210806521,miscellaneous
7898,Unnamed,74.4447338272607,62.86094977905103,miscellaneous
7899,Unnamed,74.45349282462003,62.37032014177606,miscellaneous
7900,Unnamed,74.87237443241311,62.610352768527314,miscellaneous
7901,Unnamed,74.90557442013814,62.52837502572747,miscellaneous
7902,Unnamed,74.81485960025238,62.7069063225791,miscellaneous
7903,Unnamed,75.7751458152673,62.48145175111443,miscellaneous
7904,Unnamed,75.80297689026058,62.44781616664501,miscellaneous
7905,Unnamed,75.71595114184545,62.867747018223376,miscellaneous
7906,Unnamed,75.70845049714232,62.525453740397374,miscellaneous
7907,Unnamed,75.63029899958565,62.62943417487451,miscellaneous
7908,Unnamed,75.62781857557223,62.3611479636106,miscellaneous
7909,Unnamed,75.57711770765921,62.787518039672484,miscellaneous
7910,Unnamed,75.52984182646964,62.86406176806918,miscellaneous
7911,Unnamed,75.47609658232412,62.916385632082275,miscellaneous
7912,Unnamed,75.43981136309831,62.97188927458636,miscellaneous
7913,Unnamed,75.40955407432614,63.01684936792186,miscellaneous
7914,Unnamed,75.38241384116861,63.05094743746249,miscellaneous
7915,Unnamed,75.69013922933333,62.66104543176638,miscellaneous
7916,Unnamed,58.327858009283894,37.54708864645438,miscellaneous
7917,Unnamed,75.67955648530668,62.56485158377738,miscellaneous
7918,Unnamed,59.57548894493565,37.2768420364885,miscellaneous
7919,Unnamed,73.42968919961854,63.625813835844156,miscellaneous
7920,Unnamed,59.49204016424967,38.40759521867284,miscellaneous
7921,Unnamed,73.30483078430177,63.49822286137075,miscellaneous
7922,Unnamed,58.568380052552726,38.43261341962106,miscellaneous
7923,Unnamed,57.67230860418036,37.10227624869558,miscellaneous
7924,Unnamed,73.88228605382355,63.96851851916466,miscellaneous
7925,Unnamed,59.20206309267883,37.20767776827764,miscellaneous
7926,Unnamed,73.44645666266413,63.42654266453107,miscellaneous
7927,Unnamed,73.62259958674197,63.42502901667929,miscellaneous
7928,Unnamed,73.68735185276812,63.46508512109007,miscellaneous
7929,Unnamed,73.8072965546836,63.7110490752154,miscellaneous
7930,Unnamed,74.31337651424904,63.27551158214937,miscellaneous
7931,Unnamed,74.17212175793429,63.910753119667596,miscellaneous
7932,Unnamed,74.4048920163332,64.0363807895308,miscellaneous
7933,Unnamed,74.4257182174681,64.4578736366568,miscellaneous
7934,Unnamed,73.28180252417378,64.18272616789605,miscellaneous
7935,Unnamed,73.72055331431766,64.51422574167516,miscellaneous
7936,Unnamed,73.44688121363133,65.26078652523721,miscellaneous
7937,Unnamed,73.10964559390098,65.25685374634071,miscellaneous
7938,Unnamed,73.56055056708287,65.64080579404744,miscellaneous
7939,Unnamed,73.60203554609232,65.78196077626,miscellaneous
7940,Unnamed,73.51240444551875,65.69949323715927,miscellaneous
7941,Unnamed,74.28813185735501,65.46347422806191,miscellaneous
7942,Unnamed,74.3019544190716,65.43325438708729,miscellaneous
7943,Unnamed,74.31355881793982,65.41302955889498,miscellaneous
7944,Unnamed,74.39160278244171,65.60361493336437,miscellaneous
7945,Unnamed,74.78455191914709,64.95040472235911,miscellaneous
7946,Unnamed,75.35380923370614,65.26471561334507,miscellaneous
7947,Unnamed,75.45914974162473,65.3147531209934,miscellaneous
7948,Unnamed,75.3898528953452,65.16988184269275,miscellaneous
7949,Unnamed,73.65169575740457,63.09443084997356,miscellaneous
7950,Unnamed,73.56755129617197,63.00785291560841,miscellaneous
7951,Unnamed,73.42256658778314,62.997795401464195,miscellaneous
7952,Unnamed,73.49287845216669,62.99093189589149,miscellaneous
7953,Unnamed,52.642736775870034,61.359660760435474,miscellaneous
7954,Unnamed,51.700714955056995,65.18574413514474,miscellaneous
7955,Unnamed,51.70707432436146,64.92493554906922,miscellaneous
7956,Unnamed,51.26563636051051,64.76818957582044,miscellaneous
7957,Unnamed,50.91782093318894,64.81562502671186,miscellaneous
7958,Unnamed,51.92053540992399,65.6420573715036,miscellaneous
7959,Unnamed,51.27222498688564,65.8561573159563,miscellaneous
7960,Unnamed,52.70963071136041,66.7994994611351,miscellaneous
7961,Unnamed,52.22470781380816,66.55807462877392,miscellaneous
7962,Unnamed,52.08549401521269,66.50689059884472,miscellaneous
7963,Unnamed,51.77510532209825,66.91970846309081,miscellaneous
7964,Unnamed,51.43066207170621,66.71850585217982,miscellaneous
7965,Unnamed,52.02619764886946,67.0693953307491,miscellaneous
7966,Unnamed,52.41570046400855,67.26220309167826,miscellaneous
7967,Unnamed,44.45408192536451,65.9183152019051,miscellaneous
7968,Unnamed,45.98455214370138,66.75797143337492,miscellaneous
7969,LB fashion shoppe,51.5103972493298,82.53695708205915,commercial
7970,Unnamed,49.90902369650787,81.75330907143426,miscellaneous
7971,Unnamed,50.35990362960996,84.2773410187513,miscellaneous
7972,Unnamed,63.01076819034487,48.913290368039014,miscellaneous
7973,ROTC Barracks,65.7865450239984,41.17291294401683,miscellaneous
7974,Technology Hub and One Stop Shop,64.6688311213599,42.724896864555554,commercial
7975,DOST Project Construction,52.83390768965928,34.3865227041736,miscellaneous
7976,Insectory Building,55.265327915710024,30.51365344439833,miscellaneous
7977,Animal House,55.105487783140504,30.229288075184925,miscellaneous
7978,MBG Pavilion,51.721862674954025,35.07557426431373,miscellaneous
7979,ICropS Fruit Orchard Field Facility,70.5827496815033,44.68531791032848,miscellaneous
7980,Fruit Orchard/ Carport,69.42064175113207,42.49572898645657,commercial
7981,ICropS Fruit Crops Division,66.74054936453759,44.97184323203191,miscellaneous
7982,Unnamed,94.5180303573307,31.01244468030146,miscellaneous
7983,Unnamed,94.13709600362314,31.018505773879525,miscellaneous
7984,Unnamed,93.73824294163757,31.011174886705124,miscellaneous
7985,Unnamed,93.36463318404398,31.019815180609868,miscellaneous
7986,Unnamed,92.96443226966386,31.008759430144345,miscellaneous
7987,Unnamed,92.58849300289212,31.00016051312369,miscellaneous
7988,Unnamed,94.0775834883668,31.826177233545078,miscellaneous
7989,Unnamed,93.15694472027202,31.80359961497276,miscellaneous
7990,Unnamed,92.62980756554316,31.78675668505081,miscellaneous
7991,Unnamed,92.45885635609575,29.885884810694247,miscellaneous
7992,Unnamed,93.25406012865386,29.876067726038887,miscellaneous
7993,Unnamed,94.02148439679185,29.86799794727837,miscellaneous
7994,Unnamed,91.85529516267353,28.430640316310203,miscellaneous
7995,Unnamed,91.42672439852159,28.446773522542767,miscellaneous
7996,Quarantine Glasshouses,92.09930687652964,27.375757933116258,commercial
7997,Soil Sterilization Building,92.30556932052846,30.940096463876436,miscellaneous
7998,Administration Office,90.11914843921886,28.85040074732502,miscellaneous
7999,Department of Plant Pathology/Entomology,60.51396295832656,50.027754225031394,school
8000,Greenhouses,70.62245905198643,39.8460327621656,special
8001,Unnamed,97.32441466734511,60.05463374687016,miscellaneous
8002,Unnamed,98.63312157553744,59.54623420464921,residential
8003,Unnamed,98.59947619046463,59.77135985248546,residential
8004,Unnamed,98.623714751666,59.401079471807336,residential
8005,Unnamed,99.36737776336196,58.2697706861417,residential
8006,Unnamed,99.06868879008523,57.78108952032909,residential
8007,Unnamed,90.84101880392973,70.83316362664252,miscellaneous
8008,Unnamed,90.53413314423373,70.39969176278163,miscellaneous
8009,Unnamed,90.92398213915645,70.50929190313295,miscellaneous
8010,Unnamed,91.14572675555148,70.20020252076166,miscellaneous
8011,Unnamed,91.0486254535553,69.98286558247217,miscellaneous
8012,Unnamed,91.23810392570897,69.98431269991198,miscellaneous
8013,Unnamed,90.91158461594844,70.16085535709175,miscellaneous
8014,Unnamed,90.89280054226909,69.90767527580424,miscellaneous
8015,Unnamed,90.45199067384834,69.57301186834883,miscellaneous
8016,Unnamed,89.46713580187617,69.68191151172488,miscellaneous
8017,Unnamed,89.1713516109005,69.5993686028947,miscellaneous
8018,Unnamed,89.41799109857101,68.74494772691088,miscellaneous
8019,Unnamed,91.21587527125455,69.74964310741211,miscellaneous
8020,Unnamed,90.99921381919465,69.2724448107567,miscellaneous
8021,Unnamed,91.4738635943024,70.23493182889794,miscellaneous
8022,Unnamed,92.27285904527972,70.05242882553472,miscellaneous
8023,Unnamed,92.1779123708109,69.78186071775337,miscellaneous
8024,Unnamed,90.90721026875896,69.51138526672112,miscellaneous
8025,Unnamed,90.42124635306189,68.74289772218718,miscellaneous
8026,Unnamed,89.32036252187491,67.27511554879743,miscellaneous
8027,Unnamed,89.08997597006685,67.1860739547562,miscellaneous
8028,Unnamed,88.08621333815675,67.06434610558843,miscellaneous
8029,Unnamed,89.66339895193353,67.87515047163022,miscellaneous
8030,Unnamed,89.6589270377558,67.4584123653263,miscellaneous
8031,Unnamed,90.34469826350366,67.06020642817217,miscellaneous
8032,Unnamed,91.81408804660721,67.37440808517917,miscellaneous
8033,Unnamed,91.01295866529196,71.31696099531193,miscellaneous
8034,Unnamed,90.85255495605881,71.24725491227181,miscellaneous
8035,Unnamed,91.2086841571472,71.40526082328114,miscellaneous
8036,Unnamed,91.8442670418316,70.87665463810941,miscellaneous
8037,Unnamed,91.83060091088151,71.08529345809335,miscellaneous
8038,Unnamed,91.76530227846736,71.49933993075409,miscellaneous
8039,Unnamed,91.81483324573166,71.30344841141027,miscellaneous
8040,Unnamed,92.73557196873247,69.8564003237318,miscellaneous
8041,Unnamed,92.78774669714663,69.72430856177715,miscellaneous
8042,Unnamed,92.75207810349839,69.56157039258699,miscellaneous
8043,Unnamed,92.83345994074418,69.32751509232195,miscellaneous
8044,Unnamed,92.02946743743796,70.017378001841,miscellaneous
8045,Unnamed,91.81717017600249,70.28235895443356,miscellaneous
8046,Unnamed,91.66957341357322,70.27010426801422,miscellaneous
8047,Unnamed,92.09176183234288,70.48706617160944,miscellaneous
8048,Unnamed,92.36262463410715,70.35163702056009,miscellaneous
8049,Unnamed,92.28775058790927,70.5402322269055,miscellaneous
8050,Unnamed,91.90697515587901,70.3756756677277,miscellaneous
8051,Unnamed,91.45590254983776,70.82485777550109,miscellaneous
8052,Unnamed,89.80196914664226,70.86449417074881,miscellaneous
8053,Unnamed,92.01269026522453,69.62702059867757,miscellaneous
8054,Unnamed,90.54370163173186,67.77040559684797,miscellaneous
8055,Unnamed,90.05508852057703,67.49634871957306,miscellaneous
8056,Unnamed,91.93587691463978,67.97269522533269,miscellaneous
8057,Unnamed,90.9286801181722,65.87003419478876,residential
8058,Unnamed,91.50349882715464,62.53712654234514,miscellaneous
8059,Unnamed,89.41196131571922,61.12104623648682,miscellaneous
8060,Unnamed,87.81789186443719,64.50613283756451,miscellaneous
8061,Unnamed,87.03229577928889,66.55629147463223,miscellaneous
8062,Unnamed,86.8176325389927,66.1432505420678,miscellaneous
8063,Unnamed,86.99586423358306,66.06010333178875,miscellaneous
8064,Unnamed,87.21579208927724,66.48429874595567,miscellaneous
8065,Unnamed,86.16566752086044,66.65405492169548,miscellaneous
8066,Unnamed,86.19760298020385,66.48404204788282,miscellaneous
8067,Unnamed,86.25069833022225,66.240495227366,miscellaneous
8068,Unnamed,88.48735027050596,68.01380113171298,miscellaneous
8069,Unnamed,88.81037367422887,67.87955983971274,miscellaneous
8070,Unnamed,89.84910809153871,68.30255823606142,miscellaneous
8071,Unnamed,90.46949474261189,68.46682186007688,miscellaneous
8072,Unnamed,85.14967098396708,67.32182679119727,miscellaneous
8073,Unnamed,85.07502696419216,67.53677219362481,miscellaneous
8074,Unnamed,85.26713391654908,67.3266540221655,miscellaneous
8075,Unnamed,84.56773185376107,67.41493623698327,miscellaneous
8076,Unnamed,83.99740708542758,67.56976755260959,miscellaneous
8077,Unnamed,84.30117555058399,67.71168776058374,miscellaneous
8078,Unnamed,84.57904878838009,67.73154017250187,miscellaneous
8079,Unnamed,84.86951926048033,67.70361722348012,miscellaneous
8080,Unnamed,84.66113532111234,68.03684267421424,miscellaneous
8081,Unnamed,85.0204092389407,67.8950833849288,miscellaneous
8082,Unnamed,83.69004931395705,68.46621526447186,miscellaneous
8083,Unnamed,84.00648641758103,68.21005413931285,miscellaneous
8084,Unnamed,83.82073665493206,68.1181638609649,miscellaneous
8085,Unnamed,83.77894747027487,68.29647924114839,miscellaneous
8086,Unnamed,85.18372965858588,67.54973449819869,miscellaneous
8087,Unnamed,84.89357055676795,67.47361222447563,miscellaneous
8088,Unnamed,85.22088095715834,67.09583502526641,miscellaneous
8089,Unnamed,84.53845501154402,67.10234986346507,miscellaneous
8090,Unnamed,63.80319307390712,34.00285684839658,miscellaneous
8091,Unnamed,63.98788622916859,33.7462451395669,miscellaneous
8092,Unnamed,63.99641268678905,33.41490020342858,miscellaneous
8093,Unnamed,64.10069451062851,33.61342112118627,miscellaneous
8094,Unnamed,63.407234466788275,33.828549059692016,miscellaneous
8095,Unnamed,63.6013237912004,33.625888866354416,miscellaneous
8096,Unnamed,63.7873596631952,33.65842689163355,miscellaneous
8097,Unnamed,63.68563824208091,33.31472216095105,miscellaneous
8098,Unnamed,63.9123318272336,33.83093586384525,miscellaneous
8099,Unnamed,55.11822846069311,52.99248990186657,commercial
8100,Unnamed,55.565051643283795,53.25160184659023,miscellaneous
8101,Scholar's Dormitory UPLB,61.7191189747271,39.60560876038552,residential
8102,Unnamed,62.056851583924335,39.99464179147004,miscellaneous
8103,YMCA Plaza,62.92026772264534,40.0273974394987,residential
8104,Unit 3,61.041582238460556,40.412667574090435,residential
8105,Lobby,61.14749066355384,40.89595801763044,miscellaneous
8106,Unnamed,60.87284459423141,40.813189081702696,miscellaneous
8107,Unnamed,61.28016846478504,40.93404948763208,miscellaneous
8108,UP Presidential Guest House,59.706018826954434,43.25376234851895,residential
8109,Unnamed,68.33894629902933,43.47342381248301,miscellaneous
8110,Unnamed,62.76383840273563,44.58659744123491,miscellaneous
8111,Unnamed,62.83969916242068,44.21025228186645,miscellaneous
8112,Unnamed,62.360883092948626,45.523076217525244,commercial
8113,Unnamed,77.88550244118252,45.42958713810145,miscellaneous
8114,Unnamed,77.88291158376501,45.30024142483276,miscellaneous
8115,Unnamed,63.52022519890503,37.042416303521854,miscellaneous
8116,Unnamed,64.11857357016562,36.457934097895475,miscellaneous
8117,Unnamed,65.11852862860718,33.9422972638067,commercial
8118,ICropS Landscaping Equipment Yard,66.9743444945748,46.46432222567826,commercial
8119,ICropS Landscaping Building 1,66.67959126169491,46.3169777166772,miscellaneous
8120,Quarantine Glasshouses,92.46757233152226,27.37583982755928,commercial
8121,Quarantine Glasshouses,92.8376588437097,27.388652032304883,commercial
8122,Unnamed,49.82637582526584,79.38034389626957,residential
8123,Unnamed,50.75973272471833,81.69146722794173,residential
8124,Unnamed,50.51849336219208,81.72254799092092,residential
8125,Unnamed,50.643921299523974,81.8382299583092,residential
8126,Unnamed,51.10215012050675,82.08075097102251,residential
8127,Unnamed,51.044666973931555,81.87040851199724,residential
8128,Unnamed,51.67214826959975,81.9174925104398,residential
8129,Unnamed,49.85008683015024,82.32253055976282,residential
8130,Clann's Dormitory,50.49262835384087,83.03193932321989,residential
8131,Unnamed,50.433041281711354,83.23586402884526,residential
8132,Unnamed,50.74889760361736,82.81585984204618,residential
8133,Unnamed,51.27473756842391,83.10213697834166,residential
8134,Unnamed,51.15364934696361,83.04354930799967,residential
8135,Unnamed,51.80904359220138,82.85312202204149,residential
8136,Unnamed,51.56109579975683,82.75509422580598,residential
8137,Unnamed,51.037098920775314,81.40951847985895,residential
8138,Unnamed,51.21449384287352,81.49029070371171,residential
8139,Unnamed,50.81671662717193,81.37964764490091,residential
8140,Unnamed,51.49756771160895,81.42180059997067,residential
8141,Unnamed,50.487593001924445,80.74818898725418,residential
8142,Unnamed,50.87620636046201,80.71123912142919,residential
8143,Unnamed,51.14942289637439,80.8502829216554,residential
8144,Unnamed,51.12511295350283,81.00234450083241,residential
8145,Unnamed,50.05226523057743,80.40236665865709,residential
8146,Unnamed,14.687887278201774,65.79831097315277,miscellaneous
8147,Unnamed,14.438974322373799,66.09725343527397,miscellaneous
8148,Unnamed,14.191821959704306,65.92421675882139,miscellaneous
8149,Unnamed,12.720655083851506,61.4925562213126,miscellaneous
8150,Splash Hotel,14.530944064906985,60.24024555231707,miscellaneous
8151,Unnamed,54.008073876654336,79.37148460485042,miscellaneous
8152,Unnamed,53.14038549178194,78.85558199608754,miscellaneous
8153,Unnamed,52.6637371036233,78.40852671622184,miscellaneous
8154,Barangay Mayondon Health Center,58.24408508577209,85.03427050989798,miscellaneous
8155,Covered Court,33.16011038054748,66.02883913824812,miscellaneous
8156,Unnamed,33.46681115135096,66.71219997968888,miscellaneous
8157,Bureau of Fisheries and Aquatic Resources,25.71094569695191,69.68070774058978,special
8158,Unnamed,5.759533725270888,74.10207598956018,residential
8159,Unnamed,79.20340199107014,24.609361633487005,residential
8160,Unnamed,71.13310901907272,74.13625961875238,residential
8161,Unnamed,73.32467315985153,74.1656746283902,residential
8162,Unnamed,57.11054608031173,71.63852625118912,residential
8163,Unnamed,57.019522487374076,71.74559653553581,residential
8164,Unnamed,57.2231497974465,71.78654375947917,residential
8165,Unnamed,56.68218481947906,72.74339848855381,residential
8166,Unnamed,56.702415777994055,72.43727704236468,residential
8167,Unnamed,56.798655767027995,72.48310850431238,residential
8168,Unnamed,56.82411158187086,72.64103042870123,residential
8169,Unnamed,56.96110672719497,72.67848302743057,residential
8170,Unnamed,56.89302086189693,72.52940829623434,residential
8171,Unnamed,56.7468006781225,72.30148658052563,residential
8172,Unnamed,56.84186211632838,72.33507277140686,residential
8173,Unnamed,56.84193962955264,72.19527894887324,residential
8174,Unnamed,56.92431811711756,72.0912498240019,residential
8175,Unnamed,57.02167617633217,72.57088273587696,residential
8176,Unnamed,56.987819567747486,72.42572992520901,residential
8177,Unnamed,57.1095153716243,72.46331947679063,residential
8178,Unnamed,57.02532632380226,72.31293280838285,residential
8179,Unnamed,57.05406044679564,72.16536269477496,residential
8180,Unnamed,57.18329629039016,72.05297909938537,residential
8181,Unnamed,57.035496843792465,72.01843668127553,residential
8182,Unnamed,57.01411349068708,71.89068074415229,residential
8183,Unnamed,56.79628432482306,71.81979290531876,residential
8184,Unnamed,57.22539768169902,71.92633758201569,residential
8185,Unnamed,57.28833844143041,71.6175136190468,residential
8186,ICropS Landscaping Building 2,66.18922711125576,46.04871561911217,miscellaneous
8187,Unnamed,71.80202046077714,40.99258532966715,miscellaneous
8188,Unnamed,71.61623937183954,40.900109765100794,miscellaneous
8189,Unnamed,78.21645110232751,48.22010606969166,miscellaneous
8190,Unnamed,53.075548077521816,48.638760746726035,miscellaneous
8191,Unnamed,52.4657776647503,48.37665849434712,miscellaneous
8192,Unnamed,52.01003240731639,48.09756468934403,miscellaneous
8193,Unnamed,52.09797364861417,47.94158305243318,miscellaneous
8194,Unnamed,51.82551457171791,47.874429605172,miscellaneous
8195,Unnamed,51.496836100203936,47.73173252277893,miscellaneous
8196,Unnamed,50.941475945277624,47.24548024542217,miscellaneous
8197,Unnamed,51.13533940570461,47.15856217276313,miscellaneous
8198,Unnamed,50.40547156460686,48.14767249516316,miscellaneous
8199,Unnamed,50.737717075455755,48.318383542900904,miscellaneous
8200,Unnamed,50.99878106507083,48.388502263554656,miscellaneous
8201,Unnamed,51.22346915206219,48.57266166782669,miscellaneous
8202,Unnamed,51.91556146519552,48.39405715712892,miscellaneous
8203,Unnamed,51.5788674074219,49.09973433440533,miscellaneous
8204,Unnamed,53.38045458665185,49.57946805061924,miscellaneous
8205,Unnamed,53.23865864871649,49.79616471922043,miscellaneous
8206,Unnamed,52.979325052329294,49.87732513898533,miscellaneous
8207,Unnamed,52.281292486947336,48.97230657350124,miscellaneous
8208,Unnamed,52.05988947630058,48.88991427039887,miscellaneous
8209,Unnamed,54.237001686784744,49.44311468777344,miscellaneous
8210,Unnamed,54.42505268091641,50.0091125891388,miscellaneous
8211,Unnamed,54.36159311440536,50.40636025040096,miscellaneous
8212,Unnamed,54.07655657680592,52.11216967858848,miscellaneous
8213,Unnamed,53.20238244725045,52.33259955908037,miscellaneous
8214,Unnamed,56.166024081844036,51.73370546170316,miscellaneous
8215,Unnamed,55.905122568123524,52.0503927441912,miscellaneous
8216,Unnamed,55.72396601197872,52.18194107312465,miscellaneous
8217,Unnamed,68.15712009425695,43.04283074548566,miscellaneous
8218,Unnamed,68.32110949368096,43.0944144710774,miscellaneous
8219,Unnamed,68.48700425610599,43.217637218216446,miscellaneous
8220,Unnamed,1.7881816697520765,56.682817133231026,miscellaneous
8221,Unnamed,63.08298495330256,64.70500014074243,miscellaneous
8222,Unnamed,64.27382054004983,64.66904827317093,miscellaneous
8223,Unnamed,64.14027728042619,63.60692630482434,miscellaneous
8224,Unnamed,64.25472223363147,63.654039515861896,miscellaneous
8225,Unnamed,63.44816146320787,64.60055164100092,miscellaneous
8226,Unnamed,63.51886593193261,64.52165405773161,miscellaneous
8227,Unnamed,63.53406471851479,64.46785018525742,miscellaneous
8228,Unnamed,63.553656997663076,64.40359549384253,miscellaneous
8229,Unnamed,63.30096379976003,64.29762407828167,miscellaneous
8230,Unnamed,63.2357648972755,64.49805884028599,miscellaneous
8231,Unnamed,62.541101401298086,64.33660583547031,miscellaneous
8232,Unnamed,2.146419430419416,54.114950322827745,miscellaneous
8233,Unnamed,2.1946326724747856,54.23386106115712,miscellaneous
8234,Unnamed,1.9128720054290937,53.81194086565384,miscellaneous
8235,Unnamed,3.5577392834799513,57.18344473181162,miscellaneous
8236,Unnamed,3.1467224441780366,55.74483459257633,miscellaneous
8237,Unnamed,1.7272865744215125,57.20220141942042,miscellaneous
8238,Unnamed,1.6257891726930134,57.535051099072064,miscellaneous
8239,Unnamed,2.170804826082189,57.385588013947185,miscellaneous
8240,Unnamed,2.1292114887079503,57.10311493721997,miscellaneous
8241,Unnamed,1.5516744205934,56.31498841050389,miscellaneous
8242,Unnamed,2.0060076698422127,56.09037858882451,miscellaneous
8243,Unnamed,0.6425848498658976,55.4108480661474,miscellaneous
8244,Unnamed,0.9300909108965623,55.641571000619884,miscellaneous
8245,Unnamed,0.8923325442557828,56.24535249008501,miscellaneous
8246,Unnamed,2.489305646523973,54.379937259314815,miscellaneous
8247,Unnamed,2.2979578359017445,54.513284917338304,miscellaneous
8248,Unnamed,1.8644948719255678,54.71438931824589,miscellaneous
8249,Unnamed,2.186112360640158,55.111552504814355,miscellaneous
8250,Unnamed,2.856076960204195,55.098966129775874,miscellaneous
8251,Unnamed,2.919585815844471,55.298001495710594,miscellaneous
8252,Unnamed,2.6731994834789106,55.634256119973045,miscellaneous
8253,Unnamed,2.8469841919458188,55.87330601334985,miscellaneous
8254,Unnamed,2.0558839534011155,55.69256496686704,miscellaneous
8255,Unnamed,2.2282734233467103,56.46589423823903,miscellaneous
8256,Unnamed,3.6992423855352494,57.5787578905287,miscellaneous
8257,Unnamed,0.7842015592725446,57.82362228970048,miscellaneous
8258,Unnamed,2.0603797219061493,57.948593217177155,miscellaneous
8259,Unnamed,2.0937198217221233,58.190627839124566,miscellaneous
8260,Unnamed,1.892997947488246,58.09694421211877,miscellaneous
8261,Unnamed,1.3591173410970594,58.201728955580045,miscellaneous
8262,Unnamed,1.1819995628194435,58.31646307706507,miscellaneous
8263,Unnamed,1.1637839488841981,58.10804170720859,miscellaneous
8264,Unnamed,2.6778373679994667,57.72179321341151,miscellaneous
8265,Unnamed,2.8599971944577125,57.68805069736184,miscellaneous
8266,Max's Fried Chicken,3.18269616404429,58.2287625193463,commercial
8267,Bargain Tile Center,3.0044591071419973,58.26817178562581,miscellaneous
8268,Unnamed,65.24925936090192,62.333221956887485,miscellaneous
8269,Unnamed,67.32723459072895,68.51608898323414,miscellaneous
8270,Unnamed,66.06307870638489,68.68099182906421,miscellaneous
8271,Unnamed,66.25972209948495,68.4326385408369,miscellaneous
8272,Unnamed,67.31010416230782,67.33386073357913,miscellaneous
8273,Unnamed,67.28019622504141,67.41621483449461,miscellaneous
8274,Unnamed,67.37631216585416,67.50932935266559,miscellaneous
8275,Unnamed,67.19732599763508,67.33759751032184,miscellaneous
8276,Unnamed,67.17058031070519,67.6659427197483,miscellaneous
8277,Unnamed,66.59338764864731,67.03240324516503,miscellaneous
8278,Unnamed,66.81904350345653,66.98936122845491,miscellaneous
8279,Unnamed,67.76340165352384,66.59623744148578,miscellaneous
8280,Unnamed,67.58282464146248,66.53097184985123,miscellaneous
8281,Unnamed,66.92241395946525,66.07263100630196,miscellaneous
8282,Unnamed,67.17231415390157,66.14263903778526,miscellaneous
8283,Unnamed,67.08593584071323,66.26996996111741,miscellaneous
8284,Unnamed,67.59930610139376,66.10814653209869,miscellaneous
8285,Unnamed,67.7115741754258,66.2121568299797,miscellaneous
8286,Unnamed,67.83998474541714,66.2969132344719,miscellaneous
8287,Unnamed,67.51826885629704,66.26278128319002,miscellaneous
8288,Unnamed,67.65494480347334,66.33936516299109,miscellaneous
8289,Unnamed,67.43024970119278,66.05450566873627,miscellaneous
8290,Unnamed,67.40417805345506,64.98840181176794,miscellaneous
8291,Unnamed,67.278917114854,65.20509527623676,miscellaneous
8292,Unnamed,67.54109364995033,65.01026956376073,miscellaneous
8293,Unnamed,67.5107084556208,65.20010089396304,miscellaneous
8294,Unnamed,67.46187510752902,65.32998548830328,miscellaneous
8295,Unnamed,67.61997732320356,65.40363407276935,miscellaneous
8296,Unnamed,67.27230372395768,65.3034519348388,miscellaneous
8297,Unnamed,67.22817265609018,65.38665644623501,miscellaneous
8298,Unnamed,67.15524163846247,65.46139599066903,miscellaneous
8299,Unnamed,67.40359781906508,65.44116873154906,miscellaneous
8300,Unnamed,67.5572164061697,65.49876994539203,miscellaneous
8301,Unnamed,67.37159139709534,65.59412763529069,miscellaneous
8302,Unnamed,67.42350604839118,65.8440369376704,miscellaneous
8303,Unnamed,67.3560695200446,66.60680182526117,miscellaneous
8304,Unnamed,67.47977490155336,66.63918119904856,miscellaneous
8305,Unnamed,67.57251603939012,66.6810119789799,miscellaneous
8306,Unnamed,67.21935946111988,66.53911990341152,miscellaneous
8307,Unnamed,67.11177675850311,66.48798869276813,miscellaneous
8308,Unnamed,67.03175407831912,66.61499127004345,miscellaneous
8309,Unnamed,67.0253946335599,66.44762898583677,miscellaneous
8310,Unnamed,66.6541095200189,66.68820490646358,miscellaneous
8311,Unnamed,67.16349725265886,66.98128707713714,miscellaneous
8312,Unnamed,67.05185994017711,67.10145554206079,miscellaneous
8313,Unnamed,66.94687706861035,67.05558339966427,miscellaneous
8314,Unnamed,66.61592218045274,66.91562668661784,miscellaneous
8315,Unnamed,66.64680236658126,67.17795903002025,miscellaneous
8316,Unnamed,67.07915879865642,67.32822237834101,miscellaneous
8317,Unnamed,66.93238516986685,67.7917030915284,miscellaneous
8318,Unnamed,60.999270717392584,70.35299315520285,miscellaneous
8319,Unnamed,62.29546253819923,71.44491239166925,miscellaneous
8320,Unnamed,62.39948469189144,71.21492051324599,miscellaneous
8321,Unnamed,63.22668683899691,70.69701883543058,miscellaneous
8322,Unnamed,63.41655015781572,70.30201768924687,commercial
8323,Unnamed,63.93456001338376,70.67235791329215,miscellaneous
8324,Unnamed,63.66668979988097,70.59762126207812,miscellaneous
8325,Unnamed,63.51580013249255,70.51729829122716,miscellaneous
8326,Unnamed,63.49571262588406,70.6859787013989,miscellaneous
8327,Unnamed,63.4628533756156,70.89329938217092,miscellaneous
8328,Unnamed,63.44090369909456,71.03840668140715,miscellaneous
8329,Unnamed,63.43123342563989,71.12284207125461,miscellaneous
8330,Unnamed,63.56624819739181,71.3395608472271,miscellaneous
8331,Unnamed,63.39259282688925,71.35949406463567,miscellaneous
8332,Unnamed,63.441553194710345,71.25011078576678,miscellaneous
8333,Unnamed,66.48390225080189,69.97278834871355,miscellaneous
8334,Unnamed,66.27483718339239,70.31301695870648,miscellaneous
8335,Unnamed,66.31907658173397,70.17068161725156,miscellaneous
8336,Unnamed,66.45001713042468,70.14865480179697,miscellaneous
8337,Unnamed,66.34203091850046,70.67617125654205,miscellaneous
8338,Unnamed,66.41831421084215,70.39450193434611,miscellaneous
8339,Unnamed,66.50565848641939,70.56630051892034,miscellaneous
8340,Unnamed,66.47896839580068,69.67676203555519,miscellaneous
8341,Unnamed,67.24246848345555,68.37582036248565,miscellaneous
8342,Unnamed,67.16585200241722,68.47899079834559,miscellaneous
8343,Unnamed,66.84141034470449,68.60980192465786,miscellaneous
8344,Unnamed,66.80075035911315,68.81954518140677,miscellaneous
8345,Unnamed,66.38554041730205,68.98247733315593,miscellaneous
8346,Unnamed,66.51396556240189,68.69854981311643,miscellaneous
8347,Unnamed,66.51265894783683,68.81750233772796,miscellaneous
8348,Unnamed,66.62965762373962,69.0492971628799,miscellaneous
8349,Unnamed,63.06168039423593,69.46401721748406,miscellaneous
8350,Unnamed,63.00056878457083,69.59134990701025,miscellaneous
8351,Unnamed,63.008090734243325,69.10752090117828,miscellaneous
8352,Unnamed,63.24926246142339,69.20817896230142,miscellaneous
8353,Unnamed,63.330452131838776,69.44364430999221,miscellaneous
8354,Unnamed,63.83534684792497,71.4234781745437,miscellaneous
8355,Unnamed,63.736079238905674,71.2101351611307,miscellaneous
8356,Unnamed,63.7376100342967,70.95510982679565,miscellaneous
8357,Unnamed,64.53285803707742,71.23891842999163,miscellaneous
8358,Unnamed,64.76485142094445,71.37051500364005,miscellaneous
8359,Unnamed,64.78689281931939,71.56313570565061,residential
8360,Unnamed,64.62907356043513,71.47840758136262,miscellaneous
8361,Unnamed,64.40868758311868,71.33016914425723,residential
8362,Unnamed,64.45648797921402,71.35908973580547,residential
8363,Unnamed,64.50088065186713,71.38510765161796,residential
8364,Unnamed,64.54561467180562,71.41141311312445,residential
8365,Unnamed,64.63967001108033,70.99601773021385,miscellaneous
8366,Unnamed,64.63499237861512,71.12925844060841,miscellaneous
8367,Unnamed,65.52489648102818,70.90650602251839,residential
8368,Unnamed,65.32248173573846,70.78677394319203,residential
8369,Unnamed,65.03627021287399,70.91293292435009,residential
8370,Unnamed,65.21028139649869,71.00515856894334,residential
8371,Unnamed,65.24379256640883,71.16764493337615,residential
8372,Unnamed,65.13947227057045,71.1168047020411,residential
8373,Unnamed,65.03337612199667,71.06565696218581,residential
8374,Unnamed,64.94014251294692,71.01883560234776,residential
8375,Unnamed,64.85606264946058,70.9741598916819,residential
8376,Unnamed,65.09790302798744,71.23823466242342,miscellaneous
8377,Unnamed,65.85209173291724,71.13692305468139,miscellaneous
8378,Unnamed,65.87745877452458,71.02461022973442,miscellaneous
8379,Unnamed,65.60287927636061,70.53120461208421,miscellaneous
8380,Unnamed,65.45645228050189,70.42766918573976,miscellaneous
8381,Unnamed,65.1575927485491,70.13275106799854,residential
8382,Unnamed,65.11454801830753,70.26453618312938,miscellaneous
8383,Unnamed,65.48130696626112,67.70508651776079,miscellaneous
8384,Unnamed,65.52288113653655,67.55260080387612,miscellaneous
8385,Unnamed,65.80988305840253,67.50659032649567,miscellaneous
8386,Unnamed,65.89992036892558,67.27912384876556,miscellaneous
8387,Unnamed,66.05942785922322,67.42738419306454,miscellaneous
8388,Unnamed,66.0781085526362,67.30765451024968,miscellaneous
8389,Unnamed,66.18848742196008,67.20561402818954,miscellaneous
8390,Unnamed,66.29266523111824,66.9133327436887,miscellaneous
8391,Unnamed,66.2289493388799,67.01013198109574,miscellaneous
8392,Unnamed,66.1690125866804,67.10089979471175,miscellaneous
8393,Unnamed,66.44147088757111,67.37000609824334,miscellaneous
8394,Unnamed,66.50312451018117,66.45395617911656,miscellaneous
8395,Unnamed,65.58551184319468,66.37725168783938,miscellaneous
8396,Unnamed,65.51338008443497,66.45664771188531,miscellaneous
8397,Unnamed,66.0480360750987,66.47238391966401,miscellaneous
8398,Unnamed,66.16872154292281,66.5826429631411,miscellaneous
8399,Unnamed,66.05671489540485,66.79737020548852,miscellaneous
8400,Unnamed,65.73227275614745,66.92889721745325,miscellaneous
8401,Unnamed,65.8597639862303,66.9493111402076,miscellaneous
8402,Unnamed,65.62333830969663,66.84814476317351,miscellaneous
8403,Unnamed,65.74999496164433,67.0622987443965,miscellaneous
8404,Unnamed,65.69906875579262,67.20569592263838,miscellaneous
8405,Unnamed,65.83699005563777,66.79381326615477,miscellaneous
8406,Unnamed,65.93086073196572,66.8221181690859,miscellaneous
8407,Unnamed,65.99811241768404,66.70141885537214,miscellaneous
8408,Unnamed,66.12368634418559,66.70204506815189,miscellaneous
8409,Unnamed,65.91890724915326,66.63977477420775,miscellaneous
8410,Unnamed,65.72402802257355,66.58329811872309,miscellaneous
8411,Unnamed,66.32119010744873,66.26227188301364,miscellaneous
8412,Unnamed,66.07127573148041,66.04790290981485,miscellaneous
8413,Unnamed,65.91913617583116,65.99862302570203,miscellaneous
8414,Unnamed,65.60733213998137,61.9200734889685,miscellaneous
8415,Unnamed,65.61202137505558,61.83456666371918,miscellaneous
8416,Unnamed,65.75096433868671,61.34476773658286,miscellaneous
8417,Unnamed,65.58962004557843,59.07161178100674,miscellaneous
8418,Unnamed,67.2349622948864,60.821383224376255,miscellaneous
8419,Unnamed,67.12891753323876,61.032230304395284,miscellaneous
8420,Unnamed,67.01873185221568,61.05141005859974,miscellaneous
8421,Unnamed,66.81033812619827,60.994976781948004,miscellaneous
8422,Unnamed,68.04485226747423,62.52600148720153,miscellaneous
8423,Unnamed,66.16135778412887,61.35753150479471,miscellaneous
8424,Unnamed,66.35605001099908,61.60338098550858,miscellaneous
8425,Unnamed,66.35603148351444,61.73343072553663,miscellaneous
8426,Unnamed,66.67178254123013,61.66553652328973,miscellaneous
8427,Unnamed,66.97381231518239,61.40768318941387,miscellaneous
8428,Unnamed,66.8844013884448,61.525824595196234,miscellaneous
8429,Unnamed,66.78749649767065,61.359913884290705,miscellaneous
8430,Unnamed,66.31134592457528,61.88697911036355,miscellaneous
8431,Unnamed,66.95360981906732,62.578530650969014,miscellaneous
8432,Unnamed,67.36095285486918,64.07364276331414,miscellaneous
8433,Unnamed,67.24948880014134,64.44061178428517,miscellaneous
8434,Unnamed,67.0115086794127,64.57161179555506,miscellaneous
8435,Unnamed,66.88347122940122,64.61521074717182,miscellaneous
8436,Unnamed,66.55067840753665,65.08961587736496,miscellaneous
8437,Unnamed,66.34544371360502,64.97221924992456,miscellaneous
8438,Unnamed,66.59098451178022,64.88586313458981,miscellaneous
8439,Unnamed,66.79607186185913,64.7924921421981,miscellaneous
8440,Unnamed,66.71886145318486,64.53463024492774,miscellaneous
8441,Unnamed,65.96667346474273,64.06186296470989,miscellaneous
8442,Unnamed,66.63579958904819,64.72317670506939,miscellaneous
8443,Unnamed,66.27444961716095,64.52283380995854,miscellaneous
8444,Unnamed,66.09301620758077,64.44866792356827,miscellaneous
8445,Unnamed,65.82588043427697,64.4086729496125,miscellaneous
8446,Unnamed,66.27219305937668,64.76248820696946,miscellaneous
8447,Unnamed,66.21034615869118,64.87612645813023,miscellaneous
8448,Unnamed,67.09446058609413,64.63578238326052,miscellaneous
8449,Unnamed,67.04474879671832,65.17559418794355,miscellaneous
8450,Unnamed,66.89664381206275,65.00390135711251,miscellaneous
8451,Unnamed,66.91343997731126,65.44258313301906,miscellaneous
8452,Unnamed,66.65721005002464,65.49238217845806,miscellaneous
8453,Unnamed,66.69126321437408,65.40923338276812,miscellaneous
8454,Unnamed,66.90545755427293,65.28068243378999,miscellaneous
8455,Unnamed,66.92834229712966,65.16123142539398,miscellaneous
8456,Unnamed,67.11986099534467,65.02545011041269,miscellaneous
8457,Unnamed,67.01905666871494,64.87544458645755,miscellaneous
8458,Unnamed,66.61822630263535,65.20907939749962,miscellaneous
8459,Unnamed,66.79487358362826,65.23040183967346,miscellaneous
8460,Unnamed,66.73433573468603,65.20010089395723,miscellaneous
8461,Unnamed,66.82300751297892,65.36490182693836,miscellaneous
8462,Unnamed,66.75960843517845,65.33306817348817,miscellaneous
8463,Unnamed,66.69622693776753,65.30125474760024,miscellaneous
8464,Unnamed,66.73324582010727,64.9395429345896,miscellaneous
8465,Unnamed,66.80143353824674,65.10976515539672,miscellaneous
8466,Unnamed,66.38276491810915,64.83158950601552,miscellaneous
8467,Unnamed,66.14031349754787,64.67546230526179,miscellaneous
8468,Unnamed,66.44506699948725,65.0590485218348,miscellaneous
8469,Unnamed,66.14406326490477,65.0568326072496,miscellaneous
8470,Unnamed,66.04570801377098,65.06366474378535,miscellaneous
8471,Unnamed,66.39510912971048,65.1915769774449,miscellaneous
8472,Unnamed,66.24802141481749,65.12292677868467,miscellaneous
8473,Unnamed,65.8010978825987,64.90729603774103,miscellaneous
8474,Unnamed,65.97819397228827,65.39238905759277,miscellaneous
8475,Unnamed,66.21911550271754,65.343013926041,miscellaneous
8476,Unnamed,65.70526981589225,65.46257259942617,miscellaneous
8477,Unnamed,66.32510969616186,65.5439987895169,miscellaneous
8478,Unnamed,66.41195812427199,65.75452630613455,miscellaneous
8479,Unnamed,66.32795801555645,65.71493388082618,miscellaneous
8480,Unnamed,66.17774118515085,65.63242544869293,miscellaneous
8481,Unnamed,66.01135393287495,65.79405676505495,miscellaneous
8482,Unnamed,64.24347671749575,66.3965014124826,miscellaneous
8483,Unnamed,64.21197703745081,66.48715403690387,miscellaneous
8484,Unnamed,63.85045523530386,65.79481837449882,miscellaneous
8485,Unnamed,63.53869694027022,65.80251645259388,miscellaneous
8486,Unnamed,63.827743852819516,65.99742523856033,miscellaneous
8487,Unnamed,64.02442370031292,66.10934097754223,miscellaneous
8488,Unnamed,63.972081096460556,66.16339371751303,miscellaneous
8489,Unnamed,62.3973918341315,66.63308994303657,miscellaneous
8490,Unnamed,62.21779363179641,67.53286424193527,miscellaneous
8491,Unnamed,62.30989298516485,67.47109938508399,miscellaneous
8492,Unnamed,61.73643634381575,67.34336048953705,miscellaneous
8493,Unnamed,61.693881569025834,67.44138814365053,miscellaneous
8494,Unnamed,61.656132615880324,67.52279122484711,miscellaneous
8495,Unnamed,61.341661356984254,67.40338911983343,miscellaneous
8496,Unnamed,61.41344578312156,67.63446553255255,miscellaneous
8497,Unnamed,61.37769373534773,67.78392877481238,miscellaneous
8498,Unnamed,61.60797528960171,67.88390439097402,miscellaneous
8499,Unnamed,63.239265782424944,68.092174286796,miscellaneous
8500,Unnamed,63.11286806434011,68.08352997872898,miscellaneous
8501,Unnamed,64.07029075709028,68.32745146569941,miscellaneous
8502,Unnamed,64.14356114671854,68.38598090569606,miscellaneous
8503,Unnamed,63.965686689770365,68.29586306708241,miscellaneous
8504,Unnamed,63.96222934310498,68.46310327545372,miscellaneous
8505,Unnamed,63.77836791198169,68.58193211932843,miscellaneous
8506,Unnamed,62.690236895991255,68.7049375800533,miscellaneous
8507,Unnamed,62.45893735534158,68.8892000877897,miscellaneous
8508,Unnamed,62.39576405587132,68.85644230864024,miscellaneous
8509,Unnamed,62.55069269030362,69.25793002545139,residential
8510,Unnamed,62.874175840360834,69.54656682095278,miscellaneous
8511,Unnamed,62.559367581453884,69.72933749594318,miscellaneous
8512,Unnamed,62.42134342866661,69.63353872460945,miscellaneous
8513,Unnamed,61.68012910983926,69.32928006968284,miscellaneous
8514,Unnamed,61.90569903111206,69.32145676399935,residential
8515,Unnamed,61.98161075632213,69.21546756815515,residential
8516,Unnamed,62.06741792511856,68.49536968791885,miscellaneous
8517,Unnamed,62.15725578285417,67.81752934278119,miscellaneous
8518,Unnamed,61.47885981111012,68.35606723206375,miscellaneous
8519,Unnamed,61.51368364346723,68.24079587265078,miscellaneous
8520,Unnamed,61.66647313375787,68.69608086205918,miscellaneous
8521,Unnamed,61.83436749446387,68.7740189148446,miscellaneous
8522,Unnamed,61.71830383898501,68.98934015774559,miscellaneous
8523,Unnamed,61.66114677507324,69.08446921174824,miscellaneous
8524,Unnamed,62.243534374374356,69.43747633494668,miscellaneous
8525,Unnamed,62.030057446988394,69.36355351798964,residential
8526,Unnamed,62.292727630612475,69.32831802114995,miscellaneous
8527,Unnamed,62.38709423871863,68.99194730477785,miscellaneous
8528,Unnamed,62.67450170606943,68.78765097240806,miscellaneous
8529,Unnamed,62.633264656620625,68.87945464849109,miscellaneous
8530,Unnamed,62.5841212555437,68.34075297030793,miscellaneous
8531,Unnamed,62.905491193711924,68.22667400441364,miscellaneous
8532,Unnamed,62.77293845494626,68.33382194303596,miscellaneous
8533,Unnamed,62.716823941054386,68.19121370847863,miscellaneous
8534,Unnamed,62.67873565043026,68.2860407286101,miscellaneous
8535,Unnamed,62.34837971944845,69.10075858129807,miscellaneous
8536,Unnamed,62.59364892994013,69.03280761525882,miscellaneous
8537,Unnamed,63.410955102808394,67.56373844878757,miscellaneous
8538,Unnamed,63.51773402413949,67.35370046686533,miscellaneous
8539,Unnamed,63.85324571236851,66.13549927769155,miscellaneous
8540,Unnamed,64.69302427249038,66.77517681011444,miscellaneous
8541,Unnamed,64.87145977602098,67.00595536424558,miscellaneous
8542,Unnamed,64.8106774833524,67.17379010661112,miscellaneous
8543,Unnamed,64.62161219354387,67.11892239527894,miscellaneous
8544,Unnamed,64.21931380753715,66.6069168638702,miscellaneous
8545,Unnamed,64.17306509042308,66.69407260057058,miscellaneous
8546,Unnamed,64.29240516821183,66.95599591563615,miscellaneous
8547,Unnamed,64.2365487380003,67.03314432094368,miscellaneous
8548,Unnamed,64.64273477345235,66.58163929284815,miscellaneous
8549,Unnamed,64.77092508961462,66.38929017168516,miscellaneous
8550,Unnamed,64.89862313773004,66.4238656331506,miscellaneous
8551,Unnamed,64.57063084928681,66.35382987574724,miscellaneous
8552,Unnamed,64.795729329925,65.92912526901827,miscellaneous
8553,Unnamed,64.88878097920353,66.1460039061696,miscellaneous
8554,Unnamed,65.08431116299657,66.17824817948615,miscellaneous
8555,Unnamed,64.56156179896438,65.97662404879327,miscellaneous
8556,Unnamed,64.66678080636741,66.0514626067987,miscellaneous
8557,Unnamed,64.42041961213984,66.28410583410786,miscellaneous
8558,Unnamed,64.33060286083389,65.95187222821221,miscellaneous
8559,Unnamed,64.05299735990621,65.69171326460666,miscellaneous
8560,Unnamed,64.17684815100385,65.74767794314691,miscellaneous
8561,Unnamed,64.15691760085582,65.61162127367335,miscellaneous
8562,Unnamed,65.60708750520574,63.26392511718639,miscellaneous
8563,Unnamed,67.17409397791538,64.79273018678427,miscellaneous
8564,Unnamed,67.20349459647407,64.6768690381115,miscellaneous
8565,Unnamed,67.24381022304404,64.54759447889103,miscellaneous
8566,Unnamed,67.07955046929712,64.44428404709174,miscellaneous
8567,Unnamed,67.35563332132772,64.37674141166225,miscellaneous
8568,Unnamed,67.14408076925463,64.28571795919113,miscellaneous
8569,Unnamed,66.70898890165162,63.928935273899526,miscellaneous
8570,Unnamed,66.84375467859773,64.17084067445383,miscellaneous
8571,Unnamed,66.60562939039643,64.27798904185713,miscellaneous
8572,Unnamed,66.4948349948488,64.32455978202239,miscellaneous
8573,Unnamed,66.65860528854597,64.0953447920039,miscellaneous
8574,Unnamed,66.49939307121845,64.01746317206674,miscellaneous
8575,Unnamed,66.93213893373164,64.4428541477199,miscellaneous
8576,Unnamed,67.19871762073814,64.11843902630649,miscellaneous
8577,Unnamed,67.35651933628832,64.19889000364388,miscellaneous
8578,Unnamed,68.04190676396105,63.86685928240829,miscellaneous
8579,Unnamed,67.88043393658641,63.79801617583759,miscellaneous
8580,Unnamed,68.00524299626358,63.98208477057764,miscellaneous
8581,Unnamed,68.00844982248269,64.11885737851064,miscellaneous
8582,Unnamed,67.88222946715581,64.06455247960044,miscellaneous
8583,Unnamed,67.71983920648812,64.10230582007682,miscellaneous
8584,Unnamed,67.94416255461935,64.7369877911786,school
8585,Unnamed,67.85189395198509,64.5011359564967,school
8586,Unnamed,67.69468828841467,64.4429633322145,miscellaneous
8587,Unnamed,67.57589709962673,64.88808304752136,miscellaneous
8588,Unnamed,67.78796197135166,64.26072049514954,school
8589,Unnamed,67.48218357924624,64.10574538688742,miscellaneous
8590,Unnamed,67.30971659603232,63.93507735749277,miscellaneous
8591,Unnamed,67.36307414066134,63.66075070109775,miscellaneous
8592,Unnamed,67.15586379424708,63.707298606423954,miscellaneous
8593,Unnamed,66.99499753444978,63.63430852865021,miscellaneous
8594,Unnamed,66.80208231601775,63.564750664159995,miscellaneous
8595,Unnamed,66.55186954210608,63.45402937062454,miscellaneous
8596,Unnamed,67.39415486705131,62.65296696933657,miscellaneous
8597,Unnamed,67.22995546090903,63.4876060942595,miscellaneous
8598,Unnamed,67.04523353803582,63.396246662435175,miscellaneous
8599,Unnamed,65.43166215992771,62.70727498788796,miscellaneous
8600,Unnamed,65.02849022913406,63.815788843272124,miscellaneous
8601,Unnamed,65.10291434318528,63.996252510072935,miscellaneous
8602,Unnamed,65.27701673689323,64.06599500111967,miscellaneous
8603,Unnamed,64.60737213025261,64.02286820562915,miscellaneous
8604,Unnamed,64.84559434485867,64.302490822618,miscellaneous
8605,Unnamed,64.35725530817844,65.13698788166414,miscellaneous
8606,Unnamed,64.28141877348538,65.1955477088895,miscellaneous
8607,Unnamed,64.15393261733404,65.18114622505901,miscellaneous
8608,Unnamed,64.18459593604373,65.05340034121146,miscellaneous
8609,Unnamed,64.27716568143472,65.01035145821247,miscellaneous
8610,Unnamed,63.79263035020202,65.31147734308341,miscellaneous
8611,Unnamed,63.59396388817845,65.26561645226487,miscellaneous
8612,Unnamed,63.471020317961234,65.02479584010254,miscellaneous
8613,Unnamed,63.344321522748814,65.514434551459,miscellaneous
8614,Unnamed,62.749466103487975,64.3894760019164,miscellaneous
8615,Unnamed,61.91823397557261,65.02781169772786,miscellaneous
8616,Unnamed,61.6604733579148,64.77547818168293,miscellaneous
8617,Unnamed,61.75623137430374,64.75665867869547,miscellaneous
8618,Unnamed,61.703800830390755,64.90686616878641,miscellaneous
8619,Unnamed,61.84601028148259,64.83057989565641,miscellaneous
8620,Unnamed,61.81058726225873,64.98019981351062,miscellaneous
8621,Unnamed,61.56303920153622,64.84369625676159,miscellaneous
8622,Unnamed,61.417653023542194,64.94762408827239,miscellaneous
8623,Unnamed,61.463006640654484,64.80485955008255,miscellaneous
8624,Unnamed,60.88115513344483,64.83280429519957,miscellaneous
8625,Unnamed,61.099432447969015,64.86220440199308,miscellaneous
8626,Unnamed,61.257614637178115,64.96763932945017,miscellaneous
8627,Unnamed,61.049681804473686,65.03783527244465,miscellaneous
8628,Unnamed,61.37685564390611,65.08484530050478,miscellaneous
8629,Unnamed,61.50578386186803,65.27896664793387,miscellaneous
8630,Unnamed,61.588844211555774,65.13641759607751,miscellaneous
8631,Unnamed,59.849237784316735,65.31448076436041,miscellaneous
8632,Unnamed,59.60846506713654,65.18183843208388,miscellaneous
8633,Unnamed,59.536482462130714,65.30541986010886,miscellaneous
8634,Unnamed,59.33902900702177,65.51056274589129,miscellaneous
8635,Unnamed,59.774808503519154,65.4561848324922,miscellaneous
8636,Unnamed,59.69209407942605,65.65925978394755,miscellaneous
8637,Unnamed,59.5635073815795,65.60899987224316,miscellaneous
8638,Unnamed,59.972932372774636,65.77426286807831,miscellaneous
8639,Unnamed,60.863249572516764,66.12198669378989,miscellaneous
8640,Unnamed,61.318872461253626,66.40681558353057,miscellaneous
8641,Unnamed,60.44674324126484,66.09175863016688,miscellaneous
8642,Unnamed,60.24120573410695,65.94689636421313,miscellaneous
8643,Unnamed,60.10250904952663,65.85942251985274,miscellaneous
8644,Unnamed,59.96541358744405,66.20707502514651,miscellaneous
8645,Unnamed,59.87599639007328,66.3663053164978,miscellaneous
8646,Unnamed,59.805252487383854,66.45943782253443,miscellaneous
8647,Unnamed,60.255003092783454,66.68165335063486,miscellaneous
8648,Unnamed,60.38000768248104,66.48321251472001,miscellaneous
8649,Unnamed,60.50831639663479,66.54300605036174,miscellaneous
8650,Unnamed,61.7567932985849,66.8394537156231,miscellaneous
8651,Unnamed,61.80407870148401,66.6271106160388,miscellaneous
8652,Unnamed,62.191129073509025,66.68820490645776,miscellaneous
8653,Unnamed,62.79549740607554,67.3390860023618,miscellaneous
8654,Unnamed,62.96239949473392,67.42915331368987,miscellaneous
8655,Unnamed,62.96750093306972,67.27254190823064,miscellaneous
8656,Unnamed,63.07665118057063,67.77212816700975,miscellaneous
8657,Unnamed,62.96331607890189,67.6015736837128,miscellaneous
8658,Unnamed,62.91874595959832,67.70353227132992,miscellaneous
8659,Unnamed,62.90496624398839,68.03173526260346,miscellaneous
8660,Unnamed,62.88977413979113,67.85721901249632,miscellaneous
8661,Unnamed,63.54024720528412,68.09834540457521,miscellaneous
8662,Unnamed,63.50823423265034,68.24444509959976,miscellaneous
8663,Unnamed,61.85797712119998,65.76337090650755,miscellaneous
8664,Unnamed,63.07256087356981,65.93568263465302,miscellaneous
8665,Unnamed,63.19857496030706,65.69675992187321,miscellaneous
8666,Unnamed,63.71201656919331,65.99636061073411,miscellaneous
8667,Unnamed,65.67356689624363,62.704613278040654,miscellaneous
8668,Unnamed,64.99682645793365,62.9974695775267,miscellaneous
8669,Unnamed,64.90223253669211,63.696518830809026,miscellaneous
8670,Unnamed,64.93811631017185,63.93502632537832,miscellaneous
8671,Unnamed,65.06028205521517,64.13735664376765,miscellaneous
8672,Unnamed,65.01562127489676,64.22202117361843,miscellaneous
8673,Unnamed,65.30065270851497,63.93341161571367,miscellaneous
8674,Unnamed,65.48634136097039,64.02363026144181,miscellaneous
8675,Unnamed,65.47490043424209,63.35919559998096,miscellaneous
8676,Unnamed,65.37521839356693,63.06290148752763,miscellaneous
8677,Unnamed,65.33731441388477,63.158226624867176,miscellaneous
8678,Unnamed,64.80025627995565,63.870474492049034,miscellaneous
8679,Unnamed,65.3881631064902,63.502428989319334,miscellaneous
8680,Unnamed,65.17221118950887,63.43118081966848,miscellaneous
8681,Unnamed,65.22411512671147,63.27614798853459,miscellaneous
8682,Unnamed,66.61179942120182,62.08860058361155,miscellaneous
8683,Unnamed,66.55232685469898,61.828787567814956,miscellaneous
8684,Unnamed,64.24042082285517,61.48990287133618,miscellaneous
8685,Unnamed,62.69665839601235,59.62688407776483,miscellaneous
8686,Unnamed,63.188288447382966,61.70149601107659,miscellaneous
8687,Unnamed,62.93780087645939,61.93843883958403,miscellaneous
8688,Unnamed,66.88850739332116,60.06212416543146,miscellaneous
8689,Unnamed,66.6297703592083,60.06048723920874,miscellaneous
8690,Unnamed,66.15244376027697,59.61760206504946,miscellaneous
8691,Unnamed,66.20503651681895,60.069567954246054,miscellaneous
8692,Unnamed,65.1826697206577,62.876436326253824,miscellaneous
8693,Unnamed,64.99028758967498,62.80534344893388,miscellaneous
8694,Unnamed,65.0864815340028,62.84088563931775,miscellaneous
8695,Unnamed,65.33006652328751,62.0502999080072,miscellaneous
8696,Unnamed,65.727826171884,61.841200113996756,miscellaneous
8697,Unnamed,65.48815284294336,61.64641082470313,miscellaneous
8698,Unnamed,65.34553081847602,59.94583501217255,miscellaneous
8699,Unnamed,65.41997727535774,60.560950764408986,miscellaneous
8700,Unnamed,64.09488482329395,59.602230102280785,miscellaneous
8701,Unnamed,64.31108757011916,59.62268702803366,miscellaneous
8702,Unnamed,63.54541315183385,60.2296761037039,miscellaneous
8703,Unnamed,63.47529110103907,60.46430876172181,miscellaneous
8704,Unnamed,59.60050823315832,59.533267924341416,miscellaneous
8705,Unnamed,61.67644108761956,59.13950227830459,miscellaneous
8706,Unnamed,62.55885193577764,59.15727337349652,miscellaneous
8707,Unnamed,62.541252905495725,59.30198439804576,miscellaneous
8708,Unnamed,62.964013698140505,59.27962367863356,miscellaneous
8709,Unnamed,63.03174086840669,59.47060684109239,miscellaneous
8710,Unnamed,62.86185123347398,59.75837862096043,miscellaneous
8711,Unnamed,62.42772409628719,61.03477158311905,miscellaneous
8712,Unnamed,61.271598095262,60.44181491954003,miscellaneous
8713,Unnamed,61.19468719112765,60.95377151034843,miscellaneous
8714,Unnamed,61.64745837152616,61.300748900824296,miscellaneous
8715,Unnamed,61.82389753457148,61.40797915233617,miscellaneous
8716,Unnamed,60.74351511690222,60.34166669041758,miscellaneous
8717,Unnamed,62.7084525099926,60.96722256618038,miscellaneous
8718,Unnamed,62.395014167579646,60.77476949507029,miscellaneous
8719,Unnamed,62.329096320002144,60.883127132682766,miscellaneous
8720,Unnamed,62.308491556025444,61.00773170214593,residential
8721,Unnamed,62.22693346037116,60.95570412130979,residential
8722,Unnamed,62.163952242605106,60.84403483445961,miscellaneous
8723,Unnamed,62.24507829616426,60.700082877179874,miscellaneous
8724,Unnamed,62.65282471331991,60.80409129707899,miscellaneous
8725,Unnamed,62.77081639874433,60.60210541558194,miscellaneous
8726,Unnamed,62.81341677546956,60.52963244230703,miscellaneous
8727,Unnamed,62.856243682186744,60.457264061350635,miscellaneous
8728,Unnamed,62.63110562198369,60.50326253186788,miscellaneous
8729,Unnamed,62.677125820206115,60.42633772495891,miscellaneous
8730,Unnamed,62.72319136403792,60.34946475874248,miscellaneous
8731,Unnamed,62.56275700864455,60.66157240933242,miscellaneous
8732,Unnamed,61.663496374696294,60.57830583318181,miscellaneous
8733,Unnamed,61.08718535432843,59.35218215946298,miscellaneous
8734,Unnamed,61.130307573009866,59.2675566873943,miscellaneous
8735,Unnamed,61.03532898952126,59.11214953270881,miscellaneous
8736,Unnamed,60.91541599037518,59.2770849507515,miscellaneous
8737,Unnamed,61.70473342421119,59.35144510942922,miscellaneous
8738,Unnamed,61.60063312823323,59.28306324544707,miscellaneous
8739,Unnamed,61.46836113176487,59.25930093319797,miscellaneous
8740,Unnamed,61.28164848261607,59.23388139197432,miscellaneous
8741,Unnamed,61.54652887915151,59.47109289778653,miscellaneous
8742,Unnamed,61.20157161737855,59.627226078093784,miscellaneous
8743,Unnamed,61.235623229805014,59.391409599992315,miscellaneous
8744,Unnamed,61.335150817840436,59.89510562702068,miscellaneous
8745,Unnamed,60.681795009603775,59.72600125356755,miscellaneous
8746,Unnamed,60.2107467772833,59.57373028919758,miscellaneous
8747,Unnamed,60.9716130972609,62.860458412357985,miscellaneous
8748,Unnamed,61.05331206367358,62.73319444035158,miscellaneous
8749,Unnamed,60.24267314665068,62.91027820284434,miscellaneous
8750,Unnamed,60.36210148015435,62.915772919561576,miscellaneous
8751,Unnamed,60.258541893152696,63.075533024415655,miscellaneous
8752,Unnamed,60.14880659180568,62.9907804262852,miscellaneous
8753,Unnamed,60.096953574216336,63.109417533934,miscellaneous
8754,Unnamed,60.32557706156235,62.6742902597359,miscellaneous
8755,Unnamed,60.40537528963568,62.72298696960094,miscellaneous
8756,Unnamed,60.4880079249396,62.774796819874034,miscellaneous
8757,Unnamed,60.74946012020198,62.17606651139742,miscellaneous
8758,Unnamed,59.61391656865431,61.96937572221256,miscellaneous
8759,Unnamed,59.76054038105387,61.796021892829735,miscellaneous
8760,Unnamed,59.77589374794307,62.06392568851455,miscellaneous
8761,Unnamed,59.43986949876114,62.54240855732074,miscellaneous
8762,Unnamed,59.01913182059913,62.53025999849472,miscellaneous
8763,Unnamed,59.199109252503646,62.1548018836769,miscellaneous
8764,Unnamed,59.283917085628154,62.01841969921721,miscellaneous
8765,Unnamed,59.42274331799218,61.56554340241861,miscellaneous
8766,Unnamed,60.115634267695405,60.30961014967369,miscellaneous
8767,Unnamed,59.76176561690719,60.31937188446312,miscellaneous
8768,Unnamed,59.9177186228173,60.37252399014044,miscellaneous
8769,Unnamed,60.315179386990934,60.41517286714062,miscellaneous
8770,Unnamed,60.20973535428531,60.58657717241,miscellaneous
8771,Unnamed,59.97246729325284,60.22337529604784,miscellaneous
8772,Unnamed,59.80914687362969,60.145985042795004,miscellaneous
8773,Unnamed,59.70608518725812,59.99101747067023,miscellaneous
8774,Unnamed,60.431105971922236,59.23469901554351,miscellaneous
8775,Unnamed,59.698096511872,60.761997404167744,miscellaneous
8776,Unnamed,59.861556059633806,60.950502670437125,miscellaneous
8777,Unnamed,59.89374074662436,61.174175603241764,miscellaneous
8778,Unnamed,59.75612781008414,61.369733777529454,miscellaneous
8779,Unnamed,59.62699073405694,61.29496414661334,miscellaneous
8780,Unnamed,60.05012859343992,61.34797799677321,miscellaneous
8781,Unnamed,60.054476312694746,61.61484386004484,miscellaneous
8782,Unnamed,59.926811988501235,61.531065839858044,miscellaneous
8783,Unnamed,60.12098268197571,61.52426860068571,miscellaneous
8784,Unnamed,60.94021731828549,61.614384399931765,miscellaneous
8785,Unnamed,60.767985787166445,61.46825279833307,miscellaneous
8786,Unnamed,60.344143331324496,61.187764314331496,miscellaneous
8787,Unnamed,60.30786712985846,61.69354442445878,miscellaneous
8788,Unnamed,60.116099347151106,61.97485185294585,miscellaneous
8789,Unnamed,60.65125868196159,62.32516854588043,miscellaneous
8790,Unnamed,60.2406631413609,62.3378080459673,miscellaneous
8791,Unnamed,59.727491316866185,62.46263692985378,miscellaneous
8792,Unnamed,59.82038629506853,62.78994729273506,miscellaneous
8793,Unnamed,59.90141523190066,62.570969177540604,miscellaneous
8794,Unnamed,59.99448105656465,63.21301401050465,miscellaneous
8795,Unnamed,59.67907963864704,63.42225432484082,miscellaneous
8796,Unnamed,60.61652126739533,63.07614443288918,miscellaneous
8797,Unnamed,60.45483225356744,63.81624851361807,miscellaneous
8798,Unnamed,61.3483362733067,64.54065513397917,miscellaneous
8799,Unnamed,61.20650752248047,64.49900755967192,miscellaneous
8800,Unnamed,61.303632345745484,64.69785160769928,miscellaneous
8801,Unnamed,61.16745882943781,64.63780301863832,miscellaneous
8802,Unnamed,60.99672739055643,64.53282493259785,miscellaneous
8803,Unnamed,61.03788692678097,64.3698549813099,miscellaneous
8804,Unnamed,60.64420966276447,64.35278849512152,miscellaneous
8805,Unnamed,60.888596405595216,64.25553033206326,miscellaneous
8806,Unnamed,61.546936536687056,63.98269752473584,miscellaneous
8807,Unnamed,61.42390291620908,63.8303343586529,miscellaneous
8808,Unnamed,61.85457694466714,63.76757244090248,miscellaneous
8809,Unnamed,62.041903826562894,63.84338612273312,miscellaneous
8810,Unnamed,60.351689005013355,62.41209926346515,miscellaneous
8811,Unnamed,60.75085535870127,63.20351425454675,miscellaneous
8812,Unnamed,61.19738146710071,63.29293096483482,miscellaneous
8813,Unnamed,60.96605915338511,63.190671852436054,miscellaneous
8814,Unnamed,60.90580434724059,63.311533031311185,miscellaneous
8815,Unnamed,62.23538872536594,59.55498026457514,miscellaneous
8816,Unnamed,62.03424225370233,60.32820018933948,miscellaneous
8817,Unnamed,62.133793158959264,60.386710350722495,miscellaneous
8818,Unnamed,61.98071618417331,60.46542764392958,miscellaneous
8819,Unnamed,61.79269133618931,60.35262860943047,miscellaneous
8820,Unnamed,61.73059963294322,60.46537734316411,miscellaneous
8821,Unnamed,60.857048512505266,59.89170278212289,miscellaneous
8822,Unnamed,60.98060168977234,59.98225254482518,miscellaneous
8823,Unnamed,66.20321493954798,66.13615443327065,miscellaneous
8824,Unnamed,66.35219540781466,66.15654615079639,miscellaneous
8825,Unnamed,66.38978933446761,66.07981105312555,miscellaneous
8826,Unnamed,66.00935032623812,66.28760707047594,miscellaneous
8827,Unnamed,66.12136094664271,66.3141929629766,miscellaneous
8828,Unnamed,65.67612483350332,66.28880568412683,miscellaneous
8829,Unnamed,65.8419595182425,66.36892457918727,miscellaneous
8830,Unnamed,65.52277583033391,66.19934980887159,miscellaneous
8831,Unnamed,65.80492425983752,66.17088395911132,miscellaneous
8832,Unnamed,65.87133079593147,66.20084476717084,miscellaneous
8833,Unnamed,65.93780956850458,66.23066062613633,miscellaneous
8834,Juliano Apartments,65.58603035815712,66.07978244256209,miscellaneous
8835,Juliano Apartments,65.63496529732285,66.10225013185196,miscellaneous
8836,Juliano Apartments,65.68395188055578,66.12474566132282,miscellaneous
8837,Juliano Apartments,65.73294204642545,66.14721018373326,miscellaneous
8838,Unnamed,65.3598088275435,68.14098569882124,miscellaneous
8839,Unnamed,65.45782136690525,68.18222215955329,miscellaneous
8840,Unnamed,65.29603226096481,68.57802658084783,miscellaneous
8841,Unnamed,65.0783426426358,68.49618863240144,miscellaneous
8842,Unnamed,65.4059953684698,68.63898198253409,miscellaneous
8843,Unnamed,65.4633509598842,68.66194299491217,miscellaneous
8844,Unnamed,65.52435388830416,68.68634754038459,miscellaneous
8845,Unnamed,65.58535681674617,68.710752085857,miscellaneous
8846,Unnamed,65.6499253547157,68.73663073138526,miscellaneous
8847,Unnamed,65.48582980260764,69.0038523148317,miscellaneous
8848,Unnamed,65.35674047715929,68.95216043378895,miscellaneous
8849,Unnamed,65.09984408860898,68.93031873329866,miscellaneous
8850,Unnamed,65.13112916657468,69.36713608564271,miscellaneous
8851,Unnamed,61.238099938932066,70.66523135335964,miscellaneous
8852,Unnamed,62.124963426197134,71.37175147398928,miscellaneous
8853,Puregold,61.5730345170614,71.06669040183968,commercial
8854,Unnamed,61.45383245094502,70.65026520694569,miscellaneous
8855,Unnamed,61.934054635308954,70.46050342258495,miscellaneous
8856,Unnamed,62.422698031079996,70.4046434610255,miscellaneous
8857,Unnamed,62.407922592506615,70.58074255277661,miscellaneous
8858,Unnamed,62.3054955884035,70.03342713844573,miscellaneous
8859,Unnamed,62.46440726319777,69.99464353035341,miscellaneous
8860,Unnamed,62.65432176203143,69.9568580699336,miscellaneous
8861,Unnamed,63.769143835100586,69.39678187577402,miscellaneous
8862,Pump House,94.54362169476369,29.776699203441858,miscellaneous
8863,UPLB Credit & Development Cooperative Kasambili,41.35185043719656,74.23808772860386,commercial
8864,Unnamed,60.083565746358566,70.36010891281818,miscellaneous
8865,Unnamed,61.02495183153248,70.08944164355646,residential
8866,Unnamed,61.32311056646606,69.39599094082715,miscellaneous
8867,MCA Canteen,61.4732611060084,69.19819566913564,miscellaneous
8868,Unnamed,61.52306054314295,68.93703070624875,residential
8869,Maranatha Nature Park and Farm,97.01637703269743,53.22289563136994,miscellaneous
8870,Unnamed,5.242454453892772,66.60194314483519,miscellaneous
8871,Unnamed,4.210642092096562,58.368638354968425,miscellaneous
8872,Unnamed,14.6262048292244,63.46037880013047,commercial
8873,Unnamed,56.60427854451825,69.69744689034414,residential
8874,Unnamed,68.99342462399099,56.826326714056606,residential
8875,Unnamed,69.27852503475054,56.93072384493518,residential
8876,Unnamed,68.15678170092133,57.86533355549631,residential
8877,Unnamed,70.29955770934744,59.018298495433854,residential
8878,Unnamed,70.29036242986342,59.72337747872128,residential
8879,Unnamed,68.44357675811598,64.56492707247087,residential
8880,Unnamed,69.60156182668388,61.44209812883935,residential
8881,Unnamed,68.88669425286108,61.923248511622496,miscellaneous
8882,Unnamed,72.73106587180173,58.148799155828,residential
8883,Unnamed,89.39417193368527,36.65980391193195,special
8884,Unnamed,90.06091419443193,38.47112214619413,miscellaneous
8885,Unnamed,91.13673190430337,37.143735767007094,miscellaneous
8886,Unnamed,92.16122213593574,35.18109431082308,miscellaneous
8887,Unnamed,89.6287572612322,40.164227952948686,miscellaneous
8888,Unnamed,86.52794249363681,44.38101755956364,residential
8889,Unnamed,85.2508565166407,41.8847785582156,miscellaneous
8890,Unnamed,85.82597961727514,42.01438280860154,miscellaneous
8891,Unnamed,85.33029091402094,42.7635175634824,miscellaneous
8892,Unnamed,86.1924871056404,42.41894906492993,residential
8893,Unnamed,54.609406560583196,77.48228052986079,residential
8894,Unnamed,54.64589564153452,77.34360670674435,residential
8895,Unnamed,54.3154396117649,77.16960492746449,residential
8896,Unnamed,54.597410333291194,77.64172591958157,residential
8897,Unnamed,54.45595647791217,77.73497402231114,residential
8898,Church of Christ,56.36551830492278,78.377286694171,special
8899,Unnamed,53.00587652981849,76.6578372201386,miscellaneous
8900,Unnamed,54.42449079778838,78.23660310686705,miscellaneous
8901,Unnamed,90.4664127332613,74.74006702241604,miscellaneous
8902,Unnamed,91.40228199874882,74.70659259525887,miscellaneous
8903,Unnamed,13.937663551920053,67.02514699211456,miscellaneous
8904,Unnamed,21.119516857472973,63.86088463872595,miscellaneous
8905,Unnamed,14.8871949659979,58.86409125007297,miscellaneous
8906,Unnamed,14.943004506608116,59.06522401407279,miscellaneous
8907,Unnamed,15.065183576986547,59.311955132665275,miscellaneous
8908,Unnamed,15.173373888280306,59.61686501502443,miscellaneous
8909,Unnamed,15.283985156016808,59.97993454774249,miscellaneous
8910,Unnamed,14.877346506832529,65.3110779231082,miscellaneous
8911,Unnamed,14.470328702696428,64.82698978939877,miscellaneous
8912,Unnamed,13.860262661292937,59.011186894370525,miscellaneous
8913,Unnamed,13.663265425949431,59.4817903698542,miscellaneous
8914,Unnamed,13.340960637235161,58.87490131719488,miscellaneous
8915,Unnamed,9.111333462893523,65.2173661404063,residential
8916,Unnamed,11.583454423175793,67.74425318801653,miscellaneous
8917,Unnamed,12.743080676125166,64.39715414112442,commercial
8918,Unnamed,12.886505985286641,62.16767235022219,miscellaneous
8919,Unnamed,11.803514085295946,73.5947566810466,miscellaneous
8920,Unnamed,8.38241423597553,72.14421984351354,residential
8921,Unnamed,10.025011700633804,72.38720438069937,residential
8922,Unnamed,11.504758865106982,73.3240803660605,residential
8923,IRRI ICropS Long Term Experiment,85.79985673916063,51.0419412481104,miscellaneous
8924,ICropS Abaca Germplasm,54.909224004330085,37.271740664171524,miscellaneous
8925,Physci Parking 1,64.68403273537015,47.55342586794005,commercial
8926,ICropS Jamboree Fruit Crops,47.04315462687366,33.67368358221181,miscellaneous
8927,ICropS Abaca Germplasm,56.33586190567359,34.05023678710244,miscellaneous
8928,Tuntungin-Putho Integrated National High School,80.35015917357083,26.51823357701432,school
8929,Unnamed,80.27905765415885,26.915655822051797,miscellaneous
8930,Unnamed,80.07638155739126,26.693740971134243,miscellaneous
8931,Unnamed,80.53136032555793,26.208033283230748,miscellaneous
8932,Unnamed,35.705990915279614,-27.447611973860432,school
8933,Unnamed,35.63129116923508,-27.67794844580176,school
8934,Unnamed,35.30503434997803,-27.453014922341584,school
8935,Unnamed,35.44265520832221,-27.6387284560574,miscellaneous
8936,Bagong Silang Elementary School,35.50265059533604,-27.5146594945323,school
8937,Unnamed,68.74532979057028,66.96397591128682,school
8938,Unnamed,64.47918425596104,85.61871110558256,school
8939,Unnamed,64.10952861324647,85.17850446395835,school
8940,Unnamed,63.92241085554554,85.47021251349386,school
8941,Unnamed,63.524408131146146,85.70122874902137,school
8942,Unnamed,63.50986201095458,85.9980967730385,school
8943,Unnamed,63.333829418125,86.3419715596953,school
8944,Los Baños Integrated School – Annex,63.732164694514914,85.66946375692646,school
8945,Unnamed,57.95063961137365,86.23510619602163,school
8946,Unnamed,57.75496821182317,86.14059311234895,school
8947,Unnamed,58.19570855643549,86.33542000386657,school
8948,Unnamed,58.47638403787892,86.48078264886318,school
8949,Unnamed,58.71781259200427,86.60184988564083,school
8950,Unnamed,58.994999709693055,86.70904887121883,school
8951,Unnamed,59.323966804000925,86.04270215143453,school
8952,Unnamed,59.17942922344077,86.50182952196802,school
8953,Unnamed,58.89078476704858,86.0980815213505,school
8954,Unnamed,58.954873335614735,85.89851312440285,school
8955,Unnamed,58.393858865792815,86.15543567901979,school
8956,Unnamed,58.25655645831882,86.04862564737115,school
8957,Tadlac Elementary School,13.593519053569064,72.38186648287981,school
8958,Unnamed,13.781400522127212,72.67628009820002,school
8959,Unnamed,13.856876244362212,72.4759758499108,school
8960,Unnamed,13.644190507647021,72.42182466579658,school
8961,Unnamed,13.32576804008141,72.19167559316497,school
8962,Unnamed,13.584817324532608,72.07743283836136,school
8963,Unnamed,13.798553344952447,72.00854908130651,school
8964,Unnamed,13.432012389431822,72.54416475919047,miscellaneous
8965,Unnamed,87.1186154272827,71.52923140422904,miscellaneous
8966,Unnamed,52.57455045398536,47.34416156913226,miscellaneous
8967,Unnamed,52.76420004000799,47.251949906799155,miscellaneous
8968,Unnamed,52.003019916248995,46.58188953421992,miscellaneous
8969,Unnamed,61.39915448264608,69.27444693533721,school
8970,TS Trend Shoppe,61.3631843402614,70.20249867536623,commercial
8971,Unnamed,60.195719330780186,69.97581962369767,miscellaneous
8972,Unnamed,59.97674855311038,70.1281754202602,miscellaneous
8973,Unnamed,61.339452940337125,71.3130063471614,miscellaneous
8974,Unnamed,60.87035921866644,70.82782874386851,miscellaneous
8975,Unnamed,57.50587341580602,70.70785834552555,miscellaneous
8976,Unnamed,57.09516354447952,70.71943502772423,miscellaneous
8977,Unnamed,46.595540507624925,74.86430089985315,miscellaneous
8978,Unnamed,46.761223144803964,74.86520927780522,miscellaneous
8979,Unnamed,47.30321955520782,74.42843559602427,miscellaneous
8980,Unnamed,79.73205647653346,71.4953493130636,residential
8981,Unnamed,79.85256880874128,71.68749822671434,residential
8982,Unnamed,79.87220285659019,71.14306290511564,residential
8983,Unnamed,80.10061134927184,70.88274124157662,residential
8984,Unnamed,80.02217766262488,70.80894393891936,miscellaneous
8985,Unnamed,61.15346701957893,69.29930929104366,residential
8986,Unnamed,82.48657858061591,53.38232259205843,commercial
8987,Unnamed,89.66415659259187,55.344472784358615,commercial
8988,Unnamed,61.710615249570175,69.55399639916286,residential
8989,Unnamed,61.5191809090875,69.49369191926878,residential
8990,Unnamed,61.558475431007864,69.38921983180042,residential
8991,Unnamed,60.60024377599389,70.81705262706419,residential
8992,Unnamed,60.59817003111546,70.90998749708756,residential
8993,Unnamed,61.08127001870021,70.68572843297541,miscellaneous
8994,Unnamed,61.00446042904575,70.80885249708275,miscellaneous
8995,Unnamed,61.191775249391235,71.01796677102492,residential
8996,Unnamed,60.95471520855662,71.04548090057814,residential
8997,Unnamed,62.16810212849716,71.22112123000143,miscellaneous
8998,Unnamed,62.17571491891005,71.06173691053567,miscellaneous
8999,Unnamed,62.47399705654648,70.8597417110921,miscellaneous
9000,Unnamed,61.8329693647139,70.99671484074902,miscellaneous
9001,Unnamed,61.77827259535443,71.25535651198643,miscellaneous
9002,Unnamed,61.68247729628803,71.4602628127268,miscellaneous
9003,Unnamed,61.7629573188062,71.33765894982702,miscellaneous
9004,Unnamed,61.83959362464457,70.91492208737836,miscellaneous
9005,Unnamed,62.75614931320435,69.71204952563701,miscellaneous
9006,Unnamed,60.972362051852066,69.28291952835113,residential
9007,Unnamed,60.94064135644663,69.42174852040182,residential
9008,Unnamed,60.8401389295888,69.37996348871602,residential
9009,Unnamed,61.12803957399067,69.50356291673042,residential
9010,Unnamed,61.09149037492734,69.61849745376098,residential
9011,Unnamed,61.03332220446499,69.59567393781823,residential
9012,Unnamed,61.00778627125846,69.6678667164444,residential
9013,Unnamed,60.75375415630418,69.54816237281103,residential
9014,Unnamed,60.86428415208919,69.53855350676835,residential
9015,Unnamed,60.77769370125164,69.46216940900077,residential
9016,Unnamed,60.84795705491284,69.61409262299057,residential
9017,Unnamed,60.606430573731274,69.48494078062105,residential
9018,Unnamed,61.81924310309438,69.55039446550717,residential
9019,Unnamed,61.61410005276397,69.5327206757337,residential
9020,Unnamed,61.83614199822214,69.12913097782003,residential
9021,Unnamed,61.760410159418285,69.2208481195831,residential
9022,Unnamed,61.62773316499137,69.18863528710354,residential
9023,Unnamed,61.58500537813272,69.28612206529287,residential
9024,Unnamed,60.75368688135645,68.15522179056336,miscellaneous
9025,Unnamed,60.9495595929661,68.2924429122558,miscellaneous
9026,Unnamed,60.40149563024505,68.44090194054357,residential
9027,Unnamed,60.678116108797774,68.37604924955956,miscellaneous
9028,Unnamed,60.80110610368271,68.43099477322751,miscellaneous
9029,Unnamed,59.9393619120893,68.58393880012392,miscellaneous
9030,Unnamed,58.84890807772134,68.1943763174084,miscellaneous
9031,Unnamed,61.348386416429754,70.02373124634978,miscellaneous
9032,Unnamed,61.7709180753091,69.74873460996207,residential
9033,Unnamed,61.995861238122174,69.58227693180848,residential
9034,Unnamed,61.85984521432331,69.41908177116007,residential
9035,Unnamed,61.77209905743318,69.39014433943814,residential
9036,Unnamed,61.906988506560324,69.18705778912695,residential
9037,Unnamed,61.87547626905652,69.05243209209789,residential
9038,Unnamed,61.95521017630811,68.81735106168905,residential
9039,Unnamed,61.80710539812323,68.48576776299674,residential
9040,Unnamed,61.758239252782296,68.54125889202814,residential
9041,Unnamed,61.890723235043,68.42446846577265,miscellaneous
9042,Unnamed,61.54620373461673,68.63044755419823,residential
9043,Unnamed,61.64782306539982,68.39299597373387,residential
9044,Unnamed,61.271124298675986,68.79968945625386,residential
9045,Unnamed,60.03749352954889,69.73451660658179,residential
9046,Unnamed,60.13083645469931,69.45785160617768,residential
9047,Unnamed,61.756726333431345,69.84063226897375,residential
9048,Unnamed,48.82196613405895,84.73304757384436,miscellaneous
9049,Unnamed,50.449283501497824,85.61682131390091,miscellaneous
9050,Unnamed,50.634477955762236,85.45985853147918,miscellaneous
9051,Unnamed,50.971510749535284,85.4050132571153,miscellaneous
9052,Unnamed,50.204289460775634,85.36414579930764,residential
9053,Unnamed,50.5209128814472,85.28012876231605,miscellaneous
9054,Unnamed,47.688883315758744,82.59459256690207,miscellaneous
9055,Unnamed,48.75329094532018,83.40991332699292,miscellaneous
9056,Unnamed,48.6388881250693,83.31885119355749,miscellaneous
9057,Unnamed,48.3668670537729,83.14763629206915,miscellaneous
9058,Unnamed,45.42089677102252,82.88484989011957,miscellaneous
9059,Unnamed,67.5047675093645,63.39564113567825,miscellaneous
9060,Unnamed,67.31163126616492,63.78538631000378,miscellaneous
9061,Unnamed,67.51418081840303,63.90591109673516,residential
9062,Unnamed,67.41445241340193,62.49305356755988,miscellaneous
9063,Unnamed,67.21668362340758,62.47337651503953,miscellaneous
9064,Unnamed,64.60097027394012,65.2704928045235,miscellaneous
9065,Unnamed,64.62896263090212,65.17894336539692,miscellaneous
9066,Unnamed,64.95667138500107,65.1416664992463,miscellaneous
9067,Unnamed,64.62250647557183,65.0389588842634,miscellaneous
9068,Unnamed,64.71653826592932,65.0011237266371,miscellaneous
9069,Unnamed,65.14775935976196,64.44085431484575,miscellaneous
9070,Unnamed,31.99067475277194,68.36554663233193,miscellaneous
9071,Unnamed,32.078913910754814,68.43780502364301,miscellaneous
9072,Unnamed,33.04198631363256,68.41892256988736,miscellaneous
9073,Unnamed,32.74125181864714,68.60937314655278,miscellaneous
9074,Unnamed,32.461900485872036,68.62140226529236,miscellaneous
9075,Unnamed,32.649938411479184,68.45620816265114,miscellaneous
9076,Unnamed,32.90296797442744,68.6970997729487,miscellaneous
9077,Unnamed,34.383500770460195,68.82253960315603,miscellaneous
9078,Unnamed,34.23608181148883,68.83057921175796,miscellaneous
9079,Unnamed,34.051170707304806,68.86469205347254,miscellaneous
9080,Unnamed,34.531128405788536,69.51845967903179,miscellaneous
9081,Unnamed,34.38481432283287,69.4501963258817,miscellaneous
9082,Unnamed,34.250930701836865,69.42219230672075,miscellaneous
9083,Unnamed,34.702853894828564,69.90081954046816,miscellaneous
9084,Unnamed,32.69059347700067,66.82193565154397,commercial
9085,Unnamed,66.33292784556535,52.904893125543175,miscellaneous
9086,Unnamed,67.4736246927942,53.86117219586758,miscellaneous
9087,Unnamed,67.53143668671777,53.970834330171236,miscellaneous
9088,Unnamed,67.63733502519311,54.167768420734475,miscellaneous
9089,Unnamed,67.58966731943511,54.0820153159668,miscellaneous
9090,Unnamed,66.84892603561828,54.369259802094724,miscellaneous
9091,Unnamed,66.78026301056359,54.346724034287284,miscellaneous
9092,Unnamed,67.2403863936316,54.51190633826154,miscellaneous
9093,Unnamed,67.47877189393269,54.617604851179834,miscellaneous
9094,Unnamed,64.17344081944177,62.885794218985716,miscellaneous
9095,Unnamed,64.26930599848517,62.95375030837521,miscellaneous
9096,Unnamed,64.42194092034327,62.613269105000015,miscellaneous
9097,Unnamed,64.18572982687644,63.18103303368606,miscellaneous
9098,Unnamed,64.26709938803806,63.21843468198448,miscellaneous
9099,Unnamed,64.22696955731595,62.75019484678535,miscellaneous
9100,Unnamed,64.45420425779922,62.30233463506924,residential
9101,Unnamed,73.19597839014801,46.86411380352246,miscellaneous
9102,Unnamed,72.93167516987012,45.86334764848541,miscellaneous
9103,Unnamed,73.31753605435473,46.72871991615691,miscellaneous
9104,Unnamed,73.54707724132157,46.96205157409391,miscellaneous
9105,Unnamed,93.64741051822747,41.18586804106693,miscellaneous
9106,Unnamed,93.16035217027057,42.921346197883594,miscellaneous
9107,Unnamed,93.25785523602438,45.121496639034405,miscellaneous
9108,Unnamed,90.69626679676401,45.18187635110086,miscellaneous
9109,Unnamed,89.88907091068614,46.710265343468556,commercial
9110,Unnamed,91.98319202667199,46.9537722220603,miscellaneous
9111,Unnamed,90.40581263754528,31.470294530129134,miscellaneous
9112,Unnamed,88.41177952246733,33.636332188682985,miscellaneous
9113,Unnamed,88.0257850911621,32.09380167254492,miscellaneous
9114,Unnamed,87.14673463577047,30.82980601714696,miscellaneous
9115,Unnamed,85.45896567254559,26.262825124781948,miscellaneous
9116,Unnamed,88.50937589671818,27.03608490963073,miscellaneous
9117,Unnamed,86.28743596684363,21.72612815774367,miscellaneous
9118,Unnamed,87.23631745813253,24.309640331343203,miscellaneous
9119,Unnamed,88.83840874846264,24.514538838725333,miscellaneous
9120,Unnamed,87.86926909830325,23.096315874335705,miscellaneous
9121,Unnamed,88.88962255308232,22.607995516927872,miscellaneous
9122,Unnamed,90.19760132411588,21.77651024403974,commercial
9123,Unnamed,90.37932795317276,21.77822890553974,commercial
9124,Unnamed,90.55985631900163,21.770612667905315,commercial
9125,Unnamed,90.73786413786769,21.77057434213846,commercial
9126,Unnamed,90.72298159365502,21.38304981474982,commercial
9127,Unnamed,90.21868038340709,22.16063759741499,commercial
9128,Unnamed,90.24084917321147,22.52793419617847,commercial
9129,Unnamed,90.39169450436609,22.158138371175834,commercial
9130,Unnamed,90.59197965471786,22.15052507867519,commercial
9131,Unnamed,90.75026625806693,22.137870940910673,commercial
9132,Unnamed,90.4090529275711,22.54816212479781,commercial
9133,Unnamed,90.59198874467187,22.55074035433443,commercial
9134,Unnamed,90.75518970508998,22.535588707724173,commercial
9135,Unnamed,80.26218490872567,16.207274649471888,miscellaneous
9136,Unnamed,79.57225743705241,16.697917877723338,miscellaneous
9137,Unnamed,79.48089706837528,16.274229103638717,miscellaneous
9138,Unnamed,79.41338002134717,15.773391943385098,miscellaneous
9139,Unnamed,79.42300815977657,15.978128353726492,miscellaneous
9140,Unnamed,78.54025182892686,15.926779719292227,miscellaneous
9141,Unnamed,78.57348252152364,16.088386209381223,miscellaneous
9142,Unnamed,78.552083478672,15.71456181556564,miscellaneous
9143,Unnamed,78.75829398268871,16.3810532004239,miscellaneous
9144,Unnamed,79.02371796718012,15.435563733197377,miscellaneous
9145,Unnamed,79.38183830781594,15.36901909119166,miscellaneous
9146,Unnamed,79.6587737958843,15.35633920622083,miscellaneous
9147,Unnamed,80.09715510865229,15.282322919639318,miscellaneous
9148,Unnamed,80.93016213606144,15.361868505170396,miscellaneous
9149,Unnamed,80.9007197898451,15.125950028905466,miscellaneous
9150,Unnamed,81.55257417682667,15.38518038467202,miscellaneous
9151,Unnamed,81.51882946881736,15.181704659480097,miscellaneous
9152,Unnamed,81.49657934024269,15.004373163522725,miscellaneous
9153,Unnamed,81.40761493254043,14.338195769696279,miscellaneous
9154,Unnamed,81.35659040911824,14.795214743620857,miscellaneous
9155,Unnamed,81.33336816487845,14.591457755956208,miscellaneous
9156,Unnamed,81.25919931536299,14.140598902855608,miscellaneous
9157,Unnamed,80.71084493406846,14.951683196127554,miscellaneous
9158,Unnamed,80.69299946825245,14.763685381186562,miscellaneous
9159,Unnamed,80.65836844408031,14.59151141425904,miscellaneous
9160,Unnamed,80.64596632396918,14.429360407453675,miscellaneous
9161,Unnamed,80.6164163763812,14.241935853718577,miscellaneous
9162,Unnamed,23.024938609011937,38.949858795849984,commercial
9163,Unnamed,59.36083858308403,74.16969849985826,miscellaneous
9164,Unnamed,58.87565168157074,74.33437192368993,miscellaneous
9165,Unnamed,59.57923000091223,73.33667512710569,miscellaneous
9166,Unnamed,58.30549989827445,73.99082623252136,miscellaneous
9167,Unnamed,57.133900707870566,74.0183883237034,miscellaneous
9168,Unnamed,57.11563891847763,74.21389519476301,miscellaneous
9169,Unnamed,57.21067016404503,73.7214638796368,miscellaneous
9170,Unnamed,57.08602885661098,73.76028184793357,miscellaneous
9171,Unnamed,57.452835181614745,74.41941821808108,miscellaneous
9172,Unnamed,58.599049599618915,74.50709146058132,miscellaneous
9173,Unnamed,58.74675025699322,74.50740489597611,miscellaneous
9174,Unnamed,59.111729160935525,72.58057466279165,miscellaneous
9175,Unnamed,59.60738753916942,72.74672286931191,miscellaneous
9176,Unnamed,60.03695888665174,72.91212921585392,miscellaneous
9177,Unnamed,60.11422970966134,72.77086592089249,miscellaneous
9178,Unnamed,59.546215282327694,74.65168589711251,miscellaneous
9179,Unnamed,57.66792083106409,74.00408161928496,miscellaneous
9180,Unnamed,57.72792635554247,73.84541891788858,miscellaneous
9181,Unnamed,57.803754760837315,73.67758476648112,miscellaneous
9182,Unnamed,58.016595323104056,73.58489102112206,miscellaneous
9183,Unnamed,57.609444506785714,73.74620244578041,miscellaneous
9184,Unnamed,57.53707846355245,73.95011317812425,miscellaneous
9185,Unnamed,57.66094463852362,73.57757533470478,miscellaneous
9186,Unnamed,60.09745015005886,73.7007602381683,miscellaneous
9187,Unnamed,60.03432286751417,73.97533666807927,miscellaneous
9188,Unnamed,60.24938856504695,74.01596903175307,miscellaneous
9189,Unnamed,60.36817765359256,74.05769059057408,miscellaneous
9190,Unnamed,60.561189138921556,74.0763610428755,miscellaneous
9191,Unnamed,60.68775336313321,74.17314341003072,miscellaneous
9192,Unnamed,61.107002761596064,72.71919835020005,miscellaneous
9193,Unnamed,64.40117078737076,74.44825082862518,miscellaneous
9194,Unnamed,64.84000464740467,74.28484757807345,miscellaneous
9195,Unnamed,64.80444016303707,74.06991899376867,miscellaneous
9196,Unnamed,65.49850582808655,73.84978722608017,miscellaneous
9197,Unnamed,65.33803192487441,73.90033607936624,miscellaneous
9198,Unnamed,65.28685328762094,74.0691877053513,miscellaneous
9199,Unnamed,66.55039679033847,73.07105817453792,miscellaneous
9200,Unnamed,66.25251336711747,72.75838517251717,miscellaneous
9201,Unnamed,66.3043697320348,72.64815524566892,miscellaneous
9202,Unnamed,65.48071392808824,72.51065446767086,miscellaneous
9203,Unnamed,67.56906848384638,72.04970072761418,miscellaneous
9204,Unnamed,67.50020631753884,71.80027858809655,miscellaneous
9205,Unnamed,67.80541383545756,71.30918102276513,miscellaneous
9206,Unnamed,68.02770475173023,70.94070343088063,miscellaneous
9207,Unnamed,67.80953986986425,70.75413904462717,miscellaneous
9208,Unnamed,68.194917921211,71.41244992154625,miscellaneous
9209,Unnamed,68.30247758619649,71.2626601236741,miscellaneous
9210,Unnamed,68.61282585361717,70.70441361987201,miscellaneous
9211,Unnamed,68.54085955992869,71.77213033665481,miscellaneous
9212,Unnamed,66.50529712777895,72.32251343472997,miscellaneous
9213,Unnamed,66.72983996613692,71.943207838282,miscellaneous
9214,Unnamed,66.81456194937516,71.82929266127375,miscellaneous
9215,Unnamed,66.8660182233176,71.71483406600406,miscellaneous
9216,Unnamed,67.01284084516729,71.41064824369212,miscellaneous
9217,Unnamed,67.07693576458003,71.31109334548424,miscellaneous
9218,Unnamed,67.15438004126156,71.1795421117627,miscellaneous
9219,Unnamed,67.2343629892968,70.98728410196068,miscellaneous
9220,Unnamed,68.63320707464163,71.56715924371026,miscellaneous
9221,Unnamed,67.60519710846417,72.51401214002969,miscellaneous
9222,Unnamed,67.16802237340143,73.27571239979719,miscellaneous
9223,Unnamed,67.05596449383235,73.35809125027735,miscellaneous
9224,Unnamed,66.81912200988592,73.54012406847437,miscellaneous
9225,Unnamed,66.67139976768766,73.64017054462354,miscellaneous
9226,Unnamed,65.24624711992134,74.43569651490128,miscellaneous
9227,Unnamed,64.91278401049799,74.54953069434134,miscellaneous
9228,Unnamed,64.69522535662983,74.61778672314644,miscellaneous
9229,Unnamed,64.39034890813097,74.73550453590141,miscellaneous
9230,Unnamed,64.06854993182682,74.85120204576758,miscellaneous
9231,Unnamed,63.531809562801364,74.89934885367249,miscellaneous
9232,Unnamed,63.592096475425876,74.82025420974448,miscellaneous
9233,Unnamed,63.72760247225242,74.84695223007837,miscellaneous
9234,Unnamed,57.732256829316796,73.43024722296217,miscellaneous
9235,Unnamed,57.86782750509437,73.48831038650673,miscellaneous
9236,Unnamed,58.11145165269701,73.61614761966375,miscellaneous
9237,Unnamed,57.962415904236096,74.30009260847866,miscellaneous
9238,Unnamed,59.79756081701291,73.19235754087747,miscellaneous
9239,Unnamed,59.46289518194887,72.71432595956148,miscellaneous
9240,Unnamed,59.82786415716649,72.89713495862252,miscellaneous
9241,Unnamed,59.88946682103694,72.74691617443743,miscellaneous
9242,Unnamed,59.61060235143367,74.48902209057769,miscellaneous
9243,Unnamed,59.47235179854683,74.48815970072249,miscellaneous
9244,Unnamed,59.92532712138466,74.62190031612202,miscellaneous
9245,Unnamed,60.641503870013615,74.64097415090902,miscellaneous
9246,Unnamed,58.753839643921616,73.74543182215666,miscellaneous
9247,Unnamed,60.17555201057922,74.66062940796255,miscellaneous
9248,Unnamed,59.69768281885778,76.90486485777922,miscellaneous
9249,Unnamed,59.79085374642613,76.69112034880916,miscellaneous
9250,Unnamed,59.871597226987284,76.48526594765919,miscellaneous
9251,Unnamed,59.987336567647475,76.4020408033352,miscellaneous
9252,Unnamed,59.65202751410617,77.16831929662258,miscellaneous
9253,Unnamed,59.87379292491162,76.96759600486406,miscellaneous
9254,Unnamed,60.000308753642926,76.77331131249704,miscellaneous
9255,Unnamed,60.084909300056076,76.57793080035205,miscellaneous
9256,Unnamed,60.18342396802674,76.85304151789576,miscellaneous
9257,Unnamed,60.2676440398777,76.6679958924022,miscellaneous
9258,Unnamed,60.516920367501534,76.7477913067409,miscellaneous
9259,Unnamed,60.39506953715418,77.07307605373771,miscellaneous
9260,Unnamed,60.35484015988509,77.27257092877817,miscellaneous
9261,Unnamed,60.15565801301488,77.25285496503471,miscellaneous
9262,Unnamed,59.92590120946007,77.14777613979274,miscellaneous
9263,Unnamed,60.10030652837579,77.43069336131241,miscellaneous
9264,Unnamed,59.95577281621116,77.32227549805683,miscellaneous
9265,Unnamed,60.22232146111421,77.35571297929197,miscellaneous
9266,Unnamed,59.81995096537034,77.3209813895161,miscellaneous
9267,Unnamed,59.22213902467921,76.47590173976579,miscellaneous
9268,Unnamed,59.16375247541139,76.66288971927068,miscellaneous
9269,Unnamed,59.04022712077589,76.81335754812196,miscellaneous
9270,Unnamed,59.01512389783028,76.98234294501168,miscellaneous
9271,Unnamed,58.89336367665978,77.12895160146374,miscellaneous
9272,Unnamed,58.835534715149585,77.32725016198174,miscellaneous
9273,Unnamed,58.88968469156474,77.25054132229887,miscellaneous
9274,Unnamed,58.77915372246822,77.4719150473247,miscellaneous
9275,Unnamed,58.729905159158555,77.66541966267665,miscellaneous
9276,Unnamed,58.60823668777674,77.97484941379844,miscellaneous
9277,Unnamed,58.61017190883765,77.81413891264165,miscellaneous
9278,Unnamed,58.4255353452735,78.26537732047505,miscellaneous
9279,Unnamed,58.5215448625361,78.11640098422302,miscellaneous
9280,Unnamed,58.10905677208028,78.09211861215523,miscellaneous
9281,Unnamed,58.05029369769634,78.1842199226279,miscellaneous
9282,Unnamed,57.87116614331318,78.09672640269964,miscellaneous
9283,Unnamed,58.24354054898061,77.76002103498976,miscellaneous
9284,Unnamed,58.3611720106925,77.49260414593536,miscellaneous
9285,Unnamed,57.98987639078472,77.63309869457996,miscellaneous
9286,Unnamed,58.21369076894937,77.46430004582449,miscellaneous
9287,Unnamed,57.74095387766781,77.54606479509432,miscellaneous
9288,Unnamed,57.88207923657968,77.34908805834478,miscellaneous
9289,Unnamed,57.94554518918624,77.21564939782708,miscellaneous
9290,Unnamed,57.71106576004629,77.17968157503661,miscellaneous
9291,Unnamed,57.31987716801006,77.29062835092857,miscellaneous
9292,Unnamed,57.43677278416954,77.02093844217737,miscellaneous
9293,Unnamed,57.13257325771991,77.2582501907095,miscellaneous
9294,Unnamed,57.21454582662382,77.11934641678883,miscellaneous
9295,Unnamed,56.99014630144569,77.14028322660661,miscellaneous
9296,Unnamed,57.12919262047065,76.93364000729558,miscellaneous
9297,Unnamed,57.240559947333445,76.85105062461417,miscellaneous
9298,Unnamed,56.84799134350522,77.04140851824633,miscellaneous
9299,Unnamed,56.94811592977832,76.84924559857666,miscellaneous
9300,Unnamed,56.66072416887297,77.02180211572797,miscellaneous
9301,Unnamed,56.826912482004644,76.71024554379758,miscellaneous
9302,Unnamed,57.01527375696184,76.70827102697172,miscellaneous
9303,Unnamed,56.51359714003797,77.00163527083454,miscellaneous
9304,Unnamed,56.44059985987834,76.81952764594972,miscellaneous
9305,Unnamed,56.59704461657906,76.82924721343211,miscellaneous
9306,Unnamed,56.62751729110265,76.6785600598523,miscellaneous
9307,Unnamed,56.47197137722486,76.59109613732332,miscellaneous
9308,Unnamed,56.3521378166445,76.45391856636434,miscellaneous
9309,Unnamed,56.5136187380803,76.46221373684828,miscellaneous
9310,Unnamed,58.52141708019584,77.08902126528591,miscellaneous
9311,Unnamed,58.29607751551846,77.10185198020035,miscellaneous
9312,Unnamed,58.37267130815443,76.9825826888216,miscellaneous
9313,Unnamed,58.21950056231716,76.93470421807179,miscellaneous
9314,Unnamed,58.041689726829595,76.8966754129882,miscellaneous
9315,Unnamed,57.9020261766502,76.79762252638211,miscellaneous
9316,Unnamed,57.677765013937545,76.64517756353885,miscellaneous
9317,Unnamed,57.43434620113591,76.56476723258905,miscellaneous
9318,Unnamed,57.31018518146931,76.41473032593989,miscellaneous
9319,Unnamed,57.11623673634142,76.37677016475475,miscellaneous
9320,Unnamed,57.241597951142644,76.55165410405635,miscellaneous
9321,Unnamed,57.33436664856574,76.27153508682807,miscellaneous
9322,Unnamed,57.532556710097595,76.32435018338121,miscellaneous
9323,Unnamed,57.6801400836335,76.43773508202236,miscellaneous
9324,Unnamed,57.72165668687329,76.30163006107938,miscellaneous
9325,Unnamed,57.832558975962264,76.50325448535865,miscellaneous
9326,Unnamed,58.04610798215444,76.53519332003134,miscellaneous
9327,Unnamed,58.17896569415769,76.63387612973264,miscellaneous
9328,Unnamed,58.57594259365511,76.81736277353995,miscellaneous
9329,Unnamed,58.79591916255481,76.50095137271201,miscellaneous
9330,Unnamed,58.300922724400664,76.26505958599171,miscellaneous
9331,Unnamed,58.48266219837157,76.30312027756821,miscellaneous
9332,Unnamed,58.65262739527911,76.34547553137045,miscellaneous
9333,Unnamed,58.81666720924306,76.2888548208008,miscellaneous
9334,Unnamed,58.938015232813825,76.26621380070692,miscellaneous
9335,Unnamed,61.57366980442207,76.67272795401016,miscellaneous
9336,Unnamed,61.31391161318274,76.62503152936544,miscellaneous
9337,Unnamed,61.49002171923657,76.77670004684718,miscellaneous
9338,Unnamed,61.14573675059927,76.53258702733446,miscellaneous
9339,Unnamed,60.837825226236085,76.34904723999486,miscellaneous
9340,Unnamed,60.69556406007245,76.27121725635378,miscellaneous
9341,Unnamed,60.555832019473556,76.25617893609726,miscellaneous
9342,Unnamed,60.670086551310135,75.97937570224408,miscellaneous
9343,Unnamed,60.822480619657156,75.95777926860603,miscellaneous
9344,Unnamed,60.99004824242182,75.98066915671731,miscellaneous
9345,Unnamed,60.26795682613218,76.1883387444761,miscellaneous
9346,Unnamed,60.34752373000448,75.99263410641284,miscellaneous
9347,Unnamed,60.073467059181,76.07601115075053,miscellaneous
9348,Unnamed,59.58908675437479,75.87201208106747,miscellaneous
9349,Unnamed,59.417184052362785,75.91471919411848,miscellaneous
9350,Unnamed,59.22097632587473,75.89191243190598,miscellaneous
9351,Unnamed,59.00462381727335,75.88638465586597,miscellaneous
9352,Unnamed,58.823333348842446,75.91140331050322,miscellaneous
9353,Unnamed,58.65361872135517,75.89583137176707,miscellaneous
9354,Unnamed,58.49413496525203,75.94863364923337,miscellaneous
9355,Unnamed,58.34430106954268,75.95145088261306,miscellaneous
9356,Unnamed,58.18505118435484,75.95654682202616,miscellaneous
9357,Unnamed,57.64275850625562,75.93210050487423,miscellaneous
9358,Unnamed,57.46471949663313,75.91715041349171,miscellaneous
9359,Unnamed,57.270384728702375,75.93602873006957,miscellaneous
9360,Unnamed,56.94131161717655,75.9520229566483,miscellaneous
9361,Unnamed,60.668582674899895,76.88901471802785,miscellaneous
9362,Unnamed,60.82705088436311,76.95768677667068,miscellaneous
9363,Unnamed,60.96706940924644,77.0217345727546,miscellaneous
9364,Unnamed,61.135011030130336,77.10018311598695,miscellaneous
9365,Unnamed,61.33450134394681,77.16159755267121,miscellaneous
9366,Unnamed,60.71333894527259,76.73698123961897,miscellaneous
9367,Unnamed,60.85139004512966,76.79168673080761,miscellaneous
9368,Unnamed,61.04230518203971,76.88037841786668,miscellaneous
9369,Unnamed,61.2412816970925,76.97054420498452,miscellaneous
9370,Unnamed,61.39778095064571,77.02639621843656,miscellaneous
9371,Unnamed,57.61169554101618,77.93851929408365,miscellaneous
9372,Unnamed,57.409956732104995,77.86090064237709,miscellaneous
9373,Unnamed,57.27345825156092,77.76595597719772,miscellaneous
9374,Unnamed,57.11499014467213,77.73149406050325,miscellaneous
9375,Unnamed,56.821321104828236,77.52742645059216,miscellaneous
9376,Unnamed,56.661719196308624,77.43950038630132,miscellaneous
9377,Unnamed,56.49118874114246,77.36808924210035,miscellaneous
9378,Unnamed,56.31350266114619,77.34880424705825,miscellaneous
9379,Unnamed,56.37929842232663,77.21769548756086,miscellaneous
9380,Unnamed,56.2028697471424,77.19626988834176,miscellaneous
9381,Unnamed,56.28857253149611,77.04523194145762,miscellaneous
9382,Unnamed,58.71667511564883,73.83193948983447,miscellaneous
9383,Unnamed,58.85151424765531,74.17662216636735,miscellaneous
9384,Unnamed,63.13114212585169,72.32053004865682,transport
9385,2428 Grocers Corporation (Gina's Store),62.36282299771319,71.89114886437083,commercial
9386,Unnamed,63.48077291603311,71.79038119180217,miscellaneous
9387,Unnamed,63.25522105843493,71.724276606782,miscellaneous
9388,Unnamed,25.44353766394342,68.85012610620291,miscellaneous
9389,Unnamed,25.349408408885726,69.1109373977762,miscellaneous
9390,Unnamed,25.574550346626985,69.17995835401983,miscellaneous
9391,Unnamed,25.775131360500897,69.2541267895352,miscellaneous
9392,BFAR IVA National Stock Assessment Program Office,26.059722409567932,69.3647611466525,miscellaneous
9393,Unnamed,25.997524403675556,69.06156301226042,miscellaneous
9394,Unnamed,25.286056146157105,70.03821205210019,miscellaneous
9395,Unnamed,25.20537135824059,70.0148392739531,miscellaneous
9396,Unnamed,25.380086225751082,70.06553193719508,miscellaneous
9397,Unnamed,25.456979370607492,70.08780722702089,miscellaneous
9398,Unnamed,25.535973167448635,70.11070421188347,miscellaneous
9399,Unnamed,25.62552484756563,70.13671400383006,miscellaneous
9400,Unnamed,25.12075855779591,69.99028673102178,miscellaneous
9401,Unnamed,25.035221978388805,69.96549038243491,miscellaneous
9402,Unnamed,25.13870996248908,69.79871982599285,miscellaneous
9403,Unnamed,25.47023413653794,69.89338980774458,miscellaneous
9404,Unnamed,24.98876688466912,70.23292894846485,miscellaneous
9405,Unnamed,25.156641790534778,70.28179301327539,miscellaneous
9406,Unnamed,25.325671923640147,70.33086994834436,miscellaneous
9407,Unnamed,25.495425943057725,70.38025230041069,miscellaneous
9408,Unnamed,25.441321693909913,69.66850765385435,miscellaneous
9409,Unnamed,25.505192612662857,69.46655594536902,miscellaneous
9410,Unnamed,26.00924828847192,70.57942850581729,miscellaneous
9411,Unnamed,26.06662917908994,70.19349011707541,miscellaneous
9412,Unnamed,26.124760653659607,69.79531898517071,miscellaneous
9413,Bambang Health Center,27.95213091680926,69.15756819350536,special
9414,Bambang Barangay Hall,27.794623990966173,69.0973757743142,special
9415,Unnamed,28.072974074932837,68.85210190290404,school
9416,Unnamed,28.012281199520057,69.02195098781027,school
9417,Unnamed,28.406203540510198,67.98983526112646,school
9418,Unnamed,28.097652489043178,67.77838822091567,school
9419,Unnamed,27.336985757715667,68.6667747673327,school
9420,Unnamed,27.259408193094973,68.84338958537293,school
9421,Unnamed,27.497668316377744,68.3066604522352,school
9422,Unnamed,27.686105439729463,67.84725702736426,school
9423,Unnamed,27.843099938102988,68.96135726605048,school
9424,Unnamed,93.76917484041452,33.12663174687148,miscellaneous
9425,Unnamed,63.260734422535,24.94783323669634,miscellaneous
9426,Unnamed,70.10585881439452,72.98646938515651,miscellaneous
9427,Unnamed,69.36400945287824,72.83856774384383,miscellaneous
9428,Unnamed,69.29466212861067,72.0843622895066,miscellaneous
9429,Unnamed,76.60769772305264,74.57246104787376,miscellaneous
9430,Unnamed,87.10672876785696,65.43545857531178,miscellaneous
9431,Unnamed,86.48905622557604,65.52869777217833,miscellaneous
9432,Unnamed,86.38467097377398,65.81085971347714,miscellaneous
9433,Unnamed,87.02931158681953,65.62976283693447,miscellaneous
9434,Unnamed,84.84785994080305,65.79039295101829,miscellaneous
9435,Unnamed,85.21786839847461,65.05446690345464,miscellaneous
9436,Unnamed,84.70343678107382,64.88419573138397,miscellaneous
9437,Unnamed,82.85028513194615,65.21354536314745,miscellaneous
9438,Unnamed,83.05394195426429,65.22003384306272,miscellaneous
9439,Unnamed,81.88664703632247,64.51830255210157,miscellaneous
9440,Unnamed,82.20421074039396,64.50818387388047,miscellaneous
9441,Unnamed,82.33989683890967,64.58982145716472,miscellaneous
9442,Unnamed,91.96732595695288,63.5659240590002,residential
9443,Unnamed,91.82423605428558,64.41970562486104,residential
9444,Unnamed,91.6165461299295,64.24383205171269,residential
9445,Unnamed,92.42340436803273,64.82851639241358,residential
9446,Unnamed,92.82083879060332,63.99111226654979,residential
9447,Unnamed,93.15392837706324,64.40317248950092,residential
9448,Unnamed,81.59994361213234,65.26597795849565,miscellaneous
9449,Unnamed,80.37472478808144,65.46000072161442,miscellaneous
9450,Unnamed,81.0887787395536,65.55740836135536,miscellaneous
9451,Unnamed,80.99380563892832,65.0735375329164,miscellaneous
9452,Unnamed,79.73353201166795,66.29970752003472,miscellaneous
9453,Unnamed,78.71757870315608,66.28882445099575,miscellaneous
9454,Unnamed,78.57536588092118,66.63371032471001,miscellaneous
9455,Unnamed,78.43377894253157,66.4438357485156,miscellaneous
9456,Unnamed,78.98711724695823,65.86454761837305,miscellaneous
9457,Unnamed,78.86186428937937,66.08172362404618,miscellaneous
9458,Unnamed,79.76758361860881,68.44989603331912,miscellaneous
9459,Unnamed,79.579093210021,68.38425717667572,miscellaneous
9460,Unnamed,80.13541558830431,68.4239992212223,miscellaneous
9461,Unnamed,80.37469776379442,67.44792408068,miscellaneous
9462,Unnamed,80.75459805668389,68.25567374985961,miscellaneous
9463,Unnamed,78.9148841211096,68.37271010150378,miscellaneous
9464,Unnamed,78.59688801696791,68.71805293907117,miscellaneous
9465,Unnamed,78.90507267811763,68.75766883485454,miscellaneous
9466,Unnamed,79.44465348112826,68.82763106395278,miscellaneous
9467,Unnamed,79.38138106003704,69.10682211718276,miscellaneous
9468,Unnamed,79.14376796047166,69.14597508397591,miscellaneous
9469,Unnamed,78.82445594798388,68.99034362701708,miscellaneous
9470,Unnamed,78.81238403657946,68.57109450674083,miscellaneous
9471,Unnamed,78.45706871905844,68.46615301404636,miscellaneous
9472,Unnamed,78.57298319375188,68.49427394534092,miscellaneous
9473,Unnamed,78.27606598047754,68.78477510538903,miscellaneous
9474,Unnamed,78.16880781479183,68.9431379394608,miscellaneous
9475,Unnamed,78.14546095680556,69.08420457529438,miscellaneous
9476,Unnamed,77.99825372639737,68.89887191941561,miscellaneous
9477,Unnamed,77.18028074248569,68.74960294704584,miscellaneous
9478,Unnamed,76.99489093426935,68.75069996176565,miscellaneous
9479,Unnamed,76.62929284878236,68.58382236535373,miscellaneous
9480,Unnamed,76.55357512841489,68.77305365811482,miscellaneous
9481,Unnamed,76.33319598190346,68.48104361380857,miscellaneous
9482,Unnamed,76.42831489153222,68.53558702489543,miscellaneous
9483,Unnamed,77.3266436445259,67.87624527502662,miscellaneous
9484,Unnamed,77.18064912582243,68.1758750612033,miscellaneous
9485,Unnamed,77.32857976040334,68.25472628972659,miscellaneous
9486,Unnamed,76.54519056293509,69.3002551489112,miscellaneous
9487,Unnamed,77.8496597413603,69.78165166069392,miscellaneous
9488,Unnamed,77.95770036763247,69.59328849478153,miscellaneous
9489,Unnamed,77.71481802487912,69.53043466146502,miscellaneous
9490,Unnamed,77.65198029739683,69.82807828017422,miscellaneous
9491,Unnamed,78.05521388408178,69.28785498721632,miscellaneous
9492,Unnamed,76.84421706099138,68.18398305250263,miscellaneous
9493,Unnamed,76.87645906477212,68.6978857736205,miscellaneous
9494,Unnamed,76.81775295125212,69.59312858234938,miscellaneous
9495,Unnamed,77.44191172498202,69.36100869967393,miscellaneous
9496,Unnamed,76.50825096880229,69.13040276518375,miscellaneous
9497,Unnamed,77.20854081133342,67.52305302508341,miscellaneous
9498,Unnamed,76.09842238255663,63.515194326518085,miscellaneous
9499,Unnamed,74.49485503520937,63.28860090544283,miscellaneous
9500,Unnamed,84.68209081747223,68.55111083803052,miscellaneous
9501,Unnamed,83.95482622820248,68.5751198415382,miscellaneous
9502,Unnamed,83.85245393110165,68.84123390948277,miscellaneous
9503,Unnamed,84.35899615276271,68.73951096353366,miscellaneous
9504,Unnamed,84.12309194117574,68.67203875646234,miscellaneous
9505,Unnamed,83.82612134213973,69.1033583639975,miscellaneous
9506,Unnamed,83.68475493727956,69.33602273265363,miscellaneous
9507,Unnamed,83.3999516076729,69.14755124160672,miscellaneous
9508,Unnamed,83.54442935618829,69.00860509723653,miscellaneous
9509,Unnamed,80.81287352720548,67.75499849376016,miscellaneous
9510,Unnamed,81.42659327071492,67.83319255435124,miscellaneous
9511,Unnamed,80.17354481262561,67.58954780605302,miscellaneous
9512,Unnamed,78.72380573829176,68.09226585773183,miscellaneous
9513,Unnamed,78.99874002962758,68.19185477383566,miscellaneous
9514,Unnamed,78.83862902933426,68.11071104468579,miscellaneous
9515,Unnamed,78.7541752254048,67.84356543418741,miscellaneous
9516,Unnamed,78.3421422439981,67.57903620065039,miscellaneous
9517,Unnamed,82.47652969850198,86.23126309652382,miscellaneous
9518,Unnamed,82.64015344228486,86.14657902577896,miscellaneous
9519,Unnamed,82.7511499282985,86.01667160437671,miscellaneous
9520,Unnamed,83.21869719981649,85.93370842038871,miscellaneous
9521,Unnamed,82.43905423245145,86.68174266806807,miscellaneous
9522,Unnamed,81.72116079300534,87.1456117133805,miscellaneous
9523,Unnamed,81.05015542397781,86.94312748652597,miscellaneous
9524,Unnamed,81.40519461555762,87.18530094009019,miscellaneous
9525,Unnamed,80.44762464154364,87.57392087261583,miscellaneous
9526,Unnamed,80.29511759979756,87.53424080574305,miscellaneous
9527,Unnamed,79.39131376894078,87.9954134357654,miscellaneous
9528,Unnamed,79.70140217635459,87.9470116264685,miscellaneous
9529,Unnamed,79.54662874556286,87.17959389271743,miscellaneous
9530,Unnamed,67.34862824800435,71.28616868290848,miscellaneous
9531,Unnamed,91.80153985658431,74.92344663229359,miscellaneous
9532,Unnamed,91.71232138377981,74.9288186651795,miscellaneous
9533,Unnamed,91.62336219023375,74.92920321228964,miscellaneous
9534,Unnamed,91.53571931797518,74.94214131769877,miscellaneous
9535,Unnamed,91.4531949380871,74.93622394887845,miscellaneous
9536,Unnamed,91.36720246084758,74.93493428740084,miscellaneous
9537,Unnamed,91.89977762481129,74.92748300759231,miscellaneous
9538,Unnamed,91.66289951208995,74.64412884661601,miscellaneous
9539,Unnamed,91.9020749108575,74.63404044761516,miscellaneous
9540,Unnamed,91.75476047628919,74.63900927372164,miscellaneous
9541,Unnamed,92.27633841865864,74.63339858449456,miscellaneous
9542,Unnamed,92.04490900254224,74.62102499903186,miscellaneous
9543,Unnamed,92.37354875815662,74.6361429680471,miscellaneous
9544,Unnamed,92.58638107362414,74.59474475404046,miscellaneous
9545,Unnamed,92.69383351083275,74.6145228338091,miscellaneous
9546,Unnamed,92.87685644537186,74.619075082148,miscellaneous
9547,Unnamed,93.10643654534601,74.60281192776158,miscellaneous
9548,Unnamed,93.29750670874864,74.62115628408668,miscellaneous
9549,Unnamed,92.73446361197152,74.90062092385757,miscellaneous
9550,Unnamed,92.8774067876867,74.89677438513307,miscellaneous
9551,Unnamed,93.01721879351462,74.89812330683172,miscellaneous
9552,Unnamed,93.17898894816793,74.8989422513085,miscellaneous
9553,Unnamed,93.4252485462325,74.88051600053748,miscellaneous
9554,Unnamed,90.76787272193286,74.6698432628917,miscellaneous
9555,Unnamed,91.20723584364976,74.93747072754796,miscellaneous
9556,Unnamed,91.10861001687373,74.92523036907806,miscellaneous
9557,Unnamed,91.0181128379669,74.93503799980384,miscellaneous
9558,Unnamed,90.75452948678904,74.92948888037417,miscellaneous
9559,Unnamed,90.66476914227768,74.92940698592531,miscellaneous
9560,Unnamed,90.4923202805026,74.9326985031043,miscellaneous
9561,Unnamed,90.58272233098728,74.93933409120609,miscellaneous
9562,Unnamed,90.39463546290226,74.95127280350984,miscellaneous
9563,Unnamed,93.65055473073129,74.58175646147794,miscellaneous
9564,Unnamed,93.74082217732355,74.66924776241343,miscellaneous
9565,Unnamed,93.79673268258989,74.89059691384254,miscellaneous
9566,Unnamed,94.05899688553686,74.8926363788263,miscellaneous
9567,Unnamed,93.96640732360729,74.88799245759773,miscellaneous
9568,Unnamed,91.5818357998158,72.35191022765154,miscellaneous
9569,Unnamed,91.83405653197882,72.42597560855553,miscellaneous
9570,PTT,97.67807924980491,66.04611543289411,commercial
9571,Unnamed,96.84784613930756,66.3235289300281,miscellaneous
9572,Unnamed,97.79066619432378,66.26992866422935,miscellaneous
9573,Unnamed,86.17937811674705,69.89391252775759,miscellaneous
9574,Unnamed,85.8785584395785,70.40744125711169,miscellaneous
9575,Unnamed,89.48678978165988,70.29183619438437,miscellaneous
9576,Unnamed,88.07822947334843,68.04626053571748,miscellaneous
9577,Unnamed,86.86119392111372,69.81264188213,miscellaneous
9578,Unnamed,99.15040398663254,58.0415442078959,residential
9579,Unnamed,99.07852247339936,60.27930920394874,miscellaneous
9580,Unnamed,98.94768010588771,60.41083168725414,miscellaneous
9581,Unnamed,98.7195306105611,60.84611996856282,miscellaneous
9582,Unnamed,98.77366285763787,60.84315247763513,miscellaneous
9583,Unnamed,98.83761128968118,60.84102322199727,miscellaneous
9584,Unnamed,98.8982266518697,60.84077753864783,miscellaneous
9585,Unnamed,86.27627463415621,60.022272995601,residential
9586,Unnamed,86.49127191626164,59.40843529811622,residential
9587,Unnamed,88.18072431332016,67.63239338918362,miscellaneous
9588,Unnamed,86.92082348932787,67.76506847213999,miscellaneous
9589,Unnamed,89.87821232733629,70.46802894215548,miscellaneous
9590,Unnamed,87.84652485161878,70.0816703672188,miscellaneous
9591,Unnamed,63.08625080482821,66.94328040336404,commercial
9592,SteadFast,99.54476467753864,65.38370824611455,commercial
9593,Maria-Victoria Building,98.88005049560405,65.40851483888524,miscellaneous
9594,Uno Fuel,99.2286656403824,65.36176053408408,commercial
9595,Unnamed,89.3175335470796,63.02011445115363,miscellaneous
9596,Unnamed,85.85371129431776,62.572489310606905,miscellaneous
9597,Unnamed,86.94746616934383,62.82565327201952,miscellaneous
9598,Unnamed,87.81584711908653,65.34775658349812,miscellaneous
9599,Unnamed,88.17760146097234,64.3992550880976,miscellaneous
9600,Unnamed,87.75058163762269,65.69618934311913,miscellaneous
9601,Unnamed,87.28962103197753,65.69593811537764,miscellaneous
9602,Unnamed,87.52784980791041,66.48798966633383,miscellaneous
9603,Unnamed,86.53734355888803,66.52793747195247,miscellaneous
9604,Unnamed,86.37602317333297,66.39233334203851,miscellaneous
9605,Unnamed,86.11654870134063,66.2992536217589,miscellaneous
9606,Unnamed,86.03639668654097,66.59837679090505,miscellaneous
9607,Unnamed,86.52085708318602,66.13601005146319,miscellaneous
9608,Unnamed,87.1394664918341,66.10110360957401,miscellaneous
9609,Unnamed,95.25718041143945,74.58101137504586,miscellaneous
9610,Unnamed,96.00229657849411,72.62785092912307,miscellaneous
9611,Unnamed,100.92921793932356,71.3485135319872,miscellaneous
9612,Unnamed,100.79052950110187,71.2837362886484,miscellaneous
9613,Unnamed,86.32736016220137,70.66606392353165,miscellaneous
9614,Unnamed,86.53744652634518,70.20102718649748,miscellaneous
9615,Unnamed,86.79612979572615,69.93073118733383,miscellaneous
9616,Unnamed,87.48583497994852,70.51802423579679,miscellaneous
9617,Unnamed,87.42596454947714,70.38938887889451,miscellaneous
9618,Unnamed,87.44131489297617,70.33778329648092,miscellaneous
9619,Unnamed,87.6599421337622,70.28967704105446,miscellaneous
9620,Unnamed,89.59974103890116,70.32805612469801,miscellaneous
9621,Unnamed,89.77508748879973,70.15075559135008,miscellaneous
9622,Unnamed,89.9521898268716,69.55377353237223,miscellaneous
9623,Unnamed,89.55167885950632,69.14290908733449,miscellaneous
9624,Unnamed,89.56138107423358,69.03808418217217,miscellaneous
9625,Unnamed,89.62247048072008,68.82504071560798,miscellaneous
9626,Unnamed,89.15337533283301,68.90421886489439,miscellaneous
9627,Unnamed,88.91177959298119,68.133894154854,miscellaneous
9628,Unnamed,89.11738630027406,67.98636234136303,miscellaneous
9629,Unnamed,88.7299608868051,68.16410664622646,miscellaneous
9630,Unnamed,88.02017204837554,67.86863147825865,miscellaneous
9631,Unnamed,87.84872674384032,67.67191907459488,miscellaneous
9632,Unnamed,92.32851355939735,69.90346282483564,miscellaneous
9633,Unnamed,91.97551821484883,69.76588015239165,miscellaneous
9634,Unnamed,91.47846541148506,68.87881392447368,miscellaneous
9635,Unnamed,92.25077853090762,69.45741929630717,miscellaneous
9636,ICropS Lanzones Area,68.42461151036441,44.765310123502196,miscellaneous
9637,ICropS B.I.G.,70.34278289429636,40.99614088393647,miscellaneous
9638,ICropS Headhouse Demonstration Area 2,70.78239804714121,40.23492278298094,miscellaneous
9639,ICropS Headhouse Demonstration area 1,70.5662971985625,40.57370283366215,miscellaneous
9640,ICropS Instruction Demonstration Area Rice,71.53709959798962,41.27524883280651,miscellaneous
9641,ICropS Orchard 2,70.30961492913679,42.604136450543514,miscellaneous
9642,ICropS Plantation Crops Nursery,69.67050095886563,38.57418066498904,miscellaneous
9643,ICropS Instruction Demonstration Area ASH,69.4506158687563,39.46284182838128,miscellaneous
9644,ICropS Tool Room,70.40654869679442,39.63593784558626,miscellaneous
9645,ICropS Tissue Culture Greenhouse,69.63765810896217,39.112459443126525,miscellaneous
9646,ICropS Vegetable demonstration area,75.23593923286283,46.134665599408656,miscellaneous
9647,ICropS IRRI Lowland Makapuno Area,88.72544012783314,48.773884282127774,miscellaneous
9648,ICropS Fruit Crops Nursery,67.324942274013,45.022738526797966,miscellaneous
9649,Seniors' Social Garden Parking,66.46126608694561,43.993284699013365,commercial
9650,PhilRice Rice Drying,70.55841480892518,39.46416861898477,miscellaneous
9651,ICropS Tissue Culture Greenhouse Shed,69.82724937102212,38.8971268403278,miscellaneous
9652,ICropS Landscaping Greenhouse,66.9384444729174,46.01666349758769,miscellaneous
9653,ICropS Tool Room Screenhouse,70.46218497608177,39.881451378331434,miscellaneous
9654,Unnamed,93.69467147816391,60.91024483472881,miscellaneous
9655,Unnamed,90.73158556456583,67.87297188400066,miscellaneous
9656,Unnamed,90.05939065287734,66.93437961680226,miscellaneous
9657,Unnamed,91.50841767233973,67.32166930048722,miscellaneous
9658,Unnamed,92.28197374935341,68.38481189183604,miscellaneous
9659,Unnamed,92.39128564966398,68.56772273089274,miscellaneous
9660,Unnamed,92.66166393618867,68.63757202702739,miscellaneous
9661,Unnamed,92.47483112558771,69.56929985520321,miscellaneous
9662,Unnamed,91.73190619561524,69.36169855410876,miscellaneous
9663,Unnamed,91.46813323901566,71.00710173205938,miscellaneous
9664,Unnamed,93.03985305824584,66.8558929603315,miscellaneous
9665,Unnamed,97.57060867531749,66.12061913459503,commercial
9666,Unnamed,95.1762381887096,66.26423451276233,miscellaneous
9667,Unnamed,58.189458977616404,82.0397435022073,miscellaneous
9668,Unnamed,58.347969771242546,81.80653745985474,miscellaneous
9669,Unnamed,57.22516514200421,82.95866623426532,miscellaneous
9670,Unnamed,57.6448311036487,82.98795230191568,miscellaneous
9671,Unnamed,57.58062530695951,83.20526557180727,miscellaneous
9672,Unnamed,57.85342387537228,83.0818856900314,miscellaneous
9673,Unnamed,57.402127893767215,83.10329182922818,miscellaneous
9674,Unnamed,56.503351077658145,82.61072862012308,miscellaneous
9675,Unnamed,56.90457821122173,82.71385203528138,miscellaneous
9676,Unnamed,56.9877420545012,82.96873925135348,miscellaneous
9677,Unnamed,56.94193802649548,82.36170576366077,miscellaneous
9678,Unnamed,57.40995398200429,82.60540297557019,miscellaneous
9679,Unnamed,57.14800257187693,82.53938744070194,miscellaneous
9680,Unnamed,57.914819560585116,82.82382535226624,miscellaneous
9681,Unnamed,58.014571830047615,82.66889280697652,miscellaneous
9682,Unnamed,58.252739292026014,82.97229008841784,miscellaneous
9683,Unnamed,58.294282899747316,82.81097153789888,miscellaneous
9684,Unnamed,58.77924954807043,83.04836864297793,miscellaneous
9685,Unnamed,59.369306739345184,84.74272619173692,miscellaneous
9686,Unnamed,59.690208912220236,84.60925197512734,miscellaneous
9687,Unnamed,58.6969381111598,84.86657633127625,miscellaneous
9688,Unnamed,58.859221984010944,84.96925682426468,miscellaneous
9689,Unnamed,59.69101667930246,87.2259402301539,miscellaneous
9690,Unnamed,59.24934617573467,87.32232999531092,miscellaneous
9691,Unnamed,59.49046136072016,87.12168045704509,miscellaneous
9692,Unnamed,80.48592499063905,64.19601351871049,miscellaneous
9693,Unnamed,80.8288801970372,63.68333382469691,miscellaneous
9694,Unnamed,80.84391776776447,63.55852668612373,miscellaneous
9695,Unnamed,80.87391809483026,63.42455254775352,miscellaneous
9696,Unnamed,80.9450583419943,63.28379942411032,miscellaneous
9697,Unnamed,81.12576256445976,64.28719279172195,miscellaneous
9698,Unnamed,78.07471040872058,63.03695514613597,miscellaneous
9699,Unnamed,77.61231854497854,64.35844125215158,miscellaneous
9700,Unnamed,80.89848265513304,65.31994172927938,miscellaneous
9701,Unnamed,80.79805153746473,64.96985823378884,miscellaneous
9702,Unnamed,80.68144999389456,64.52774747683081,miscellaneous
9703,Unnamed,86.0424471287777,47.36953050256223,miscellaneous
9704,Unnamed,86.32681756949938,47.66199540736304,miscellaneous
9705,Unnamed,87.18365217602599,46.775307787036056,miscellaneous
9706,Unnamed,87.23147472057595,46.40442426565585,miscellaneous
9707,Unnamed,87.4564956879458,46.406635415745455,miscellaneous
9708,Unnamed,87.58134263158138,45.43642756164029,miscellaneous
9709,Unnamed,73.33892979005904,64.65812343786699,miscellaneous
9710,Unnamed,74.65111820262732,62.87097855146682,miscellaneous
9711,Unnamed,74.76912678225447,62.92228872051433,miscellaneous
9712,Unnamed,75.57616612626728,66.02976934593482,miscellaneous
9713,Unnamed,32.41022802847251,63.68923022494655,miscellaneous
9714,Unnamed,32.43038147371918,63.51528641764192,miscellaneous
9715,Unnamed,32.36669422805652,63.810340144101474,miscellaneous
9716,Unnamed,32.39464786504326,63.94392195786869,miscellaneous
9717,Unnamed,32.38643146042998,64.0408849841676,miscellaneous
9718,Unnamed,32.241704601932845,63.81522501431151,miscellaneous
9719,Unnamed,32.48082443957207,63.2123347267404,miscellaneous
9720,Unnamed,32.4780474484235,63.09184213727175,miscellaneous
9721,Unnamed,32.12005013918694,62.68649730050705,miscellaneous
9722,Unnamed,32.293189466471226,62.772116360178224,miscellaneous
9723,Unnamed,32.64484113040401,63.445480426846835,miscellaneous
9724,Unnamed,32.7587134661199,63.479044016324934,miscellaneous
9725,Unnamed,32.71443263612374,63.63273010243171,miscellaneous
9726,Unnamed,32.683486793018155,63.94125134108476,miscellaneous
9727,Unnamed,32.64682367797694,64.08608438987856,miscellaneous
9728,Unnamed,32.36046452142528,62.41241388798865,miscellaneous
9729,Unnamed,32.608750833947425,64.42268211875258,miscellaneous
9730,Unnamed,32.64800395104645,64.22191733508093,miscellaneous
9731,Unnamed,32.93284530071649,63.65779664823614,miscellaneous
9732,Unnamed,32.81646954285676,65.28433213652255,miscellaneous
9733,Unnamed,32.70062434192454,65.22124217935361,miscellaneous
9734,Unnamed,32.350997398548664,65.22717648489564,miscellaneous
9735,Unnamed,31.917044934581252,65.75244632607365,miscellaneous
9736,Unnamed,33.006139816705804,64.25470581367199,miscellaneous
9737,Unnamed,32.98725860673628,64.36520464161018,miscellaneous
9738,Unnamed,32.82128079794986,62.5517982382926,miscellaneous
9739,Unnamed,32.50215874405619,66.44129314608824,miscellaneous
9740,Unnamed,32.264384380961694,66.2331873644462,miscellaneous
9741,Unnamed,31.96139857523985,65.87172215521497,miscellaneous
9742,Unnamed,31.835699812879437,66.28241791719287,miscellaneous
9743,Unnamed,31.75469526565189,66.39607733334881,miscellaneous
9744,Unnamed,31.688755396361774,66.53075436357646,miscellaneous
9745,Unnamed,33.14509411604532,65.59928180950355,miscellaneous
9746,Unnamed,33.58255769348088,66.1474844790718,miscellaneous
9747,Unnamed,91.74074173493615,55.59500515421528,miscellaneous
9748,Unnamed,49.45487478653238,21.202113252554213,miscellaneous
9749,Unnamed,49.97041899129459,21.520055114570624,miscellaneous
9750,Unnamed,47.85084310319577,21.28224893576693,miscellaneous
9751,Unnamed,73.42845759483151,63.16019209161608,miscellaneous
9752,Unnamed,73.39737478124133,63.26198689033843,miscellaneous
9753,Unnamed,73.28214669082404,63.07021498625519,miscellaneous
9754,Unnamed,73.17137982267603,63.21574324690427,miscellaneous
9755,Unnamed,73.8027690833651,63.04038051436402,miscellaneous
9756,Unnamed,74.16367077954176,63.20580729909102,miscellaneous
9757,Unnamed,74.34973626217088,63.124792157822206,miscellaneous
9758,Unnamed,74.2371817094722,63.417345984507826,miscellaneous
9759,Unnamed,74.3871414818096,63.68087699126368,miscellaneous
9760,Unnamed,74.59293058886865,63.46642282796906,miscellaneous
9761,Unnamed,74.61959206657446,63.16693647898922,miscellaneous
9762,Unnamed,75.11948667627499,62.971834861484176,miscellaneous
9763,Unnamed,75.35334752929292,62.60309023188895,miscellaneous
9764,Unnamed,75.43966877598064,62.4876653085945,miscellaneous
9765,Unnamed,75.50317726813819,62.388009342522054,miscellaneous
9766,Unnamed,75.86410862896817,62.39225157094863,miscellaneous
9767,Unnamed,76.68223132742243,62.570306383503734,miscellaneous
9768,Unnamed,76.33086725745495,64.36261747169253,miscellaneous
9769,Unnamed,76.004532974917,64.25266402638583,miscellaneous
9770,Unnamed,76.78168082835872,65.688355592242,miscellaneous
9771,Unnamed,76.85436140813286,65.72215794904902,miscellaneous
9772,Unnamed,76.92805813388914,65.7645844621381,miscellaneous
9773,Unnamed,76.99989058059018,65.7445860039541,miscellaneous
9774,Unnamed,76.59287981317905,65.75681462965953,miscellaneous
9775,Unnamed,76.4611135185713,65.56029189301452,miscellaneous
9776,Unnamed,77.0267777276188,66.61458179781089,miscellaneous
9777,Unnamed,77.31516911592517,66.51201849569541,miscellaneous
9778,Unnamed,76.28975529911146,66.35726749162085,miscellaneous
9779,Unnamed,73.13672325302029,65.55552127433934,miscellaneous
9780,Unnamed,73.07515219729784,65.38919517412289,miscellaneous
9781,Unnamed,73.14961614120347,64.81706819335486,miscellaneous
9782,Unnamed,73.06179139240525,64.62068358549635,miscellaneous
9783,Unnamed,73.1150618269321,64.10520234636896,miscellaneous
9784,Unnamed,73.7927290789845,64.27455782238631,miscellaneous
9785,Unnamed,73.70151054750373,64.60554635030549,miscellaneous
9786,Unnamed,73.62069045701661,64.70218265082849,miscellaneous
9787,Unnamed,73.84708381139093,64.71504513062273,miscellaneous
9788,Unnamed,73.93531674240525,64.56091472822737,miscellaneous
9789,Unnamed,73.65052045362124,64.96189569246427,miscellaneous
9790,Unnamed,74.02602576408182,64.40546760648769,miscellaneous
9791,Unnamed,74.16678862816956,64.24118730130427,miscellaneous
9792,Unnamed,74.18242958003559,63.722451806155746,miscellaneous
9793,Unnamed,74.27754072908027,63.79525573613638,miscellaneous
9794,Unnamed,75.09770545276812,63.414392457851,miscellaneous
9795,Unnamed,74.7983968053427,63.847408815351635,miscellaneous
9796,Unnamed,74.76237795920363,64.38315008157568,miscellaneous
9797,Unnamed,74.25063632806734,64.6393152421885,miscellaneous
9798,Unnamed,74.18114328406425,64.76004587110809,miscellaneous
9799,Unnamed,73.99655029628197,65.01076998778116,miscellaneous
9800,Unnamed,74.46163171592092,65.12565884083065,miscellaneous
9801,Unnamed,74.53836983430678,65.15972693115575,miscellaneous
9802,Unnamed,74.86245273622728,64.68531239455928,miscellaneous
9803,Unnamed,74.63867198095224,65.64937383505337,miscellaneous
9804,Unnamed,74.2611827777529,66.39900641503972,miscellaneous
9805,Unnamed,74.02298422915666,65.99079178827985,miscellaneous
9806,MCMAC Apartment Rental,65.09064858688035,62.698505281187366,residential
9807,Unnamed,90.65589818726171,61.871044486093204,miscellaneous
9808,Unnamed,90.85252259558816,61.41913796387212,miscellaneous
9809,Unnamed,100.5378326068622,59.941468102222395,residential
9810,Unnamed,99.38537024539174,58.070682805159166,residential
9811,Unnamed,100.18107714518342,57.8456157657662,residential
9812,Unnamed,96.10603099176164,58.23038893784205,miscellaneous
9813,Unnamed,95.48514328803157,58.23214438041321,miscellaneous
9814,Unnamed,92.96295951798437,55.526810604356314,miscellaneous
9815,Unnamed,92.85479993669928,55.63926302558547,miscellaneous
9816,Unnamed,92.74068250217744,55.764215129449724,miscellaneous
9817,Unnamed,92.62644266362146,55.86988498958807,miscellaneous
9818,Unnamed,92.72553643045933,56.448123143041286,miscellaneous
9819,Unnamed,87.39857868124501,72.7284634443081,miscellaneous
9820,Unnamed,45.80797924139823,71.09037610415476,miscellaneous
9821,Unnamed,28.240398203382128,69.18321153259535,residential
9822,Unnamed,2.6144157136239357,56.96439659049686,miscellaneous
9823,Unnamed,2.405359069721045,56.65013146425317,residential
9824,Unnamed,2.767035579798231,57.36068382116204,residential
9825,University Library and Knowledge Center,60.640178515280574,44.41096978793559,miscellaneous
9826,Unnamed,60.603099033019824,54.132258807160206,residential
9827,LAMBS,51.30760565602158,73.28210881696184,commercial
9828,Unnamed,30.545801804793594,46.59851410713971,miscellaneous
9829,Unnamed,30.547812417444735,46.73538636066649,miscellaneous
9830,Unnamed,31.04002249669057,47.03457551835812,miscellaneous
9831,Unnamed,30.770243429175252,47.34422877767891,miscellaneous
9832,Unnamed,21.67498064782395,68.7086219366029,miscellaneous
9833,Unnamed,22.12722877152151,68.38746922452331,miscellaneous
9834,Teaching and Learning Hub,94.93794315877064,62.13378075184305,school
9835,Unnamed,83.11331707327282,50.93355604776741,miscellaneous
9836,Unnamed,65.07998373382787,68.34306548298906,miscellaneous
9837,Kalaw Building,64.30158470796218,68.64135602011939,miscellaneous
9838,Unnamed,64.41579775273722,67.27637770616174,miscellaneous
9839,Unnamed,64.82254317498698,67.43893596821444,commercial
9840,Unnamed,64.62722923653496,67.56244807759292,commercial
9841,Mister Donut,64.2011552681437,69.6057828342468,commercial
9842,Unnamed,64.37510112743121,69.07470506344436,commercial
9843,Unnamed,64.42071222727337,68.3992631292819,commercial
9844,Unnamed,64.94594185028781,68.57531582205714,miscellaneous
9845,Unnamed,64.93946128750817,67.96962290690777,miscellaneous
9846,Unnamed,61.014116295925945,70.1796797797051,miscellaneous
9847,Unnamed,60.99758659895833,70.28061125216927,miscellaneous
9848,Unnamed,60.322026270691495,69.82480803944368,transport
9849,Unnamed,60.78069652968428,69.97752746759413,residential
9850,Dimsum Panda,59.760432308668186,70.4565908774537,commercial
9851,Franks N' Burgers,59.830307991166244,70.45027205336095,commercial
9852,Unnamed,60.64788810733898,70.12256096629145,miscellaneous
9853,Unnamed,59.90511852872215,70.95857258697409,residential
9854,Unnamed,60.71094502670973,70.71925233179074,commercial
9855,Unnamed,60.75773240723771,70.85123091326983,residential
9856,Unnamed,61.327247722796294,70.64588779690301,miscellaneous
9857,Unnamed,61.19091762298403,69.7551408193352,miscellaneous
9858,Unnamed,63.83610066460147,70.0928468217312,commercial
9859,Unnamed,63.54650575918971,70.28587753836163,residential
9860,Unnamed,63.569620582642614,70.38653922513025,residential
9861,Unnamed,63.58944669062776,69.4641209773435,residential
9862,Unnamed,62.93459940689036,69.90866200561935,miscellaneous
9863,Unnamed,62.55260939300056,69.96105861869282,miscellaneous
9864,Unnamed,61.36638990701364,69.95834579670883,residential
9865,Unnamed,61.08267556090687,70.31425596720628,miscellaneous
9866,Unnamed,61.80846597386698,68.59766234192958,residential
9867,Unnamed,60.68432693607176,68.54903778826986,residential
9868,Unnamed,59.32137830493613,66.7803647326953,miscellaneous
9869,Unnamed,58.95024185659865,66.59827390801381,miscellaneous
9870,Unnamed,59.742397694344916,66.88021047167102,miscellaneous
9871,Unnamed,60.36184250668049,67.90459785616007,miscellaneous
9872,Unnamed,59.681313725779326,67.48844010591054,miscellaneous
9873,Unnamed,59.490602440438714,68.57993913303434,miscellaneous
9874,Unnamed,59.84696389687306,68.47050436579872,miscellaneous
9875,Unnamed,58.9226599220334,70.14141002126128,miscellaneous
9876,Unnamed,58.813459908793455,69.73136570025103,commercial
9877,Unnamed,58.32032171600036,69.81070301626524,commercial
9878,Unnamed,58.31745855283421,70.35603634875635,miscellaneous
9879,Unnamed,57.012637698764024,70.47135304335664,miscellaneous
9880,Unnamed,57.469118970504674,70.51789083801488,miscellaneous
9881,Unnamed,88.73574482015854,82.21930866404318,miscellaneous
9882,Unnamed,88.60280906992001,82.59185188812691,miscellaneous
9883,Unnamed,89.09523726723927,84.41035850383514,miscellaneous
9884,Unnamed,86.95667937044921,84.96928790927866,miscellaneous
9885,Unnamed,87.44928695560037,85.07768507326169,miscellaneous
9886,Unnamed,87.16956074105904,85.46370145882335,miscellaneous
9887,Unnamed,87.5256507072071,84.49431263526596,miscellaneous
9888,Unnamed,88.02513289646848,83.49794117357871,miscellaneous
9889,Unnamed,87.80228230012686,83.99643267784933,miscellaneous
9890,Unnamed,87.53710993413044,84.10221189936382,miscellaneous
9891,Unnamed,87.48893617772352,83.8667220219832,miscellaneous
9892,Unnamed,86.79952425950647,86.15935466064057,miscellaneous
9893,Unnamed,86.67747617026603,86.60713220542469,miscellaneous
9894,Unnamed,85.53583312689102,85.03557210818445,miscellaneous
9895,Unnamed,80.35934307447494,87.68677865421802,miscellaneous
9896,Unnamed,80.17692761420417,87.5377443495316,miscellaneous
9897,Unnamed,80.21427763077777,87.63598573071197,miscellaneous
9898,Unnamed,80.24757400057571,87.76425682041655,miscellaneous
9899,Unnamed,80.07010298411143,87.50610113636883,miscellaneous
9900,Unnamed,80.12203686216489,87.6594075428041,miscellaneous
9901,Unnamed,79.97837545695438,87.55378116358344,miscellaneous
9902,Unnamed,80.02514529862049,87.71894480641618,miscellaneous
9903,Unnamed,79.81593703441874,87.9340815210107,miscellaneous
9904,Unnamed,79.78813628845533,87.78530686458467,miscellaneous
9905,Unnamed,79.7995343696718,87.85666454125709,miscellaneous
9906,Unnamed,79.79386696794425,87.68867310095241,miscellaneous
9907,Unnamed,79.79694223965718,87.54390605529511,miscellaneous
9908,Unnamed,79.68832865444348,87.59606360696736,miscellaneous
9909,Unnamed,79.61347242310673,87.7656246417115,miscellaneous
9910,Unnamed,79.66493001941336,87.84470334384777,miscellaneous
9911,Unnamed,79.56580177377538,87.64761474231065,miscellaneous
9912,Unnamed,80.1702515084281,86.96570928544106,miscellaneous
9913,Unnamed,80.54770008252524,86.01951395748492,miscellaneous
9914,Unnamed,61.88262767601985,70.74489700877092,commercial
9915,Unnamed,61.944917315159074,70.67138517573414,commercial
9916,Unnamed,61.864585131322734,70.82427533283213,commercial
9917,Unnamed,61.81607186299897,71.07079670041749,commercial
9918,Unnamed,61.80094946517766,71.15853125890125,commercial
9919,Unnamed,61.815355197190925,71.48628490146871,commercial
9920,Unnamed,61.748559188800826,71.38691076491116,commercial
9921,Unnamed,63.75195748933853,70.40995234284622,miscellaneous
9922,Unnamed,62.88544048109834,70.91938318669317,miscellaneous
9923,Unnamed,63.16108040620351,71.34761869322875,miscellaneous
9924,Unnamed,63.04260660806356,71.99447561505312,miscellaneous
9925,Unnamed,63.56661253692544,71.6051868150745,transport
9926,Unnamed,63.6509853519965,72.18831282157542,miscellaneous
9927,Unnamed,63.47210578350621,72.66145279534047,miscellaneous
9928,Unnamed,63.71242083712417,71.83199886177503,miscellaneous
9929,Unnamed,62.123661126058934,71.56022588268416,commercial
9930,Unnamed,62.11057951806177,71.47638708509847,commercial
9931,Unnamed,61.28183545361971,71.43486535534261,miscellaneous
9932,Unnamed,61.38289661358356,71.45849761177273,miscellaneous
9933,Unnamed,61.530212521117164,71.46741138231877,miscellaneous
9934,Unnamed,61.51947991743244,71.5168675628928,miscellaneous
9935,Unnamed,61.32806001308929,71.90207608206074,miscellaneous
9936,Unnamed,62.211373194398845,70.94628396165103,miscellaneous
9937,Unnamed,62.58426987919752,72.49234315976966,miscellaneous
9938,Unnamed,62.19304608888614,72.36336303590679,miscellaneous
9939,Unnamed,61.5552878764888,72.40312705759656,miscellaneous
9940,Unnamed,61.402618086528015,72.35966595267814,miscellaneous
9941,Unnamed,61.24253379231184,72.3461766629373,miscellaneous
9942,Unnamed,61.098992314985146,72.34858581084505,miscellaneous
9943,Unnamed,60.96497664846516,72.33722245252693,miscellaneous
9944,Unnamed,60.92203136146913,72.2354077579778,miscellaneous
9945,Unnamed,61.00123727844517,72.07283487340872,miscellaneous
9946,Unnamed,60.974187424619345,71.83845471254509,miscellaneous
9947,Unnamed,61.11434293329376,71.60369087660214,miscellaneous
9948,Unnamed,60.91433080486105,71.55003259399025,miscellaneous
9949,Unnamed,61.163070826939034,71.49950371964306,miscellaneous
9950,Unnamed,61.00043285245628,71.42144903612557,miscellaneous
9951,Unnamed,60.87333630074055,71.40772435154494,miscellaneous
9952,Unnamed,61.10615569187352,71.22790404162424,miscellaneous
9953,Unnamed,62.147070257035374,72.55806474770846,miscellaneous
9954,Unnamed,61.95615500572047,72.52890874293838,miscellaneous
9955,Unnamed,61.815964939178144,72.48567666106528,miscellaneous
9956,Unnamed,61.850131622271874,72.68676058051236,miscellaneous
9957,Unnamed,61.912609900549064,72.90876442214707,commercial
9958,Unnamed,61.73145567015171,72.97170003295733,commercial
9959,Unnamed,61.7472106856667,73.14984063340653,commercial
9960,Unnamed,61.367395756338205,73.16712036190832,miscellaneous
9961,Unnamed,61.33682562555213,72.94422409883812,miscellaneous
9962,Unnamed,61.446776538794566,72.50284445379123,miscellaneous
9963,Unnamed,61.17132760212554,73.47918723379357,miscellaneous
9964,Unnamed,61.44603420880209,73.6971569231374,miscellaneous
9965,Unnamed,62.32034366273845,75.34756003681973,miscellaneous
9966,Unnamed,62.26475070574897,75.45865237815478,miscellaneous
9967,Unnamed,62.31553784118218,74.82450019817902,miscellaneous
9968,Unnamed,62.18257307053088,75.00732871645566,miscellaneous
9969,Unnamed,61.94705641572422,74.94975851993189,residential
9970,Unnamed,61.74170724484976,74.95561320924895,residential
9971,Unnamed,61.53691723599488,74.97403946002579,residential
9972,Unnamed,62.38314059987663,72.65115168206397,miscellaneous
9973,Unnamed,62.29104365392305,72.62424206688665,miscellaneous
9974,Unnamed,63.6729686162243,71.40766028537413,miscellaneous
9975,Unnamed,63.88716592170507,71.19129321634229,commercial
9976,Minute Burger,63.93471213904234,70.94876355762575,commercial
9977,Unnamed,63.863503702462765,71.29360028415235,miscellaneous
9978,Unnamed,63.97174350252697,70.89128759834496,commercial
9979,Unnamed,63.99000736695923,70.81512819165553,commercial
9980,V.E. Eusebio Building,63.974604956009095,70.51600691108759,commercial
9981,Unnamed,64.10677717048954,70.38148148450577,miscellaneous
9982,Unnamed,61.906038021388554,69.53311587548595,residential
9983,Unnamed,61.5458740147468,68.46582878178967,residential
9984,Unnamed,61.48421622822289,68.5616751324152,residential
9985,Unnamed,61.137790211494156,68.3913662475459,residential
9986,Unnamed,61.21830249254745,68.23925956161028,residential
9987,Unnamed,61.27878714574185,68.10699437497159,residential
9988,Unnamed,61.65066206840998,67.08863061067981,residential
9989,Unnamed,61.55218734641695,67.3974927195838,residential
9990,Unnamed,61.48526531919134,67.51672542558852,residential
9991,Unnamed,63.412684176910574,68.04358035966641,residential
9992,Unnamed,63.32778025546906,68.03766998721177,residential
9993,Unnamed,61.938393775697456,73.58747406363193,residential
9994,Unnamed,62.09483107751056,73.63823612698862,residential
9995,Unnamed,62.26477236538882,73.6665170485525,residential
9996,Unnamed,62.31699897736477,73.45728359191061,residential
9997,Unnamed,62.17750327709011,73.37993527968038,residential
9998,Unnamed,62.01706184328991,73.37411756420177,residential
9999,Unnamed,62.38636402550711,73.82078085678029,residential
10000,Unnamed,62.17674162166499,73.93865591188086,residential
10001,Unnamed,61.9599541694295,73.88811241679497,residential
10002,Unnamed,62.34434223241967,73.9904745818005,residential
10003,Unnamed,61.627499235122215,73.44928092777597,transport
10004,Unnamed,61.29548898659668,74.08998234268331,miscellaneous
10005,Unnamed,62.31501829494574,74.6488077470166,miscellaneous
10006,Unnamed,61.733760806512585,74.53764032455167,miscellaneous
10007,Unnamed,60.8244712590441,73.20345006410469,miscellaneous
10008,Unnamed,62.45341735097906,73.32550219355586,residential
10009,Unnamed,62.11347888846005,73.21969179609174,residential
10010,Unnamed,62.50748881107309,73.01932713911268,residential
10011,Unnamed,62.93716913097885,74.76524279006108,residential
10012,Unnamed,62.66174335903557,75.0306622670062,residential
10013,Unnamed,62.62039369676239,75.13659975489104,residential
10014,Unnamed,62.607250539435896,75.22166170368759,residential
10015,Unnamed,63.006512785324496,75.09250030457343,residential
10016,Unnamed,64.28627143029352,74.77554602898566,residential
10017,Unnamed,63.06892515882453,74.39110390182792,residential
10018,Unnamed,63.27827386462875,74.44178879431247,residential
10019,Unnamed,63.39805684713611,74.46442591863351,residential
10020,Unnamed,63.518138380479115,74.48888602488553,residential
10021,Unnamed,63.64500299845145,74.51734167607967,residential
10022,Unnamed,63.76583938282923,74.54567086346094,residential
10023,Unnamed,63.91449801522544,74.59051509955128,residential
10024,Unnamed,64.0638920497203,74.53077644324932,residential
10025,Unnamed,63.131021079981466,74.1269195013577,residential
10026,Unnamed,63.46938158897726,73.55980322139143,residential
10027,Unnamed,63.69463376995456,73.69744616183178,residential
10028,Unnamed,63.96373160513554,73.83784125005324,residential
10029,Unnamed,64.17802623361575,73.9763194014479,residential
10030,Unnamed,64.22730136559778,73.86074903711952,residential
10031,Unnamed,64.31191688479365,74.02400979332477,residential
10032,Unnamed,63.20472267048878,73.89781033970173,miscellaneous
10033,Unnamed,63.43691131346607,73.81532284769906,residential
10034,Unnamed,63.815057710452635,73.44498852945793,residential
10035,Unnamed,64.13567789295334,73.61893158399695,residential
10036,Unnamed,63.959671405801224,73.55685603938657,residential
10037,Unnamed,63.624587260690205,73.08325362282498,miscellaneous
10038,Unnamed,63.55880543498209,73.29020906327877,transport
10039,Unnamed,63.75262072179883,72.83522971848762,miscellaneous
10040,Unnamed,63.97475152705072,73.00229167993788,miscellaneous
10041,Unnamed,64.22789480122456,73.12544093488421,miscellaneous
10042,Unnamed,64.41137485708698,73.26421727824616,miscellaneous
10043,Unnamed,64.25173860232533,72.53706290275403,miscellaneous
10044,New LBL Enterprises,63.991433558394725,72.52685059332202,commercial
10045,Unnamed,64.82923094078377,70.22609117565291,miscellaneous
10046,Unnamed,64.71364322218488,70.45996764556564,miscellaneous
10047,Unnamed,64.77215243606466,70.36103568991933,miscellaneous
10048,Unnamed,64.61877043598282,70.54070123924771,miscellaneous
10049,Unnamed,64.1502440689357,71.35543170837467,residential
10050,Unnamed,64.23382992955426,71.08290731366654,residential
10051,Unnamed,64.25586472238696,70.86618812191838,miscellaneous
10052,Unnamed,64.41708654536934,70.92665237916638,residential
10053,Unnamed,62.706345066130886,70.58363764599798,residential
10054,Unnamed,62.50937532807118,70.5881695000646,residential
10055,Unnamed,62.593295145416825,70.60507802083585,residential
10056,Unnamed,60.017785357749965,69.52756569847656,miscellaneous
10057,Unnamed,60.19027952829931,69.60258262331122,miscellaneous
10058,Unnamed,65.2598687025271,69.93101759801536,miscellaneous
10059,Unnamed,65.21315800374481,70.021120393644,miscellaneous
10060,Hotel Freya,64.98233877146117,70.45412879416043,miscellaneous
10061,Unnamed,65.112554103897,70.79540035001428,residential
10062,Unnamed,64.84861874383944,70.84908526600046,miscellaneous
10063,Unnamed,64.67194131085449,71.3188339219788,residential
10064,Unnamed,64.93838218569766,71.67398044322545,residential
10065,Unnamed,64.85771409289342,71.41873972543306,residential
10066,Unnamed,64.92843201547974,71.45888407349504,residential
10067,Unnamed,65.08090057998362,71.54102420472248,residential
10068,Unnamed,65.14260112766425,71.5747647172493,residential
10069,Unnamed,65.22938611276153,71.61915963901772,residential
10070,Unnamed,65.3642063913628,71.75078482247315,residential
10071,Unnamed,65.25268299485896,71.71026013644762,residential
10072,Unnamed,65.06143604567953,71.37098153366162,residential
10073,Unnamed,65.2212495755174,71.4710827660885,residential
10074,Unnamed,65.30994146348792,71.53127764753074,residential
10075,Unnamed,65.51623930291363,71.5957468821436,residential
10076,Unnamed,65.63145015014162,71.66730125877838,residential
10077,Unnamed,65.61696563737405,71.89968885133771,residential
10078,Unnamed,65.50427795630378,71.7849058705227,residential
10079,Unnamed,65.77557433446165,71.9902971458099,residential
10080,Unnamed,66.03012785036375,71.90447176443408,miscellaneous
10081,Unnamed,66.40394642707254,72.17020966587813,miscellaneous
10082,Unnamed,66.30517034483682,72.11487668219164,miscellaneous
10083,Unnamed,66.18422419314984,72.0246109194786,miscellaneous
10084,Unnamed,65.28972537529135,71.91664530356366,miscellaneous
10085,Unnamed,65.41980009759065,71.95177866708602,miscellaneous
10086,Unnamed,65.3777763308707,72.02518418061176,miscellaneous
10087,Unnamed,65.64488170572625,72.15108530095137,miscellaneous
10088,Unnamed,65.55803591353228,72.08181065389759,miscellaneous
10089,Unnamed,65.47381648821306,72.05922435264812,miscellaneous
10090,Unnamed,65.78960423283296,72.14540523011095,residential
10091,Unnamed,64.33379665005425,71.57737603862209,residential
10092,Unnamed,64.47978531928337,71.66329261540778,residential
10093,Unnamed,64.60148112316017,71.7351959406581,residential
10094,Unnamed,64.73658671948205,71.81463355510287,residential
10095,Unnamed,64.86801760142706,71.8975301817779,residential
10096,Unnamed,64.42993421259222,72.13478961587344,miscellaneous
10097,Unnamed,63.78794745462862,70.52577778695658,miscellaneous
10098,Unnamed,63.7337706798061,71.10371164151795,miscellaneous
10099,Unnamed,63.336383345530756,70.70184892190912,miscellaneous
10100,Unnamed,60.78952356041645,71.03100289948623,miscellaneous
10101,Unnamed,60.68525011998792,71.14544834151,miscellaneous
10102,Unnamed,61.205923042487186,70.92387507569856,miscellaneous
10103,Unnamed,60.563893397594256,71.08356181883825,miscellaneous
10104,Unnamed,60.503839338975006,70.8645169691234,miscellaneous
10105,Unnamed,61.48843688915079,70.791614523563,residential
10106,Unnamed,61.441382668575685,70.86960746841423,residential
10107,Unnamed,61.42388473160856,70.94322409067408,residential
10108,Unnamed,61.37287785817055,71.1677551231381,residential
10109,Unnamed,61.27950069964082,71.0372280440766,miscellaneous
10110,Unnamed,61.317286379477785,70.91432782736943,residential
10111,Unnamed,61.40317564282595,71.03897391706361,residential
10112,Unnamed,61.34966290297206,70.80605851194653,residential
10113,Unnamed,60.50931330691489,71.44181079603572,residential
10114,Unnamed,60.43948881507247,71.53721465795664,residential
10115,Unnamed,60.40213513666216,71.67507210440604,residential
10116,Unnamed,60.62830690911528,71.80791821037937,residential
10117,Unnamed,65.68629738209238,69.80077429085482,commercial
10118,Unnamed,65.39279482837152,69.95968142082542,miscellaneous
10119,Unnamed,65.58020238807576,70.13933808494806,miscellaneous
10120,Unnamed,65.87995143600251,69.8671942857764,residential
10121,Unnamed,65.86555380232433,70.23806697162198,miscellaneous
10122,Unnamed,67.15598227950173,70.17890602567509,residential
10123,Unnamed,67.00296449921727,70.09860205674376,residential
10124,Unnamed,66.53495345822658,70.41365233435141,residential
10125,Unnamed,69.87811816429465,71.48140504666448,miscellaneous
10126,Unnamed,69.73595000580033,70.9538690043835,residential
10127,Unnamed,67.67171546443545,69.96350500722627,residential
10128,Unnamed,69.1575458767441,70.21035742478931,miscellaneous
10129,Unnamed,63.767017287720364,70.59524659696264,residential
10130,Unnamed,61.21853445521701,71.28109553403475,residential
10131,Unnamed,61.14280387786276,71.11458053894809,residential
10132,Unnamed,61.24215059234525,70.78948975616021,miscellaneous
10133,Unnamed,60.80966638920947,71.6747382593566,residential
10134,Unnamed,62.303431748655,69.20094558301876,residential
10135,Unnamed,62.13705399482434,69.12473576879192,residential
10136,Unnamed,70.64875490462956,68.79018970030468,miscellaneous
10137,Unnamed,70.42809296435419,68.28281079596793,miscellaneous
10138,Unnamed,70.28633975452966,68.11106131467734,miscellaneous
10139,Unnamed,70.18477514945285,67.97153336692264,miscellaneous
10140,Unnamed,70.32892101194047,68.00043097584214,miscellaneous
10141,Unnamed,70.50856634295283,68.04718737901212,miscellaneous
10142,Unnamed,70.4069864054219,68.13894907974071,miscellaneous
10143,Unnamed,70.49653032596821,68.15917550176975,miscellaneous
10144,Unnamed,66.05812528464995,69.22614297184724,miscellaneous
10145,Unnamed,66.1240706887295,69.21396096702625,miscellaneous
10146,Unnamed,66.23569299170354,68.96134909637782,miscellaneous
10147,Unnamed,65.71889070257366,69.26747886549333,commercial
10148,Unnamed,65.85866853941769,69.27262989278285,miscellaneous
10149,Unnamed,65.9048984800133,69.26195314340899,miscellaneous
10150,Unnamed,65.95261459944892,69.25150112522334,miscellaneous
10151,Unnamed,66.16681770373371,69.20449238391065,miscellaneous
10152,Unnamed,66.20933848640132,69.19483016729743,miscellaneous
10153,Unnamed,66.25229581227813,69.18486087820125,miscellaneous
10154,Unnamed,66.11764031057852,69.04078671082259,residential
10155,Unnamed,65.89040410593465,69.17635452113434,residential
10156,Unnamed,66.51943187676027,69.07885458193952,miscellaneous
10157,Unnamed,66.99298888611222,68.75107890259919,miscellaneous
10158,Unnamed,67.09240217082788,68.99324946507312,miscellaneous
10159,Unnamed,67.22298985772458,68.93978204777063,miscellaneous
10160,Unnamed,60.32677418935577,71.92131519914416,residential
10161,Unnamed,60.442479528156134,71.91559216295383,residential
10162,Unnamed,60.36621946136664,71.8275213129709,residential
10163,Unnamed,60.46496743382408,71.7027266730757,residential
10164,Unnamed,60.456382518603355,71.63561229202828,residential
10165,Unnamed,60.60730081809334,71.51571882032736,residential
10166,Unnamed,60.5721098021855,71.59998820719848,residential
10167,Unnamed,60.47735430658524,71.55931734073371,residential
10168,Unnamed,60.531802911714195,71.26520370425247,residential
10169,Unnamed,60.51388204844782,71.57864302499378,residential
10170,Unnamed,60.01665106362527,71.83232519432663,residential
10171,Unnamed,60.02402411214662,71.68852853780075,residential
10172,Unnamed,60.09152764662367,71.37101133091565,residential
10173,Unnamed,61.4258435220311,70.78962803512219,residential
10174,Unnamed,66.39570109164491,38.03321867914764,miscellaneous
10175,Unnamed,8.498722515060502,57.838883599221994,miscellaneous
10176,Unnamed,8.257472736228527,58.02549631382039,miscellaneous
10177,Unnamed,8.187928325743663,57.930831028491234,residential
10178,Unnamed,8.032861935370097,58.421728635617534,residential
10179,Unnamed,7.970771125861015,58.26432685713876,miscellaneous
10180,Unnamed,7.627715226201577,58.76382715397026,miscellaneous
10181,Unnamed,8.292880197250783,59.480846895228034,miscellaneous
10182,Unnamed,11.281378713590863,60.28538828840085,miscellaneous
10183,Unnamed,41.10147748218479,-21.972906855668672,miscellaneous
10184,Unnamed,90.24161883598534,55.69408556347676,miscellaneous
10185,Unnamed,92.40773210177458,54.98655293165683,miscellaneous
10186,Unnamed,82.03819372709147,55.404225745188754,miscellaneous
10187,Unnamed,81.62194326381521,55.51979230085109,miscellaneous
10188,Unnamed,97.40764907500392,61.089436213645975,miscellaneous
10189,Unnamed,94.38064119896333,62.217169019397154,miscellaneous
10190,Unnamed,97.34447353779841,59.1032230378957,miscellaneous
10191,Unnamed,66.27186686457753,43.527538878682776,miscellaneous
10192,DPWH Laguna,24.95019932794619,59.42528273887987,miscellaneous
10193,Unnamed,24.371184208296963,59.062467964545704,miscellaneous
10194,Unnamed,23.806722259179168,58.284606136841234,miscellaneous
10195,Unnamed,23.927359235601763,58.75514216584139,miscellaneous
10196,Unnamed,24.228542796402884,58.6132205868905,miscellaneous
10197,Unnamed,23.25864293031921,58.85922535063661,miscellaneous
10198,Unnamed,61.941411846611274,39.78941106722736,commercial
10199,Unnamed,65.3883700317016,41.8353696972336,miscellaneous
10200,Betterland Homes Phase 2,68.905478272962,73.5280384564509,residential
10201,Unnamed,62.221619204279776,45.79389482544068,residential
10202,Unnamed,59.72551007594965,48.66634891621851,school
10203,Santolan,51.40520631235841,82.16209895228292,miscellaneous
10204,Tarah SISIG,50.20516698316373,82.72986020048396,commercial
10205,The Beefery PH,49.56992551560167,84.53672762573325,commercial
10206,Chatabs,50.92222476211175,81.93452302322153,commercial
10207,Mario and Maria Store/Eatery,49.903153502485765,85.01228210167262,commercial
10208,Alfamart,55.017948775380695,91.82234420656738,commercial
10209,Agua Purifa Water Refilling Station,50.30577969769332,82.52673181942218,commercial
10210,Glos N' Glow,51.66086347219338,82.24950869528239,commercial
10211,The Gardenshoppe (TGS),49.78768884604084,84.16700239239181,commercial
10212,SUCCULOVE BY NARUTHIE,50.03556491756612,82.75544985640094,commercial
10213,Mayondon Day Care Center,52.08706543574042,90.1623558114881,special
10214,Alfamart,58.2946576490436,84.7658073077364,commercial
10215,Unnamed,55.407583195079454,80.9642018086403,miscellaneous
10216,Church of God,50.259396502217115,86.04441373743694,miscellaneous
10217,Unnamed,49.45154207445441,86.47174251132871,residential
10218,Unnamed,49.67594163948587,86.71270249577273,residential
10219,Unnamed,49.5781983636464,87.07760173847852,residential
10220,Unnamed,49.96351114899296,86.9896306474018,residential
10221,Unnamed,50.01650614537366,87.1818514564816,residential
10222,Unnamed,49.22401411702041,87.5556774283238,residential
10223,Unnamed,49.417355725731646,87.68742873391786,residential
10224,Unnamed,49.64747883189995,87.36714628379664,residential
10225,Unnamed,50.063408117051054,87.36254704468878,residential
10226,Unnamed,49.82195416877025,86.59686381418716,residential
10227,Unnamed,49.608769330889956,86.31884380666668,residential
10228,Unnamed,50.49316264900718,86.28826284566794,residential
10229,Unnamed,50.55603609569995,86.4114521770211,residential
10230,Unnamed,50.85473798703225,86.32309696374566,residential
10231,Unnamed,50.95476565760747,86.39629936059232,residential
10232,Unnamed,50.84973598500236,86.74651552815146,residential
10233,Unnamed,51.0637138094872,86.97954870508224,residential
10234,Unnamed,50.9843292280537,86.86449949133774,residential
10235,Unnamed,51.2789815421672,87.26687351794646,residential
10236,Unnamed,51.090467758417425,87.19812538075034,residential
10237,Unnamed,49.53615625304474,86.94243230764378,residential
10238,Unnamed,49.703004376052235,86.91843591811951,residential
10239,Unnamed,51.27292148652963,85.29287577849095,residential
10240,Unnamed,51.344866841066704,84.69203800920903,residential
10241,Unnamed,51.57049588803947,84.58893223375404,residential
10242,Unnamed,51.4907780112152,84.42830711411327,residential
10243,Unnamed,51.738997722705385,84.10908232212375,residential
10244,Unnamed,51.57589666257946,84.01400055768443,residential
10245,Unnamed,50.97850594575163,83.6185038633942,residential
10246,Unnamed,51.095005527935655,83.42752273809758,residential
10247,Unnamed,50.21889804538119,83.63759588369332,residential
10248,Unnamed,50.040766448102595,83.56010454820603,residential
10249,Unnamed,49.27605006938883,84.05857063360462,residential
10250,Unnamed,49.320161554969026,83.7061274075329,residential
10251,Unnamed,49.38474144426664,83.56771370573426,residential
10252,Unnamed,49.41424720340202,83.10362843753431,residential
10253,Unnamed,49.87563408791768,83.04439480208693,residential
10254,Unnamed,49.86011003091792,83.25824802997153,commercial
10255,Unnamed,49.8223633127979,83.88904863787938,residential
10256,Unnamed,49.537052979520986,84.01523871879081,residential
10257,Unnamed,50.25365937922096,82.001595974767,residential
10258,Unnamed,50.44086251656519,82.09796701738968,residential
10259,Unnamed,50.59545671503896,81.99342023462567,residential
10260,Unnamed,50.23037764936743,81.75179081290213,residential
10261,Unnamed,50.14724904534001,81.55049397033727,residential
10262,Unnamed,50.378720594895476,81.58047997314902,residential
10263,Unnamed,50.68410611463554,81.60169385795983,residential
10264,Unnamed,50.5756146903484,81.53072068069667,residential
10265,Unnamed,50.74866130548171,80.88085884109798,residential
10266,Unnamed,51.34685714627162,81.23695417319571,residential
10267,Unnamed,51.89514218365952,82.56853232015655,residential
10268,Unnamed,51.72699172548519,82.45617231976459,residential
10269,Unnamed,52.78590517586809,82.01277379621197,residential
10270,Unnamed,52.84786994730894,81.58939426259127,residential
10271,Antique Trike TODA,49.66697275338209,84.3810143070019,transport
10272,Unnamed,52.06987843555966,87.66657246107503,residential
10273,Unnamed,51.54980252092544,87.74022134381177,residential
10274,Unnamed,51.50472812271714,87.62495999633667,residential
10275,Unnamed,51.37532088414329,87.71737559000776,residential
10276,Unnamed,51.22794431484882,87.78301540153512,residential
10277,Unnamed,51.41170341449405,87.88699764767267,residential
10278,Unnamed,51.0689999401806,87.80649210433434,residential
10279,Unnamed,50.92891112975912,87.85795356900155,residential
10280,Unnamed,51.028146896929904,87.94902294605859,residential
10281,Unnamed,51.689077795973034,88.11306503097299,residential
10282,Unnamed,51.475372699431055,88.20962005931992,residential
10283,Unnamed,51.56948412731253,88.18578485625208,residential
10284,Unnamed,51.25560001611602,88.30746482267853,residential
10285,Unnamed,51.361714104993126,88.25199150617617,residential
10286,Unnamed,51.76590374763723,88.4367056571734,residential
10287,Unnamed,51.77699446311597,88.2351715861331,residential
10288,Unnamed,51.6403752154327,88.28963084300206,residential
10289,Unnamed,51.84388202821864,88.54980748105878,residential
10290,Unnamed,51.92261257408233,88.807739833309,residential
10291,Unnamed,51.9239432655718,88.70508702253449,residential
10292,Unnamed,52.03206474085218,89.30134347901554,residential
10293,Unnamed,52.0773457398494,89.53374554631608,residential
10294,Unnamed,51.71084966253715,89.75762099691052,residential
10295,Unnamed,51.42849098790022,89.89874630133207,residential
10296,Unnamed,51.5685488190369,89.82252853401681,residential
10297,Unnamed,51.19098460200585,89.98738687135491,residential
10298,Unnamed,51.15296795653778,89.78637331076446,residential
10299,Unnamed,51.048352914656945,89.92536605306628,residential
10300,Unnamed,50.82565646221839,89.90409100021587,residential
10301,Unnamed,50.945915507444425,89.53197759539293,residential
10302,Unnamed,50.80695873034639,89.66715929893834,residential
10303,Unnamed,50.54839962742478,89.77757334054021,residential
10304,Unnamed,50.50755962621783,89.64282183318102,residential
10305,Unnamed,50.36990166745525,89.45550342297443,residential
10306,Unnamed,50.51806193871595,89.41604524599234,residential
10307,Unnamed,50.31529894241458,89.22416572957856,residential
10308,Unnamed,50.21509696221287,89.05887294183408,residential
10309,Unnamed,50.40834543389116,88.77227589222336,residential
10310,Unnamed,50.34265728370973,88.93585878066679,residential
10311,Unnamed,50.455145777703514,88.8959149968798,residential
10312,Unnamed,50.57639391263628,88.76833506220657,residential
10313,Unnamed,50.18356403571502,88.86117419399451,residential
10314,Unnamed,50.02342448095591,88.85989880389451,residential
10315,Unnamed,50.01016726156667,88.7348667182268,residential
10316,Unnamed,50.11570903715277,88.2761022353284,residential
10317,Unnamed,50.19347724974882,87.9161880708076,residential
10318,Unnamed,50.36008818742674,87.76315456111449,residential
10319,Unnamed,49.70788853197898,87.53999019533761,residential
10320,Unnamed,49.436125442493456,88.01309329298185,residential
10321,Unnamed,49.14431707862368,88.13466710651707,residential
10322,Unnamed,49.23114822750243,87.8998414522639,residential
10323,Unnamed,49.40314200056263,87.85457331618781,residential
10324,Unnamed,49.762218186104576,88.08370794900489,residential
10325,Unnamed,49.48863012674722,88.62263156816327,residential
10326,Unnamed,49.28175175410859,88.6925500481484,residential
10327,Unnamed,49.2963934447,88.57871035630014,residential
10328,Unnamed,49.497546101341854,88.31180110512676,residential
10329,Unnamed,50.85886251432622,89.38010361882233,residential
10330,Unnamed,50.76971811319314,89.26401737106696,residential
10331,Unnamed,51.02279281719675,89.28877912368588,residential
10332,Unnamed,51.23255877613665,89.49356525169901,residential
10333,Unnamed,51.287495207240354,89.74326636551217,residential
10334,Unnamed,50.608828373434356,89.17518210321971,residential
10335,Unnamed,50.04738116737744,89.41902339969296,residential
10336,Unnamed,50.14119779621087,89.55282311983697,residential
10337,Unnamed,50.238248007504204,89.65970839906076,residential
10338,Unnamed,50.030925766484856,89.74958007911164,residential
10339,Unnamed,49.87018187765377,89.82108846869404,residential
10340,Unnamed,49.73121611696541,89.88453167324857,residential
10341,Unnamed,50.281499680096985,89.85643178317721,residential
10342,Unnamed,50.152260561633085,90.1996474005989,residential
10343,Unnamed,50.42002402874943,90.09821986309012,residential
10344,Unnamed,50.09617724023807,90.07830452842786,residential
10345,Unnamed,50.21486671892077,90.01646064335655,residential
10346,Unnamed,49.95854531656697,90.1423820438879,residential
10347,Unnamed,50.43774317384473,90.3173323123589,residential
10348,Unnamed,50.48099218450325,90.51990890175638,residential
10349,Unnamed,50.52554692949456,90.63544642156562,residential
10350,Unnamed,50.55566521367564,90.73223049811608,residential
10351,Unnamed,50.60325993904753,90.82683112954588,residential
10352,Unnamed,50.68967994495297,90.94124882066885,residential
10353,Unnamed,50.48162868127727,91.02022264937894,residential
10354,Unnamed,50.28984221343437,91.00693976212432,residential
10355,Unnamed,50.294964777146156,90.6075060718336,residential
10356,Unnamed,50.70927073417239,90.23049573285932,residential
10357,Unnamed,50.990438190479594,90.13203797117353,residential
10358,Unnamed,50.621780038154654,89.94312911833346,residential
10359,Unnamed,50.24921381962233,90.84284396028988,residential
10360,Unnamed,50.78097508759342,90.4721893557155,residential
10361,Unnamed,51.272887143834524,90.42854885083064,residential
10362,Unnamed,51.202784769001106,90.21243681494771,residential
10363,Unnamed,50.97391408377443,90.36776707249612,residential
10364,Unnamed,51.067881767888146,90.31489921690657,residential
10365,Unnamed,50.96377261808005,90.54731202327228,residential
10366,Unnamed,51.37773616469068,90.5819186898141,residential
10367,Unnamed,51.260023477379654,90.60495917108716,residential
10368,Unnamed,50.918681966076264,90.74570674126366,residential
10369,Unnamed,51.199738841396425,91.22801487208696,residential
10370,Unnamed,50.84231828338122,91.40611035849511,residential
10371,Unnamed,48.93654327210967,83.56080913671524,commercial
10372,Unnamed,51.91034966351289,85.24783093339825,residential
10373,Unnamed,51.96547766507889,85.09963278529506,residential
10374,Unnamed,51.979351636170826,84.68048431672077,residential
10375,Unnamed,51.563970495386556,85.30358341150234,residential
10376,Unnamed,51.461852771699846,85.47748991360841,residential
10377,Unnamed,52.17931619804621,85.21824196748616,residential
10378,Unnamed,52.24222260776834,85.06121530653441,residential
10379,Unnamed,52.33410871893982,84.92662053736403,residential
10380,Unnamed,52.39971446697841,84.75485071849229,residential
10381,Unnamed,52.655732309445156,84.73957272464605,residential
10382,Unnamed,52.395267085207564,85.33064948067675,residential
10383,Unnamed,52.531918003561664,85.01438442491198,residential
10384,Unnamed,51.90697500598287,86.14539799476783,residential
10385,Unnamed,51.36157564140724,86.60496401806066,residential
10386,Unnamed,51.6007321515647,86.59810783208178,residential
10387,Unnamed,51.68804906860679,86.46438100172944,residential
10388,Unnamed,51.68118489855898,86.78167904678169,residential
10389,Unnamed,51.771266969669085,86.63399879676581,residential
10390,Unnamed,51.85227404239545,86.51667642325074,residential
10391,Unnamed,51.27134680223595,86.8407623418745,residential
10392,Unnamed,51.232577285159664,86.73110587364296,residential
10393,Unnamed,51.21852269767789,86.49155018965753,residential
10394,Unnamed,51.48552479197753,86.41159786732723,residential
10395,Unnamed,51.59488874909843,86.26276655473035,residential
10396,Unnamed,51.564974324858426,85.99154036691377,residential
10397,Unnamed,51.06563044516709,86.11873964786683,residential
10398,Unnamed,51.52769985840718,84.83818775163031,residential
10399,Unnamed,52.679325786480334,85.60872635582584,residential
10400,Unnamed,51.90250945161819,87.0301732484921,residential
10401,Unnamed,51.54688814853189,87.21507953202361,residential
10402,Unnamed,51.69776247020377,87.02324383757328,residential
10403,Unnamed,51.52017756820785,86.95503485371448,residential
10404,Unnamed,52.0557968812907,86.79763526584652,residential
10405,Unnamed,52.15313772670483,86.67066452253069,residential
10406,Unnamed,52.02119153789202,86.5781067836618,residential
10407,Unnamed,52.08824691646083,86.40592667475927,residential
10408,Unnamed,52.3060887968398,86.4151133228653,residential
10409,Unnamed,52.16246596186262,86.2997454067146,residential
10410,Unnamed,51.810791429185066,86.26207933053097,residential
10411,Unnamed,52.42437509643156,87.66607863448758,residential
10412,Unnamed,51.73141923782201,82.66125445705086,residential
10413,Unnamed,51.6316573565008,82.58375024695226,residential
10414,Chikuhan,50.57219069337129,78.83748035705896,miscellaneous
10415,Unnamed,51.08604870441758,82.46495065993442,residential
10416,Unnamed,50.74715648907022,82.25371159046357,residential
10417,Unnamed,50.70812644307223,81.25114090574837,residential
10418,Unnamed,49.980600845693374,79.4639657241491,residential
10419,Unnamed,49.64301137440063,79.39661894638014,residential
10420,Unnamed,49.77350192494105,79.61259285403808,residential
10421,Unnamed,49.95618649562149,79.70521809495567,residential
10422,Unnamed,49.860380648396266,79.66765364600357,residential
10423,Unnamed,49.87184136701091,79.55673921217893,residential
10424,Unnamed,49.99980077858884,79.61048911128903,residential
10425,Unnamed,50.164885243321734,79.75899802658873,residential
10426,Unnamed,50.60211403561654,79.79937314641576,residential
10427,Unnamed,50.39137932276952,79.67629416219224,residential
10428,Unnamed,50.359724720965424,79.82053228716285,residential
10429,Unnamed,49.48953777508719,79.84431061477851,residential
10430,Unnamed,50.03631295224794,80.15313919307417,residential
10431,Unnamed,50.20762707562943,80.23902419324638,residential
10432,Unnamed,50.745383068159555,80.05290759744224,residential
10433,Unnamed,50.96756824482176,77.76145339822745,residential
10434,Unnamed,51.073161799104014,77.80742194848386,residential
10435,Unnamed,51.21295435143546,77.59009092845108,residential
10436,Unnamed,51.37277397147597,77.64840514613456,residential
10437,Unnamed,51.53790223980907,77.7273974977861,residential
10438,Unnamed,51.6592606401627,77.77409318856648,residential
10439,Unnamed,51.611410524460375,78.06417694045368,residential
10440,Unnamed,51.74303635717546,77.93753069047918,residential
10441,Unnamed,51.83352224082207,78.18012564910624,residential
10442,Unnamed,52.055830579899464,78.2608474477931,residential
10443,Unnamed,51.383727075137564,77.96887468117924,residential
10444,Unnamed,52.74791524929897,78.86721660580754,residential
10445,Unnamed,53.510847287771846,78.19392289350333,residential
10446,Unnamed,53.306995177835894,78.10853942854415,residential
10447,Unnamed,52.8086158226849,77.31987638206628,residential
10448,Unnamed,52.899280654498924,77.1395931435976,residential
10449,Unnamed,51.990775174396035,77.16535871186976,residential
10450,Unnamed,51.80775614273031,76.96236153253253,residential
10451,Unnamed,51.89650354175362,76.83115186620128,residential
10452,Unnamed,51.696337317114086,76.57570976159614,residential
10453,Unnamed,51.88647925205788,76.64488606225905,residential
10454,Unnamed,51.99477217320824,76.61618258759859,residential
10455,Unnamed,51.58381630272958,77.26697168686692,residential
10456,Unnamed,49.529318708442126,78.65984735921924,residential
10457,Unnamed,49.10446537261221,78.41145209774687,residential
10458,Unnamed,49.367663823524495,77.76767594295147,residential
10459,Unnamed,49.30648532874298,79.03266765998637,residential
10460,Unnamed,49.41176259514051,78.86498732888991,residential
10461,Unnamed,47.94567602255406,78.26817295598492,residential
10462,Unnamed,47.88048302768266,77.96686071994856,residential
10463,Unnamed,48.08608804146197,77.32158031406851,residential
10464,Unnamed,47.924258841674565,79.68646603416899,residential
10465,Unnamed,50.89931564313317,82.90176663969858,miscellaneous
10466,Unnamed,50.46025396872387,82.29893887139721,commercial
10467,Unnamed,50.53179933223886,83.4181988097855,miscellaneous
10468,Unnamed,49.41975277519396,80.42744285902852,miscellaneous
10469,Unnamed,53.65065889508841,80.71594115186127,miscellaneous
10470,Unnamed,63.97881260701386,91.56737769703585,miscellaneous
10471,Unnamed,63.62353788977902,91.90610704523449,commercial
10472,Unnamed,62.67891860955315,91.70036684465703,commercial
10473,Unnamed,64.49964861622786,91.15241595062918,commercial
10474,Unnamed,65.69833572134362,93.68354755260813,miscellaneous
10475,Unnamed,50.11969361236398,81.90568020895861,miscellaneous
10476,Unnamed,57.750257878492626,82.72763693413779,residential
10477,Unnamed,57.27428479399396,82.37038547265153,residential
10478,Unnamed,57.5392869729043,82.67030133402396,residential
10479,Unnamed,58.3523858203359,82.63008983384461,residential
10480,Unnamed,57.871839653749134,82.08453995780691,residential
10481,Unnamed,57.078628985338455,83.59012103219635,residential
10482,Unnamed,58.012975769846065,83.56827325436217,residential
10483,Unnamed,58.06542142158927,83.382162629066,residential
10484,Unnamed,58.132569940010946,83.18313354060636,residential
10485,Unnamed,57.73445201214389,84.57056944100076,residential
10486,Unnamed,57.91719256323885,84.73976892804535,residential
10487,Unnamed,51.26397022227695,91.68284063112027,residential
10488,Unnamed,51.36643892482513,91.89993494159413,residential
10489,Unnamed,50.862159734395185,91.58276456986722,residential
10490,Unnamed,51.02268196800929,92.02031419078139,residential
10491,Unnamed,51.46577900450875,92.14147125424992,residential
10492,Unnamed,51.761018216715215,92.013071593257,residential
10493,Unnamed,51.19811700399352,92.35494447599079,residential
10494,Unnamed,52.54922579317657,91.85216019094871,residential
10495,Unnamed,52.69350043927277,91.22347227244084,residential
10496,Unnamed,52.909861705562776,91.40178349047451,residential
10497,Unnamed,52.68648008711774,91.6791561362862,residential
10498,Unnamed,52.74457238023735,90.8175143644957,residential
10499,Unnamed,52.913982888745224,90.68169966892155,residential
10500,Unnamed,53.088768671075655,90.54405064002601,residential
10501,Unnamed,52.03930306997471,90.87083234666864,residential
10502,Unnamed,52.2443392204756,90.75632234949018,residential
10503,Unnamed,51.8118267421118,90.82622626858746,residential
10504,Unnamed,51.87883710971589,90.77862404489873,residential
10505,Unnamed,51.98306808406545,90.70489148761473,residential
10506,Unnamed,52.13728629395611,90.6452995312388,residential
10507,Unnamed,52.4031626995883,90.78785829390232,residential
10508,Unnamed,52.04890756753119,90.37706162777891,residential
10509,Unnamed,51.88271844548027,90.5049994473871,residential
10510,Unnamed,51.69054493071103,90.71309830626156,residential
10511,Unnamed,51.61610595063733,90.81727463077003,residential
10512,Unnamed,51.74296746804633,90.9041579536226,residential
10513,Unnamed,51.84793019715396,91.1522949998268,residential
10514,Unnamed,51.756256922662324,91.0739991095745,residential
10515,Unnamed,51.49847777967887,91.0215598654789,residential
10516,Unnamed,51.58280017846959,91.20071641337742,residential
10517,Unnamed,51.5061577759075,91.14121622385267,residential
10518,Unnamed,51.56663332134719,91.10169029357998,residential
10519,Unnamed,51.81300864661266,91.01277436682746,residential
10520,Unnamed,52.00340838304693,91.10721320972273,residential
10521,Unnamed,52.12629305395055,90.97046759044875,residential
10522,Unnamed,53.4838229137344,90.34864279736156,residential
10523,Unnamed,53.238542079484375,91.10032853608826,residential
10524,Unnamed,53.32470472418069,91.03118638344178,residential
10525,Unnamed,53.40866435023136,90.93578616989517,residential
10526,Unnamed,53.543612822021394,91.09613889726188,residential
10527,Unnamed,53.39084939167271,91.3512249855571,residential
10528,Unnamed,53.5680481154305,91.40060775563938,residential
10529,Unnamed,53.71115770873154,90.72606220819843,residential
10530,Unnamed,53.83426903714014,90.54544773928312,residential
10531,Unnamed,52.30456763560244,91.81331663135859,residential
10532,Unnamed,52.021050738226336,91.90030844115324,residential
10533,Unnamed,52.358153881250004,92.16462644908833,residential
10534,Unnamed,52.405933794403424,91.97263111079698,residential
10535,Unnamed,52.227465748759926,92.03058751154576,residential
10536,Unnamed,52.06095252391276,92.0596597529452,residential
10537,Unnamed,51.79758681389009,92.655636110764,residential
10538,Unnamed,51.67333024686766,92.42927628862,residential
10539,Unnamed,51.69922459630892,92.55270934301127,residential
10540,Unnamed,52.03524661405636,92.40306338734656,residential
10541,Unnamed,52.19818761244394,92.28679979960305,residential
10542,Unnamed,52.096730622772256,92.63209425460744,residential
10543,Unnamed,52.34464057064911,92.44768618605401,residential
10544,Unnamed,52.78823098780637,92.42643420695128,residential
10545,Unnamed,52.7020447313836,92.16939812289925,residential
10546,Unnamed,53.089448202934754,91.72852882956097,residential
10547,Unnamed,52.92071219090803,91.8960837866613,residential
10548,Unnamed,53.27113757751333,92.24929996561862,residential
10549,Unnamed,53.072594349195946,92.37494810914205,residential
10550,Unnamed,53.168241562727744,92.32988968129506,residential
10551,Unnamed,52.95693823821368,92.09437243047147,residential
10552,Unnamed,53.1992061395243,92.03500561739347,residential
10553,Unnamed,53.09581459246326,91.9545373865303,residential
10554,Unnamed,53.25550872368022,91.83351712250324,residential
10555,Unnamed,53.38789319061128,91.99436976635279,residential
10556,Unnamed,52.58437915673363,92.6183434432329,residential
10557,Unnamed,52.36810461921828,92.6915815727126,residential
10558,Unnamed,51.90093637029233,92.78119514996688,residential
10559,Unnamed,52.036898587435076,93.00175550065104,residential
10560,Unnamed,51.90240120660079,92.95307551600922,residential
10561,Unnamed,52.22059670543525,93.02810162867578,residential
10562,Unnamed,52.371758877861,92.82738698146866,residential
10563,Unnamed,52.473077723544584,92.95263454564919,residential
10564,Unnamed,52.65151905370386,92.78075113310405,residential
10565,Unnamed,52.088010548752585,92.86035755639982,residential
10566,Unnamed,52.226047954350264,93.2489859353736,residential
10567,Unnamed,52.05960487809909,93.17542085410706,residential
10568,Unnamed,52.13864729491229,93.10850786917979,residential
10569,Unnamed,52.360161387191276,93.11509537372537,residential
10570,Unnamed,51.82916371287466,93.30656261695476,residential
10571,Unnamed,51.66514289117473,93.089034454347,residential
10572,Unnamed,51.561155347629004,92.89819116606598,residential
10573,Unnamed,51.21226223905146,92.53112819682107,residential
10574,Unnamed,51.4181479517719,92.63017299787614,residential
10575,Unnamed,51.37660823267019,92.5236709502869,residential
10576,Unnamed,51.33455171564827,92.42686400451612,residential
10577,Unnamed,51.10176476359109,92.76106020159828,residential
10578,Unnamed,52.08113922019471,93.59257158963369,residential
10579,Unnamed,60.44321820212798,85.61270469613595,school
10580,Unnamed,60.48590262183448,85.81549766953893,school
10581,Unnamed,60.59560328871323,85.6602307989356,school
10582,Unnamed,60.31241887161808,85.47284133042,school
10583,Joy in Learning School Inc,60.441447821725255,85.60537914098518,school
10584,Unnamed,48.40680834718242,82.0325369871978,residential
10585,Unnamed,48.730126228945636,82.22490910974982,residential
10586,Unnamed,48.842397487279285,82.04478988095562,residential
10587,Unnamed,48.31041161644221,81.51635061582392,residential
10588,Unnamed,48.162779240505216,81.65775798406042,residential
10589,Unnamed,48.501121972532495,81.6545328057481,residential
10590,Unnamed,48.55183926140912,81.46590097355786,residential
10591,Unnamed,48.65394371693011,81.82136513821118,residential
10592,Unnamed,48.790942474500056,81.65886504282705,residential
10593,Unnamed,48.24337814890432,81.22645303455468,residential
10594,Unnamed,48.131289918715396,81.41553951885705,residential
10595,Unnamed,47.96725002004383,81.31537140243258,residential
10596,Unnamed,47.821783115994315,81.22522929466388,residential
10597,Unnamed,47.656520657018596,81.15894375046038,residential
10598,Unnamed,47.51093415587458,81.09138303269165,residential
10599,Unnamed,48.04601032333167,81.17650282338661,residential
10600,Unnamed,48.11090908474639,81.08848767139996,residential
10601,Unnamed,47.91608209864604,81.08865499437906,residential
10602,Unnamed,47.74110452107519,81.01059171921024,residential
10603,Unnamed,48.101729285762076,81.94328487323335,residential
10604,Unnamed,47.8060744782219,80.12239915916655,residential
10605,Unnamed,47.877361289752294,80.37119868819556,residential
10606,Unnamed,47.61431480667143,80.73436057684043,residential
10607,Unnamed,52.34814684141885,80.71471120460794,residential
10608,Unnamed,52.249798119711585,80.68104699462036,residential
10609,Unnamed,52.15272972917116,80.61794199377395,residential
10610,Unnamed,51.83504312954103,80.89819779805224,residential
10611,Unnamed,47.44033894570659,81.41563775235738,residential
10612,Unnamed,47.55018273874752,81.460747142762,residential
10613,Unnamed,47.556846680905615,81.63873967167996,residential
10614,Unnamed,47.647225878793975,81.5217619805907,residential
10615,Unnamed,47.69835206658588,81.40083833543902,residential
10616,Unnamed,47.92866712300185,81.4656100290556,residential
10617,Unnamed,48.0245575034771,81.5254865616307,residential
10618,Unnamed,47.83566347089058,81.7109535880046,residential
10619,Unnamed,49.04880992052013,81.164982428673,miscellaneous
10620,Unnamed,49.710673431757215,81.24751060753115,residential
10621,Unnamed,49.62433655786809,80.97725988386405,residential
10622,Unnamed,50.95540093551703,82.050639940608,residential
10623,Unnamed,86.24015775497175,47.09528582799922,miscellaneous
10624,Unnamed,55.596489378704504,48.18271548777731,miscellaneous
10625,Construction of UPLB Graduate School Residence Hall,55.60002269931675,48.176046144249135,miscellaneous
10626,Unnamed,60.486205605114876,68.26917154864306,miscellaneous
10627,Unnamed,60.5872735520649,68.31748628637958,miscellaneous
10628,Unnamed,60.499535704298545,68.36750729835939,miscellaneous
10629,Unnamed,60.654386631747535,68.649964691761,residential
10630,Unnamed,60.830694007180995,69.0716609176807,residential
10631,Unnamed,60.85943927912943,68.9617171485264,miscellaneous
10632,Unnamed,60.86598684709224,68.86657919809034,commercial
10633,Unnamed,61.15920537657459,69.09062495176951,commercial
10634,Unnamed,61.43720423821974,69.40754943927682,miscellaneous
10635,Unnamed,60.47992082887984,68.47839629551476,residential
10636,Unnamed,60.543274256321745,68.5088827753634,residential
10637,Unnamed,60.87411511405253,68.81529336398403,miscellaneous
10638,Unnamed,60.30404778029003,68.59804444424546,miscellaneous
10639,Arable Dormitory,57.913508518686406,50.19699200765121,residential
10640,Los Baños Senior High School,69.86394350513537,72.23275336787852,special
10641,Unnamed,59.57335156440888,75.21431777010903,residential
10642,Unnamed,59.68093995664607,75.22226153155641,residential
10643,Unnamed,59.78647512252616,75.22560538836221,residential
10644,Unnamed,59.91185193110839,75.21652892021028,residential
10645,Unnamed,59.259965491115075,75.21341693118632,residential
10646,Unnamed,58.79705066806934,75.11280963601885,residential
10647,Unnamed,58.67451878260172,75.15451300615639,residential
10648,Unnamed,58.59563582884556,75.0129072494116,residential
10649,Unnamed,58.44165810147085,75.05314949668103,residential
10650,Unnamed,58.39288577816004,75.19478783958938,residential
10651,Unnamed,58.750548406259625,74.97297483219668,residential
10652,Unnamed,60.68275938105355,74.98715375068437,residential
10653,Unnamed,60.50523026024953,75.00939752107955,residential
10654,Unnamed,60.30110636964206,75.00708309863633,residential
10655,Unnamed,60.08065247133079,74.98103010025487,residential
10656,Unnamed,59.92249617709858,75.01607680348283,residential
10657,Unnamed,59.7807269162261,74.99131772589074,residential
10658,Unnamed,59.73574208439866,75.054438122368,residential
10659,Unnamed,59.63722248318386,74.99197434410668,residential
10660,Unnamed,59.5543608179667,74.99639664428882,residential
10661,Unnamed,59.46077108247574,74.99235256892128,residential
10662,Unnamed,59.41165892308998,75.0362792404118,residential
10663,Unnamed,59.31096921016902,75.00597829468974,residential
10664,Unnamed,61.865280788472866,75.70107535601218,miscellaneous
10665,Unnamed,62.13058902119927,75.66995468845685,miscellaneous
10666,Unnamed,62.04519057679179,75.82989734700891,miscellaneous
10667,Unnamed,61.452001320725145,75.6121499724206,residential
10668,Unnamed,61.239576405564,75.64557393266962,residential
10669,Unnamed,61.03308110524672,75.6843919009693,residential
10670,Unnamed,65.23158286506995,69.40183846098479,miscellaneous
10671,Unnamed,65.02583001575918,69.25034465303463,residential
10672,Unnamed,65.22459761139147,69.26965389430512,residential
10673,Unnamed,65.13460895111052,69.2293824042869,residential
10674,Unnamed,65.19362950051362,69.17110123604272,residential
10675,Unnamed,65.27810491477847,69.19643655255477,residential
10676,Joseph C. Villegas Coconut Farm - Bagong Silang,43.17733350434328,-24.473100208432776,miscellaneous
10677,Unnamed,60.84782443555805,42.076548378317355,residential
10678,Unnamed,61.031705934611004,37.516384314630294,residential
10679,Unnamed,61.034631370260605,37.230772002583144,residential
10680,Unnamed,60.62688953954354,37.12920166626294,residential
10681,Unnamed,60.50516499147351,37.439171102210445,residential
10682,Unnamed,60.3785592147254,37.77921912005908,residential
10683,Unnamed,60.08486150709037,37.24567679209764,residential
10684,Unnamed,59.90172139677291,37.52645336010725,residential
10685,Unnamed,58.829959896980455,37.137814531412694,residential
10686,Unnamed,57.75005347481456,36.13356779709856,residential
10687,Unnamed,58.16990375088186,36.17257568663238,residential
10688,Unnamed,58.50584349858187,36.175612350310914,residential
10689,Unnamed,58.92572835326988,36.098417471684606,residential
10690,Unnamed,59.68159855955394,35.88779224199029,residential
10691,Unnamed,59.79746644001017,35.650493934774126,residential
10692,Unnamed,59.719212761752814,35.386484970360556,residential
10693,Unnamed,58.750901667688574,34.893170263396044,residential
10694,Unnamed,58.40159452072324,34.77387225770484,residential
10695,Unnamed,58.03906313066044,34.65455518063321,residential
10696,Unnamed,57.6897795677952,34.54553495091018,residential
10697,Unnamed,56.506458243542255,27.097276801219216,residential
10698,Unnamed,56.25413583577392,26.933362063899846,residential
10699,Unnamed,55.87576229682967,28.469457121747904,residential
10700,Unnamed,55.04253757054518,23.497189063817675,residential
10701,Unnamed,55.32403934589457,23.581649911480486,residential
10702,Unnamed,54.938870098417866,23.9813351083888,residential
10703,Unnamed,55.15113634457056,24.041821214146278,residential
10704,Unnamed,55.590953273460855,23.255156893382477,residential
10705,Unnamed,55.72482767405972,23.290278821215278,residential
10706,Unnamed,55.85697875047455,23.32656885193975,residential
10707,Unnamed,55.611928740287055,22.898260585660204,residential
10708,Unnamed,55.74529816334709,22.934695401110805,residential
10709,Unnamed,55.87849521282896,22.96826264051689,residential
10710,Unnamed,56.21292705033958,23.78800996229538,residential
10711,Unnamed,56.348559995296036,23.81954634583462,residential
10712,Unnamed,56.47774563630694,23.844372253107306,residential
10713,Unnamed,56.380968326557515,23.318788879392958,residential
10714,Unnamed,56.51379317198134,23.355507347560767,residential
10715,Unnamed,56.64508760843072,23.39251162363957,residential
10716,Unnamed,54.07254435727875,25.46972472214904,residential
10717,Unnamed,54.110295154979546,25.36082693737487,residential
10718,Unnamed,51.92638276366486,43.87819834361189,miscellaneous
10719,Unnamed,-14.451243919976624,70.9794172226782,miscellaneous
10720,Unnamed,31.86205431815964,69.48924070743614,residential
10721,Unnamed,31.9728732464446,69.57107035153899,residential
10722,Unnamed,31.935519722314528,69.42437170432785,residential
10723,Unnamed,32.05071322454983,69.47057808318262,residential
10724,Unnamed,32.42923976070487,69.77326186452296,residential
10725,Unnamed,32.32651371748008,69.71911842264748,residential
10726,Unnamed,32.24636501610332,69.67694278198314,residential
10727,Unnamed,32.59428270002096,69.91671488543187,residential
10728,Unnamed,32.6555155465615,69.7710021891606,residential
10729,Unnamed,32.545267792189435,69.70151870707232,residential
10730,Unnamed,29.998830080393958,68.46220609065445,miscellaneous
10731,Unnamed,18.034983078525187,67.20397574924702,miscellaneous
10732,Unnamed,67.93927661099828,69.69226193306264,miscellaneous
10733,Unnamed,51.174533818284516,75.4939876479505,miscellaneous
10734,Unnamed,43.964455699504654,75.61437104951757,miscellaneous
10735,Unnamed,37.98725871759972,74.10585696608497,miscellaneous
10736,Unnamed,81.85233872732778,53.634528150723035,miscellaneous
10737,Unnamed,81.95770566977446,53.71948203399464,miscellaneous
10738,Unnamed,83.42965219231243,52.32079916975315,miscellaneous
10739,Unnamed,81.53346006815183,54.21167886049824,miscellaneous
10740,Unnamed,58.916524252098355,54.632916586405514,miscellaneous
10741,Unnamed,59.09505019021339,54.73140664649322,miscellaneous
10742,Unnamed,58.51479134562552,54.42962569755201,miscellaneous
10743,Unnamed,58.2802401519237,54.32641727560936,miscellaneous
10744,Unnamed,58.118377233523766,54.21081573710905,miscellaneous
10745,Unnamed,58.287659601363806,54.163325105689,miscellaneous
10746,Unnamed,58.177034244601764,54.14236541475405,miscellaneous
10747,Unnamed,79.06548906703536,26.44429127393988,residential
10748,Unnamed,68.18450474351445,40.62128324488107,miscellaneous
10749,Unnamed,68.83302883946983,39.89878967527124,miscellaneous
10750,Unnamed,69.18553726757656,48.4292644895848,miscellaneous
10751,Unnamed,68.14944362836444,48.565095448069464,miscellaneous
10752,Unnamed,19.663949052077093,50.159366595585496,miscellaneous
10753,Unnamed,19.841039542978375,50.06362206830762,miscellaneous
10754,Unnamed,19.7260245755505,49.835361170035654,miscellaneous
10755,Unnamed,19.72603689309623,49.68703598936376,miscellaneous
10756,Unnamed,19.68211964374593,49.58468868397357,miscellaneous
10757,Unnamed,19.63524325066411,49.3277518496201,miscellaneous
10758,Unnamed,19.603411203134854,49.22994650654383,miscellaneous
10759,Unnamed,21.318387205147303,55.754500954589524,miscellaneous
10760,Unnamed,21.454737687419964,54.986143459421356,miscellaneous
10761,Unnamed,21.36827926818306,54.94640336859321,miscellaneous
10762,Unnamed,21.067827077662134,54.95903018337962,miscellaneous
10763,Unnamed,19.612867819732806,48.98090549052772,miscellaneous
10764,Unnamed,19.619016569912635,48.90324294731833,miscellaneous
10765,Unnamed,19.600116047883027,48.8461549049921,miscellaneous
10766,Unnamed,19.83555061047319,48.984272268389034,miscellaneous
10767,Unnamed,19.856646993828026,48.68346485581681,miscellaneous
10768,Unnamed,26.204330319837553,61.9018457430237,miscellaneous
10769,Unnamed,26.437529717823278,62.026024942704026,miscellaneous
10770,Unnamed,26.122252111870793,61.56663547371885,miscellaneous
10771,Unnamed,26.166329158790624,61.705294798181086,miscellaneous
10772,Unnamed,26.249653002409186,62.22387128080107,miscellaneous
10773,Unnamed,26.48806728633824,62.31474180739497,miscellaneous
10774,Unnamed,23.184787167357207,55.51631751705377,miscellaneous
10775,Unnamed,22.4615764489803,55.81384780881279,miscellaneous
10776,Unnamed,22.12464348821801,55.51425289699139,miscellaneous
10777,Unnamed,22.19258632265821,55.7758516203608,miscellaneous
10778,Unnamed,22.069605508162848,55.760462743581776,miscellaneous
10779,Unnamed,22.7973919644376,54.17727714660459,miscellaneous
10780,Unnamed,22.579371488887375,53.38271737895324,miscellaneous
10781,Unnamed,22.912078267745525,54.458558321534824,miscellaneous
10782,Unnamed,23.832146605437813,62.37973800327931,miscellaneous
10783,Unnamed,23.970123497981106,62.308781456393405,miscellaneous
10784,Unnamed,24.386798384953842,62.32317340423836,miscellaneous
10785,Unnamed,24.505301417071106,62.40619824678022,miscellaneous
10786,Unnamed,24.473230026888682,62.59066680751088,miscellaneous
10787,Unnamed,24.198723486221052,62.33174688360924,miscellaneous
10788,Unnamed,24.799555231082753,62.55415084131404,miscellaneous
10789,Unnamed,24.869739622303356,62.62831395939388,miscellaneous
10790,Unnamed,25.1844088327563,62.904456260817575,miscellaneous
10791,Unnamed,25.41450236483902,62.88643685623331,miscellaneous
10792,Unnamed,25.84661518034842,63.09543230485532,miscellaneous
10793,Unnamed,25.885240081752244,63.23692718928984,miscellaneous
10794,Unnamed,25.62307263471529,63.16996451433668,miscellaneous
10795,Unnamed,25.648348996603815,63.11107929439007,miscellaneous
10796,Unnamed,25.672486236209423,63.05021866171741,miscellaneous
10797,Unnamed,26.1723557268725,62.336761291998975,miscellaneous
10798,Unnamed,26.244527732503663,62.525248490581234,miscellaneous
10799,Unnamed,26.670196778567394,62.87020924697878,miscellaneous
10800,Unnamed,26.490028128623933,62.80717576641952,miscellaneous
10801,Unnamed,26.622323636006755,62.7152163851685,miscellaneous
10802,Unnamed,26.47683431589705,62.52412718949974,miscellaneous
10803,Unnamed,26.55742386019348,62.44620831666472,miscellaneous
10804,Unnamed,26.565654977562392,62.60129060880807,miscellaneous
10805,Unnamed,26.46704747290182,62.65845986098944,miscellaneous
10806,Unnamed,26.333920021008822,62.77522698425677,miscellaneous
10807,Unnamed,26.375770408101655,62.713046258973804,miscellaneous
10808,Unnamed,26.367490748748978,62.58596738920858,miscellaneous
10809,Unnamed,26.26837416139129,62.66470248624828,miscellaneous
10810,Unnamed,26.355461891464067,62.40829260458043,miscellaneous
10811,Unnamed,21.812407742185968,60.25437297523417,miscellaneous
10812,Unnamed,21.611576055744553,60.65167031316482,miscellaneous
10813,Unnamed,21.68681236059862,60.661101119988324,miscellaneous
10814,Unnamed,21.857403810936624,60.61982105953893,miscellaneous
10815,Unnamed,21.774948318921915,61.33790385406436,miscellaneous
10816,Unnamed,21.503450728877986,59.97658487652787,miscellaneous
10817,Unnamed,21.851288857159346,59.84873197149986,miscellaneous
10818,Unnamed,21.8793308010601,59.63288759489339,miscellaneous
10819,Unnamed,21.096968330580435,60.001510695102155,miscellaneous
10820,Unnamed,21.058468252323838,59.72973763714996,miscellaneous
10821,Unnamed,21.14491722360963,59.47142047557607,miscellaneous
10822,Unnamed,21.161131366068858,59.57868997103573,miscellaneous
10823,Unnamed,21.00465084360701,59.493914587344,miscellaneous
10824,Unnamed,21.01771909606512,59.60710957029064,miscellaneous
10825,Unnamed,26.310710315876403,62.19866937900406,miscellaneous
10826,Unnamed,20.113265893272295,49.17944703686936,miscellaneous
10827,Unnamed,20.1179002003994,49.108980982611946,miscellaneous
10828,Unnamed,19.91009845416123,49.08374746981147,miscellaneous
10829,Unnamed,20.017582620421727,49.17038724443012,miscellaneous
10830,Unnamed,20.006934706227977,49.11218841619181,miscellaneous
10831,Unnamed,19.93611711178466,49.15567130472095,miscellaneous
10832,Unnamed,20.06790745467705,49.038171704512685,miscellaneous
10833,Unnamed,20.75181122266384,49.260963243497145,miscellaneous
10834,Unnamed,20.74158237514198,49.1783593039226,miscellaneous
10835,Unnamed,20.410770895424516,49.198808824679816,miscellaneous
10836,Unnamed,20.530174784886004,49.18336097637245,miscellaneous
10837,Unnamed,20.07413371506295,48.47181323714547,miscellaneous
10838,Unnamed,20.335148621953394,48.58262026809269,miscellaneous
10839,Unnamed,20.38231741014924,48.64827662703652,miscellaneous
10840,Unnamed,20.257916096989177,48.679583203738176,miscellaneous
10841,Unnamed,20.178249496056885,48.7211750593686,miscellaneous
10842,Unnamed,20.129883548057173,48.62232045977087,miscellaneous
10843,Unnamed,20.18474565902844,48.60448494802002,miscellaneous
10844,Unnamed,20.239070453844548,48.60637554945519,miscellaneous
10845,Unnamed,20.211908809309907,48.566374295126494,miscellaneous
10846,Unnamed,20.179899169772355,48.50879643585376,miscellaneous
10847,Unnamed,20.153210948867855,48.45668063685924,miscellaneous
10848,Unnamed,20.185535717348866,48.38741642671873,miscellaneous
10849,Unnamed,20.218422531896152,48.444106315692345,miscellaneous
10850,Unnamed,20.272893409115376,48.5086270075202,miscellaneous
10851,Unnamed,24.076307203393387,57.47777952777139,miscellaneous
10852,Unnamed,25.218289096688007,59.38825165211754,miscellaneous
10853,Unnamed,24.945023253889737,59.83386148587401,miscellaneous
10854,Unnamed,25.30768884937768,59.573706640985634,miscellaneous
10855,Unnamed,25.380011570885845,59.39188560919773,miscellaneous
10856,Unnamed,24.695661347466054,59.213111386422725,miscellaneous
10857,Unnamed,24.866715965114615,59.05130195793274,miscellaneous
10858,Unnamed,24.040037144342502,58.525703391412875,miscellaneous
10859,Unnamed,24.89376653704958,60.13543557073492,miscellaneous
10860,Unnamed,25.11403608844292,60.06163813417778,miscellaneous
10861,Unnamed,25.201501769760092,59.91953888080911,miscellaneous
10862,Unnamed,25.41029461114968,59.97595321879904,miscellaneous
10863,Unnamed,25.709951612645852,59.782287095167774,miscellaneous
10864,Unnamed,25.61400469394152,59.89233960922987,miscellaneous
10865,Unnamed,25.47666773639846,59.89768107681264,miscellaneous
10866,Unnamed,25.480301107309185,60.222778576866055,miscellaneous
10867,Unnamed,25.68718073566946,60.35889051601748,miscellaneous
10868,Unnamed,25.667613662138848,60.21403150940628,miscellaneous
10869,Unnamed,25.542748964777058,59.75441845790247,miscellaneous
10870,Unnamed,25.562957379300215,60.00703771859768,miscellaneous
10871,Unnamed,25.705217463012797,60.088939881496295,miscellaneous
10872,Unnamed,22.024313722217236,53.04592500426752,miscellaneous
10873,Unnamed,22.062944065639662,52.89736206682056,miscellaneous
10874,Unnamed,21.949492407340298,52.93342821891165,miscellaneous
10875,Unnamed,22.2666114772257,52.25144216122448,miscellaneous
10876,Unnamed,19.897921860548617,50.39496372221745,miscellaneous
10877,Unnamed,20.09693807155387,50.52600803876116,miscellaneous
10878,Unnamed,20.167310896411088,50.514549157345854,miscellaneous
10879,Unnamed,20.289636983443906,50.67393686824142,miscellaneous
10880,Unnamed,20.400224046742938,50.645163465704925,miscellaneous
10881,Unnamed,20.453967334682144,50.71679852270815,miscellaneous
10882,Unnamed,20.605628013182674,50.79963047188506,miscellaneous
10883,Unnamed,20.587797062177447,50.898290414748914,miscellaneous
10884,Unnamed,20.00047491677547,49.31301407822695,miscellaneous
10885,Unnamed,20.407594109546423,49.42388663454284,miscellaneous
10886,Unnamed,20.330393019327435,49.414827859625646,miscellaneous
10887,Unnamed,20.526197124768863,49.345058583251465,miscellaneous
10888,Unnamed,20.340364695059186,49.2623618124204,miscellaneous
10889,Unnamed,19.959991955464112,49.866736131963016,miscellaneous
10890,Unnamed,20.260987464286572,50.1171721125979,miscellaneous
10891,Unnamed,20.10394374556332,50.2102981419186,miscellaneous
10892,Unnamed,20.26967018647476,50.35949742409317,miscellaneous
10893,Unnamed,20.429155400826772,50.392813834463524,miscellaneous
10894,Unnamed,20.76940720419836,49.46851826703686,miscellaneous
10895,Unnamed,21.119022047404346,50.40186517920937,miscellaneous
10896,Unnamed,20.717012655957763,50.20963161098082,miscellaneous
10897,Unnamed,20.79503730954516,50.00667387495732,miscellaneous
10898,Unnamed,20.68729943906551,50.00661717065793,miscellaneous
10899,Unnamed,20.61171698245074,49.694954296231124,miscellaneous
10900,Unnamed,20.49910212460035,49.639333973853944,miscellaneous
10901,Unnamed,20.430590626765273,49.674748711471054,miscellaneous
10902,Unnamed,20.38030283556068,49.727045052738575,miscellaneous
10903,Unnamed,20.407893062065842,49.80271863728703,miscellaneous
10904,Unnamed,20.29038885173494,50.44790470866908,miscellaneous
10905,Unnamed,20.326303042521115,50.42949254225461,miscellaneous
10906,Unnamed,20.376193295942098,50.43252846362126,miscellaneous
10907,Unnamed,20.39041889859579,50.49426945987182,miscellaneous
10908,Unnamed,20.343592143739944,50.486948395458285,miscellaneous
10909,Unnamed,20.480613748530775,50.57534621973867,miscellaneous
10910,Unnamed,20.55246172494786,50.587795916174926,miscellaneous
10911,Unnamed,20.41865486130654,50.53192788714686,miscellaneous
10912,Unnamed,20.474036962937355,50.4823034693057,miscellaneous
10913,Unnamed,20.562560169678786,52.41433021806651,miscellaneous
10914,Unnamed,20.792607209592045,52.23955342154978,miscellaneous
10915,Unnamed,20.93787933048021,52.27584670669398,miscellaneous
10916,Unnamed,20.91819495669841,52.18010799752285,miscellaneous
10917,Unnamed,20.92516715731784,52.04654225261871,miscellaneous
10918,Unnamed,20.917911400191375,51.94179943368913,miscellaneous
10919,Unnamed,20.92822677360818,51.85160363689645,miscellaneous
10920,Unnamed,20.882616548314395,52.74096846332582,miscellaneous
10921,Unnamed,21.57397088472206,53.447582205838586,miscellaneous
10922,Unnamed,21.452812163365984,53.36113503231354,miscellaneous
10923,Unnamed,21.53638804080023,53.35564128127442,miscellaneous
10924,Unnamed,21.221529587571126,52.29676822778958,miscellaneous
10925,Unnamed,21.077641164347032,51.732159921972986,miscellaneous
10926,Unnamed,21.116887677974695,51.85123278974301,miscellaneous
10927,Unnamed,21.14081942816862,51.995212496529916,miscellaneous
10928,Unnamed,20.602944573374355,52.22490836011712,miscellaneous
10929,Unnamed,21.109928038206842,53.865996119332706,miscellaneous
10930,Unnamed,21.152839324510666,54.118525402655315,miscellaneous
10931,Unnamed,21.554574754543637,53.706870289018596,miscellaneous
10932,Unnamed,21.608649218662958,53.658403824097014,miscellaneous
10933,Unnamed,21.701320841084964,53.66290230736115,miscellaneous
10934,Unnamed,21.809241315796715,53.821574378082495,miscellaneous
10935,Unnamed,21.830450340527577,53.93334623340276,miscellaneous
10936,Unnamed,21.678170578672706,53.97573785020492,miscellaneous
10937,Unnamed,21.808124513190155,54.162699555248395,miscellaneous
10938,Unnamed,21.930753467027635,54.158060204968386,miscellaneous
10939,Unnamed,21.87009826103935,54.070407617141356,miscellaneous
10940,Unnamed,21.78052027503088,54.41106706173213,miscellaneous
10941,Unnamed,21.7560459276187,54.2674676784254,miscellaneous
10942,Unnamed,21.900621264161543,54.58322004744147,miscellaneous
10943,Unnamed,21.962837046978358,54.674862663010515,miscellaneous
10944,Unnamed,21.974306257482564,54.819584520638806,miscellaneous
10945,Unnamed,21.791920328778335,54.89786124459777,miscellaneous
10946,Unnamed,21.938311989441804,55.00944444777662,miscellaneous
10947,Unnamed,21.81010292308764,55.05660604127824,miscellaneous
10948,Unnamed,21.708149505685103,55.04552837716592,miscellaneous
10949,Unnamed,21.71363696401329,55.139477037946435,miscellaneous
10950,Unnamed,21.56480463609331,54.85957061381125,miscellaneous
10951,Unnamed,21.570531033958908,55.01685423131655,miscellaneous
10952,Unnamed,21.556190683342052,55.177533940135106,miscellaneous
10953,Unnamed,21.606681771760318,54.69763908444987,miscellaneous
10954,Unnamed,21.01814457526924,54.80998656399072,miscellaneous
10955,Unnamed,21.26904306335257,55.053581889204494,miscellaneous
10956,Unnamed,21.40440648077215,55.27510697911008,miscellaneous
10957,Unnamed,21.494699228947336,55.29601139173182,miscellaneous
10958,Unnamed,21.439701260080366,55.41100674156668,miscellaneous
10959,Unnamed,21.515120509891652,55.42305033887924,miscellaneous
10960,Unnamed,21.452496492866537,55.509549036464456,miscellaneous
10961,Unnamed,21.529382948023855,55.639251681294155,miscellaneous
10962,Unnamed,21.511920552348165,55.572626936197686,miscellaneous
10963,Unnamed,21.557370454202214,55.51178809603874,miscellaneous
10964,Unnamed,21.577348114609965,55.366789814188486,miscellaneous
10965,Unnamed,21.728899203478015,55.2434941335458,miscellaneous
10966,Unnamed,21.68178334838129,55.362926380702724,miscellaneous
10967,Unnamed,21.60866699483836,55.67184762116493,miscellaneous
10968,Unnamed,21.563790847802967,55.79292297680709,miscellaneous
10969,Unnamed,21.253766363492627,55.61480735387708,miscellaneous
10970,Unnamed,21.168761983393598,55.65171551861808,miscellaneous
10971,Unnamed,21.093615092336517,55.725703008493724,miscellaneous
10972,Unnamed,21.068131695061613,55.645061149292005,miscellaneous
10973,Unnamed,20.98669771145114,55.757289799826395,miscellaneous
10974,Unnamed,21.20884761352423,55.77345115810368,miscellaneous
10975,Unnamed,21.395458294060848,55.64391605939818,miscellaneous
10976,Unnamed,21.34955220597193,55.548840210829795,miscellaneous
10977,Unnamed,21.30071885788016,55.43779133949898,miscellaneous
10978,Unnamed,21.173209560157197,55.46342430168363,miscellaneous
10979,Unnamed,21.11166403894712,55.54048697714402,miscellaneous
10980,Unnamed,21.082562584247285,55.48860521128793,miscellaneous
10981,Unnamed,21.05874186640315,55.43385897285184,miscellaneous
10982,Unnamed,21.000355010689812,55.351638380324886,miscellaneous
10983,Unnamed,21.079290740202616,55.30202184403106,miscellaneous
10984,Unnamed,20.97336324545185,55.63601171183811,miscellaneous
10985,Unnamed,20.934962750026624,55.572369054329194,miscellaneous
10986,Unnamed,20.916330646734256,55.670453465936,miscellaneous
10987,Unnamed,20.86989880905713,55.594959171684245,miscellaneous
10988,Unnamed,20.899252356989155,55.522138906766116,miscellaneous
10989,Unnamed,20.918139700363323,55.37679360809295,miscellaneous
10990,Unnamed,21.01712003935511,55.55252251433729,miscellaneous
10991,Unnamed,20.963485832714525,55.46767446539555,miscellaneous
10992,Unnamed,20.838322132779812,55.44432650266622,miscellaneous
10993,Unnamed,20.84181262898552,55.2494443630183,miscellaneous
10994,Unnamed,20.732759271560912,55.30001184276494,miscellaneous
10995,Unnamed,20.80509913172324,55.18539265112402,miscellaneous
10996,Unnamed,20.90705556537804,55.18887111016465,miscellaneous
10997,Unnamed,20.976868495654465,55.134945671228564,miscellaneous
10998,Unnamed,20.910351368924065,55.00494199531033,miscellaneous
10999,Unnamed,20.83685341256629,55.066003051221166,miscellaneous
11000,Unnamed,20.798432992101823,54.990975231844786,miscellaneous
11001,Unnamed,20.799531322608647,54.93120668804268,miscellaneous
11002,Unnamed,20.77081113460293,55.123815664376274,miscellaneous
11003,Unnamed,20.724749301361527,55.05599342240481,miscellaneous
11004,Unnamed,20.657342956907286,55.20502141807163,miscellaneous
11005,Unnamed,20.893319051580693,53.64916929186765,miscellaneous
11006,Unnamed,21.795795991335094,54.76568360571618,miscellaneous
11007,Unnamed,22.09093011348103,60.02786154800125,miscellaneous
11008,Unnamed,22.101520439643974,59.79461660336057,miscellaneous
11009,Unnamed,22.244357810141583,59.78024380449756,miscellaneous
11010,Unnamed,22.127295577283746,59.64689173066164,miscellaneous
11011,Unnamed,22.251573906586557,59.65830360564921,miscellaneous
11012,Unnamed,22.3998289042111,59.62462329433754,miscellaneous
11013,Unnamed,22.39443082795585,59.798998267111344,miscellaneous
11014,Unnamed,22.56058248747155,59.77863020105032,miscellaneous
11015,Unnamed,22.781128138589686,59.78490402597394,miscellaneous
11016,Unnamed,22.897956905718864,60.05295295000265,miscellaneous
11017,Unnamed,22.728512939308473,59.943214389841636,miscellaneous
11018,Unnamed,22.888577802411262,59.93183106158075,miscellaneous
11019,Unnamed,22.370904673895087,60.156590892958675,miscellaneous
11020,Unnamed,22.0891202816654,60.243567959633396,miscellaneous
11021,Unnamed,23.7420624402099,59.51195044918883,miscellaneous
11022,Unnamed,23.832755781062612,59.940569801569545,miscellaneous
11023,Unnamed,23.04102179388386,58.990748320103705,miscellaneous
11024,Unnamed,22.862199436921575,59.12387664512412,miscellaneous
11025,Unnamed,22.56855825213828,58.13988652946801,miscellaneous
11026,Unnamed,22.451839502541755,57.90271532207889,miscellaneous
11027,Unnamed,22.24184454624982,57.541154438361716,miscellaneous
11028,Unnamed,23.279934324411396,57.22933726894303,miscellaneous
11029,Unnamed,23.21715427861197,57.091337744071154,miscellaneous
11030,Unnamed,23.038410691366668,57.215559829733856,miscellaneous
11031,Unnamed,23.09049982097722,57.36755210944072,miscellaneous
11032,Unnamed,23.331460084203556,57.025884471719536,miscellaneous
11033,Unnamed,23.11804882146131,57.00221581626145,miscellaneous
11034,Unnamed,21.80247484302606,56.506533732486794,miscellaneous
11035,Unnamed,22.06019461839163,55.945652898922695,miscellaneous
11036,Unnamed,21.975859273169945,56.25337814597833,miscellaneous
11037,Unnamed,22.390314005971216,56.33899355358596,miscellaneous
11038,Unnamed,22.45178814782432,56.08940126279127,miscellaneous
11039,Unnamed,20.986981828394377,56.10114590844927,miscellaneous
11040,Unnamed,21.07322586187042,56.09036944101244,miscellaneous
11041,Unnamed,21.157548331886026,56.091265689065416,miscellaneous
11042,Unnamed,21.304090765926336,56.08763337386613,miscellaneous
11043,Unnamed,20.990320852434927,56.23687796450743,miscellaneous
11044,Unnamed,21.125170223312757,56.22955709730976,miscellaneous
11045,Unnamed,25.538441946311984,61.136037691355305,miscellaneous
11046,Unnamed,25.741900816676694,61.00186510399753,miscellaneous
11047,Unnamed,25.57262914094335,61.26155121187607,miscellaneous
11048,Unnamed,25.668484391041734,61.295530857976544,miscellaneous
11049,Unnamed,25.789353163318268,61.57434501966189,miscellaneous
11050,Unnamed,25.733293283683693,61.47224174988055,miscellaneous
11051,Unnamed,25.6451815437873,61.41665929616257,miscellaneous
11052,Unnamed,25.731659674300616,61.35556934585439,miscellaneous
11053,Unnamed,26.011861426813986,61.46706361574621,miscellaneous
11054,Unnamed,25.90661703642498,61.67230846961106,miscellaneous
11055,Unnamed,25.83160920424238,61.76269708045056,miscellaneous
11056,Unnamed,25.990699850380235,61.79108357392128,miscellaneous
11057,Unnamed,25.906091146303634,61.86732444287446,miscellaneous
11058,Unnamed,25.941190515349728,61.25632901125725,miscellaneous
11059,Unnamed,26.15588337335207,61.30321840658755,miscellaneous
11060,Unnamed,25.808058231377057,60.81402849641756,miscellaneous
11061,Unnamed,25.664691756032244,60.843000895187735,miscellaneous
11062,Unnamed,25.81819357611409,61.2720618024828,miscellaneous
11063,Unnamed,25.81136995367733,61.09833557724158,miscellaneous
11064,Unnamed,25.852862077471794,61.165657910419945,miscellaneous
11065,Unnamed,25.951978990838164,61.078517120851906,miscellaneous
11066,Unnamed,24.939733447458327,60.305597321721216,miscellaneous
11067,Unnamed,25.33761233380837,60.880024201309155,miscellaneous
11068,Unnamed,25.422755072737818,60.82321074249627,miscellaneous
11069,Unnamed,25.31913537106095,60.739145668366234,miscellaneous
11070,Unnamed,25.78195540579282,60.48105212144321,miscellaneous
11071,Unnamed,25.669469655775227,60.51998605572969,miscellaneous
11072,Unnamed,25.743057122600234,60.63206595139895,miscellaneous
11073,Unnamed,25.136241734654867,60.52037191075951,miscellaneous
11074,Unnamed,25.475909687755593,60.981645802874255,miscellaneous
11075,Unnamed,25.64291950001134,60.69137539218825,miscellaneous
11076,Unnamed,26.004628046246857,60.81473271375337,miscellaneous
11077,Unnamed,26.074438342898322,61.03348188635531,miscellaneous
11078,Unnamed,25.944282366382144,60.97312582658571,miscellaneous
11079,Unnamed,26.079488288517066,60.95886933250042,miscellaneous
11080,Unnamed,25.839584777044696,60.71703502789504,miscellaneous
11081,Unnamed,25.41778665356796,60.53811292843928,miscellaneous
11082,Unnamed,25.097573285007417,61.31538453873719,miscellaneous
11083,Unnamed,25.010840043665777,60.94760916427049,miscellaneous
11084,Unnamed,24.60147595099428,61.24029153163967,miscellaneous
11085,Unnamed,25.855448660293757,60.36087848950391,miscellaneous
11086,Unnamed,26.01145598623883,61.04477347008361,miscellaneous
11087,Unnamed,25.954209415538937,61.382566645830906,miscellaneous
11088,Unnamed,26.066090382831565,61.378784720095624,miscellaneous
11089,Unnamed,26.060108144131984,61.70566808419926,miscellaneous
11090,Unnamed,26.11942627008988,61.804761105122374,miscellaneous
11091,Unnamed,26.151470215883943,62.10038741239832,miscellaneous
11092,Unnamed,26.07313564951407,62.135393946197695,miscellaneous
11093,Unnamed,26.0288721357166,62.17459241133283,miscellaneous
11094,Unnamed,26.077938023481146,62.03242364980901,miscellaneous
11095,Unnamed,22.970466918180954,54.57141713240752,miscellaneous
11096,Unnamed,23.05031212853829,54.43157560764805,miscellaneous
11097,Unnamed,22.537243168419597,54.072653653325986,miscellaneous
11098,Unnamed,22.588679034676613,54.03395671386954,miscellaneous
11099,Unnamed,22.6454501107827,54.00495412997153,miscellaneous
11100,Unnamed,22.846062453632978,53.93078077094904,miscellaneous
11101,Unnamed,23.18756092639778,54.59914456093327,miscellaneous
11102,Unnamed,22.6231304938248,55.66019331322095,miscellaneous
11103,Unnamed,22.608677453430705,53.76116630797466,miscellaneous
11104,Unnamed,22.91493230766943,53.90489106400609,miscellaneous
11105,Unnamed,22.672703398610135,54.089644938426815,miscellaneous
11106,Unnamed,22.628554806861562,55.757331956260735,miscellaneous
11107,Unnamed,22.534550061323603,55.71094993175073,miscellaneous
11108,Unnamed,22.541667518154927,55.728910023522296,miscellaneous
11109,Unnamed,22.536454071161668,55.747147537483265,miscellaneous
11110,Unnamed,21.478627907240206,56.446284779549686,miscellaneous
11111,Unnamed,22.567246774210112,59.54208552347191,miscellaneous
11112,Unnamed,22.50166764152672,59.174249414567605,miscellaneous
11113,Unnamed,22.659988075293565,59.386548880853375,miscellaneous
11114,Unnamed,22.328001971921175,59.1358989225934,miscellaneous
11115,Unnamed,22.414121451992543,59.24491597347614,miscellaneous
11116,Unnamed,22.33005116905944,59.25676374121915,miscellaneous
11117,Unnamed,22.3531514630292,59.42611240085388,miscellaneous
11118,Unnamed,22.554907585715718,59.3374269908131,miscellaneous
11119,Unnamed,22.543063276091484,59.641258232393845,miscellaneous
11120,Unnamed,22.030850375938883,59.25501422736137,miscellaneous
11121,Unnamed,22.14607837208728,59.225163870791455,miscellaneous
11122,Unnamed,22.221498765220147,59.205263519950016,miscellaneous
11123,Unnamed,22.224676808494216,59.41081858414361,miscellaneous
11124,Unnamed,22.05060875926585,59.43359115266964,miscellaneous
11125,Unnamed,22.610150979022816,59.449007841183686,miscellaneous
11126,Unnamed,22.703833847845583,59.5468374595831,miscellaneous
11127,Unnamed,22.74999987622085,60.06856317020887,miscellaneous
11128,Unnamed,22.52351349485637,60.062392246194875,miscellaneous
11129,Unnamed,22.608599940206446,59.98391593043557,miscellaneous
11130,Unnamed,22.680764776752866,58.38230621316808,miscellaneous
11131,Unnamed,22.624102590389416,58.70079372098965,miscellaneous
11132,Unnamed,22.45511782265487,58.67905189932541,miscellaneous
11133,Unnamed,22.281257411371577,58.85104110143523,miscellaneous
11134,Unnamed,22.103539043451374,58.798963258192124,miscellaneous
11135,Unnamed,22.165699168315424,58.97301780137594,miscellaneous
11136,Unnamed,21.946145467642335,58.79360719351017,miscellaneous
11137,Unnamed,22.07331700862564,58.636345528789946,miscellaneous
11138,Unnamed,22.336652335687543,58.97382412251535,miscellaneous
11139,Unnamed,23.29912096920345,57.9526076924047,miscellaneous
11140,Unnamed,23.887339019538903,60.057696119818345,miscellaneous
11141,Unnamed,24.063464164445183,59.84840271952552,miscellaneous
11142,Unnamed,23.258703575380903,59.70260850195723,miscellaneous
11143,Unnamed,23.030796663715794,59.48507188485662,miscellaneous
11144,Unnamed,22.54479763002306,59.46384407015913,miscellaneous
11145,Unnamed,22.00557590480379,58.531628927491006,miscellaneous
11146,Unnamed,22.756870845768216,58.78515609849251,miscellaneous
11147,Unnamed,22.674553618777672,58.81295970226505,miscellaneous
11148,Unnamed,22.17417354004517,58.22871307405383,miscellaneous
11149,Unnamed,22.909971459620575,58.150463031210734,miscellaneous
11150,Unnamed,22.953136126646353,59.423402159251495,miscellaneous
11151,Unnamed,23.104086844217004,59.36743193759063,miscellaneous
11152,Unnamed,23.173126730772896,59.548836838791495,miscellaneous
11153,Unnamed,23.091650602135257,59.610819540615125,miscellaneous
11154,Unnamed,23.223385579090365,59.63190575086406,miscellaneous
11155,Unnamed,23.083108509184104,59.51804628479924,miscellaneous
11156,Unnamed,22.00304088173797,59.03255085177399,miscellaneous
11157,Unnamed,20.687201477090802,56.52985380203033,miscellaneous
11158,Unnamed,21.005585023233436,56.686928442987174,miscellaneous
11159,Unnamed,21.098859125346493,56.68747154256506,miscellaneous
11160,Unnamed,21.069720478933498,56.93002470142453,miscellaneous
11161,Unnamed,21.178645119193774,56.809138274283185,miscellaneous
11162,Unnamed,21.450669499462908,57.086792992297845,miscellaneous
11163,Unnamed,21.646480010210528,57.43800271219081,miscellaneous
11164,Unnamed,21.45302772441481,57.44480229982756,miscellaneous
11165,Unnamed,21.448592357423287,57.623137218970335,miscellaneous
11166,Unnamed,21.602865509845294,57.60062370811032,miscellaneous
11167,Unnamed,23.61947775250488,57.622322162681385,miscellaneous
11168,Unnamed,23.72331800117189,57.574745062582046,miscellaneous
11169,Unnamed,22.912219343895124,57.78292074910364,miscellaneous
11170,Unnamed,22.751732327832926,57.651427623773884,miscellaneous
11171,Unnamed,22.83416350025627,57.71167257944404,miscellaneous
11172,Unnamed,22.856254776770303,57.75597747575498,miscellaneous
11173,Unnamed,22.78212577605554,57.75221358289785,miscellaneous
11174,Unnamed,22.635588598778597,57.91607460445807,miscellaneous
11175,Unnamed,22.796843323016564,57.92999195009658,miscellaneous
11176,Unnamed,22.92062934604944,57.664884467003084,miscellaneous
11177,Unnamed,22.857638355689485,57.56193185064302,miscellaneous
11178,Unnamed,22.418373100290463,57.149744061222854,miscellaneous
11179,Unnamed,22.097241416860765,57.18258135397718,miscellaneous
11180,Unnamed,22.42335560392554,56.79177221117655,miscellaneous
11181,Unnamed,22.322391575118754,56.60469136189662,miscellaneous
11182,Unnamed,22.36484740272594,56.49594432700022,miscellaneous
11183,Unnamed,23.18999760027923,57.28453880521145,miscellaneous
11184,Unnamed,23.38768562487147,57.19508240219194,miscellaneous
11185,Unnamed,22.770459010611187,57.8210645591016,miscellaneous
11186,Unnamed,21.314833310584767,56.68369537924628,miscellaneous
11187,Unnamed,21.175438338886426,56.58788466767923,miscellaneous
11188,Unnamed,20.99725405410573,56.535895812738445,miscellaneous
11189,Unnamed,21.320484736851327,56.58021888747985,miscellaneous
11190,Unnamed,21.262681939575902,56.226028229067495,miscellaneous
11191,Unnamed,21.313959033170537,56.37460222776328,miscellaneous
11192,Unnamed,21.245529423284314,55.934808743705,miscellaneous
11193,Unnamed,21.158676347600732,55.91377984281867,miscellaneous
11194,Unnamed,21.053296561077204,55.93341653809798,miscellaneous
11195,Unnamed,21.244139415992912,56.659379306569534,miscellaneous
11196,Unnamed,21.43651061658605,56.72227170311261,miscellaneous
11197,Unnamed,21.46796888782211,56.540112417116795,miscellaneous
11198,Unnamed,21.45599233307675,56.617136809792015,miscellaneous
11199,Unnamed,21.2071105889563,56.49325336684237,miscellaneous
11200,Unnamed,21.09816541360769,56.4099126379696,miscellaneous
11201,Unnamed,21.391362646492297,55.954357248681255,miscellaneous
11202,Unnamed,21.550479900627124,55.91875219955299,miscellaneous
11203,Unnamed,21.53643665385468,56.045284353899746,miscellaneous
11204,Unnamed,21.656520226393248,56.18652492266487,miscellaneous
11205,Unnamed,21.512879450628088,56.24569656751453,miscellaneous
11206,Unnamed,21.304626097015092,55.87959531489247,miscellaneous
11207,Unnamed,20.851395748519195,56.060339782953086,miscellaneous
11208,Unnamed,20.695417881682047,56.39947784099996,miscellaneous
11209,Unnamed,21.053839153823255,56.821889403187555,miscellaneous
11210,Unnamed,21.10615847526244,57.050855392644586,miscellaneous
11211,Unnamed,21.261433693255018,57.13544133453713,miscellaneous
11212,Unnamed,21.116583610106275,57.218660669881395,miscellaneous
11213,Unnamed,21.136109964760024,57.4180954304207,miscellaneous
11214,Unnamed,21.30091424602357,57.47634134709323,miscellaneous
11215,Unnamed,21.288126256543208,57.32415997247809,miscellaneous
11216,Unnamed,21.206106541161283,57.68444241261553,miscellaneous
11217,Unnamed,21.209214156094927,57.78145671751673,miscellaneous
11218,Unnamed,21.003052719777976,57.781565630004486,miscellaneous
11219,Unnamed,21.079748524911075,57.64951870102101,miscellaneous
11220,Unnamed,20.965784100796334,57.65532919930768,miscellaneous
11221,Unnamed,21.460055830787088,57.29476321422292,miscellaneous
11222,Unnamed,21.610384295219944,57.2927824785217,miscellaneous
11223,Unnamed,21.73058484790521,57.312180734471795,miscellaneous
11224,Unnamed,21.769091894151323,57.210716051209495,miscellaneous
11225,Unnamed,21.440468823581245,56.947120142055994,miscellaneous
11226,Unnamed,21.23209898297633,57.00953349852057,miscellaneous
11227,Unnamed,21.28226829295787,56.914923483125335,miscellaneous
11228,Unnamed,21.446695558880585,57.89720054116644,miscellaneous
11229,Unnamed,21.571782696277133,57.888318903534255,miscellaneous
11230,Unnamed,21.105540492115814,57.78398537692693,miscellaneous
11231,Unnamed,21.26115036062285,57.883506589652214,miscellaneous
11232,Unnamed,21.317037027930606,57.87810273745022,miscellaneous
11233,Unnamed,21.388283917276393,56.25331123431453,miscellaneous
11234,Unnamed,20.67694368271632,54.95964727223117,miscellaneous
11235,Unnamed,21.221576673002374,57.619766264670766,miscellaneous
11236,Unnamed,21.30807846053704,57.675342639651205,miscellaneous
11237,Unnamed,21.27072381723091,56.482230541793946,miscellaneous
11238,Unnamed,21.176218660677037,56.67468235326126,miscellaneous
11239,Unnamed,21.136764292389376,56.481107595689316,miscellaneous
11240,Unnamed,26.08282593179033,60.88181547076579,miscellaneous
11241,Unnamed,25.248387298134872,60.63803255455442,miscellaneous
11242,Unnamed,24.047110361918683,61.06360518063861,miscellaneous
11243,Unnamed,25.009018139791294,62.16068989071598,miscellaneous
11244,Unnamed,24.91659019987262,62.10575814790849,miscellaneous
11245,Unnamed,24.845126838975716,62.06655963694039,miscellaneous
11246,Unnamed,24.762158437396025,62.027539049921224,miscellaneous
11247,Unnamed,24.67715198481321,61.999077520621135,miscellaneous
11248,Unnamed,24.593297523132247,61.967386988378415,miscellaneous
11249,Unnamed,24.499948220610428,61.92849429470494,miscellaneous
11250,Unnamed,24.25747228015564,62.250442181613685,miscellaneous
11251,Unnamed,24.17188718409995,62.22266445223808,miscellaneous
11252,Unnamed,24.648098661997693,61.691316920927406,miscellaneous
11253,Unnamed,24.55403003246056,61.648105173586345,miscellaneous
11254,Unnamed,24.403119444184103,61.569195242512784,miscellaneous
11255,Unnamed,26.030122107341185,60.91819766264225,miscellaneous
11256,Unnamed,25.8731480146483,60.78083080279447,miscellaneous
11257,Unnamed,20.947557444005348,58.92367185578582,miscellaneous
11258,Unnamed,20.927725094621604,58.75238722315724,miscellaneous
11259,Unnamed,21.26860040004518,58.34038242634975,miscellaneous
11260,Unnamed,21.12530154656381,58.144172181373385,miscellaneous
11261,Unnamed,21.105189566237936,58.90674629585314,miscellaneous
11262,Unnamed,21.07348316408162,58.72421407268814,miscellaneous
11263,Unnamed,21.48575264427858,58.19062932943926,miscellaneous
11264,Unnamed,21.889732162076392,58.41990651025354,miscellaneous
11265,Unnamed,21.883428349758493,58.58463627056292,miscellaneous
11266,Unnamed,21.511469851972773,58.36575060940278,miscellaneous
11267,Unnamed,21.048803381937674,58.35530933599651,miscellaneous
11268,Unnamed,20.912803792959654,58.5888054011296,miscellaneous
11269,Unnamed,20.883879814629537,58.459937418294416,miscellaneous
11270,Unnamed,21.28523535280945,58.17562877028736,miscellaneous
11271,Unnamed,21.598106967192912,58.1394316798578,miscellaneous
11272,Unnamed,21.681154627590736,58.266551322761906,miscellaneous
11273,Unnamed,21.13637431878714,59.29657707734195,miscellaneous
11274,Unnamed,21.06306945434631,59.13293592737524,miscellaneous
11275,Unnamed,20.9739244683451,58.398904263131094,miscellaneous
11276,Unnamed,21.258947557546538,58.45193040172736,miscellaneous
11277,Unnamed,22.068086268984388,60.70233394951487,miscellaneous
11278,Unnamed,22.213565837297075,60.85000591412207,miscellaneous
11279,Unnamed,22.324961952788787,60.88668629522801,miscellaneous
11280,Unnamed,22.307403118509697,60.676949175286865,miscellaneous
11281,Unnamed,22.463438410637675,60.745787324780935,miscellaneous
11282,Unnamed,22.638035785636013,61.031156308981075,miscellaneous
11283,Unnamed,22.781831705162585,61.091714756353085,miscellaneous
11284,Unnamed,22.705181450787734,60.81735572655279,miscellaneous
11285,Unnamed,22.849021510255547,60.89939537218021,miscellaneous
11286,Unnamed,22.964834911263456,60.96017254116109,miscellaneous
11287,Unnamed,22.94022244469165,61.106524850507384,miscellaneous
11288,Unnamed,22.996052602718514,61.26464169704698,miscellaneous
11289,Unnamed,23.026985237515486,61.137391398393014,miscellaneous
11290,Unnamed,23.22190351926591,61.27448146370956,miscellaneous
11291,Unnamed,23.123643642217363,61.200116560553454,miscellaneous
11292,Unnamed,23.198647384156384,60.847202164612334,miscellaneous
11293,Unnamed,23.08094953667344,60.977348068790995,miscellaneous
11294,Unnamed,23.21731166171686,60.962233233679186,miscellaneous
11295,Unnamed,23.099748595869162,60.59098120020309,miscellaneous
11296,Unnamed,22.88412505326146,60.73461104775524,miscellaneous
11297,Unnamed,22.754663143683306,60.46736735663492,miscellaneous
11298,Unnamed,22.967529918101363,60.324056159624654,miscellaneous
11299,Unnamed,22.571422298554868,60.22552297105273,miscellaneous
11300,Unnamed,22.051899772273117,60.58518496680008,miscellaneous
11301,Unnamed,22.234163897585248,60.51326397688316,miscellaneous
11302,Unnamed,22.583102658570187,60.493895695507995,miscellaneous
11303,Unnamed,23.632873698194796,61.31654498655218,miscellaneous
11304,Unnamed,23.87703497989179,61.09453308009063,miscellaneous
11305,Unnamed,23.82347581605312,60.875934419665235,miscellaneous
11306,Unnamed,23.305457461369492,60.47646707616091,miscellaneous
11307,Unnamed,23.253833500130103,60.35473205117394,miscellaneous
11308,Unnamed,23.450216686924435,62.02524029996,miscellaneous
11309,Unnamed,21.027853507718504,58.2079787212818,miscellaneous
11310,Unnamed,23.293440794998475,61.32572277391534,miscellaneous
11311,Unnamed,23.311901493794316,61.43737839940594,miscellaneous
11312,Unnamed,23.793157440285594,61.613205971091304,miscellaneous
11313,Unnamed,23.719455207983106,61.50662553338232,miscellaneous
11314,Unnamed,23.46930707803787,61.280714512672105,miscellaneous
11315,Unnamed,23.53782092660309,61.392562570006326,miscellaneous
11316,Unnamed,23.47677496787869,61.34059700800727,miscellaneous
11317,Unnamed,23.541311664065802,61.308997389534305,miscellaneous
11318,Unnamed,23.645121864923432,61.40193820306863,miscellaneous
11319,Unnamed,23.560905455614154,61.51462337594039,miscellaneous
11320,Unnamed,23.549052531125614,61.140802603938525,miscellaneous
11321,Unnamed,23.637348155275507,61.13998765738042,miscellaneous
11322,Unnamed,23.66200501976677,61.01349292923731,miscellaneous
11323,Unnamed,23.452784313392243,61.037987129316775,miscellaneous
11324,Unnamed,23.208254071377358,60.2290567995197,miscellaneous
11325,Unnamed,23.242270766176386,60.281192776251714,miscellaneous
11326,Unnamed,23.26915617728257,60.417631831339676,miscellaneous
11327,Unnamed,23.091892994240787,61.32228091738846,miscellaneous
11328,Unnamed,22.8698096065313,61.220251652472655,miscellaneous
11329,Unnamed,22.92793346807778,61.23565349384722,miscellaneous
11330,Unnamed,22.502852848677534,60.97143395538252,miscellaneous
11331,Unnamed,22.09349425808003,60.83256864182394,miscellaneous
11332,Unnamed,22.175289029474296,60.70443203605201,miscellaneous
11333,Unnamed,22.59667625821842,60.78710344038741,miscellaneous
11334,Unnamed,22.33234271397769,60.4925623462432,miscellaneous
11335,Unnamed,22.43845577581067,60.493427860572226,miscellaneous
11336,Unnamed,22.14204768310404,60.58240055556858,miscellaneous
11337,Unnamed,22.137075402786717,60.479173835098145,miscellaneous
11338,Unnamed,22.044663013425026,60.515053124657335,miscellaneous
11339,Unnamed,22.066937342956326,60.46095108935715,miscellaneous
11340,Unnamed,22.694073091559485,60.88443157599962,miscellaneous
11341,Unnamed,22.734856746291623,60.72734202410432,miscellaneous
11342,Unnamed,22.719143410936308,60.61540699778036,miscellaneous
11343,Unnamed,23.1699740385184,61.078308302369436,miscellaneous
11344,Unnamed,23.286893483758153,61.09565208335004,miscellaneous
11345,Unnamed,23.033440834899025,60.754756571394296,miscellaneous
11346,Unnamed,23.168140856765838,60.72514917392158,miscellaneous
11347,Unnamed,23.012164620434756,60.62980243769972,miscellaneous
11348,Unnamed,23.046309495072,60.472100845712895,miscellaneous
11349,Unnamed,22.872096341224236,60.416637936307495,miscellaneous
11350,Unnamed,22.889083798049796,60.53634686712428,miscellaneous
11351,Unnamed,23.036877271096824,60.854310850032334,miscellaneous
11352,Unnamed,22.78604180400833,60.26212452598134,miscellaneous
11353,Unnamed,22.665401505923384,60.22783129060685,miscellaneous
11354,Unnamed,22.752830749370155,60.15749665412869,miscellaneous
11355,Unnamed,22.95957073299645,60.16657409407736,miscellaneous
11356,Unnamed,21.179747818146478,59.113583978420856,miscellaneous
11357,Unnamed,21.07389715197529,58.492900108538905,miscellaneous
11358,Unnamed,21.08748321908743,58.29956792684553,miscellaneous
11359,Unnamed,21.156900340541025,58.27412189440455,miscellaneous
11360,Unnamed,21.222868082406066,58.2393798024879,miscellaneous
11361,Unnamed,21.23502367103987,58.07834958336093,miscellaneous
11362,Unnamed,21.310421169409835,58.081461804616296,miscellaneous
11363,Unnamed,21.04845046356909,58.0184424134819,miscellaneous
11364,Unnamed,21.320556303181927,57.960675888666714,miscellaneous
11365,Unnamed,21.261807205930165,57.95833865647286,miscellaneous
11366,Unnamed,20.971442568105847,58.246115746334006,miscellaneous
11367,Unnamed,20.904972119196703,58.32093943215225,miscellaneous
11368,Unnamed,20.867962378164282,58.259055069105415,miscellaneous
11369,Unnamed,21.79454795525214,58.206694870736165,miscellaneous
11370,Unnamed,21.85062046753598,58.26693683862546,miscellaneous
11371,Unnamed,21.480925838298035,58.077800836398474,miscellaneous
11372,Unnamed,21.486885142667777,57.98054428723487,miscellaneous
11373,Unnamed,21.70371967154431,58.090098838282366,miscellaneous
11374,Unnamed,21.949892334055093,58.12261891892191,miscellaneous
11375,Unnamed,21.91755433450787,58.054170390697735,miscellaneous
11376,Unnamed,21.86941015980911,58.003097998512295,miscellaneous
11377,Unnamed,21.93096931431993,57.96795993439224,miscellaneous
11378,Unnamed,21.908222334145837,58.65001565420109,miscellaneous
11379,Unnamed,22.01346665487412,58.58211223135578,miscellaneous
11380,Unnamed,21.526902523966378,56.1378250800078,miscellaneous
11381,Unnamed,21.500834347346533,56.3525885969391,miscellaneous
11382,Unnamed,21.9271440264718,57.35065949403457,miscellaneous
11383,Unnamed,21.5873202183961,57.1660260970737,miscellaneous
11384,Unnamed,21.890904750170808,57.75130949222341,miscellaneous
11385,Unnamed,21.834573206891232,57.889010078623535,miscellaneous
11386,Unnamed,21.89757088974816,57.89585319274325,miscellaneous
11387,Unnamed,21.8207518193831,57.761922809662956,miscellaneous
11388,Unnamed,20.72442913448456,57.13713282446521,miscellaneous
11389,Unnamed,21.30998186312389,57.78269945629839,miscellaneous
11390,Unnamed,21.189667203477537,56.93270977824228,miscellaneous
11391,Unnamed,21.285139805762032,56.80015302144484,miscellaneous
11392,Unnamed,21.357226017795096,55.90278801458348,miscellaneous
11393,Unnamed,21.15724183051853,55.992871907258305,miscellaneous
11394,Unnamed,21.167163526616243,56.30980342057226,miscellaneous
11395,Unnamed,21.248701523674292,56.39796081267835,miscellaneous
11396,Unnamed,21.584958824563998,56.378353001045845,miscellaneous
11397,Unnamed,84.83137759094605,88.13370215843607,miscellaneous
11398,Unnamed,22.983531534732368,60.035509432597344,miscellaneous
11399,Unnamed,22.8648741683237,59.86181225326438,miscellaneous
11400,Unnamed,22.724476759883387,59.67394583654515,miscellaneous
11401,Unnamed,22.843376253810195,59.64702031911296,miscellaneous
11402,Unnamed,22.400089295265364,59.31934248585886,miscellaneous
11403,Unnamed,22.461811431713425,59.410287908854244,miscellaneous
11404,Unnamed,22.457882878862982,59.52668990046062,miscellaneous
11405,Unnamed,21.919555091972434,58.91809761655199,miscellaneous
11406,Unnamed,22.016765350089415,58.894277891173864,miscellaneous
11407,Unnamed,21.923275558819647,58.69907564146034,miscellaneous
11408,Unnamed,22.531328364213284,58.50345520276422,miscellaneous
11409,Unnamed,22.467757088264264,58.422570653530684,miscellaneous
11410,Unnamed,22.662803057248894,58.90500752143294,miscellaneous
11411,Unnamed,23.491685208840124,59.22909839629541,miscellaneous
11412,Unnamed,23.7344799093424,60.127968264262364,miscellaneous
11413,Unnamed,22.5266566563688,55.79005402335879,miscellaneous
11414,Unnamed,22.244769130813644,56.790837692470916,miscellaneous
11415,Unnamed,22.663017479161955,55.98550710786008,miscellaneous
11416,Unnamed,23.82076621110677,57.6536025702708,miscellaneous
11417,Unnamed,23.682778571005777,57.43511502894321,miscellaneous
11418,Unnamed,23.87628153744894,57.438494432716766,miscellaneous
11419,Unnamed,24.01274085154581,57.550861908560236,miscellaneous
11420,Unnamed,21.0756203773301,57.908464937713475,miscellaneous
11421,Unnamed,19.720921291491784,49.93456633613829,miscellaneous
11422,Unnamed,26.18331349046671,61.40669052038801,miscellaneous
11423,Unnamed,24.33737797477339,60.14983408185272,miscellaneous
11424,Unnamed,24.721008185765754,61.77062376398522,miscellaneous
11425,Unnamed,25.07749271025827,61.81182115001075,miscellaneous
11426,Unnamed,24.628381506740638,61.88744075120398,miscellaneous
11427,Unnamed,25.27710223556782,61.638874362008465,miscellaneous
11428,Unnamed,25.3906280278191,61.662752112055315,miscellaneous
11429,Unnamed,25.30042833778532,61.95696857346522,miscellaneous
11430,Unnamed,25.33908705557344,61.82880554812472,miscellaneous
11431,Unnamed,25.26710369313387,61.73049304724248,miscellaneous
11432,Unnamed,25.663633590421043,61.20171872258236,miscellaneous
11433,Unnamed,25.605439734889266,60.59534435459676,miscellaneous
11434,Unnamed,26.142750325158776,60.99535867742058,miscellaneous
11435,Unnamed,26.206842059366643,62.07260618856837,miscellaneous
11436,Unnamed,22.311646676029035,61.42787883552868,miscellaneous
11437,Unnamed,23.47533503891573,62.1518715932416,miscellaneous
11438,Unnamed,23.404583513531687,61.87682419883237,miscellaneous
11439,Unnamed,23.675073533265355,62.200566328591265,miscellaneous
11440,Unnamed,23.75568475301959,62.287949588124256,miscellaneous
11441,Unnamed,23.73920821765239,62.19997969017969,miscellaneous
11442,Unnamed,22.52527319546749,61.622460043699775,miscellaneous
11443,Unnamed,23.225228089322144,62.04540119467684,miscellaneous
11444,Unnamed,22.260797983445645,60.368492257700844,miscellaneous
11445,Unnamed,24.231964538042313,62.537372025351026,miscellaneous
11446,Unnamed,26.04504388222023,63.2869562189135,miscellaneous
11447,Unnamed,24.941003659996763,62.87002172880245,miscellaneous
11448,Unnamed,86.24064795965549,67.50026069200612,commercial
11449,Cleanfuel,86.30100565692118,67.28275859810459,commercial
11450,Unnamed,36.8337780329299,70.82259992770523,miscellaneous
11451,Unnamed,98.6090247128058,65.325726977013,miscellaneous
