source_node_id,target_node_id,road_length,road_type,name,one-way,max_speed,access,lanes
28997162,316156831,165.216068258569,primary,National Highway,False,30.49,Uncategorized,4
28997162,1256324607,84.93320473253786,primary,National Highway,False,30.49,Uncategorized,4
28997162,1256324954,426.6998053678796,service,La Roca Road,False,25.85,Uncategorized,
28997167,12718893560,5.840259991908985,service,Unnamed,False,25.85,Uncategorized,
28997167,1342892784,32.93814290479234,primary,National Highway,False,30.49,Uncategorized,4
28997167,28997724,115.87743723055709,primary,National Highway,False,30.49,Uncategorized,4
28997168,8893838532,10.914751578562901,primary,National Highway,False,30.49,Uncategorized,4
28997168,8893838539,19.98786158440637,primary,National Highway,False,30.49,Uncategorized,4
28997168,8893838526,85.54449900044742,residential,Unnamed,False,31.86,Uncategorized,
28997169,12154520965,28.449693239749443,primary,National Highway,False,30.49,Uncategorized,4
28997169,8893825526,4.409515406183417,primary,National Highway,False,30.49,Uncategorized,4
28997169,1411750799,25.85627581657929,service,Unnamed,False,25.85,Uncategorized,
28997173,3101376765,35.23468745858642,primary,National Highway,False,30.49,Uncategorized,4
28997173,2785700018,300.91564552723605,residential,Unnamed,False,31.86,Uncategorized,
28997173,1256325131,239.36264138015716,primary,National Highway,False,30.49,Uncategorized,4
28997179,453012070,85.56289463952457,secondary,M. Palis Street,False,30.0,Uncategorized,
28997179,1300391201,101.61558160583937,primary,National Highway,False,30.49,Uncategorized,4
28997179,2069394999,82.37098208570092,primary,National Highway,False,30.49,Uncategorized,4
28997182,3081686433,11.942905046889166,primary,National Highway,False,30.49,Uncategorized,4
28997182,417292170,61.418785941091585,primary,National Highway,False,30.49,Uncategorized,4
28997182,12718893595,8.559038561307688,steps,Juan Luna Extension,False,30.49,Uncategorized,
28997193,4556595093,48.54989906747059,primary,National Highway,False,30.49,Uncategorized,4
28997193,4556595091,33.1976418263526,unclassified,Unnamed,True,40.0,destination,2
28997193,1271725682,53.965509516532066,primary,National Highway,False,30.49,Uncategorized,4
28997703,1187299842,69.67153861706946,primary,National Highway,False,30.49,Uncategorized,4
28997703,1143665048,105.2716925821757,primary,National Highway,False,30.49,Uncategorized,4
28997703,443159979,32.01088034992793,footway,Unnamed,False,30.0,Uncategorized,
28997724,417266475,59.21642810912459,secondary,Jose Rizal Street,False,30.0,Uncategorized,
28997724,28997167,115.87743723055708,primary,National Highway,False,30.49,Uncategorized,4
28997724,3081686433,65.02757105404967,primary,National Highway,False,30.49,Uncategorized,4
253491996,8887041595,22.794485697902132,tertiary,B. A. Villanueva,False,33.15,Uncategorized,
253491996,12309655757,5.177372054648188,unclassified,V. Menguito,False,33.07,Uncategorized,
253491996,8887041591,28.104506286551395,tertiary,B. A. Villanueva,False,33.15,Uncategorized,
253491996,1252148707,157.78477079713593,residential,Unnamed,False,31.86,private,
253492328,253501388,49.065337144371256,tertiary,Unnamed,False,33.15,Uncategorized,
253492328,454088232,14.38516787568303,steps,Unnamed,False,30.49,Uncategorized,
253492328,253781337,28.238342849475455,tertiary,Unnamed,False,33.15,Uncategorized,
253492342,454089147,596.1442818214265,unclassified,Unnamed,False,33.07,Uncategorized,
253492342,945039294,24.626221697644105,unclassified,Unnamed,False,33.07,Uncategorized,
253492342,945031147,1109.5275715023643,unclassified,Ibarang Road,False,33.07,Uncategorized,2
253492621,425118437,39.26891453594652,residential,Diamond Street,False,40.0,Uncategorized,2
253492621,7699734024,26.066233148453726,residential,Diamond Street,False,40.0,Uncategorized,2
253492621,7699734020,21.156235117531452,service,Unnamed,False,25.85,Uncategorized,
253492870,382044700,51.03944707440792,unclassified,Bangkal Road,False,40.0,Uncategorized,2
253492870,492083373,100.03056517783297,unclassified,Bangkal Road,False,40.0,Uncategorized,2
253492870,382044682,56.275884145050625,footway,Unnamed,False,30.0,private,
253493171,12254024666,4.762746794918295,service,Unnamed,False,25.85,Uncategorized,
253493171,3740038574,19.075457032052203,secondary,Lopez Avenue,False,30.0,Uncategorized,2
253493171,760872630,18.821853555945093,secondary,Lopez Avenue,False,30.0,Uncategorized,2
253493602,12254024684,4.706517345607727,footway,Unnamed,False,30.0,private,
253493602,1524452310,4.470268614669791,secondary,Lopez Avenue,False,30.0,Uncategorized,2
253493602,2207622428,22.335679141461576,secondary,Lopez Avenue,False,30.0,Uncategorized,2
253495824,8897379465,154.9870698443152,residential,Unnamed,False,31.86,Uncategorized,
253495824,11787254203,53.63575391317897,tertiary,B. A. Villanueva,False,33.15,Uncategorized,
253495824,8897379467,52.578193174434126,tertiary,B. A. Villanueva,False,33.15,Uncategorized,
253495863,5618944078,71.02636844820296,tertiary,Hilario T. Apolinario,False,33.15,Uncategorized,
253495863,8386184718,180.9559309827576,tertiary,B. A. Villanueva,False,33.15,Uncategorized,
253495863,1136874449,138.14487740418008,residential,Gregorio M. Tandang,False,31.86,Uncategorized,
253495863,1252148994,44.404620236746425,tertiary,M. Escobin,False,33.15,Uncategorized,
253496119,12309592348,4.1214538887307,footway,Unnamed,False,30.0,Uncategorized,
253496119,10905848477,30.76709508308684,tertiary,J. Aquino Street,False,33.15,Uncategorized,2
253496119,253510794,75.39327566669431,tertiary,J. Aquino Street,False,33.15,Uncategorized,2
253496358,3377882300,14.96289364951816,unclassified,Agapita Road,False,30.0,destination,2
253496358,427965807,66.31718093247412,residential,Agapita Road,False,30.0,Uncategorized,1
253496358,253782808,125.44139090091977,unclassified,Bangkal Road,False,40.0,Uncategorized,"['2', '1']"
253496358,778906359,58.95071646401965,residential,Bangkal Road,False,40.0,Uncategorized,2
253500404,1136874553,178.01733585285646,tertiary,Silangan Street,False,33.15,Uncategorized,
253500404,8386498997,319.4914855259779,tertiary,Silangan Street,False,33.15,Uncategorized,
253500404,8903861285,59.06256277453616,service,Unnamed,False,25.85,Uncategorized,
253501388,253492328,49.065337144371256,tertiary,Unnamed,False,33.15,Uncategorized,
253501388,2508244453,4.227690529115208,service,Unnamed,False,25.85,Uncategorized,
253501388,2508244534,333.8610408897203,tertiary,Unnamed,False,33.15,Uncategorized,
253501539,1127246054,58.20049565428235,residential,Unnamed,False,31.86,private,
253501539,253509084,163.04260275064067,residential,Unnamed,False,31.86,private,
253501539,1127246041,126.53161237905067,residential,Unnamed,False,31.86,private,
253502318,5633907705,249.95522341397918,tertiary,Hilario T. Apolinario,False,33.15,Uncategorized,
253502318,253767765,106.41766007042455,tertiary,Hilario T. Apolinario,False,33.15,Uncategorized,
253502318,1136875346,127.78871289325251,residential,Unnamed,False,31.86,Uncategorized,
253502688,253801775,179.4462029978938,residential,Molave Street,False,31.86,Uncategorized,
253502688,253794765,64.19721958223857,residential,Kamagong Street,False,30.0,Uncategorized,
253502688,253765821,58.50623204892273,residential,Kamagong Street,False,30.0,Uncategorized,
253502699,11750543437,27.65745242867405,unclassified,Unnamed,True,30.0,destination,
253502699,1127245998,73.64210070687078,unclassified,Unnamed,False,30.0,destination,
253503176,253797515,78.03054509950974,residential,Unnamed,False,31.86,private,
253503176,253790092,49.042030028647886,residential,Unnamed,False,31.86,private,
253503176,1127246043,119.74188491247443,residential,Unnamed,False,31.86,private,
253503176,8295657717,86.68045009032514,residential,Unnamed,False,31.86,private,
253503451,10910516550,2.856370691893787,tertiary,J. Aquino Street,False,33.15,Uncategorized,
253503451,7874368795,2.9755148754722858,tertiary,J. Aquino Street,False,33.15,Uncategorized,
253503451,12309592334,4.778487543489878,footway,Unnamed,False,30.0,Uncategorized,
253503613,8386122132,25.984781492219703,unclassified,V. Menguito,False,33.07,Uncategorized,
253503613,1252148447,42.566483747341564,unclassified,V. Menguito,False,33.07,Uncategorized,
253503613,3568091602,83.37429232055955,residential,Unnamed,False,31.86,Uncategorized,
253503657,2169969882,4.96048215794866,service,Unnamed,False,20.0,Uncategorized,
253503657,471322033,11.413396185773422,secondary,Lopez Avenue,False,30.0,Uncategorized,2
253503657,4737366923,13.620809193392079,secondary,Lopez Avenue,False,30.0,Uncategorized,2
253507654,1532188467,122.46085978236415,service,Road 26 North,False,25.85,private,2
253507654,8893795662,30.65193261257211,service,Unnamed,False,25.85,private,
253507654,8893795666,127.61389507126943,service,Unnamed,False,25.85,private,
253507774,253802027,186.1835186959659,service,Unnamed,False,25.85,private,
253507774,7729311819,35.485686207392185,service,Unnamed,False,25.85,private,
253507774,7729311818,30.18676312939089,service,Unnamed,False,25.85,private,
253507795,760872630,13.767394219192306,secondary,Lopez Avenue,False,30.0,Uncategorized,2
253507795,439223689,27.432358567247928,secondary,Lopez Avenue,False,30.0,Uncategorized,2
253508082,290585027,305.0257357557976,track,Unnamed,False,30.0,private,
253508082,1143684081,115.5278249714947,service,Unnamed,False,25.85,private,
253508082,1143684048,117.53335895037446,service,Unnamed,False,25.85,private,
253508843,8887165453,33.69311976565897,residential,Lajarca,False,31.86,Uncategorized,
253508843,7874284526,133.91541715234098,residential,Unnamed,False,31.86,Uncategorized,
253508843,3568091600,82.05359244216562,residential,Unnamed,False,31.86,Uncategorized,
253508843,253784430,76.17439115374955,residential,Lajarca,False,31.86,Uncategorized,
253508880,8887342520,18.78663961619128,residential,Lajarca,False,31.86,Uncategorized,
253508880,3730080060,78.15428658736873,residential,Lajarca,False,31.86,Uncategorized,
253508880,3730080063,99.3766654245625,residential,Unnamed,False,31.86,Uncategorized,
253509033,253510760,123.72987179559111,service,Unnamed,False,25.85,private,
253509033,1143684114,35.358077736199334,unclassified,Unnamed,True,40.0,destination,2
253509084,1127246044,42.779059611257786,residential,Unnamed,False,31.86,private,
253509084,8903410898,101.63236722706023,residential,Unnamed,False,31.86,private,
253509084,253501539,163.04260275064064,residential,Unnamed,False,31.86,private,
253509234,1115385655,26.09140268457,residential,Dinorado Street,False,40.0,Uncategorized,2
253509234,422732409,39.05254403571129,residential,Bangkal Road,False,40.0,Uncategorized,2
253509234,422735755,118.08760193685163,residential,Bangkal Extension,False,30.0,Uncategorized,1
253509234,8334145102,43.85576204247531,service,Unnamed,False,25.85,Uncategorized,
253509347,12186673188,4.564291938774882,residential,Oregano Street,False,40.0,Uncategorized,2
253509347,253779176,36.28683159920633,secondary,Lopez Avenue,False,30.0,Uncategorized,2
253509347,439224014,26.731084451027286,secondary,Lopez Avenue,False,30.0,Uncategorized,2
253509969,7729311822,3.0169897810731,service,Unnamed,False,25.85,private,
253509969,8292796623,1.7065297007145779,service,Unnamed,False,25.85,private,
253509969,7729311815,58.194262474977116,service,Unnamed,False,25.85,private,
253510495,253787306,38.45315395541536,residential,Mariano M. Mondoñedo Avenue,False,35.0,Uncategorized,2
253510495,638899098,39.58972547946686,residential,Mariano M. Mondoñedo Avenue,False,35.0,Uncategorized,2
253510495,638899293,81.48281355892286,service,Unnamed,False,25.85,Uncategorized,
253510760,253509033,123.72987179559111,service,Unnamed,False,25.85,private,
253510760,1285602724,155.90276187069,service,Unnamed,False,25.85,private,
253510760,1510886032,101.5022339437092,service,Unnamed,False,25.85,private,
253510794,291689961,18.003881057028387,tertiary,J. Aquino Street,False,33.15,Uncategorized,3
253510794,12309592248,4.909800411776587,footway,Unnamed,False,30.0,Uncategorized,
253510794,12309592247,5.226525279510677,footway,Unnamed,False,30.0,Uncategorized,
253510794,253496119,75.39327566669431,tertiary,J. Aquino Street,False,33.15,Uncategorized,2
253511252,12900324566,63.486641332875564,tertiary,Domingo M. Lantican Avenue,False,33.15,Uncategorized,2
253511252,12186657955,5.514226808796821,unclassified,Pedro R. Sandoval Avenue,False,30.0,Uncategorized,2
253511252,12254049903,36.886861626457275,tertiary,Domingo M. Lantican Avenue,False,33.15,Uncategorized,2
253511262,848318676,2.1802487213290687,steps,Unnamed,False,30.49,Uncategorized,
253511262,769875792,37.0903611675713,cycleway,Unnamed,False,30.49,Uncategorized,
253511262,382802668,7.788326086125531,footway,Unnamed,False,30.0,Uncategorized,
253763395,12254040061,16.833616831280736,tertiary,Jose B. Juliano Avenue,False,33.15,Uncategorized,2
253763395,12900324562,3.5785494090313623,tertiary,Domingo M. Lantican Avenue,False,33.15,Uncategorized,2
253763395,454086837,234.72792114375702,unclassified,Domingo M. Lantican Avenue,False,40.0,Uncategorized,2
253763439,253800534,40.67928713448502,residential,Unnamed,False,31.86,private,
253763439,1342899150,33.78080981148452,residential,Unnamed,False,31.86,private,
253763439,1342896234,86.94246197357836,residential,Unnamed,False,31.86,private,
253764332,10915508846,23.00756557918105,unclassified,Bangkal Extension,False,30.0,Uncategorized,
253764332,10915508845,30.33453699441308,footway,Unnamed,False,30.0,Uncategorized,
253764332,12309592272,42.856840113919404,unclassified,Bangkal Extension,False,30.0,Uncategorized,
253764883,1342895793,19.07968649259879,residential,Juan Luna Extension,False,31.86,Uncategorized,
253764883,12718893598,76.62482410482475,residential,Pantua Extension,False,31.86,Uncategorized,
253764883,1300391195,367.14947635132813,residential,Juan Luna Extension,False,31.86,Uncategorized,
253765458,1143683952,116.2342914597971,unclassified,Road 14 North,False,33.07,private,2
253765458,253782194,115.27142508037743,unclassified,Road 14 North,False,33.07,private,2
253765458,8292796619,192.5940147502381,service,Unnamed,False,25.85,private,2
253765458,2352985489,56.975245620581944,service,Unnamed,False,25.85,private,2
253765821,290582888,196.61889906827196,residential,Unnamed,False,40.0,Uncategorized,2
253765821,253502688,58.50623204892273,residential,Kamagong Street,False,30.0,Uncategorized,
253765821,1119827610,79.06173394617221,residential,Unnamed,False,30.0,Uncategorized,
253767765,5618944078,43.66461560772935,tertiary,Hilario T. Apolinario,False,33.15,Uncategorized,
253767765,5618936900,65.02078141572765,residential,Unnamed,False,31.86,Uncategorized,
253767765,253502318,106.41766007042453,tertiary,Hilario T. Apolinario,False,33.15,Uncategorized,
253768787,12254024698,4.994054462863926,unclassified,Agapita Road,False,30.0,destination,2
253768787,253795223,6.046268876134749,secondary,Lopez Avenue,False,30.0,Uncategorized,2
253768787,12257218665,57.379566409090046,secondary,Lopez Avenue,False,30.0,Uncategorized,2
253769551,8896459258,84.29497893995166,residential,Lajarca,False,31.86,Uncategorized,
253770770,606307094,44.427831880355036,residential,Mariano M. Mondoñedo Avenue,False,35.0,Uncategorized,2
253770770,527829640,17.405497243219823,service,Unnamed,False,25.85,Uncategorized,
253770770,253787306,70.96521036188634,residential,Mariano M. Mondoñedo Avenue,False,35.0,Uncategorized,2
253770770,1119827875,84.40815460667027,service,Unnamed,False,25.85,private,
253771091,253790207,117.71571722783551,residential,Dao Street,False,31.86,Uncategorized,
253771091,253790735,43.62171792829302,residential,Ipil-Ipil Street,False,31.86,Uncategorized,
253771091,1119866132,53.19139853470198,residential,Ipil-Ipil Street,False,31.86,Uncategorized,
253771507,12186673208,5.37408106426089,residential,Francisco O. Santos Street,False,40.0,Uncategorized,2
253771507,1323145446,23.295602559104896,secondary,Lopez Avenue,False,30.0,Uncategorized,2
253771507,2385949410,47.76445115960448,secondary,Lopez Avenue,False,30.0,Uncategorized,2
253772405,1342899162,42.9996984812904,residential,Unnamed,False,31.86,private,
253772405,253790092,221.47949382932967,residential,Unnamed,False,31.86,private,
253772405,253800534,166.61780487631637,residential,Unnamed,False,31.86,private,
253778898,5305200807,135.61280920297924,path,Unnamed,False,30.0,Uncategorized,
253778898,638898788,303.03230802297963,residential,Unnamed,False,30.0,Uncategorized,1
253778898,253804057,584.0036374736869,path,Unnamed,False,30.0,Uncategorized,
253779176,12186673202,5.268230202607514,footway,Unnamed,False,30.0,Uncategorized,
253779176,12186673191,4.468825396840435,footway,Unnamed,False,30.0,Uncategorized,
253779176,471322033,33.97568334282205,secondary,Lopez Avenue,False,30.0,Uncategorized,2
253779176,253509347,36.28683159920633,secondary,Lopez Avenue,False,30.0,Uncategorized,2
253779567,1342055565,42.86300645877853,tertiary,B. A. Villanueva,False,33.15,Uncategorized,
253779567,8887041584,64.72281922640298,tertiary,B. A. Villanueva,False,33.15,Uncategorized,
253779567,7874284542,294.2554032031794,path,Unnamed,False,30.0,Uncategorized,
253781169,253802027,393.1149423516837,service,Unnamed,False,25.85,private,
253781169,1492184010,62.99936709554078,service,Unnamed,False,25.85,private,
253781169,8894303946,48.24370355597665,service,Unnamed,False,25.85,private,
253781337,253492328,28.23834284947545,tertiary,Unnamed,False,33.15,Uncategorized,
253781337,253806107,194.1640876193554,tertiary,Unnamed,False,33.15,Uncategorized,
253781337,454088232,40.473477663258834,service,Unnamed,False,25.85,Uncategorized,
253781351,3751483239,114.90798029656453,service,Road 26 North,False,25.85,private,2
253781351,1532188467,117.3681267411718,service,Road 26 North,False,25.85,private,2
253781351,1285602547,135.8816149625002,service,Unnamed,False,25.85,private,
253781351,8893797464,209.77369210341251,service,Unnamed,False,25.85,private,
253782036,8305455308,55.07611345659579,residential,Lajarca,False,31.86,Uncategorized,
253782036,8887165462,4.353183743594206,residential,Lajarca,False,31.86,Uncategorized,
253782036,8305455312,140.51856009744952,residential,Unnamed,False,31.86,Uncategorized,
253782194,8292788816,190.3307504230387,service,Unnamed,False,25.85,private,1
253782194,8893797451,209.77113039168233,service,Unnamed,False,25.85,private,1
253782194,253765458,115.27142508037743,unclassified,Road 14 North,False,33.07,private,2
253782194,1143684061,94.21387122183643,unclassified,Road 14 North,False,33.07,private,2
253782808,427966109,66.40533882019291,unclassified,Daang Kalabaw,False,40.0,Uncategorized,2
253782808,382044812,170.58057539431883,unclassified,Bangkal Road,False,40.0,Uncategorized,2
253782808,253496358,125.44139090091977,unclassified,Bangkal Road,False,40.0,Uncategorized,"['2', '1']"
253782873,10910516562,1.7495418210584615,tertiary,J. Aquino Street,False,33.15,Uncategorized,
253782873,12309592335,9.054729019497014,unclassified,Bangkal Extension,False,30.0,Uncategorized,
253782873,1801370349,16.042252769873237,tertiary,J. Aquino Street,False,33.15,Uncategorized,2
253782965,1342896234,75.88750562121376,residential,Unnamed,False,31.86,private,
253782965,1342899135,66.43573652879489,residential,Unnamed,False,31.86,private,
253782965,1342896239,137.94627085558352,residential,Unnamed,False,31.86,private,
253783708,1126043025,9.672471638010153,service,Unnamed,False,25.85,Uncategorized,
253783708,382824762,84.77891125808958,tertiary,Jose B. Juliano Avenue,False,33.15,Uncategorized,2
253783708,12254040061,61.35275905374984,tertiary,Jose B. Juliano Avenue,False,33.15,Uncategorized,2
253784430,3730080060,51.835792082936685,residential,Lajarca,False,31.86,Uncategorized,
253784430,3730080061,114.26134471181348,residential,Unnamed,False,31.86,Uncategorized,
253784430,253508843,76.17439115374955,residential,Lajarca,False,31.86,Uncategorized,
253784840,945031147,488.77973467339535,unclassified,Ibarang Road,False,33.07,Uncategorized,2
253784840,945031132,45.57481706409563,unclassified,Ibarang Road,False,33.07,Uncategorized,2
253784840,945031132,135.45087514069724,service,Unnamed,False,25.85,Uncategorized,
253787306,253510495,38.45315395541536,residential,Mariano M. Mondoñedo Avenue,False,35.0,Uncategorized,2
253787306,638899293,20.204109580490996,service,Unnamed,False,25.85,Uncategorized,
253787306,253770770,70.96521036188634,residential,Mariano M. Mondoñedo Avenue,False,35.0,Uncategorized,2
253788571,945031035,11.163684118675125,unclassified,Unnamed,False,33.07,Uncategorized,
253788571,945030934,19.430016336235717,service,Unnamed,False,25.85,Uncategorized,
253788571,1711050168,249.75308392595153,unclassified,Unnamed,False,33.07,Uncategorized,
253789150,253799545,120.79001431614637,service,Road 26 North,False,25.85,private,2
253789150,2352985610,88.75460901420234,service,Road 26 North,False,25.85,private,2
253789150,8893797451,121.71666333393176,service,Unnamed,False,25.85,private,1
253789150,8292788810,174.73142069090667,service,Unnamed,False,25.85,private,1
253789717,1342895793,41.874957777193224,residential,Juan Luna Extension,False,31.86,Uncategorized,
253789717,12718893596,26.36533481186677,footway,Unnamed,False,30.0,Uncategorized,
253789717,12718893595,45.06802695319318,steps,Juan Luna Extension,False,30.49,Uncategorized,
253790092,253503176,49.042030028647886,residential,Unnamed,False,31.86,private,
253790092,1127246041,48.52893984627705,residential,Unnamed,False,31.86,private,
253790092,253772405,221.47949382932967,residential,Unnamed,False,31.86,private,
253790092,1342896229,109.07134734846599,residential,Unnamed,False,31.86,private,
253790207,253771091,117.71571722783551,residential,Dao Street,False,31.86,Uncategorized,
253790207,290583039,123.52250006249417,residential,Unnamed,False,31.86,Uncategorized,
253790207,1119866237,67.73087453169643,residential,Unnamed,False,31.86,Uncategorized,
253790732,8332301420,8.685417588332369,residential,Unnamed,False,30.0,Uncategorized,1
253790735,253801775,54.86842416130126,residential,Apitong Street,False,31.86,Uncategorized,
253790735,253771091,43.62171792829302,residential,Ipil-Ipil Street,False,31.86,Uncategorized,
253790735,290583039,42.72898865769034,residential,Ipil-Ipil Street,False,31.86,Uncategorized,
253790905,382055691,59.82864083992506,residential,Unnamed,False,30.0,Uncategorized,1
253790905,1889685010,44.94422859879093,residential,Unnamed,False,30.0,Uncategorized,1
253790905,2039759370,56.30076601575122,residential,Unnamed,False,31.86,Uncategorized,
253792494,1711050168,14.513982442209333,unclassified,Ibarang Road,False,33.07,Uncategorized,2
253792494,1711050169,15.922852516913727,residential,Unnamed,False,31.86,Uncategorized,
253792494,945031035,78.29703282690969,unclassified,Unnamed,False,33.07,Uncategorized,
253794266,432493201,157.30600297313575,residential,Diamond Street,False,40.0,Uncategorized,2
253794266,418627328,74.1542140033203,residential,Diamond Street,False,40.0,Uncategorized,2
253794266,12186673218,63.85892870994928,residential,Halcon Street,False,40.0,Uncategorized,2
253794266,385706591,29.016001653457153,residential,Halcon Street,False,40.0,Uncategorized,2
253794765,1119866132,63.16218044961687,residential,Ipil-Ipil Street,False,31.86,Uncategorized,
253794765,253502688,64.19721958223857,residential,Kamagong Street,False,30.0,Uncategorized,
253794765,1119866609,180.28804359703832,residential,Kamagong Street,False,30.0,Uncategorized,
253795223,12186673218,4.4957139741906085,residential,Halcon Street,False,40.0,Uncategorized,2
253795223,571851691,14.41382243189934,secondary,Lopez Avenue,False,30.0,Uncategorized,2
253795223,253768787,6.046268876134749,secondary,Lopez Avenue,False,30.0,Uncategorized,2
253797111,427963808,30.782229113156475,residential,Jose Street,False,30.0,Uncategorized,2
253797111,11350349107,88.03192723407665,residential,Bangkal Road,False,40.0,Uncategorized,2
253797111,778906359,11.796053055395726,residential,Bangkal Road,False,40.0,Uncategorized,2
253797515,253503176,78.03054509950974,residential,Unnamed,False,31.86,private,
253797515,8893791537,4.946127387790543,residential,Unnamed,False,31.86,private,
253797515,8893770012,84.0478528380712,residential,Unnamed,False,31.86,private,
253797855,382044812,28.106204713660848,unclassified,Bangkal Road,False,40.0,Uncategorized,2
253797855,382044970,18.379525720553627,footway,Unnamed,False,30.0,Uncategorized,
253797855,382044700,99.26298076557308,unclassified,Bangkal Road,False,40.0,Uncategorized,2
253798376,8065890732,190.82528898220053,residential,Unnamed,False,31.86,Uncategorized,
253798376,8065890715,63.55853288694902,tertiary,M. Simon Street,False,33.15,Uncategorized,
253798376,8065890687,292.81204127381767,tertiary,Kanluran Street,False,33.15,Uncategorized,
253798383,12309655757,128.1823215301276,unclassified,V. Menguito,False,33.07,Uncategorized,
253798383,8887041601,17.214884672506123,unclassified,V. Menguito,False,33.07,Uncategorized,
253798383,8887041596,27.10975416760641,service,Unnamed,False,25.85,Uncategorized,
253799221,8292796620,2.643667112013541,unclassified,Unnamed,False,33.07,private,2
253799221,8292705510,32.52552365445247,service,Unnamed,False,25.85,private,
253799221,7729311827,44.72765791271059,unclassified,Unnamed,False,33.07,private,2
253799545,253789150,120.79001431614637,service,Road 26 North,False,25.85,private,2
253799545,8893797458,93.45594356369497,service,Unnamed,False,25.85,private,2
253799545,1143683887,572.2661126677538,service,Unnamed,False,25.85,private,
253800336,1136874449,108.01533116048921,residential,Unnamed,False,31.86,Uncategorized,
253800336,3049478671,135.38983286913788,residential,Unnamed,False,31.86,Uncategorized,
253800336,1252148994,111.13460234482949,tertiary,M. Escobin,False,33.15,Uncategorized,
253800336,1136874685,99.77811449271489,tertiary,M. Simon Street,False,33.15,Uncategorized,
253800534,253763439,40.67928713448502,residential,Unnamed,False,31.86,private,
253800534,253772405,166.61780487631637,residential,Unnamed,False,31.86,private,
253800534,8893791537,233.12909373217605,residential,Unnamed,False,31.86,private,
253800876,11787254203,35.80032799221713,tertiary,B. A. Villanueva,False,33.15,Uncategorized,
253800876,8386829458,54.18652654366637,service,Unnamed,False,25.85,Uncategorized,
253800876,8887041591,46.653193710719876,tertiary,B. A. Villanueva,False,33.15,Uncategorized,
253801008,1342019442,71.00350387188763,residential,Unnamed,False,31.86,Uncategorized,
253801008,1342019430,42.26552985814653,residential,Unnamed,False,31.86,Uncategorized,
253801008,1342019375,22.023982411285814,residential,Unnamed,False,31.86,Uncategorized,
253801343,7874284522,44.713769764717455,tertiary,B. A. Villanueva,False,33.15,Uncategorized,
253801343,12309592312,5.558757127247408,residential,Lajarca,False,31.86,Uncategorized,
253801343,1252148938,64.39456067374192,tertiary,J. Aquino Street,False,33.15,Uncategorized,
253801775,290582888,65.31876621284151,residential,Apitong Street,False,31.86,Uncategorized,
253801775,253790735,54.86842416130126,residential,Apitong Street,False,31.86,Uncategorized,
253801775,253502688,179.4462029978938,residential,Molave Street,False,31.86,Uncategorized,
253802027,253507774,186.1835186959659,service,Unnamed,False,25.85,private,
253802027,1143684048,120.95373086187618,service,Unnamed,False,25.85,private,
253802027,253781169,393.1149423516837,service,Unnamed,False,25.85,private,
253804057,253778898,584.0036374736869,path,Unnamed,False,30.0,Uncategorized,
253804131,7729311810,69.73373750822736,service,Unnamed,False,25.85,private,
253804131,7729311805,53.70546818216542,unclassified,Unnamed,False,33.07,private,2
253804131,1143683966,148.50959359029702,unclassified,Unnamed,False,33.07,private,2
253804148,12186673235,4.689798969368402,residential,Samat Street,False,30.0,Uncategorized,2
253804148,12254024699,5.092154056275337,service,Unnamed,False,25.85,Uncategorized,
253804148,12257218665,6.523829064114876,secondary,Lopez Avenue,False,30.0,Uncategorized,2
253804148,435147994,58.84447149978352,secondary,Lopez Avenue,False,30.0,Uncategorized,2
253804871,8386142330,51.17057341969103,residential,Lajarca,False,31.86,Uncategorized,
253804871,8896459298,21.6375469099967,residential,Lajarca,False,31.86,Uncategorized,
253804871,8896459291,40.65114982146745,residential,Unnamed,False,31.86,Uncategorized,
253805017,12186673182,5.364577024472613,service,Unnamed,True,30.0,Uncategorized,
253805017,382802198,49.3899794710109,secondary,Lopez Avenue,False,30.0,Uncategorized,2
253805017,4737366923,18.238171280183437,secondary,Lopez Avenue,False,30.0,Uncategorized,2
253806107,1711049933,43.02268173060715,tertiary,Unnamed,False,33.15,Uncategorized,
253806107,454088018,42.277690452232804,tertiary,Unnamed,False,33.15,Uncategorized,
253806107,253781337,194.16408761935543,tertiary,Unnamed,False,33.15,Uncategorized,
290582856,290583039,190.65676453768364,residential,Unnamed,False,31.86,Uncategorized,
290582856,8893749290,60.464007700967045,residential,Unnamed,False,40.0,Uncategorized,2
290582856,638898769,152.03483469471374,residential,Unnamed,False,40.0,Uncategorized,2
290582888,253801775,65.31876621284151,residential,Apitong Street,False,31.86,Uncategorized,
290582888,253765821,196.61889906827196,residential,Unnamed,False,40.0,Uncategorized,2
290582888,8893749290,111.59880252205174,residential,Unnamed,False,40.0,Uncategorized,2
290583039,253790735,42.72898865769034,residential,Ipil-Ipil Street,False,31.86,Uncategorized,
290583039,290582856,190.65676453768364,residential,Unnamed,False,31.86,Uncategorized,
290583039,253790207,123.52250006249417,residential,Unnamed,False,31.86,Uncategorized,
290585027,253508082,305.0257357557976,track,Unnamed,False,30.0,private,
290585027,1492183827,94.35555833062669,unclassified,Unnamed,False,33.07,private,2
290585027,1143683814,145.0778409229014,unclassified,Unnamed,False,33.07,private,2
291562902,8893796124,74.74065215687943,primary,National Highway,False,30.49,Uncategorized,4
291562902,8893838542,7.183640475309884,primary,National Highway,False,30.49,Uncategorized,4
291562902,291562916,129.93538980293567,residential,Unnamed,False,31.86,Uncategorized,
291562916,3730113441,42.70650719706124,residential,Unnamed,False,31.86,Uncategorized,
291562916,291562902,129.93538980293567,residential,Unnamed,False,31.86,Uncategorized,
291562916,1266474351,125.36302318120532,residential,Unnamed,False,31.86,Uncategorized,
291689961,12309536792,12.39120310598455,secondary,Lopez Avenue,False,30.0,Uncategorized,3
291689961,7617931664,24.078081882178477,primary,National Highway,False,30.49,Uncategorized,4
291689961,253510794,18.003881057028387,tertiary,J. Aquino Street,False,33.15,Uncategorized,3
291689961,10915438058,43.510867061444515,primary,National Highway,False,30.49,Uncategorized,4
292203273,12309592208,7.158837007895607,residential,Traceville,False,30.0,Uncategorized,2
292203273,417266026,11.258606456884086,primary,National Highway,False,30.49,Uncategorized,4
292203273,3740038576,13.21705244591013,primary,National Highway,False,30.49,Uncategorized,4
312517699,2021099178,41.17714151959568,primary,National Highway,False,30.49,Uncategorized,4
312517699,1127246116,22.115201551628886,primary,National Highway,False,30.49,Uncategorized,4
312517699,1559036041,52.249186518941656,residential,Unnamed,False,31.86,private,
312517702,12309592233,6.10911065204689,unclassified,Bangkal Road,False,40.0,Uncategorized,2
312517702,10915563004,11.681906302134884,primary,National Highway,False,30.49,Uncategorized,4
312517702,12682691751,15.44786961048642,primary,National Highway,False,30.49,Uncategorized,4
312517703,12309592242,5.649080602433499,footway,Unnamed,False,30.0,Uncategorized,
312517703,1342055519,33.63066847267303,primary,National Highway,False,30.49,Uncategorized,4
312517703,8887110280,39.802949567705156,primary,National Highway,False,30.49,Uncategorized,4
312522223,8386516377,134.4910972392351,unclassified,V. Menguito,False,33.07,Uncategorized,
312522223,8903861291,48.59945688217561,tertiary,Silangan Street,False,33.15,Uncategorized,
312522223,8897326525,197.83687439377582,tertiary,Kanluran Street,False,33.15,Uncategorized,
316156816,12718893559,11.899044053183921,service,Unnamed,False,25.85,Uncategorized,
316156816,1342892784,17.708579686073968,primary,National Highway,False,30.49,Uncategorized,4
316156816,417266901,85.69957079440925,primary,National Highway,False,30.49,Uncategorized,4
316156826,2921809165,99.36574648038803,primary,National Highway,False,30.49,Uncategorized,4
316156826,1737935517,43.27932820139438,residential,Purok Dampalit,False,31.86,Uncategorized,
316156826,8894367142,70.42014336202634,primary,National Highway,False,30.49,Uncategorized,4
316156831,2596830708,54.484596602271424,primary,National Highway,False,30.49,Uncategorized,4
316156831,28997162,165.216068258569,primary,National Highway,False,30.49,Uncategorized,4
316156831,5731410887,33.248077102475825,service,Unnamed,False,25.85,Uncategorized,
323077145,812852736,37.669264269365705,residential,Geneva Lake,False,31.86,Uncategorized,
323077145,1304345875,64.39546996147811,residential,Geneva Lake,False,31.86,Uncategorized,
323077145,1558996265,1144.5311813347214,residential,Unnamed,False,31.86,Uncategorized,
323077145,5225656620,330.2607850403115,residential,Unnamed,False,31.86,Uncategorized,
382043493,521322454,72.19740608237358,unclassified,Unnamed,True,40.0,destination,2
382043493,1143684114,63.671839617379,unclassified,Unnamed,False,40.0,destination,2
382043697,382043698,42.91158775590008,service,Unnamed,False,25.85,private,
382043698,521322454,27.90292356281761,primary,National Highway,False,30.49,Uncategorized,4
382043698,1271725702,31.606066197634547,primary,National Highway,False,30.49,Uncategorized,4
382043698,382043697,42.91158775590008,service,Unnamed,False,25.85,private,
382044305,382044321,27.200549978803874,footway,Unnamed,False,30.0,Uncategorized,
382044305,1700868832,28.031591859556084,primary,National Highway,False,30.49,Uncategorized,4
382044305,1423677436,20.065828807714936,primary,National Highway,False,30.49,Uncategorized,4
382044305,12309592290,6.5647693992234375,footway,Unnamed,False,30.0,Uncategorized,
382044321,382044305,27.200549978803874,footway,Unnamed,False,30.0,Uncategorized,
382044682,253492870,56.275884145050625,footway,Unnamed,False,30.0,private,
382044700,253492870,51.03944707440792,unclassified,Bangkal Road,False,40.0,Uncategorized,2
382044700,253797855,99.26298076557308,unclassified,Bangkal Road,False,40.0,Uncategorized,2
382044700,630112871,116.03283899971746,footway,Unnamed,False,30.0,Uncategorized,
382044812,253797855,28.106204713660848,unclassified,Bangkal Road,False,40.0,Uncategorized,2
382044812,253782808,170.58057539431886,unclassified,Bangkal Road,False,40.0,Uncategorized,2
382044812,6950024845,93.78630992094654,residential,Unnamed,False,30.0,Uncategorized,
382044970,253797855,18.379525720553627,footway,Unnamed,False,30.0,Uncategorized,
382055691,253790905,59.82864083992506,residential,Unnamed,False,30.0,Uncategorized,1
382055691,427966111,24.266656832810487,residential,Unnamed,False,30.0,Uncategorized,1
382055691,427966187,56.75086528033126,residential,Unnamed,False,31.86,private,
382057824,446975741,26.75234973007712,residential,Elon-Elon Street,False,40.0,Uncategorized,2
382057824,382057825,52.5611518496703,residential,Intan Street,False,40.0,Uncategorized,2
382057824,382058282,105.29972098075439,residential,Elon-Elon Street,False,40.0,Uncategorized,2
382057825,382058283,103.09498692254557,residential,Rhaminad Street,False,30.0,Uncategorized,2
382057825,382057826,37.758212521498784,residential,Intan Street,False,40.0,Uncategorized,2
382057825,382057824,52.5611518496703,residential,Intan Street,False,40.0,Uncategorized,2
382057826,382058070,90.84517790246593,residential,Milagrosa Street,False,30.0,Uncategorized,2
382057826,11350349107,48.82481793736028,residential,Intan Street,False,40.0,Uncategorized,2
382057826,382057825,37.758212521498784,residential,Intan Street,False,40.0,Uncategorized,2
382058070,382057826,90.84517790246593,residential,Milagrosa Street,False,30.0,Uncategorized,2
382058070,1115385655,25.977893021530928,residential,Dinorado Street,False,40.0,Uncategorized,2
382058070,382058283,42.41807746580377,residential,Dinorado Street,False,40.0,Uncategorized,2
382058282,382058283,51.01661504547021,residential,Dinorado Street,False,40.0,Uncategorized,2
382058282,382057824,105.29972098075439,residential,Elon-Elon Street,False,40.0,Uncategorized,2
382058282,2039831723,85.43633809053419,residential,Elon-Elon Street,False,40.0,Uncategorized,2
382058283,382057825,103.09498692254557,residential,Rhaminad Street,False,30.0,Uncategorized,2
382058283,382058070,42.41807746580377,residential,Dinorado Street,False,40.0,Uncategorized,2
382058283,382058282,51.01661504547022,residential,Dinorado Street,False,40.0,Uncategorized,2
382058354,382059038,50.76293903456447,residential,Oregano Street,False,40.0,Uncategorized,2
382058354,2039831723,22.793609917920946,residential,Elon-Elon Street,False,40.0,Uncategorized,2
382058354,427963355,76.64510165951737,footway,Unnamed,False,30.0,Uncategorized,
382058784,2442931633,63.90929253049247,residential,Diamond Street,False,40.0,Uncategorized,2
382058784,1524229879,19.3286256069924,residential,Francisco O. Santos Street,False,40.0,Uncategorized,2
382058784,12186673208,66.73932163444617,residential,Francisco O. Santos Street,False,40.0,Uncategorized,2
382059036,12186673188,31.084214153356847,residential,Oregano Street,False,40.0,Uncategorized,2
382059036,425110672,59.43188493882302,residential,Mint Street,True,30.0,Uncategorized,2
382059038,382058354,50.76293903456447,residential,Oregano Street,False,40.0,Uncategorized,2
382059038,382059036,70.0396655066027,residential,Oregano Street,True,40.0,Uncategorized,2
382059104,382059038,61.04023792605571,residential,Lemon Grass Street,True,30.0,Uncategorized,2
382059104,425110393,63.480253446836784,residential,Lemon Grass Street,False,30.0,Uncategorized,2
382802198,382802365,7.249895506373154,secondary,Lopez Avenue,False,30.0,Uncategorized,2
382802198,253805017,49.3899794710109,secondary,Lopez Avenue,False,30.0,Uncategorized,2
382802200,742225963,36.68389241709664,service,Unnamed,True,30.0,Uncategorized,
382802200,867895256,33.22730424959314,service,Unnamed,False,25.85,Uncategorized,
382802305,432493375,5.925760687455291,footway,Unnamed,False,30.0,Uncategorized,
382802305,12186673157,5.42613864399738,footway,Unnamed,False,30.0,Uncategorized,
382802305,391720940,20.885152281505828,secondary,Victoria M. Ela Avenue,False,30.0,Uncategorized,4
382802305,432883320,9.85909378269035,secondary,Victoria M. Ela Avenue,False,30.0,Uncategorized,4
382802306,432883320,3.79755621218635,secondary,Victoria M. Ela Avenue,False,30.0,Uncategorized,4
382802306,432882741,6.140134092842271,secondary,Jose R. Velasco Avenue,False,30.0,Uncategorized,2
382802306,11343523643,33.24953671071632,secondary,Lopez Avenue,False,30.0,Uncategorized,2
382802365,4791055563,3.709486028940549,footway,Unnamed,False,30.0,Uncategorized,
382802365,12186673193,6.673612007124231,footway,Unnamed,False,30.0,Uncategorized,
382802365,11343523643,2.2403527663735727,secondary,Lopez Avenue,False,30.0,Uncategorized,2
382802365,382802198,7.249895506373154,secondary,Lopez Avenue,False,30.0,Uncategorized,2
382802376,775988655,19.56458682075593,footway,Unnamed,False,30.0,Uncategorized,
382802376,848318671,7.202838459889576,service,Unnamed,True,25.85,Uncategorized,
382802444,5507328571,18.139586548757794,footway,Unnamed,False,30.0,Uncategorized,
382802444,5507052389,7.134355423569147,footway,Unnamed,False,30.0,Uncategorized,
382802444,382802478,45.49742806028536,steps,Unnamed,False,30.49,Uncategorized,
382802444,12256481413,140.84337380252657,footway,Unnamed,False,30.0,Uncategorized,
382802478,382802444,45.497428060285365,steps,Unnamed,False,30.49,Uncategorized,
382802478,5507052399,28.69674849440919,footway,Unnamed,False,30.0,Uncategorized,
382802478,5507052399,23.781432639754026,footway,Unnamed,False,30.0,Uncategorized,
382802551,775988655,17.28215152538656,footway,Unnamed,False,30.0,Uncategorized,
382802551,382802376,15.113793533841271,service,Unnamed,True,25.85,Uncategorized,
382802552,382802621,36.72712395645516,service,Unnamed,True,25.85,Uncategorized,
382802552,12774850286,13.547937421215396,service,Unnamed,False,25.85,Uncategorized,
382802559,584703089,10.352477091507518,service,Unnamed,True,25.85,Uncategorized,
382802559,8336800308,4.934114006748402,service,Unnamed,False,25.85,Uncategorized,
382802560,382802616,38.1183793830073,service,Unnamed,True,25.85,Uncategorized,
382802560,811027932,80.52027372729847,footway,Unnamed,False,30.0,Uncategorized,
382802613,382802615,13.13030949015403,service,Unnamed,True,25.85,Uncategorized,
382802613,774674704,5.300265683410037,cycleway,Unnamed,False,30.49,Uncategorized,
382802613,769875786,6.696165024621898,cycleway,Unnamed,False,30.49,Uncategorized,
382802614,769875791,37.33478029881038,cycleway,Unnamed,False,30.49,Uncategorized,
382802614,848318673,2.5176356901846884,steps,Unnamed,False,30.49,Uncategorized,
382802614,382802668,7.171315710923066,footway,Unnamed,False,30.0,Uncategorized,
382802615,769875785,6.069667115176896,cycleway,Unnamed,False,30.49,Uncategorized,
382802615,382802552,17.994139272988797,service,Unnamed,True,25.85,Uncategorized,
382802615,774674702,5.248515955456544,cycleway,Unnamed,False,30.49,Uncategorized,
382802616,769891825,19.641616144566633,footway,Unnamed,False,30.0,Uncategorized,
382802616,813055876,13.104923850855656,footway,Unnamed,False,30.0,Uncategorized,
382802616,382802559,36.53973281892874,service,Unnamed,True,25.85,Uncategorized,
382802620,769875794,4.41234646897295,cycleway,Unnamed,False,30.49,Uncategorized,
382802620,769875791,8.138869677074714,cycleway,Unnamed,False,30.49,Uncategorized,
382802620,774674757,6.461858334871619,footway,Unnamed,False,30.0,Uncategorized,
382802621,382802551,38.37071475522976,service,Unnamed,True,25.85,Uncategorized,
382802621,778738048,3.5879276944567144,footway,Unnamed,False,30.0,Uncategorized,
382802621,774674753,8.161962817550675,footway,Unnamed,False,30.0,Uncategorized,
382802658,431157639,21.242935457196484,service,Unnamed,False,25.85,Uncategorized,
382802658,455895242,23.346499394182928,service,Unnamed,False,25.85,Uncategorized,
382802658,432496220,19.62036884665024,service,Unnamed,False,25.85,Uncategorized,
382802668,847751655,2.211446209905999,steps,Unnamed,False,30.49,Uncategorized,
382802668,382802614,7.171315710923066,footway,Unnamed,False,30.0,Uncategorized,
382802668,253511262,7.788326086125531,footway,Unnamed,False,30.0,Uncategorized,
382802675,432883320,16.620872740777557,service,Unnamed,True,25.85,Uncategorized,
382802675,432882667,9.358890263242124,service,Unnamed,False,25.85,Uncategorized,
382802702,382802717,11.405112940807003,tertiary,Jose M. Capinpin Street,True,33.15,Uncategorized,2
382802702,769875795,4.3845650739436035,footway,Unnamed,False,30.0,Uncategorized,
382802702,12254040091,5.006251622683811,cycleway,Unnamed,False,30.49,Uncategorized,
382802703,4791748369,4.584603495847514,footway,Unnamed,False,30.0,Uncategorized,
382802703,584702546,7.861675621773134,tertiary,Jose M. Capinpin Street,True,33.15,Uncategorized,2
382802703,12254040087,4.672113175509233,cycleway,Unnamed,False,30.49,Uncategorized,
382802709,12254040097,4.706632659969671,tertiary,Jose M. Capinpin Street,True,33.15,Uncategorized,2
382802709,391720784,36.967709259040134,tertiary,Pedro R. Sandoval Avenue,False,33.15,Uncategorized,2
382802716,382803684,22.929491053660502,unclassified,Harold Cuzner Royal Palm Avenue,False,30.0,Uncategorized,2
382802716,382802717,66.28583028579627,unclassified,Harold Cuzner Royal Palm Avenue,False,30.0,Uncategorized,2
382802716,12188365822,34.181354207853275,unclassified,Pedro R. Sandoval Avenue,True,30.0,Uncategorized,2
382802717,382802703,2.0778243059441324,tertiary,Jose M. Capinpin Street,True,33.15,Uncategorized,2
382802717,382802716,66.28583028579627,unclassified,Harold Cuzner Royal Palm Avenue,False,30.0,Uncategorized,2
382802729,3367824259,5.159395637737869,footway,Unnamed,False,30.0,Uncategorized,
382802729,382807872,4.451642722166132,footway,Unnamed,False,30.0,Uncategorized,
382802729,529867705,9.908186707876755,footway,Unnamed,False,30.0,Uncategorized,
382802729,1393351116,30.3782117376224,footway,Unnamed,False,30.0,Uncategorized,
382802761,521340808,43.80064549970142,unclassified,Pedro R. Sandoval Avenue,True,30.0,Uncategorized,2
382803329,4792449597,26.561286316131397,path,Unnamed,False,30.0,Uncategorized,
382803329,12188365821,29.176431026061156,footway,Unnamed,False,30.0,Uncategorized,
382803329,4791748369,66.74314672197487,footway,Unnamed,False,30.0,Uncategorized,
382803436,1445225147,15.111712715513917,unclassified,Pedro R. Sandoval Avenue,True,30.0,Uncategorized,2
382803479,382817016,4.502739736806284,service,Unnamed,True,30.0,Uncategorized,1
382803479,382807872,16.880237641663527,unclassified,Harold Cuzner Royal Palm Avenue,True,30.0,Uncategorized,2
382803479,573346120,3.2447117270980073,footway,Unnamed,False,30.0,Uncategorized,
382803480,382803481,14.911630218321779,service,Unnamed,True,30.0,Uncategorized,1
382803480,583490267,27.45480649684803,footway,Unnamed,False,30.0,Uncategorized,
382803481,583491255,12.741584313376555,service,Unnamed,True,30.0,Uncategorized,1
382803481,12254060457,8.613083453107375,steps,Unnamed,False,30.49,Uncategorized,
382803573,431156455,13.901411174830194,footway,Unnamed,False,30.0,Uncategorized,
382803573,12188365825,4.590143285827024,footway,Unnamed,False,30.0,Uncategorized,
382803573,521341267,10.518809289324583,unclassified,Pedro R. Sandoval Avenue,True,30.0,Uncategorized,2
382803684,382802716,22.929491053660502,unclassified,Harold Cuzner Royal Palm Avenue,False,30.0,Uncategorized,2
382803684,382803573,15.556295721033212,unclassified,Pedro R. Sandoval Avenue,True,30.0,Uncategorized,2
382803684,12188365823,13.271105375564781,unclassified,Unnamed,True,30.0,Uncategorized,2
382804740,560726408,19.34109907123312,unclassified,Harold Cuzner Royal Palm Avenue,True,30.0,Uncategorized,2
382804740,382811175,6.990047396171391,footway,Unnamed,False,30.0,Uncategorized,
382804740,382813568,10.870103798373652,footway,Unnamed,False,30.0,Uncategorized,
382807872,847751637,41.705768121212074,unclassified,Harold Cuzner Royal Palm Avenue,True,30.0,Uncategorized,2
382807872,382802729,4.451642722166132,footway,Unnamed,False,30.0,Uncategorized,
382807872,382816766,5.9223070421579544,footway,Unnamed,False,30.0,Uncategorized,
382807872,3367824259,3.4772181916415175,footway,Unnamed,False,30.0,Uncategorized,
382807880,8701333231,10.125597982332371,footway,Unnamed,False,30.0,Uncategorized,
382807880,521340808,0.9639166970890852,footway,Unnamed,False,30.0,Uncategorized,
382807880,1445225150,50.39899758783342,footway,Unnamed,False,30.0,Uncategorized,
382807880,4792449593,37.08264304773531,footway,Unnamed,False,30.0,Uncategorized,
382811175,497686301,4.676316762953809,footway,Unnamed,False,30.0,Uncategorized,
382811175,569081323,23.335338049301157,footway,Unnamed,False,30.0,Uncategorized,
382811175,382804740,6.990047396171391,footway,Unnamed,False,30.0,Uncategorized,
382811175,382813005,60.96835235907957,footway,Unnamed,False,30.0,Uncategorized,
382812102,497686510,1.7125250258476035,footway,Unnamed,False,30.0,Uncategorized,
382812102,12186657972,86.44383185770742,footway,Unnamed,False,30.0,Uncategorized,
382812102,572996939,49.81416644054891,footway,Unnamed,False,30.0,Uncategorized,
382813005,521345952,4.892245497869124,service,Unnamed,False,25.85,Uncategorized,
382813005,12254040054,2.3785861020220063,footway,Unnamed,False,30.0,Uncategorized,
382813005,560726410,54.06829804811993,service,Unnamed,False,25.85,Uncategorized,
382813005,382811175,60.96835235907956,footway,Unnamed,False,30.0,Uncategorized,
382813567,1430814664,2.5563525460975174,footway,Unnamed,False,30.0,Uncategorized,
382813567,1430814630,20.62918186281996,footway,Unnamed,False,30.0,Uncategorized,
382813567,572999512,32.21709444002911,footway,Unnamed,False,30.0,Uncategorized,
382813568,497686510,8.666634341502386,footway,Unnamed,False,30.0,Uncategorized,
382813568,382804740,10.870103798373652,footway,Unnamed,False,30.0,Uncategorized,
382813568,572995071,17.09523869690975,footway,Unnamed,False,30.0,Uncategorized,
382813568,1430814582,26.77290068303636,footway,Unnamed,False,30.0,Uncategorized,
382813573,790709131,32.82548358646572,footway,Unnamed,False,30.0,Uncategorized,
382813573,12254040054,37.52019186981782,footway,Unnamed,False,30.0,Uncategorized,
382813573,12254060474,51.41188815536663,footway,Unnamed,False,30.0,Uncategorized,
382815507,382804740,7.556421639785748,unclassified,Harold Cuzner Royal Palm Avenue,True,30.0,Uncategorized,2
382815507,497686301,5.727363862260795,unclassified,Andres P. Aglibut Avenue,False,30.0,Uncategorized,2
382815507,1116385295,74.24601891252235,unclassified,Harold Cuzner Royal Palm Avenue,False,30.0,Uncategorized,2
382816766,382817016,20.737929448019955,footway,Unnamed,False,30.0,Uncategorized,
382816766,382807872,5.9223070421579544,footway,Unnamed,False,30.0,Uncategorized,
382816766,12186657949,46.55737434759415,footway,Unnamed,False,30.0,Uncategorized,
382816766,12188365818,67.74365384053539,footway,Unnamed,False,30.0,Uncategorized,
382817016,382803480,18.49224213366473,service,Unnamed,True,30.0,Uncategorized,1
382817016,583490269,17.750852233677747,footway,Unnamed,False,30.0,Uncategorized,
382817016,382816766,20.737929448019955,footway,Unnamed,False,30.0,Uncategorized,
382821826,382823208,52.15371990953741,unclassified,Harold Cuzner Royal Palm Avenue,False,30.0,Uncategorized,2
382821826,1116385292,5.977891785095124,unclassified,Harold Cuzner Royal Palm Avenue,False,30.0,Uncategorized,2
382821826,12186657965,1.6862841211175492,footway,Unnamed,False,30.0,Uncategorized,
382821826,12186657965,1.6862841211175492,footway,Unnamed,False,30.0,Uncategorized,
382821826,12186657964,15.944996485443918,footway,Unnamed,False,30.0,Uncategorized,
382823208,382821826,52.15371990953741,unclassified,Harold Cuzner Royal Palm Avenue,False,30.0,Uncategorized,2
382823208,1116385295,14.033195377491333,unclassified,Harold Cuzner Royal Palm Avenue,False,30.0,Uncategorized,2
382823208,5507052434,24.722255616386626,unclassified,Mariano M. Mondoñedo Avenue,False,30.0,Uncategorized,2
382823527,12186657964,4.930725495982659,service,Unnamed,False,25.85,Uncategorized,1
382823527,5507052418,3.728157086334837,tertiary,Jose B. Juliano Avenue,False,33.15,Uncategorized,2
382823527,12254040058,2.4350765496080364,tertiary,Jose B. Juliano Avenue,False,33.15,Uncategorized,2
382824760,12186657988,4.434825769344802,residential,Juan V. Pancho,False,30.0,Uncategorized,2
382824760,1445273674,20.349719309167707,tertiary,Jose B. Juliano Avenue,False,33.15,Uncategorized,2
382824760,5507052389,6.112479763266919,tertiary,Jose B. Juliano Avenue,False,33.15,Uncategorized,2
382824761,12186657994,4.224461243067657,service,Unnamed,False,25.85,Uncategorized,
382824761,2361575007,54.24870945395437,tertiary,Jose B. Juliano Avenue,False,33.15,Uncategorized,2
382824761,382839766,63.163722289440585,tertiary,Jose B. Juliano Avenue,False,33.15,Uncategorized,2
382824762,1126043015,4.667950811541767,service,Unnamed,False,25.85,Uncategorized,1
382824762,12254040058,35.9036089409744,tertiary,Jose B. Juliano Avenue,False,33.15,Uncategorized,2
382824762,253783708,84.77891125808956,tertiary,Jose B. Juliano Avenue,False,33.15,Uncategorized,2
382825907,1393351070,16.5471196224854,footway,Unnamed,False,30.0,Uncategorized,
382825907,1393350949,18.027616677218408,footway,Unnamed,False,30.0,Uncategorized,
382825907,438049139,24.70144288789303,steps,Unnamed,False,30.49,Uncategorized,
382839764,6363688943,14.631002719549882,tertiary,Romeo C. Espino Street,False,33.15,Uncategorized,2
382839764,12254040020,10.135524624445411,residential,Jose B. Juliano Avenue,False,30.0,Uncategorized,2
382839764,816417552,13.323225843390455,tertiary,Jose B. Juliano Avenue,False,33.15,Uncategorized,2
382839766,12186657991,5.56181090106425,service,Unnamed,False,25.85,Uncategorized,
382839766,5507052389,11.771569072748441,tertiary,Jose B. Juliano Avenue,False,33.15,Uncategorized,2
382839766,382824761,63.163722289440585,tertiary,Jose B. Juliano Avenue,False,33.15,Uncategorized,2
385706591,6497035061,2.605453293637025,residential,Halcon Street,False,40.0,Uncategorized,2
385706591,418626732,71.84704426070736,residential,Jade Street,False,40.0,Uncategorized,2
385706591,253794266,29.016001653457153,residential,Halcon Street,False,40.0,Uncategorized,2
390220194,12186673123,3.4685642662043152,unclassified,Luz U. Oñate Street,False,30.0,Uncategorized,2
390220194,431156129,96.23740762537231,unclassified,Andres P. Aglibut Avenue,False,30.0,Uncategorized,2
390220194,12254040053,6.716952858866987,unclassified,Andres P. Aglibut Avenue,False,30.0,Uncategorized,2
391720784,12774850289,11.37248513928749,tertiary,Pedro R. Sandoval Avenue,False,33.15,Uncategorized,2
391720784,382802709,36.967709259040134,tertiary,Pedro R. Sandoval Avenue,False,33.15,Uncategorized,2
391720784,12973739499,9.370875911474402,footway,Unnamed,False,30.0,Uncategorized,
391720784,12973739498,5.239904096509593,footway,Unnamed,False,30.0,Uncategorized,
391720785,12186673158,19.482500220132412,tertiary,Pedro R. Sandoval Avenue,False,33.15,Uncategorized,2
391720785,12774850289,29.121520220457448,tertiary,Pedro R. Sandoval Avenue,False,33.15,Uncategorized,2
391720786,432493370,13.500991875568545,secondary,Victoria M. Ela Avenue,False,30.0,Uncategorized,4
391720786,12186673158,3.7505770161598773,tertiary,Pedro R. Sandoval Avenue,False,33.15,Uncategorized,2
391720786,1426038676,31.5915324012096,secondary,Victoria M. Ela Avenue,False,30.0,Uncategorized,4
391720939,560712416,9.77108924313688,service,Unnamed,False,25.85,Uncategorized,
391720939,790709119,45.37162426009863,secondary,Victoria M. Ela Avenue,False,30.0,Uncategorized,4
391720939,3172043397,37.84471744517938,secondary,Victoria M. Ela Avenue,False,30.0,Uncategorized,4
391720939,12186673137,2.8624242652649596,unclassified,Luz U. Oñate Street,False,30.0,Uncategorized,2
391720940,1252052256,11.773949662264796,secondary,Victoria M. Ela Avenue,False,30.0,Uncategorized,4
391720940,382802305,20.885152281505828,secondary,Victoria M. Ela Avenue,False,30.0,Uncategorized,4
391720940,790708807,6.282984555230019,service,Unnamed,False,25.85,Uncategorized,
391720955,529871293,61.29474814905916,unclassified,Luz U. Oñate Street,False,30.0,Uncategorized,2
391720955,572984777,60.99075953946837,unclassified,Luz U. Oñate Street,False,30.0,Uncategorized,2
391720955,2209721726,10.954399535718233,service,Unnamed,False,25.85,Uncategorized,
391721723,391723772,9.355977855959374,secondary,Victoria M. Ela Avenue,False,30.0,Uncategorized,4
391721723,529869150,6.936479770980687,residential,Unnamed,False,31.86,Uncategorized,
391721723,3172043397,49.63705109509483,secondary,Victoria M. Ela Avenue,False,30.0,Uncategorized,4
391722488,573336005,11.742443370093369,unclassified,Andres P. Aglibut Avenue,True,30.0,Uncategorized,2
391722488,583490535,14.407722435154309,unclassified,Pedro R. Sandoval Avenue,False,30.0,Uncategorized,2
391722789,816645814,15.77581304976675,unclassified,Andres P. Aglibut Avenue,True,30.0,Uncategorized,2
391722789,9085381486,7.890721421301411,path,Unnamed,False,30.0,Uncategorized,
391723431,573281714,7.258777837516486,unclassified,Pedro R. Sandoval Avenue,True,30.0,Uncategorized,2
391723431,12254049921,3.3498803251371716,service,Unnamed,False,25.85,private,
391723432,391723433,3.3175575461048425,unclassified,Pedro R. Sandoval Avenue,True,30.0,Uncategorized,2
391723432,435134990,57.264095284160874,unclassified,Pedro R. Sandoval Avenue,False,30.0,Uncategorized,2
391723433,12254049923,4.881737640598758,footway,Unnamed,False,30.0,Uncategorized,
391723433,391723435,25.262895918038687,unclassified,Pedro R. Sandoval Avenue,True,30.0,Uncategorized,2
391723433,573292855,13.403110499046681,footway,Unnamed,False,30.0,Uncategorized,
391723435,391723436,16.960169387568765,unclassified,Pedro R. Sandoval Avenue,True,30.0,Uncategorized,2
391723435,12254049930,3.593219037219252,footway,Unnamed,False,30.0,Uncategorized,
391723436,391723437,7.544526229819891,unclassified,Pedro R. Sandoval Avenue,True,30.0,Uncategorized,2
391723436,12254049929,3.1591346685624244,footway,Unnamed,False,30.0,Uncategorized,
391723437,12254049932,10.045802526662788,unclassified,Pedro R. Sandoval Avenue,False,30.0,Uncategorized,2
391723437,391723438,22.89252433880045,unclassified,Pedro R. Sandoval Avenue,True,30.0,Uncategorized,2
391723438,573004683,3.6327114508843885,unclassified,Pedro R. Sandoval Avenue,True,30.0,Uncategorized,2
391723438,560227032,11.67042217904157,footway,Unnamed,False,30.0,Uncategorized,
391723438,12254049912,3.0570124417258673,footway,Unnamed,False,30.0,Uncategorized,
391723772,12186673145,4.74558146602353,service,Unnamed,True,30.0,Uncategorized,
391723772,391721723,9.355977855959374,secondary,Victoria M. Ela Avenue,False,30.0,Uncategorized,4
391723772,529870998,29.221289925130122,secondary,Victoria M. Ela Avenue,False,30.0,Uncategorized,4
391723773,432493371,76.02046641455664,service,Unnamed,True,30.0,Uncategorized,
391723773,529867751,60.9486818381762,footway,Unnamed,False,30.0,Uncategorized,
417265693,12309592264,3.617593360506592,unclassified,Unnamed,False,30.0,Uncategorized,
417265693,7673603982,20.356596406871446,primary,National Highway,False,30.49,Uncategorized,4
417265693,715210951,23.474761932126704,primary,National Highway,False,30.49,Uncategorized,4
417266025,892775339,22.733087151430816,service,Unnamed,True,30.0,Uncategorized,
417266025,1266474495,83.84115029487954,service,Unnamed,False,30.0,Uncategorized,
417266026,12309592254,4.61059333392942,service,Unnamed,True,30.0,Uncategorized,
417266026,292203273,11.258606456884086,primary,National Highway,False,30.49,Uncategorized,4
417266026,10839994309,37.243247408368205,primary,National Highway,False,30.49,Uncategorized,4
417266206,3740038576,13.63418501044242,primary,National Highway,False,30.49,Uncategorized,4
417266206,1497255194,25.152490007147687,primary,National Highway,False,30.49,Uncategorized,4
417266365,417292170,20.0908109709154,residential,Aquino,False,31.86,Uncategorized,
417266365,417292169,70.19154980450483,residential,Aquino,False,31.86,Uncategorized,
417266365,1127246099,54.73537379333092,residential,Graciano Lopez-Jaena,False,31.86,Uncategorized,
417266367,417292170,33.7870158903945,primary,National Highway,False,30.49,Uncategorized,4
417266367,949612033,51.78459567543729,primary,National Highway,False,30.49,Uncategorized,4
417266367,417266365,27.670417873379467,residential,Graciano Lopez-Jaena,True,31.86,Uncategorized,
417266456,444815240,69.22311766310997,secondary,Jose Rizal Street,False,30.0,Uncategorized,
417266456,417266475,61.22816926490914,secondary,Jose Rizal Street,False,30.0,Uncategorized,
417266475,12718893564,5.1386251774862695,tertiary,Juan Luna,True,30.0,Uncategorized,
417266475,417266456,61.22816926490914,secondary,Jose Rizal Street,False,30.0,Uncategorized,
417266475,28997724,59.21642810912459,secondary,Jose Rizal Street,False,30.0,Uncategorized,
417266475,3081686433,39.078616098728574,steps,Unnamed,False,30.49,Uncategorized,
417266493,417266546,67.57877354231289,residential,Lopez,False,31.86,Uncategorized,
417266493,417266494,52.29264893799692,tertiary,Juan Luna,True,30.0,Uncategorized,
417266493,417266550,109.32707501042748,residential,Lopez,False,31.86,Uncategorized,
417266494,1711023131,5.968132845454167,tertiary,Villegas,False,30.0,Uncategorized,
417266494,453007402,15.690405030079926,service,Unnamed,False,25.85,Uncategorized,
417266494,417266550,61.51115363305101,tertiary,Villegas,False,30.0,Uncategorized,
417266546,417266493,67.57877354231289,residential,Lopez,False,31.86,Uncategorized,
417266546,453008584,63.91331632549366,residential,Lopez,False,31.86,Uncategorized,
417266546,417266456,39.64206069227876,tertiary,Graciano Lopez-Jaena,True,30.0,Uncategorized,
417266550,417266493,109.32707501042748,residential,Lopez,False,31.86,Uncategorized,
417266550,417266494,61.51115363305101,tertiary,Villegas,False,30.0,Uncategorized,
417266550,417266890,243.52295384384178,tertiary,Villegas,False,30.0,Uncategorized,
417266883,1300391272,34.0407669609359,tertiary,Villegas,False,30.0,Uncategorized,
417266883,8896998665,24.061734404767133,service,Unnamed,False,25.85,Uncategorized,
417266883,1300391295,142.75731093041952,tertiary,Villegas,False,30.0,Uncategorized,
417266890,8896947387,36.19433718735809,service,Unnamed,False,25.85,Uncategorized,
417266890,417266550,243.52295384384175,tertiary,Villegas,False,30.0,Uncategorized,
417266890,1300391263,106.84204000722458,tertiary,Villegas,False,30.0,Uncategorized,
417266901,12718893557,5.67849860028172,footway,Unnamed,False,30.0,Uncategorized,
417266901,8896947383,36.97210984371941,primary,National Highway,False,30.49,Uncategorized,4
417266901,316156816,85.69957079440925,primary,National Highway,False,30.49,Uncategorized,4
417266909,12718893557,38.49723583501891,footway,Unnamed,False,30.0,Uncategorized,
417266917,417266922,18.825347953090134,track,Unnamed,False,30.0,Uncategorized,
417266917,1375542526,86.6426950666596,tertiary,Villegas,False,30.0,Uncategorized,
417266917,7688718332,75.9362403941594,tertiary,"['Hilario T. Apolinario', 'Villegas']",False,30.0,Uncategorized,
417266917,2260097143,145.91805387264873,residential,Unnamed,False,31.86,Uncategorized,
417266922,417266917,18.825347953090134,track,Unnamed,False,30.0,Uncategorized,
417266939,7688718332,1.2711965072382672,tertiary,Hilario T. Apolinario,False,33.15,Uncategorized,
417266939,417266941,69.31302868271462,tertiary,Hilario T. Apolinario,False,33.15,Uncategorized,
417266939,7688586331,14.774810249455758,service,Unnamed,False,25.85,Uncategorized,
417266941,7688586315,5.092962224529254,tertiary,Hilario T. Apolinario,False,33.15,Uncategorized,
417266941,417266939,69.31302868271462,tertiary,Hilario T. Apolinario,False,33.15,Uncategorized,
417266941,7688586314,51.07379956444797,footway,Unnamed,False,30.0,Uncategorized,
417267537,7688586331,112.91335353267327,service,Unnamed,False,25.85,Uncategorized,
417267598,7688586302,3.809744831327442,tertiary,Hilario T. Apolinario,False,33.15,Uncategorized,
417267598,417267787,7.072666371267578,tertiary,Hilario T. Apolinario,False,33.15,Uncategorized,
417267598,417270358,6.868968773580066,service,Unnamed,False,25.85,Uncategorized,
417267786,417270358,7.535585431238675,service,Unnamed,False,25.85,Uncategorized,
417267786,417267787,7.947841882009708,footway,Unnamed,False,30.0,Uncategorized,
417267786,417267870,49.444537664263855,service,Unnamed,False,25.85,Uncategorized,
417267787,417267598,7.072666371267578,tertiary,Hilario T. Apolinario,False,33.15,Uncategorized,
417267787,7688586288,11.996707617680253,tertiary,Hilario T. Apolinario,False,33.15,Uncategorized,
417267787,417267786,7.947841882009708,footway,Unnamed,False,30.0,Uncategorized,
417267789,417267790,15.45888742137182,footway,Unnamed,False,30.0,Uncategorized,
417267789,417267870,61.90360210250267,service,Unnamed,False,25.85,Uncategorized,
417267789,417267800,26.50748283471315,service,Unnamed,False,25.85,Uncategorized,
417267790,417267789,15.45888742137182,footway,Unnamed,False,30.0,Uncategorized,
417267800,417267789,26.50748283471315,service,Unnamed,False,25.85,Uncategorized,
417267870,417267871,15.82024548287941,footway,Unnamed,False,30.0,Uncategorized,
417267870,417267789,61.903602102502674,service,Unnamed,False,25.85,Uncategorized,
417267870,417267786,49.444537664263855,service,Unnamed,False,25.85,Uncategorized,
417267871,417267870,15.82024548287941,footway,Unnamed,False,30.0,Uncategorized,
417270174,417270358,27.472716997993135,service,Unnamed,False,25.85,Uncategorized,
417270174,417270217,33.5382106260742,service,Unnamed,False,25.85,Uncategorized,
417270174,417270260,39.939212235726686,footway,Unnamed,False,30.0,Uncategorized,
417270217,417270174,33.5382106260742,service,Unnamed,False,25.85,Uncategorized,
417270260,417270262,52.46999995758792,footway,Unnamed,False,30.0,Uncategorized,
417270260,417270358,48.151605583282354,footway,Unnamed,False,30.0,Uncategorized,
417270260,417270370,54.18181721761373,footway,Unnamed,False,30.0,Uncategorized,
417270260,417270174,39.939212235726686,footway,Unnamed,False,30.0,Uncategorized,
417270262,417270263,51.983058971405725,footway,Unnamed,False,30.0,Uncategorized,
417270262,417270370,11.991796771242699,footway,Unnamed,False,30.0,Uncategorized,
417270262,417270260,52.46999995758792,footway,Unnamed,False,30.0,Uncategorized,
417270263,417270262,51.983058971405725,footway,Unnamed,False,30.0,Uncategorized,
417270358,417267786,7.535585431238675,service,Unnamed,False,25.85,Uncategorized,
417270358,417270174,27.472716997993135,service,Unnamed,False,25.85,Uncategorized,
417270358,417267598,6.868968773580066,service,Unnamed,False,25.85,Uncategorized,
417270358,417270260,48.151605583282354,footway,Unnamed,False,30.0,Uncategorized,
417270370,417270262,11.991796771242699,footway,Unnamed,False,30.0,Uncategorized,
417270370,417270389,57.79459497033142,footway,Unnamed,False,30.0,Uncategorized,
417270370,417270260,54.18181721761373,footway,Unnamed,False,30.0,Uncategorized,
417270389,417270370,57.79459497033142,footway,Unnamed,False,30.0,Uncategorized,
417292169,417266365,70.19154980450483,residential,Aquino,False,31.86,Uncategorized,
417292169,1127246090,62.090558737300924,residential,De Pasupil,False,31.86,Uncategorized,
417292169,1127246018,71.05799551709931,residential,Aquino,False,31.86,Uncategorized,
417292169,1127246085,52.194889821342166,residential,De Pasupil,False,31.86,Uncategorized,
417292170,417266365,20.0908109709154,residential,Aquino,False,31.86,Uncategorized,
417292170,28997182,61.418785941091585,primary,National Highway,False,30.49,Uncategorized,4
417292170,417266367,33.7870158903945,primary,National Highway,False,30.49,Uncategorized,4
417292170,12718893596,6.698131240051037,footway,Unnamed,False,30.0,Uncategorized,
418623811,418623813,32.51286681202987,footway,Unnamed,False,30.0,private,
418623813,418623811,32.51286681202987,footway,Unnamed,False,30.0,private,
418623813,3377882300,82.45424241917303,unclassified,Agapita Road,False,30.0,destination,2
418623813,1521009830,94.08206130323242,unclassified,Agapita Road,False,30.0,destination,2
418624414,418624417,71.68313000521601,residential,Bulusan Street,False,40.0,Uncategorized,2
418624414,742226843,36.27550328206596,residential,Diamond Street,False,40.0,Uncategorized,2
418624414,742226893,7.749169861662922,residential,Diamond Street,False,40.0,Uncategorized,2
418624417,1288947702,10.02233464332575,residential,Opal Street,False,30.0,Uncategorized,2
418624417,418624414,71.68313000521601,residential,Bulusan Street,False,40.0,Uncategorized,2
418624417,428743955,86.94344229627185,residential,Bulusan Street,False,40.0,Uncategorized,2
418625258,1288947702,187.35994518471676,residential,Opal Street,False,30.0,Uncategorized,2
418625258,6497035061,50.49562359622155,residential,Halcon Street,False,40.0,Uncategorized,2
418625258,425122394,92.2525683676331,residential,Halcon Street,False,40.0,Uncategorized,2
418626732,425117628,42.530980833914015,residential,Jade Street,False,40.0,Uncategorized,2
418626732,385706591,71.84704426070736,residential,Jade Street,False,40.0,Uncategorized,2
418626732,425117469,34.74810401541244,residential,Isarog Street,False,40.0,Uncategorized,2
418627328,425118437,39.966078226753346,residential,Diamond Street,False,40.0,Uncategorized,2
418627328,12186673235,61.32305530267864,residential,Samat Street,False,30.0,Uncategorized,2
418627328,253794266,74.1542140033203,residential,Diamond Street,False,40.0,Uncategorized,2
422732401,427963813,126.47706321367227,residential,Unnamed,False,31.86,Uncategorized,
422732401,422732405,64.47935443324465,residential,Lina Street,False,30.0,Uncategorized,2
422732401,8336772752,145.42437767785165,residential,Lina Street,False,30.0,Uncategorized,2
422732405,422732401,64.47935443324465,residential,Lina Street,False,30.0,Uncategorized,2
422732405,11350349109,56.07263112239687,service,Unnamed,False,25.85,Uncategorized,
422732405,427963811,126.12200473794678,residential,Roberto Street,False,30.0,private,2
422732405,422732409,57.933952300150196,residential,Lina Street,False,30.0,Uncategorized,2
422732409,253509234,39.05254403571129,residential,Bangkal Road,False,40.0,Uncategorized,2
422732409,11350349107,36.16729896699359,residential,Bangkal Road,False,40.0,Uncategorized,2
422732409,422732405,57.933952300150196,residential,Lina Street,False,30.0,Uncategorized,2
422733569,422733573,31.12741775117766,residential,Narra Street,False,20.0,private,
422733569,422734502,154.03391443966063,residential,Yakal Street,False,20.0,private,
422733569,8336772752,32.74716726959473,residential,Narra Street,False,20.0,private,
422733573,2249819367,42.301680887139966,residential,Narra Street,False,20.0,private,
422733573,422733569,31.12741775117766,residential,Narra Street,False,20.0,private,
422733573,422734069,152.91125646850705,residential,Mahogany Street,False,20.0,private,
422734069,422733573,152.91125646850705,residential,Mahogany Street,False,20.0,private,
422734069,422734502,30.640077960594773,residential,Unnamed,False,20.0,private,
422734069,8318615599,161.66281953763882,residential,Unnamed,False,20.0,private,
422734294,422734502,19.454738494025904,residential,Unnamed,False,20.0,private,
422734502,422734294,19.454738494025904,residential,Unnamed,False,20.0,private,
422734502,422734069,30.640077960594773,residential,Unnamed,False,20.0,private,
422734502,422733569,154.03391443966063,residential,Yakal Street,False,20.0,private,
422735755,422735761,28.396138043677997,residential,Bangkal Extension,False,30.0,Uncategorized,1
422735755,253509234,118.08760193685163,residential,Bangkal Extension,False,30.0,Uncategorized,1
422735755,422736034,20.14542320337663,footway,Unnamed,False,30.0,Uncategorized,
422735761,422735755,28.396138043677997,residential,Bangkal Extension,False,30.0,Uncategorized,1
422735761,422736677,41.06375999513068,residential,Unnamed,False,30.0,Uncategorized,1
422735761,427963497,31.377476273875963,residential,Bangkal Extension,False,30.0,Uncategorized,1
422736034,422735755,20.14542320337663,footway,Unnamed,False,30.0,Uncategorized,
422736677,422735761,41.06375999513068,residential,Unnamed,False,30.0,Uncategorized,1
422736677,422737393,52.96314505928662,footway,Unnamed,False,30.0,Uncategorized,
422736677,422736678,42.12437133506447,residential,Unnamed,False,30.0,Uncategorized,1
422736678,422737611,31.154992054903346,track,Unnamed,False,30.0,Uncategorized,
422736678,422736680,34.72606942668076,residential,Unnamed,False,30.0,Uncategorized,1
422736678,422736677,42.124371335064474,residential,Unnamed,False,30.0,Uncategorized,1
422736680,422736684,75.59740194203485,residential,Unnamed,False,30.0,Uncategorized,1
422736680,422736678,34.72606942668076,residential,Unnamed,False,30.0,Uncategorized,1
422736680,422738017,39.115688011692235,track,Unnamed,False,30.0,private,
422736684,422738145,32.98193747879606,service,Unnamed,False,25.85,Uncategorized,
422736684,425111545,247.72605052346898,residential,Unnamed,False,30.0,Uncategorized,1
422736684,422736680,75.59740194203485,residential,Unnamed,False,30.0,Uncategorized,1
422737393,422736677,52.96314505928662,footway,Unnamed,False,30.0,Uncategorized,
422737611,422736678,31.154992054903346,track,Unnamed,False,30.0,Uncategorized,
422738017,422736680,39.115688011692235,track,Unnamed,False,30.0,private,
422738145,422736684,32.98193747879606,service,Unnamed,False,25.85,Uncategorized,
424722671,11350349109,29.238854923696664,service,Unnamed,False,25.85,Uncategorized,
425109167,733810585,99.56029183705527,residential,Unnamed,False,31.86,Uncategorized,
425109167,8893671354,78.94902540428798,residential,Unnamed,False,31.86,Uncategorized,
425109167,775988634,80.698180909368,service,Unnamed,False,25.85,Uncategorized,
425109841,775988634,50.41374810881705,service,Unnamed,False,25.85,Uncategorized,
425109841,8893671351,31.406475095251896,residential,Unnamed,False,31.86,private,
425109841,425110393,63.2840024631913,service,Rosemary Street,False,30.0,Uncategorized,2
425110393,382059104,63.480253446836784,residential,Lemon Grass Street,False,30.0,Uncategorized,2
425110393,425109841,63.2840024631913,service,Rosemary Street,False,30.0,Uncategorized,2
425110672,382059104,85.382733188341,residential,Basil Street,True,30.0,Uncategorized,2
425110672,1426038731,26.33354735194619,residential,Mint Street,True,30.0,Uncategorized,2
425111012,2249819361,86.65043757690327,residential,Unnamed,False,20.0,private,
425111545,425111994,23.340128365680407,residential,Unnamed,False,30.0,Uncategorized,1
425111545,425111558,89.00292083032642,residential,Unnamed,False,30.0,Uncategorized,1
425111545,422736684,247.72605052346896,residential,Unnamed,False,30.0,Uncategorized,1
425111558,425115764,44.47232545437897,service,Unnamed,False,25.85,Uncategorized,
425111558,8332301420,19.246452924938225,residential,Unnamed,False,30.0,Uncategorized,1
425111558,425111545,89.00292083032643,residential,Unnamed,False,30.0,Uncategorized,1
425111994,425111545,23.340128365680407,residential,Unnamed,False,30.0,Uncategorized,1
425111994,8314854947,62.333819068534034,residential,Unnamed,False,30.0,Uncategorized,1
425111994,8314854947,115.05796014834146,residential,Unnamed,False,30.0,Uncategorized,1
425111994,8314854947,109.97881022053386,residential,Unnamed,False,30.0,Uncategorized,1
425115764,425111558,44.47232545437897,service,Unnamed,False,25.85,Uncategorized,
425117469,418626732,34.74810401541244,residential,Isarog Street,False,40.0,Uncategorized,2
425117469,540524980,41.11870383715643,service,Unnamed,False,25.85,permissive,
425117469,428743607,159.02862182289653,residential,Isarog Street,False,40.0,Uncategorized,2
425117628,418626732,42.530980833914015,residential,Jade Street,False,40.0,Uncategorized,2
425117628,5246724750,167.2014160273888,residential,Jade Street,False,40.0,Uncategorized,2
425117628,425118436,40.94681803981538,residential,Mayon Street,False,30.0,Uncategorized,2
425118436,425118437,38.39851173884041,residential,Mayon Street,False,30.0,Uncategorized,2
425118436,425117628,40.94681803981538,residential,Mayon Street,False,30.0,Uncategorized,2
425118436,434804482,162.23072201156532,residential,Emerald Street,False,30.0,Uncategorized,2
425118437,418627328,39.966078226753346,residential,Diamond Street,False,40.0,Uncategorized,2
425118437,253492621,39.26891453594652,residential,Diamond Street,False,40.0,Uncategorized,2
425118437,425118436,38.39851173884041,residential,Mayon Street,False,30.0,Uncategorized,2
425122394,418625258,92.2525683676331,residential,Halcon Street,False,40.0,Uncategorized,2
425122394,428743655,69.30671454488004,residential,Halcon Street,False,40.0,Uncategorized,2
425122394,428743955,173.3900495947492,residential,Pearl Street,False,40.0,Uncategorized,2
425123671,6351485279,11.389859622239715,primary,National Highway,False,30.49,Uncategorized,4
425123671,12309592204,8.485051516535478,unclassified,Aguila,False,40.0,Uncategorized,
425123671,8887342517,87.55349195783374,primary,National Highway,False,30.49,Uncategorized,4
425124779,12718893582,10.280720256522041,residential,Unnamed,False,31.86,Uncategorized,
425124779,6243245790,29.790016990017186,primary,National Highway,False,30.49,Uncategorized,4
425124779,3911994293,161.39232870231228,primary,National Highway,False,30.49,Uncategorized,4
425124930,1300391215,58.73730630100558,residential,Rosal,False,31.86,Uncategorized,
425124930,1300391121,173.48065931861322,residential,Unnamed,False,31.86,Uncategorized,
425124930,12718893582,86.01888182902815,residential,Unnamed,False,31.86,Uncategorized,
425129392,8894387872,8.860818045239482,primary,National Highway,False,30.49,Uncategorized,4
425129392,425129632,40.65947251539337,service,Unnamed,False,25.85,private,
425129392,1256325146,79.64785595985835,primary,National Highway,False,30.49,Uncategorized,4
425129632,8701217716,16.45119936064291,service,Unnamed,False,25.85,private,
425129632,425129392,40.65947251539337,service,Unnamed,False,25.85,private,
425129632,2596830850,163.78381023819796,service,Unnamed,False,25.85,private,
427962712,8893671354,23.17087370115974,residential,Unnamed,False,31.86,Uncategorized,
427962712,427963497,21.722818249316504,residential,Unnamed,False,31.86,Uncategorized,
427962712,427962935,43.413749870367006,footway,Unnamed,False,30.0,Uncategorized,
427962935,427963448,5.886263299880384,footway,Unnamed,False,30.0,Uncategorized,
427962935,427962712,43.41374987036701,footway,Unnamed,False,30.0,Uncategorized,
427962935,427963449,24.754143373211676,footway,Unnamed,False,30.0,Uncategorized,
427963355,427963450,20.613972723389676,footway,Unnamed,False,30.0,Uncategorized,
427963355,382058354,76.64510165951738,footway,Unnamed,False,30.0,Uncategorized,
427963355,427963449,36.18160693455939,footway,Unnamed,False,30.0,Uncategorized,
427963448,427962935,5.886263299880384,footway,Unnamed,False,30.0,Uncategorized,
427963449,427963355,36.18160693455939,footway,Unnamed,False,30.0,Uncategorized,
427963449,427962935,24.754143373211676,footway,Unnamed,False,30.0,Uncategorized,
427963449,427963497,45.709677228317666,footway,Unnamed,False,30.0,Uncategorized,
427963450,427963355,20.613972723389676,footway,Unnamed,False,30.0,Uncategorized,
427963497,427962712,21.722818249316504,residential,Unnamed,False,31.86,Uncategorized,
427963497,422735761,31.377476273875963,residential,Bangkal Extension,False,30.0,Uncategorized,1
427963497,427963449,45.70967722831767,footway,Unnamed,False,30.0,Uncategorized,
427963766,8893798946,96.03214843662296,service,Unnamed,False,25.85,private,
427963766,2440322907,77.15108188087858,service,Unnamed,False,25.85,private,
427963766,2440322895,34.45595234347377,service,Unnamed,False,25.85,private,
427963808,427963811,29.37072322355956,residential,Jose Street,False,30.0,Uncategorized,2
427963808,253797111,30.782229113156475,residential,Jose Street,False,30.0,Uncategorized,2
427963808,949482705,19.329017574509535,service,Unnamed,False,25.85,private,
427963811,427963808,29.37072322355956,residential,Jose Street,False,30.0,Uncategorized,2
427963811,427963813,62.90812221221225,residential,Jose Street,False,30.0,Uncategorized,2
427963811,422732405,126.12200473794678,residential,Roberto Street,False,30.0,private,2
427963813,427963977,69.03402894339504,residential,Unnamed,False,31.86,Uncategorized,
427963813,422732401,126.47706321367227,residential,Unnamed,False,31.86,Uncategorized,
427963813,427963811,62.90812221221225,residential,Jose Street,False,30.0,Uncategorized,2
427963977,427963813,69.03402894339504,residential,Unnamed,False,31.86,Uncategorized,
427963977,427965807,57.68403679597747,residential,Agapita Road,False,30.0,Uncategorized,1
427963977,427967834,135.5582984442561,footway,Unnamed,False,30.0,Uncategorized,1
427965807,427963977,57.68403679597747,residential,Agapita Road,False,30.0,Uncategorized,1
427965807,253496358,66.31718093247412,residential,Agapita Road,False,30.0,Uncategorized,1
427965807,427966109,132.8591032773143,service,Unnamed,False,25.85,no,
427966109,427967834,55.565144137286495,unclassified,Daang Kalabaw,False,40.0,Uncategorized,2
427966109,253782808,66.40533882019291,unclassified,Daang Kalabaw,False,40.0,Uncategorized,2
427966109,427965807,132.8591032773143,service,Unnamed,False,25.85,no,
427966109,427967836,49.557968036864615,residential,Unnamed,False,31.86,private,
427966110,1923606698,35.95106185725781,unclassified,Daang Kalabaw,False,40.0,Uncategorized,2
427966110,427967834,76.20178160115411,unclassified,Daang Kalabaw,False,40.0,Uncategorized,2
427966110,1166355130,51.359271545078514,residential,Unnamed,False,31.86,private,
427966111,1923606698,16.108617036050774,unclassified,Daang Kalabaw,False,40.0,Uncategorized,2
427966111,382055691,24.266656832810487,residential,Unnamed,False,30.0,Uncategorized,1
427966111,460203500,40.13446710918723,unclassified,Daang Kalabaw,False,30.0,Uncategorized,
427966149,1889685010,38.536263719651544,residential,Unnamed,False,30.0,Uncategorized,1
427966149,427966708,180.866425118703,service,Unnamed,False,30.0,permissive,1
427966149,427966708,86.55252832579534,residential,Unnamed,False,31.86,Uncategorized,
427966187,382055691,56.75086528033126,residential,Unnamed,False,31.86,private,
427966268,5246749952,16.846419543772615,residential,Unnamed,False,30.0,Uncategorized,
427966268,8893641956,70.60437734756117,residential,Unnamed,False,31.86,Uncategorized,
427966268,474857180,45.4797663074329,residential,Unnamed,False,30.0,Uncategorized,
427966708,8893641956,135.3081337684656,residential,Unnamed,False,31.86,permissive,
427966708,427966149,180.86642511870298,service,Unnamed,False,30.0,permissive,1
427966708,427966149,86.55252832579534,residential,Unnamed,False,31.86,Uncategorized,
427967834,427966110,76.20178160115411,unclassified,Daang Kalabaw,False,40.0,Uncategorized,2
427967834,427966109,55.565144137286495,unclassified,Daang Kalabaw,False,40.0,Uncategorized,2
427967834,427963977,135.5582984442561,footway,Unnamed,False,30.0,Uncategorized,1
427967836,1166355130,130.60151017897263,residential,Unnamed,False,31.86,private,
427967836,427966109,49.557968036864615,residential,Unnamed,False,31.86,private,
427967836,1166355125,212.65287894377167,residential,Unnamed,False,31.86,private,
428740875,8337294663,4.629144004417072,service,Unnamed,False,25.85,Uncategorized,
428740875,1497254770,92.42524625370204,secondary,Jose R. Velasco Avenue,False,30.0,Uncategorized,2
428740875,5512649828,104.76909444794191,secondary,Jose R. Velasco Avenue,False,30.0,Uncategorized,2
428740878,1497254770,2.6767401265863815,secondary,Jose R. Velasco Avenue,False,30.0,Uncategorized,2
428740878,4791055615,4.434488212090353,residential,Ruby Street,False,40.0,Uncategorized,2
428740878,786430086,5.0025117987128445,service,Fabian A. Tiongson Street,False,25.85,Uncategorized,
428740878,795254775,30.60529571248083,secondary,Jose R. Velasco Avenue,False,30.0,Uncategorized,2
428740891,428740894,45.05390075752751,service,Unnamed,False,25.85,Uncategorized,
428740894,790708791,42.85693449678358,service,Unnamed,False,25.85,Uncategorized,
428740894,10066570657,24.6018668630921,service,Unnamed,False,25.85,Uncategorized,
428740894,428740891,45.05390075752751,service,Unnamed,False,25.85,Uncategorized,
428743314,786430059,60.79860463304177,residential,Ruby Street,False,40.0,Uncategorized,2
428743314,428743658,99.62397273884052,residential,Ruby Street,False,40.0,Uncategorized,2
428743314,428743955,67.7057580373934,residential,Bulusan Street,False,40.0,Uncategorized,2
428743315,428743316,22.611609300289178,residential,Ruby Street,False,40.0,Uncategorized,2
428743315,786430059,52.78855198866862,residential,Ruby Street,False,40.0,Uncategorized,2
428743315,428744176,41.48263892018727,residential,Arayat Street,False,30.0,Uncategorized,1
428743315,428744177,72.16946955321825,residential,Arayat Street,False,30.0,Uncategorized,1
428743316,428743317,56.056396244375215,residential,Ruby Street,False,40.0,Uncategorized,2
428743316,428743315,22.611609300289178,residential,Ruby Street,False,40.0,Uncategorized,2
428743316,428744176,36.93216137378351,residential,Francisco O. Santos Street,False,40.0,Uncategorized,2
428743316,1288947729,67.16735181388933,service,Unnamed,False,25.85,permissive,
428743317,529880218,13.67457664210591,residential,Ruby Street,False,40.0,Uncategorized,2
428743317,428743316,56.056396244375215,residential,Ruby Street,False,40.0,Uncategorized,2
428743317,790708776,16.54125653901981,residential,Raymundo Street,False,30.0,Uncategorized,1
428743384,2169969882,30.637241281524194,service,Unnamed,False,20.0,Uncategorized,
428743384,428743437,25.127167752763057,footway,Unnamed,False,30.0,Uncategorized,
428743384,428743430,41.02797020648896,footway,Unnamed,False,30.0,Uncategorized,
428743427,428743430,22.81533541993055,footway,Unnamed,False,30.0,Uncategorized,
428743430,438065908,22.539019947440146,footway,Unnamed,False,30.0,Uncategorized,
428743430,428743427,22.815335419930545,footway,Unnamed,False,30.0,Uncategorized,
428743430,428743384,41.02797020648896,footway,Unnamed,False,30.0,Uncategorized,
428743437,428743441,18.416311225025744,footway,Unnamed,False,30.0,Uncategorized,
428743437,5442033710,33.95063720234223,footway,Unnamed,False,30.0,Uncategorized,
428743437,428743384,25.127167752763057,footway,Unnamed,False,30.0,Uncategorized,
428743441,428743437,18.416311225025744,footway,Unnamed,False,30.0,Uncategorized,
428743607,1660352354,22.873674554084555,residential,Ruby Street,False,40.0,Uncategorized,2
428743607,425117469,159.02862182289653,residential,Isarog Street,False,40.0,Uncategorized,2
428743607,428743654,43.47435075700755,residential,Ruby Street,False,40.0,Uncategorized,2
428743654,428744510,65.85480536029443,residential,Kitanlad Street,False,40.0,Uncategorized,2
428743654,428743607,43.47435075700754,residential,Ruby Street,False,40.0,Uncategorized,2
428743654,1272671946,76.84003057553898,residential,Kanlaon Street,False,30.0,Uncategorized,
428743655,428743658,63.53712804590184,residential,Ruby Street,False,40.0,Uncategorized,2
428743655,1660352354,57.38177616809381,residential,Ruby Street,False,40.0,Uncategorized,2
428743655,425122394,69.30671454488004,residential,Halcon Street,False,40.0,Uncategorized,2
428743658,428743314,99.62397273884052,residential,Ruby Street,False,40.0,Uncategorized,2
428743658,428743655,63.53712804590184,residential,Ruby Street,False,40.0,Uncategorized,2
428743658,428744373,111.18127232759991,residential,Data Street,False,40.0,Uncategorized,2
428743955,428744611,72.31123057792723,residential,Pearl Street,False,40.0,Uncategorized,2
428743955,428743314,67.7057580373934,residential,Bulusan Street,False,40.0,Uncategorized,2
428743955,418624417,86.94344229627185,residential,Bulusan Street,False,40.0,Uncategorized,2
428743955,425122394,173.3900495947492,residential,Pearl Street,False,40.0,Uncategorized,2
428744106,428744120,138.40258968998856,residential,Data Street,False,35.0,Uncategorized,2
428744119,428744120,38.80679751577203,residential,Sierra Madre Extension,False,30.0,Uncategorized,2
428744119,428744123,33.56325936401146,residential,Sierra Madre Extension,False,30.0,Uncategorized,2
428744119,428744141,283.28481168526093,residential,Sierra Madre Street,False,30.0,Uncategorized,2
428744120,428744119,38.80679751577203,residential,Sierra Madre Extension,False,30.0,Uncategorized,2
428744120,2454976118,79.43375663436795,residential,Data Street,False,40.0,Uncategorized,2
428744120,428744106,138.40258968998853,residential,Data Street,False,35.0,Uncategorized,2
428744123,582443144,19.326201121288776,residential,Sierra Madre Extension,False,30.0,Uncategorized,2
428744123,428744119,33.56325936401146,residential,Sierra Madre Extension,False,30.0,Uncategorized,2
428744123,582443141,97.38276603435065,residential,Sierra Madre Extension,False,30.0,Uncategorized,1
428744141,428744339,46.14500067167951,residential,Onyx Street,False,40.0,Uncategorized,2
428744141,428744184,44.663918092432766,residential,Onyx Street,False,40.0,Uncategorized,2
428744141,428744119,283.28481168526093,residential,Sierra Madre Street,False,30.0,Uncategorized,2
428744144,428744184,44.684548218350216,residential,Onyx Street,False,40.0,Uncategorized,2
428744144,1119886509,37.51666832118475,residential,Cordillera Street,False,30.0,Uncategorized,1
428744144,428744177,60.70196961001595,residential,Arayat Street,False,30.0,Uncategorized,1
428744157,3872271266,44.76736208352696,residential,Cordillera Street,False,30.0,Uncategorized,1
428744157,3872271291,39.726205395235695,service,Unnamed,False,25.85,Uncategorized,
428744157,1119886509,42.71538743775113,residential,Cordillera Street,False,30.0,Uncategorized,1
428744176,428744612,30.930038121632375,residential,Francisco O. Santos Street,False,40.0,Uncategorized,2
428744176,428743316,36.93216137378351,residential,Francisco O. Santos Street,False,40.0,Uncategorized,2
428744176,428743315,41.48263892018727,residential,Arayat Street,False,30.0,Uncategorized,1
428744177,428744373,167.10125471081395,residential,Sapphire Street,False,30.0,Uncategorized,
428744177,428744144,60.70196961001595,residential,Arayat Street,False,30.0,Uncategorized,1
428744177,428743315,72.16946955321825,residential,Arayat Street,False,30.0,Uncategorized,1
428744184,428744141,44.663918092432766,residential,Onyx Street,False,40.0,Uncategorized,2
428744184,428744144,44.684548218350216,residential,Onyx Street,False,40.0,Uncategorized,2
428744184,1119886519,263.5699258634611,residential,Banawe Street,False,30.0,Uncategorized,2
428744339,428744340,68.811987772495,residential,Onyx Street,False,40.0,Uncategorized,2
428744339,428744141,46.14500067167951,residential,Onyx Street,False,40.0,Uncategorized,2
428744339,428744373,49.643098388506395,residential,Data Street,False,40.0,Uncategorized,2
428744339,2454976118,203.21390614061295,residential,Data Street,False,40.0,Uncategorized,2
428744340,428744339,68.811987772495,residential,Onyx Street,False,40.0,Uncategorized,2
428744340,428744394,32.378859629516604,residential,Pulog Street,False,40.0,Uncategorized,2
428744340,428744341,60.9017181234965,residential,Onyx Street,False,40.0,Uncategorized,2
428744340,2454976103,375.0338255483021,residential,Pulog Street,False,40.0,private,2
428744341,428744342,14.037906710046459,residential,Onyx Street,False,40.0,Uncategorized,2
428744341,428744489,31.757586330151486,path,Unnamed,False,30.0,Uncategorized,
428744341,428744340,60.9017181234965,residential,Onyx Street,False,40.0,Uncategorized,2
428744342,428744341,14.037906710046459,residential,Onyx Street,False,40.0,Uncategorized,2
428744342,434798140,356.54979913603216,residential,Makiling Street,False,30.0,Uncategorized,2
428744342,428744494,51.7196306236133,footway,Unnamed,False,30.0,Uncategorized,
428744373,428744339,49.643098388506395,residential,Data Street,False,40.0,Uncategorized,2
428744373,428743658,111.18127232759991,residential,Data Street,False,40.0,Uncategorized,2
428744373,428744177,167.10125471081395,residential,Sapphire Street,False,30.0,Uncategorized,
428744373,2365786253,30.076735674427084,service,Unnamed,False,25.85,private,
428744393,428744394,30.913666079762837,residential,Pulog Street,False,40.0,Uncategorized,2
428744393,428744474,88.88731998493779,residential,Topaz Street,False,30.0,Uncategorized,2
428744393,428744505,135.52102369896798,residential,"['Pulog Street', 'Garnet Street']",False,35.0,Uncategorized,2
428744394,428744340,32.378859629516604,residential,Pulog Street,False,40.0,Uncategorized,2
428744394,428744393,30.913666079762837,residential,Pulog Street,False,40.0,Uncategorized,2
428744394,428744489,57.72704439731301,residential,Amethyst Street,False,30.0,Uncategorized,2
428744474,428744393,88.88731998493779,residential,Topaz Street,False,30.0,Uncategorized,2
428744474,428744490,44.490929080626074,residential,Kitanlad Street,False,40.0,Uncategorized,2
428744474,428744505,53.273153854585765,residential,Kitanlad Street,False,40.0,Uncategorized,2
428744489,428744490,24.896222337749126,residential,Amethyst Street,False,30.0,Uncategorized,2
428744489,428744394,57.72704439731301,residential,Amethyst Street,False,30.0,Uncategorized,2
428744489,428744341,31.757586330151486,path,Unnamed,False,30.0,Uncategorized,
428744490,428744489,24.896222337749126,residential,Amethyst Street,False,30.0,Uncategorized,2
428744490,428744474,44.490929080626074,residential,Kitanlad Street,False,40.0,Uncategorized,2
428744490,428744494,68.01146007789113,residential,Amethyst Street,False,30.0,Uncategorized,2
428744494,428744495,8.457887443290074,residential,Unnamed,False,30.0,Uncategorized,2
428744494,428744490,68.01146007789114,residential,Amethyst Street,False,30.0,Uncategorized,2
428744494,428744342,51.7196306236133,footway,Unnamed,False,30.0,Uncategorized,
428744495,428744494,8.457887443290074,residential,Unnamed,False,30.0,Uncategorized,2
428744495,428744499,54.571380990660685,residential,Unnamed,False,30.0,Uncategorized,2
428744495,434798786,49.15063824680618,footway,Unnamed,False,30.0,Uncategorized,
428744499,434802888,42.34340733566348,residential,Unnamed,False,30.0,Uncategorized,
428744499,439220871,117.25557478217509,residential,Unnamed,False,30.0,"['no', 'private']",2
428744499,428744495,54.571380990660685,residential,Unnamed,False,30.0,Uncategorized,2
428744505,428744474,53.273153854585765,residential,Kitanlad Street,False,40.0,Uncategorized,2
428744505,428744510,9.709074867870346,residential,Kitanlad Street,False,40.0,Uncategorized,2
428744505,428744393,135.52102369896798,residential,"['Pulog Street', 'Garnet Street']",False,35.0,Uncategorized,2
428744510,428744505,9.709074867870346,residential,Kitanlad Street,False,40.0,Uncategorized,2
428744510,428743654,65.85480536029443,residential,Kitanlad Street,False,40.0,Uncategorized,2
428744510,435147817,86.46941402137121,residential,Kitanlad Extension,False,31.86,Uncategorized,
428744611,2138694568,48.19249459436563,residential,Pearl Street,False,40.0,Uncategorized,2
428744611,428743955,72.31123057792723,residential,Pearl Street,False,40.0,Uncategorized,2
428744611,428744614,175.3622988090067,residential,Banahaw Street,False,40.0,Uncategorized,2
428744612,2138694568,19.987867454736012,residential,Pearl Street,False,40.0,Uncategorized,2
428744612,428744176,30.930038121632375,residential,Francisco O. Santos Street,False,40.0,Uncategorized,2
428744612,1660352211,123.17400491292378,residential,Francisco O. Santos Street,False,40.0,Uncategorized,2
428744614,2442931633,7.047171643454339,residential,Diamond Street,False,40.0,Uncategorized,2
428744614,8336557489,4.773532023747645,residential,Diamond Street,False,40.0,Uncategorized,2
428744614,428744611,175.3622988090067,residential,Banahaw Street,False,40.0,Uncategorized,2
428744692,428744696,30.804882876046143,residential,Raymundo Street,False,30.0,Uncategorized,1
428744696,3723311994,9.112971784650785,residential,Raymundo Street,False,30.0,Uncategorized,1
428744696,428744692,30.804882876046143,residential,Raymundo Street,False,30.0,Uncategorized,1
428744696,428744819,26.043831337764445,footway,Unnamed,False,30.0,private,
428744700,790708776,23.33625341388505,residential,Raymundo Street,False,30.0,Uncategorized,1
428744700,3723311994,6.547759726583547,residential,Raymundo Street,False,30.0,Uncategorized,1
428744700,428744702,13.425007491467383,footway,Unnamed,False,30.0,private,
428744702,428744700,13.425007491467383,footway,Unnamed,False,30.0,private,
428744819,428744696,26.043831337764445,footway,Unnamed,False,30.0,private,
429492316,12254024663,4.77260624211956,service,LB Square Parkway,False,30.0,Uncategorized,1
429492316,761218967,8.411170922778716,secondary,Lopez Avenue,False,30.0,Uncategorized,2
429492316,447625166,7.03976559445144,secondary,Lopez Avenue,False,30.0,Uncategorized,2
431154284,5246724753,40.35487958397351,residential,Diamond Street,False,40.0,Uncategorized,2
431154284,431154475,59.371360621740536,residential,Unnamed,False,31.86,Uncategorized,1
431154284,7617940699,171.60283284341182,path,Unnamed,False,30.0,Uncategorized,
431154376,431154377,31.097160014336097,residential,El Danda Street,False,40.0,Uncategorized,2
431154376,10908641911,46.68559816342312,residential,El Danda Street,False,40.0,Uncategorized,2
431154376,10908641890,159.34320639766693,footway,Unnamed,False,30.0,Uncategorized,
431154377,431154376,31.097160014336097,residential,El Danda Street,False,40.0,Uncategorized,2
431154377,431154426,9.212131127394327,service,Unnamed,False,25.0,private,2
431154377,10908641899,21.219202033850273,residential,El Danda Street,False,40.0,Uncategorized,2
431154378,10908641899,3.670029231266387,residential,Unnamed,False,30.0,Uncategorized,1
431154378,435148303,187.89922132494917,residential,Unnamed,False,30.0,Uncategorized,1
431154378,3750245606,65.18974369886357,service,Unnamed,False,25.85,private,
431154425,1030720938,6.490957497615443,service,Unnamed,False,25.0,private,1
431154425,431154426,21.50362109504342,service,Unnamed,False,25.0,private,2
431154425,920087451,80.21041192752575,service,Unnamed,False,25.0,private,2
431154426,431154377,9.212131127394327,service,Unnamed,False,25.0,private,2
431154426,431154425,21.50362109504342,service,Unnamed,False,25.0,private,2
431154426,1030720938,27.72554860430478,footway,Unnamed,False,30.0,Uncategorized,
431154475,431154284,59.371360621740536,residential,Unnamed,False,31.86,Uncategorized,1
431154475,1059095297,85.92726691854057,service,Unnamed,False,25.85,Uncategorized,
431154475,431154480,167.91501289577096,residential,Unnamed,False,31.86,Uncategorized,1
431154480,431154475,167.91501289577093,residential,Unnamed,False,31.86,Uncategorized,1
431154480,10908641899,44.28589972278558,residential,Unnamed,False,30.0,Uncategorized,1
431154480,8336844880,103.1577654866353,residential,Unnamed,False,30.0,Uncategorized,1
431155005,1252052119,6.45351319001344,service,Unnamed,True,25.85,Uncategorized,
431155005,12186673152,17.60959039045584,footway,Unnamed,False,30.0,Uncategorized,
431155547,786430086,20.290534841498122,service,Fabian A. Tiongson Street,False,25.85,Uncategorized,
431155547,583474496,21.388007618847862,service,Fabian A. Tiongson Street,False,25.85,Uncategorized,
431155547,761879553,16.548019223013647,footway,Unnamed,False,30.0,Uncategorized,
431155846,529869150,121.22656931859686,residential,Unnamed,False,31.86,Uncategorized,
431156129,12254040018,13.984053942766911,tertiary,Vicente M. Dawis Street,False,33.15,Uncategorized,2
431156129,390220194,96.23740762537231,unclassified,Andres P. Aglibut Avenue,False,30.0,Uncategorized,2
431156129,1532125421,41.47743066274907,tertiary,Andres P. Aglibut Avenue,False,33.15,Uncategorized,2
431156366,790709133,6.328133725025442,service,Unnamed,False,20.0,Uncategorized,
431156366,3186167623,22.9785332084022,service,Unnamed,False,20.0,Uncategorized,
431156366,3186167616,28.372061446642142,footway,Unnamed,False,30.0,Uncategorized,
431156409,431156410,8.47145210780703,service,Unnamed,False,25.85,Uncategorized,
431156409,573359639,15.136380506216573,service,Unnamed,False,25.85,Uncategorized,
431156409,12186673178,8.047032276292837,path,Unnamed,False,30.0,Uncategorized,
431156410,431156409,8.47145210780703,service,Unnamed,False,25.85,Uncategorized,
431156410,983344015,21.409901551162513,service,Unnamed,False,25.85,Uncategorized,
431156410,573359678,57.31069723724772,footway,Unnamed,False,30.0,Uncategorized,
431156455,382803573,13.901411174830194,footway,Unnamed,False,30.0,Uncategorized,
431156455,432493334,20.972243494200246,footway,Unnamed,False,30.0,Uncategorized,
431156455,12188365817,6.660475593660542,footway,Unnamed,False,30.0,Uncategorized,
431157639,584700392,7.794018035883229,service,Unnamed,False,25.85,Uncategorized,
431157639,8336800308,23.587225149060686,service,Unnamed,False,25.85,Uncategorized,
431157639,382802658,21.242935457196484,service,Unnamed,False,25.85,Uncategorized,
431351066,431351067,26.36539467627849,footway,Unnamed,False,30.0,Uncategorized,
431351066,1135075199,14.318263200501391,footway,Unnamed,False,30.0,Uncategorized,
431351066,983344015,42.15003755151357,footway,Unnamed,False,30.0,Uncategorized,
431351067,432493334,23.019630602120248,footway,Unnamed,False,30.0,Uncategorized,
431351067,431351066,26.36539467627849,footway,Unnamed,False,30.0,Uncategorized,
431351067,3071833985,12.988208316731896,path,Unnamed,False,30.0,Uncategorized,
432493199,432493201,23.172345800076606,footway,Unnamed,False,30.0,private,
432493201,742226893,45.68987510195637,residential,Diamond Street,False,40.0,Uncategorized,2
432493201,253794266,157.30600297313572,residential,Diamond Street,False,40.0,Uncategorized,2
432493201,432493199,23.172345800076606,footway,Unnamed,False,30.0,private,
432493334,521341267,8.027611013331407,footway,Unnamed,False,30.0,Uncategorized,
432493334,431351067,23.019630602120248,footway,Unnamed,False,30.0,Uncategorized,
432493334,431156455,20.972243494200246,footway,Unnamed,False,30.0,Uncategorized,
432493334,4791056634,96.61859206093506,footway,Unnamed,False,30.0,Uncategorized,
432493369,432493370,9.545664765542819,footway,Unnamed,False,30.0,Uncategorized,
432493369,529869728,20.508535505251654,footway,Unnamed,False,30.0,Uncategorized,
432493369,529869782,15.133185429475496,footway,Unnamed,False,30.0,Uncategorized,
432493370,12186673149,5.05527592803409,footway,Unnamed,False,30.0,Uncategorized,
432493370,432493369,9.545664765542819,footway,Unnamed,False,30.0,Uncategorized,
432493370,391720786,13.500991875568545,secondary,Victoria M. Ela Avenue,False,30.0,Uncategorized,4
432493370,529870998,46.23529134302817,secondary,Victoria M. Ela Avenue,False,30.0,Uncategorized,4
432493371,391720785,10.172798541714823,service,Unnamed,True,30.0,Uncategorized,
432493371,12973739499,40.51703257240117,footway,Unnamed,False,30.0,Uncategorized,
432493371,12186673149,19.699261298176992,footway,Unnamed,False,30.0,Uncategorized,
432493375,382802305,5.925760687455291,footway,Unnamed,False,30.0,Uncategorized,
432493375,4791055563,30.59933564391073,footway,Unnamed,False,30.0,Uncategorized,
432493375,432493491,19.295518831977716,footway,Unnamed,False,30.0,Uncategorized,
432493491,630116608,7.799916423212094,footway,Unnamed,False,30.0,Uncategorized,
432493491,790708807,6.139366554133094,footway,Unnamed,False,30.0,Uncategorized,
432493491,432493375,19.295518831977716,footway,Unnamed,False,30.0,Uncategorized,
432493501,761219126,27.272676806432735,service,Unnamed,False,25.85,Uncategorized,
432493501,1252052142,9.069598018367843,service,Unnamed,False,25.85,Uncategorized,
432493501,529869099,16.847514983907516,footway,Unnamed,False,30.0,Uncategorized,
432493501,790708812,41.24591841856383,footway,Unnamed,False,30.0,Uncategorized,
432496220,438064969,19.941015553731628,footway,Unnamed,False,30.0,Uncategorized,
432496220,382802658,19.62036884665024,service,Unnamed,False,25.85,Uncategorized,
432496220,811027929,29.699858715919262,cycleway,Unnamed,False,30.49,Uncategorized,
432496220,894119952,7.7865951287934845,footway,Unnamed,False,30.0,Uncategorized,
432882667,848318672,7.615737481416596,service,Unnamed,True,25.85,Uncategorized,
432882667,382802675,9.358890263242124,service,Unnamed,False,25.85,Uncategorized,
432882741,432882667,16.968245458531594,service,Unnamed,True,25.85,Uncategorized,
432882741,11343523644,4.953398171744978,secondary,Jose R. Velasco Avenue,False,30.0,Uncategorized,2
432882741,382802306,6.140134092842271,secondary,Jose R. Velasco Avenue,False,30.0,Uncategorized,2
432883320,382802305,9.85909378269035,secondary,Victoria M. Ela Avenue,False,30.0,Uncategorized,4
432883320,382802306,3.79755621218635,secondary,Victoria M. Ela Avenue,False,30.0,Uncategorized,4
434798140,428744342,356.5497991360321,residential,Makiling Street,False,30.0,Uncategorized,2
434798786,428744495,49.15063824680618,footway,Unnamed,False,30.0,Uncategorized,
434802888,434802891,35.88822792035569,residential,Unnamed,False,30.0,Uncategorized,
434802888,428744499,42.34340733566348,residential,Unnamed,False,30.0,Uncategorized,
434802888,435147345,43.84861176760905,residential,Unnamed,False,30.0,Uncategorized,
434802891,434802894,38.47208577034263,residential,Unnamed,False,30.0,Uncategorized,
434802891,434802888,35.88822792035569,residential,Unnamed,False,30.0,Uncategorized,
434802891,435147348,44.488678752447306,residential,Unnamed,False,30.0,Uncategorized,
434802894,434802898,36.502414182441086,residential,Unnamed,False,30.0,Uncategorized,
434802894,434802891,38.47208577034263,residential,Unnamed,False,30.0,Uncategorized,
434802894,435147374,47.2193871092986,residential,Unnamed,False,30.0,Uncategorized,
434802898,434802903,35.40296697454695,residential,Unnamed,False,30.0,Uncategorized,
434802898,434802894,36.502414182441086,residential,Unnamed,False,30.0,Uncategorized,
434802898,435147379,49.16462350714059,residential,Unnamed,False,30.0,Uncategorized,
434802903,434802898,35.40296697454695,residential,Unnamed,False,30.0,Uncategorized,
434802903,435147408,60.17793923464502,residential,Unnamed,False,30.0,Uncategorized,
434802903,435144302,90.65617926273039,footway,Unnamed,False,30.0,Uncategorized,
434804482,5246724750,50.31328359631406,residential,Unnamed,False,30.0,Uncategorized,2
434804482,5246724753,50.18229686951089,residential,Unnamed,False,30.0,Uncategorized,2
434804482,425118436,162.23072201156535,residential,Emerald Street,False,30.0,Uncategorized,2
434804892,436196491,134.36693053427615,residential,Unnamed,False,30.0,Uncategorized,1
434804892,435142166,189.02018174298098,residential,Unnamed,False,30.0,Uncategorized,2
434804892,5246724750,42.406199334527685,residential,Unnamed,False,30.0,Uncategorized,2
434806694,12309592231,50.48687855439246,footway,Unnamed,False,30.0,Uncategorized,
434806709,12309592231,4.678006992663485,footway,Unnamed,False,30.0,Uncategorized,
434806709,1252148395,17.276755886593676,primary,National Highway,False,30.49,Uncategorized,4
434806709,7617931664,21.213328945064756,primary,National Highway,False,30.49,Uncategorized,4
434809834,12186657951,5.726139047945729,unclassified,Andres P. Aglibut Avenue,False,30.0,Uncategorized,2
434809834,1252052126,22.333054428501498,secondary,Jose R. Velasco Avenue,False,30.0,Uncategorized,2
434809834,795254773,53.77410344319155,secondary,Jose R. Velasco Avenue,False,30.0,Uncategorized,2
434809837,434809839,44.60011942026686,secondary,Jose R. Velasco Avenue,False,30.0,Uncategorized,2
434809837,12188365861,3.3518456671597456,service,Unnamed,False,25.85,Uncategorized,
434809837,573305166,49.68836533692798,secondary,Jose R. Velasco Avenue,False,30.0,Uncategorized,2
434809839,434809837,44.60011942026686,secondary,Jose R. Velasco Avenue,False,30.0,Uncategorized,2
434809839,12188365862,3.0776221044257555,service,Unnamed,False,25.85,private,2
434809839,1119886447,77.65463253327765,secondary,Jose R. Velasco Avenue,False,30.0,Uncategorized,2
435133797,8886668916,41.128627055342406,service,Unnamed,False,25.85,private,
435133797,3872271266,187.25276216622598,service,Cordillera Street,False,30.0,private,"['2', '1']"
435133797,12188365862,93.34629226119466,service,Unnamed,False,25.85,private,2
435134781,573296293,24.370840838608384,unclassified,Pedro R. Sandoval Avenue,False,30.0,Uncategorized,2
435134781,12254049906,4.393816321799152,footway,Unnamed,False,30.0,Uncategorized,
435134781,573296288,29.13575156714871,unclassified,Pedro R. Sandoval Avenue,False,30.0,Uncategorized,2
435134990,583490535,26.007742218479326,unclassified,Pedro R. Sandoval Avenue,False,30.0,Uncategorized,2
435134990,573287425,2.8285949679328914,cycleway,Unnamed,False,30.49,Uncategorized,
435134990,391723432,57.264095284160874,unclassified,Pedro R. Sandoval Avenue,False,30.0,Uncategorized,2
435135615,435135891,13.29106664849717,service,Unnamed,False,25.85,Uncategorized,1
435135615,435136065,6.7862210265820835,service,Unnamed,False,25.85,Uncategorized,1
435135615,435135617,42.433088391033486,service,Unnamed,False,25.85,Uncategorized,
435135617,435135892,14.498733906142373,service,Unnamed,False,25.85,Uncategorized,1
435135617,2179918661,12.324508301084887,footway,Unnamed,False,30.0,Uncategorized,
435135617,435135615,42.433088391033486,service,Unnamed,False,25.85,Uncategorized,
435135617,435136059,22.72135075554561,service,Unnamed,False,25.85,Uncategorized,1
435135692,584700392,37.80505234281476,service,Unnamed,False,25.85,Uncategorized,
435135692,584700337,18.742288888934088,service,Unnamed,False,25.85,Uncategorized,
435135692,3172043400,20.918395395437262,path,Unnamed,False,30.0,Uncategorized,
435135891,435135892,42.39060420588617,service,Unnamed,False,25.85,Uncategorized,
435135891,1126043016,13.011510531387694,service,Unnamed,False,25.85,Uncategorized,1
435135891,435135615,13.29106664849717,service,Unnamed,False,25.85,Uncategorized,1
435135892,435135891,42.39060420588617,service,Unnamed,False,25.85,Uncategorized,
435135892,435135617,14.498733906142373,service,Unnamed,False,25.85,Uncategorized,1
435135892,1126043015,11.005025005347425,service,Unnamed,False,25.85,Uncategorized,1
435136059,2846145191,10.26382311856841,footway,Unnamed,False,30.0,Uncategorized,
435136059,1251197774,20.893932435070035,service,Unnamed,False,25.85,Uncategorized,1
435136059,435135617,22.72135075554561,service,Unnamed,False,25.85,Uncategorized,1
435136065,435135615,6.7862210265820835,service,Unnamed,False,25.85,Uncategorized,1
435136065,1251197774,7.292427567069966,service,Unnamed,False,25.85,Uncategorized,1
435136065,2179918429,15.664777188740732,footway,Unnamed,False,30.0,Uncategorized,
435140265,6497035133,26.056611326828765,service,Unnamed,False,25.85,Uncategorized,
435140265,810893820,51.655064817547824,residential,Kanlaon Street,False,30.0,Uncategorized,
435140265,1272671946,20.091278458841767,residential,Kanlaon Street,False,30.0,Uncategorized,
435140266,6497035133,56.2917870409277,service,Unnamed,False,25.85,Uncategorized,
435141522,435141551,57.22555983838999,residential,De Jesus Street,False,30.0,Uncategorized,2
435141522,435141551,110.57912456113309,residential,"['Clarito Street', 'Alborida Street', 'Villamil Street']",False,30.0,Uncategorized,2
435141522,435141635,84.31274141966074,residential,Villamil Street,False,30.0,Uncategorized,2
435141551,435141522,57.22555983838999,residential,De Jesus Street,False,30.0,Uncategorized,2
435141551,435141522,110.57912456113309,residential,"['Clarito Street', 'Alborida Street', 'Villamil Street']",False,30.0,Uncategorized,2
435141551,435141635,27.087156718423408,residential,Clarito Street,False,30.0,Uncategorized,2
435141635,435141551,27.087156718423408,residential,Clarito Street,False,30.0,Uncategorized,2
435141635,435142166,34.50139132972816,residential,Unnamed,False,30.0,Uncategorized,2
435141635,435141522,84.31274141966074,residential,Villamil Street,False,30.0,Uncategorized,2
435142166,435141635,34.50139132972816,residential,Unnamed,False,30.0,Uncategorized,2
435142166,6497035538,67.73853827605686,residential,Unnamed,False,30.0,Uncategorized,2
435142166,434804892,189.02018174298098,residential,Unnamed,False,30.0,Uncategorized,2
435144302,435145218,27.77650142783841,footway,Unnamed,False,30.0,Uncategorized,
435144302,435144304,90.87994933530274,footway,Unnamed,False,30.0,Uncategorized,
435144302,434802903,90.6561792627304,residential,Unnamed,False,30.0,Uncategorized,
435144304,435144302,90.87994933530274,footway,Unnamed,False,30.0,Uncategorized,
435144304,435144408,77.27460175603076,residential,Fourth,False,30.0,private,2
435144304,435144583,71.33459581388198,residential,Fourth,False,30.0,private,2
435144406,435144407,37.94841838461103,residential,Creek Drive,False,30.0,private,2
435144406,435144702,88.33333252407009,residential,Creek Drive,False,30.0,private,2
435144406,435144583,206.96907505283997,residential,"['Fourth', 'Hillside']",False,30.0,private,2
435144407,435144408,51.68597122927773,residential,Creek Drive,False,30.0,private,2
435144407,435144406,37.94841838461103,residential,Creek Drive,False,30.0,private,2
435144407,435144583,134.1633337368001,residential,Unnamed,False,30.0,private,2
435144408,435144407,51.68597122927773,residential,Creek Drive,False,30.0,private,2
435144408,435144592,36.63442546528436,residential,Fourth,False,30.0,private,2
435144408,435144304,77.27460175603076,residential,Fourth,False,30.0,private,2
435144583,435144304,71.33459581388198,residential,Fourth,False,30.0,private,2
435144583,435144406,206.96907505284,residential,"['Fourth', 'Hillside']",False,30.0,private,2
435144583,435144407,134.1633337368001,residential,Unnamed,False,30.0,private,2
435144592,435144593,42.40760940441542,residential,Fourth,False,30.0,private,2
435144592,435144408,36.63442546528436,residential,Fourth,False,30.0,private,2
435144592,435144702,141.0697859300395,residential,Valley Drive,False,30.0,private,2
435144593,435144594,33.30968754211577,residential,Fourth,False,30.0,private,2
435144593,435144592,42.40760940441542,residential,Fourth,False,30.0,private,2
435144593,435144841,57.31085651185267,residential,Highland Drive,False,30.0,private,2
435144594,435144593,33.30968754211577,residential,Fourth,False,30.0,private,2
435144594,439220656,48.69020338024537,residential,Orchard Road,False,30.0,private,2
435144594,439220485,190.5971065856155,residential,Fourth,False,30.0,private,2
435144702,435144592,141.0697859300395,residential,Valley Drive,False,30.0,private,2
435144702,435144406,88.33333252407007,residential,Creek Drive,False,30.0,private,2
435144702,435144840,69.30668382875494,residential,Highland Drive,False,30.0,private,2
435144840,435144841,49.71535893520867,residential,Highland Drive,False,30.0,private,2
435144840,435144924,71.39385449722427,residential,Main Avenue,False,40.0,private,2
435144840,435144702,69.30668382875494,residential,Highland Drive,False,30.0,private,2
435144841,435144593,57.31085651185267,residential,Highland Drive,False,30.0,private,2
435144841,435144840,49.71535893520867,residential,Highland Drive,False,30.0,private,2
435144841,439220486,228.12264116245746,residential,Fifth,False,31.86,private,2
435144924,435144840,71.39385449722427,residential,Main Avenue,False,40.0,private,2
435144924,1256324765,116.75483986000873,residential,Summit Point Lane,False,30.0,private,2
435144924,439220486,190.5743424821603,residential,Main Avenue,False,40.0,private,2
435145218,435144302,27.77650142783841,footway,Unnamed,False,30.0,Uncategorized,
435147345,434802888,43.84861176760905,residential,Unnamed,False,30.0,Uncategorized,
435147348,434802891,44.488678752447306,residential,Unnamed,False,30.0,Uncategorized,
435147374,434802894,47.2193871092986,residential,Unnamed,False,30.0,Uncategorized,
435147379,434802898,49.16462350714059,residential,Unnamed,False,30.0,Uncategorized,
435147408,434802903,60.17793923464502,residential,Unnamed,False,30.0,Uncategorized,
435147817,428744510,86.46941402137121,residential,Kitanlad Extension,False,31.86,Uncategorized,
435147994,12254024676,4.831731124756965,service,Siving,False,25.85,private,
435147994,253804148,58.84447149978352,secondary,Lopez Avenue,False,30.0,Uncategorized,2
435147994,497690961,35.58369294033139,secondary,Lopez Avenue,False,30.0,Uncategorized,2
435148303,431154378,187.89922132494917,residential,Unnamed,False,30.0,Uncategorized,1
435148890,526792366,57.061585820211576,unclassified,Melanio A. Gapud,False,30.0,Uncategorized,2
435148890,12900324565,54.624313244126625,unclassified,Melanio A. Gapud,False,30.0,Uncategorized,2
435148890,12254049901,80.2267441924426,residential,Camia,False,30.0,Uncategorized,2
436196491,434804892,134.36693053427615,residential,Unnamed,False,30.0,Uncategorized,1
436196526,12254024679,5.392064417335792,footway,Unnamed,False,30.0,Uncategorized,
436196526,2467238657,13.781321960022446,secondary,Lopez Avenue,False,30.0,Uncategorized,2
436196526,497690961,51.33341759946904,secondary,Lopez Avenue,False,30.0,Uncategorized,2
436196533,12254024682,82.9424187370438,footway,Unnamed,False,30.0,private,
436196535,12254024682,5.119868283134408,footway,Unnamed,False,30.0,private,
436196535,12186673226,4.425276659678762,service,Unnamed,False,25.85,Uncategorized,
436196535,436196620,16.972221788758482,secondary,Lopez Avenue,False,30.0,Uncategorized,2
436196535,437207220,48.81670546365125,secondary,Lopez Avenue,False,30.0,Uncategorized,2
436196610,12254024695,46.334523047850944,footway,Unnamed,False,30.0,private,
436196620,12254024695,5.408189857874947,footway,Unnamed,False,30.0,private,
436196620,436196535,16.972221788758482,secondary,Lopez Avenue,False,30.0,Uncategorized,2
436196620,436196714,12.084459820681795,secondary,Lopez Avenue,False,30.0,Uncategorized,2
436196712,12254024696,40.12255941500426,footway,Unnamed,False,30.0,private,
436196714,12254024696,5.1733005430036405,footway,Unnamed,False,30.0,private,
436196714,436196620,12.084459820681795,secondary,Lopez Avenue,False,30.0,Uncategorized,2
436196714,3184357215,8.945357510801454,secondary,Lopez Avenue,False,30.0,Uncategorized,2
436196839,12254024683,23.529485899705474,service,Unnamed,False,25.85,private,
436196841,12254024683,4.671795049296445,service,Unnamed,False,25.85,private,
436196841,3184357215,4.779906568695019,secondary,Lopez Avenue,False,30.0,Uncategorized,2
436196841,1524452310,20.14771528541929,secondary,Lopez Avenue,False,30.0,Uncategorized,2
436197015,12254024687,4.680109761082224,footway,Unnamed,False,30.0,private,
436197015,447737202,28.906529672565064,secondary,Lopez Avenue,False,30.0,Uncategorized,2
436197015,12309806558,20.05057793424333,secondary,Lopez Avenue,False,30.0,Uncategorized,2
436197058,12254024687,9.516097420437248,footway,Unnamed,False,30.0,private,
436197709,12186673232,3.0016596165795417,service,Unnamed,False,25.85,Uncategorized,
436197709,2462899399,15.842608269962685,secondary,Lopez Avenue,False,30.0,Uncategorized,2
436197709,12309536792,93.13401615259647,secondary,Lopez Avenue,False,30.0,Uncategorized,"['2', '3']"
436202664,436202853,45.144324587110894,footway,Unnamed,False,30.0,Uncategorized,
436202664,8701333236,10.017347171317155,residential,El Danda Street,False,40.0,Uncategorized,2
436202664,12186673230,72.880971844019,residential,El Danda Street,False,40.0,Uncategorized,2
436202853,436202664,45.144324587110894,footway,Unnamed,False,30.0,Uncategorized,
436205061,12186657951,14.513709941904976,unclassified,Andres P. Aglibut Avenue,False,30.0,Uncategorized,2
436205061,12254040064,4.028785668555204,footway,Unnamed,False,30.0,Uncategorized,
436205061,606307311,74.78399905658065,unclassified,Andres P. Aglibut Avenue,False,30.0,Uncategorized,2
437207203,12254024681,78.14469602966753,service,Unnamed,False,25.85,private,
437207220,12254024681,4.974841491887035,service,Unnamed,False,25.85,private,
437207220,2467238657,28.9314732379302,secondary,Lopez Avenue,False,30.0,Uncategorized,2
437207220,436196535,48.81670546365125,secondary,Lopez Avenue,False,30.0,Uncategorized,2
437207626,12254024679,38.95064507284652,footway,Unnamed,False,30.0,Uncategorized,
437207626,437207735,12.725927862487714,footway,Unnamed,False,30.0,Uncategorized,
437207626,6497034491,60.7185414945368,footway,Unnamed,False,30.0,Uncategorized,
437207735,437207626,12.725927862487714,footway,Unnamed,False,30.0,Uncategorized,
438048413,438048414,34.14093514703815,tertiary,Jose M. Capinpin Street,True,33.15,Uncategorized,2
438048413,816649734,11.366252910988553,footway,Unnamed,False,30.0,Uncategorized,
438048413,12254040085,4.788037861355396,service,Unnamed,False,25.85,Uncategorized,
438048413,4791748373,6.661776324140468,footway,Unnamed,False,30.0,Uncategorized,
438048414,12254040089,4.425550984044835,footway,Unnamed,False,30.0,Uncategorized,
438048414,4791748367,28.095323513257576,tertiary,Jose M. Capinpin Street,True,33.15,Uncategorized,2
438048436,816649734,24.12153924356746,footway,Unnamed,False,30.0,Uncategorized,
438048436,438048678,27.77480309518681,footway,Unnamed,False,30.0,Uncategorized,
438048436,4791748372,20.300435946430603,footway,Unnamed,False,30.0,Uncategorized,
438048436,438048699,21.593801649586087,footway,Unnamed,False,30.0,Uncategorized,
438048439,4791748372,5.513304589566341,footway,Unnamed,False,30.0,Uncategorized,
438048439,438048413,40.16709589251582,tertiary,Jose M. Capinpin Street,True,33.15,Uncategorized,2
438048678,4792449597,24.15229233655528,path,Unnamed,False,30.0,Uncategorized,
438048678,438048699,24.321451874188146,footway,Unnamed,False,30.0,Uncategorized,
438048678,438048436,27.77480309518681,footway,Unnamed,False,30.0,Uncategorized,
438048699,438048678,24.321451874188146,footway,Unnamed,False,30.0,Uncategorized,
438048699,438048436,21.593801649586087,footway,Unnamed,False,30.0,Uncategorized,
438048699,1891630802,31.64047747858636,footway,Unnamed,False,30.0,Uncategorized,
438049076,1252052261,1.8574175425279036,service,Unnamed,False,25.85,Uncategorized,
438049076,572995728,32.49111545505033,unclassified,Andres P. Aglibut Avenue,True,30.0,Uncategorized,2
438049080,1252052261,12.816776637257671,service,Unnamed,False,25.85,Uncategorized,
438049080,572998550,20.345800709656324,service,Unnamed,False,25.85,Uncategorized,
438049080,572998743,48.978740500441134,service,Unnamed,False,25.85,Uncategorized,
438049139,438049140,12.641490131663657,service,Unnamed,False,25.85,Uncategorized,
438049139,5507052478,19.86779775577815,service,Unnamed,False,25.85,Uncategorized,
438049139,382825907,24.70144288789303,steps,Unnamed,False,30.49,Uncategorized,
438049139,438056110,38.729984102084074,footway,Unnamed,False,30.0,Uncategorized,
438049140,5507052435,7.089024169286225,service,Unnamed,False,25.85,Uncategorized,
438049140,438049139,12.641490131663657,service,Unnamed,False,25.85,Uncategorized,
438049140,1393350949,7.946778080220323,footway,Unnamed,False,30.0,Uncategorized,
438049140,438049283,42.072077603083386,footway,Unnamed,False,30.0,Uncategorized,
438049283,438049140,42.072077603083386,footway,Unnamed,False,30.0,Uncategorized,
438049283,438049385,55.45167348408607,footway,Unnamed,False,30.0,Uncategorized,
438049283,438056114,14.502158619752246,steps,Unnamed,False,30.49,Uncategorized,
438049322,791219085,11.663139591293131,residential,Juan V. Pancho,False,30.0,Uncategorized,2
438049322,12186657995,3.9101461263859347,residential,Getulio B. Viado,False,30.0,Uncategorized,2
438049322,12186657988,101.30077984747784,residential,Juan V. Pancho,False,30.0,Uncategorized,2
438049323,12188365849,2.619167431012552,service,Unnamed,False,25.85,Uncategorized,
438049323,438049325,25.141706854432258,residential,Juan V. Pancho,False,30.0,Uncategorized,2
438049323,791219085,33.24370000909707,residential,Juan V. Pancho,False,30.0,Uncategorized,2
438049325,12188365846,1.8408106817250525,service,Unnamed,False,25.85,Uncategorized,
438049325,438049326,27.846173574488482,residential,Juan V. Pancho,False,30.0,Uncategorized,2
438049325,438049323,25.141706854432258,residential,Juan V. Pancho,False,30.0,Uncategorized,2
438049326,527827326,191.97702033395697,residential,Juan V. Pancho,False,30.0,Uncategorized,2
438049326,438049325,27.846173574488482,residential,Juan V. Pancho,False,30.0,Uncategorized,2
438049326,12186657995,96.28324063871307,footway,Unnamed,False,30.0,Uncategorized,
438049332,12777010085,11.855567136062783,residential,Getulio B. Viado,False,30.0,Uncategorized,2
438049332,12186657995,96.09929655356058,residential,Getulio B. Viado,False,30.0,Uncategorized,2
438049332,1444585933,4.525752944322008,steps,Unnamed,False,30.49,permissive,
438049385,438057131,7.342371303474752,steps,Unnamed,False,30.49,Uncategorized,
438049385,438049283,55.45167348408607,footway,Unnamed,False,30.0,Uncategorized,
438049385,438051763,57.825563090887485,footway,Unnamed,False,30.0,Uncategorized,
438049385,573362721,7.97250364118864,footway,Unnamed,False,30.0,Uncategorized,
438051741,13231805454,18.328131170081747,tertiary,Mariano M. Mondoñedo Avenue,False,33.15,Uncategorized,2
438051741,6361461415,5.8491035367851865,service,Unnamed,False,25.85,Uncategorized,
438051741,13123749428,69.13861958140178,tertiary,Mariano M. Mondoñedo Avenue,False,33.15,Uncategorized,2
438051743,13231805454,14.11061382686174,tertiary,Mariano M. Mondoñedo Avenue,False,33.15,Uncategorized,2
438051743,6361461414,5.669215508677545,service,Unnamed,False,25.85,Uncategorized,
438051743,761879555,77.97769983375325,tertiary,Mariano M. Mondoñedo Avenue,False,33.15,Uncategorized,2
438051749,12254049936,6.982559574538626,tertiary,Romeo C. Espino Street,False,33.15,Uncategorized,2
438051749,761879555,44.139421014367755,tertiary,Mariano M. Mondoñedo Avenue,False,33.15,Uncategorized,2
438051749,5506875594,46.5882161129813,unclassified,Mariano M. Mondoñedo Avenue,False,30.0,Uncategorized,2
438051763,438049385,57.825563090887485,footway,Unnamed,False,30.0,Uncategorized,
438051763,438056301,21.119213818086568,unclassified,Mariano M. Mondoñedo Avenue,False,30.0,Uncategorized,2
438051763,5506875594,94.64488366838934,unclassified,Mariano M. Mondoñedo Avenue,False,30.0,Uncategorized,2
438051764,5507052435,67.29425676535423,unclassified,Mariano M. Mondoñedo Avenue,False,30.0,Uncategorized,2
438051764,438056301,67.06374392242641,unclassified,Mariano M. Mondoñedo Avenue,True,30.0,Uncategorized,1
438056110,2081049167,3.0874538766130093,footway,Unnamed,False,30.0,Uncategorized,
438056110,1445273687,11.902061571406266,footway,Unnamed,False,30.0,Uncategorized,
438056110,438049139,38.72998410208408,footway,Unnamed,False,30.0,Uncategorized,
438056114,438049283,14.502158619752246,steps,Unnamed,False,30.49,Uncategorized,
438056114,1445273687,8.387757741710264,footway,Unnamed,False,30.0,Uncategorized,
438056114,573362715,25.994603853223925,footway,Unnamed,False,30.0,Uncategorized,
438056301,438057131,41.042178558356376,unclassified,Mariano M. Mondoñedo Avenue,True,30.0,Uncategorized,1
438056301,438051763,21.119213818086568,unclassified,Mariano M. Mondoñedo Avenue,False,30.0,Uncategorized,2
438057131,438049385,7.342371303474752,steps,Unnamed,False,30.49,Uncategorized,
438057131,438051764,29.933296599945322,unclassified,Mariano M. Mondoñedo Avenue,True,30.0,Uncategorized,1
438060248,12186657976,4.912072182038647,service,Unnamed,False,25.85,Uncategorized,
438060248,438060249,45.24710649501296,residential,Jose B. Juliano Avenue,False,30.0,Uncategorized,2
438060248,438060717,14.152591407356862,residential,Jose B. Juliano Avenue,False,30.0,Uncategorized,2
438060249,687360393,5.940110115277916,residential,Jose B. Juliano Avenue,False,30.0,Uncategorized,2
438060249,438060248,45.24710649501296,residential,Jose B. Juliano Avenue,False,30.0,Uncategorized,2
438060249,12186657981,4.102058780927522,service,Unnamed,False,25.85,Uncategorized,
438060714,12186657977,45.31827821813178,service,Unnamed,False,25.85,Uncategorized,
438060717,12186657977,3.0176971847058813,service,Unnamed,False,25.85,Uncategorized,
438060717,438060248,14.152591407356862,residential,Jose B. Juliano Avenue,False,30.0,Uncategorized,2
438060717,5499087143,35.29515157077107,residential,Jose B. Juliano Avenue,False,30.0,Uncategorized,2
438062948,438062957,27.976270383211677,footway,Unnamed,False,30.0,Uncategorized,
438062948,5507043115,28.107239697042296,path,Unnamed,False,30.0,Uncategorized,
438062948,452997596,49.368555837575286,footway,Unnamed,False,30.0,Uncategorized,
438062957,2081049162,2.5759088975347435,steps,Unnamed,False,30.49,Uncategorized,
438062957,5499087141,43.1343645195453,footway,Unnamed,False,30.0,Uncategorized,
438062957,438062948,27.976270383211677,footway,Unnamed,False,30.0,Uncategorized,
438064252,9085381484,18.11838208448315,service,Unnamed,False,25.85,Uncategorized,
438064252,438064253,15.501649551913612,service,Unnamed,False,25.85,Uncategorized,
438064252,573334879,29.58498616983766,footway,Unnamed,False,30.0,Uncategorized,
438064253,438064252,15.501649551913612,service,Unnamed,False,25.85,Uncategorized,
438064253,1252052222,21.147411526231352,path,Unnamed,False,30.0,Uncategorized,
438064253,4791748359,25.84618187560838,service,Unnamed,False,25.85,Uncategorized,
438064969,438064972,23.05924910234354,footway,Unnamed,False,30.0,Uncategorized,
438064969,583474493,1.847105697789544,footway,Unnamed,False,30.0,Uncategorized,
438064969,432496220,19.941015553731628,footway,Unnamed,False,30.0,Uncategorized,
438064972,583474496,34.18820850914457,service,Fabian A. Tiongson Street,False,25.85,Uncategorized,
438064972,811027927,4.388143141844374,service,Fabian A. Tiongson Street,False,25.85,Uncategorized,
438064972,438064969,23.05924910234354,footway,Unnamed,False,30.0,Uncategorized,
438065598,439224016,11.274003868706467,footway,Unnamed,False,30.0,Uncategorized,
438065598,767038303,6.768663072383474,footway,Unnamed,False,30.0,Uncategorized,
438065598,484164082,53.72864893022632,footway,Unnamed,False,30.0,Uncategorized,
438065908,428743430,22.539019947440146,footway,Unnamed,False,30.0,Uncategorized,
439220471,1375542511,106.54780808179774,residential,Main Avenue,False,40.0,Uncategorized,2
439220471,439220614,34.16623812910801,residential,Main Avenue,True,40.0,Uncategorized,1
439220477,439221373,55.020630931486316,residential,First,False,30.0,private,2
439220477,439220481,161.75067285414286,residential,Main Avenue,False,40.0,private,2
439220477,1375542511,29.627754233081554,residential,Main Avenue,False,40.0,private,2
439220481,439221354,55.12742674522054,residential,Second,False,30.0,private,2
439220481,439220484,158.80957741654925,residential,Main Avenue,False,40.0,private,2
439220481,439220477,161.7506728541429,residential,Main Avenue,False,40.0,private,2
439220484,439220493,54.49256071660543,residential,Third,False,30.0,private,2
439220484,439220485,57.20968764866827,residential,Main Avenue,False,40.0,private,2
439220484,439220481,158.80957741654925,residential,Main Avenue,False,40.0,private,2
439220485,439220486,62.33402058405235,residential,Main Avenue,False,40.0,private,2
439220485,439220484,57.20968764866827,residential,Main Avenue,False,40.0,private,2
439220485,435144594,190.5971065856155,residential,Fourth,False,30.0,private,2
439220486,439220485,62.33402058405235,residential,Main Avenue,False,40.0,private,2
439220486,435144841,228.12264116245743,residential,Fifth,False,31.86,private,2
439220486,435144924,190.57434248216023,residential,Main Avenue,False,40.0,private,2
439220493,439220484,54.49256071660543,residential,Third,False,30.0,private,2
439220493,439220495,133.65715195024455,residential,Third,False,30.0,private,2
439220493,439221354,177.97646336374373,residential,Park Drive,False,30.0,private,2
439220495,439220739,20.41916756054613,residential,Orchard Road,False,30.0,private,2
439220495,439220656,15.04824194745188,residential,Orchard Road,False,30.0,private,2
439220495,439220493,133.65715195024455,residential,Third,False,30.0,private,2
439220614,439220623,7.053315116879791,unclassified,Lawin,False,40.0,Uncategorized,
439220614,439222144,109.0981701128195,unclassified,Lawin,False,40.0,Uncategorized,
439220623,439220614,7.053315116879791,unclassified,Lawin,False,40.0,Uncategorized,
439220623,439220471,34.427662253537406,residential,Main Avenue,True,40.0,Uncategorized,1
439220656,439220495,15.04824194745188,residential,Orchard Road,False,30.0,private,2
439220656,435144594,48.69020338024537,residential,Orchard Road,False,30.0,private,2
439220656,439220682,39.53155129076757,residential,Orchard Cove,False,30.0,private,2
439220657,439220658,44.891110132443906,residential,Orchard Road,False,30.0,private,2
439220657,439220739,37.9805610012695,residential,Orchard Road,False,30.0,private,2
439220657,439220826,47.29835003314096,residential,Durian,False,30.0,private,2
439220658,439220657,44.891110132443906,residential,Orchard Road,False,30.0,private,2
439220658,439220660,226.5548739256708,residential,Orchard Road,False,30.0,private,2
439220658,439221153,137.5559919575901,residential,Garden Drive,False,30.0,private,2
439220660,439221144,47.406683010759885,residential,Lakeside Drive,False,30.0,private,2
439220660,8386611481,45.26354690222159,residential,Orchard Road,False,30.0,private,2
439220660,439220658,226.5548739256708,residential,Orchard Road,False,30.0,private,2
439220682,439220656,39.53155129076757,residential,Orchard Cove,False,30.0,private,2
439220736,439220739,46.2863685394981,residential,Orchard Corner,False,30.0,private,2
439220739,439220657,37.9805610012695,residential,Orchard Road,False,30.0,private,2
439220739,439220495,20.41916756054613,residential,Orchard Road,False,30.0,private,2
439220739,439220736,46.2863685394981,residential,Orchard Corner,False,30.0,private,2
439220826,439220657,47.29835003314096,residential,Durian,False,30.0,private,2
439220871,439220963,31.395875072829135,residential,East Drive,False,30.0,private,2
439220871,428744499,117.2555747821751,residential,Unnamed,False,30.0,"['no', 'private']",2
439220871,439221136,133.29005414003706,residential,East Drive,False,30.0,private,2
439220917,439220918,71.06847241217416,residential,Garden Lane,False,30.0,private,2
439220917,439220963,44.14180596162243,residential,East Drive,False,30.0,private,2
439220917,439221153,111.59102486219669,residential,"['East Drive', 'Garden Alley']",False,30.0,private,2
439220918,439220917,71.06847241217416,residential,Garden Lane,False,30.0,private,2
439220918,439221153,44.019610743762726,residential,Garden Drive,False,30.0,private,2
439220918,439220964,41.79710129905969,residential,Garden Drive,False,30.0,private,2
439220963,439220964,73.54562569465133,residential,Garden Walk,False,30.0,private,2
439220963,439220917,44.14180596162243,residential,East Drive,False,30.0,private,2
439220963,439220871,31.395875072829135,residential,East Drive,False,30.0,private,2
439220964,439220963,73.54562569465133,residential,Garden Walk,False,30.0,private,2
439220964,439220918,41.79710129905969,residential,Garden Drive,False,30.0,private,2
439220964,439221144,51.78034735480307,residential,Garden Drive,False,30.0,private,2
439221136,439221138,36.12525031553499,residential,Unnamed,False,30.0,private,2
439221136,439221139,40.81717513074589,residential,Unnamed,False,30.0,private,2
439221136,439220871,133.29005414003706,residential,East Drive,False,30.0,private,2
439221138,439221136,36.12525031553499,residential,Unnamed,False,30.0,private,2
439221139,439221136,40.81717513074589,residential,Unnamed,False,30.0,private,2
439221139,439224373,34.24353934221196,residential,Unnamed,False,30.0,private,2
439221139,439221144,73.85642140569314,residential,Lakeside Drive,False,30.0,private,2
439221144,439220660,47.406683010759885,residential,Lakeside Drive,False,30.0,private,2
439221144,439220964,51.78034735480307,residential,Garden Drive,False,30.0,private,2
439221144,439221139,73.85642140569314,residential,Lakeside Drive,False,30.0,private,2
439221153,439220918,44.019610743762726,residential,Garden Drive,False,30.0,private,2
439221153,439220658,137.5559919575901,residential,Garden Drive,False,30.0,private,2
439221153,439220917,111.59102486219669,residential,"['East Drive', 'Garden Alley']",False,30.0,private,2
439221354,439220481,55.12742674522054,residential,Second,False,30.0,private,2
439221354,439220493,177.97646336374373,residential,Park Drive,False,30.0,private,2
439221354,439221373,145.81243874854198,residential,Park Drive,False,30.0,private,2
439221373,439220477,55.020630931486316,residential,First,False,30.0,private,2
439221373,439221588,20.5884840712113,residential,First,False,30.0,private,2
439221373,439221354,145.81243874854198,residential,Park Drive,False,30.0,private,2
439221588,439221373,20.5884840712113,residential,First,False,30.0,private,2
439222144,439222147,42.41941861533777,unclassified,Maya,True,40.0,Uncategorized,
439222144,439220614,109.0981701128195,unclassified,Lawin,False,40.0,Uncategorized,
439222144,439222208,49.97670483601599,residential,Aguila,False,30.0,Uncategorized,
439222147,439222150,52.437905238409364,unclassified,Maya,True,40.0,Uncategorized,
439222147,446984164,152.3721544317156,residential,Pipit,False,30.0,Uncategorized,
439222150,3122261232,6.910116930837797,unclassified,Maya,True,40.0,Uncategorized,
439222150,3122261112,39.19327411220008,service,Unnamed,False,25.85,private,
439222156,439222196,213.39258106368786,unclassified,Aguila,True,40.0,Uncategorized,
439222156,12309592204,33.643669244072086,unclassified,Aguila,False,40.0,Uncategorized,
439222196,439222144,36.76257537084303,unclassified,Aguila,True,40.0,Uncategorized,
439222196,1256324696,152.49478760269477,unclassified,Lawin,True,40.0,Uncategorized,
439222208,8334202913,18.751172880281715,residential,Aguila,False,30.0,Uncategorized,
439222208,439222408,25.955560177388804,residential,Unnamed,False,30.0,Uncategorized,
439222208,439222144,49.97670483601598,residential,Aguila,False,30.0,Uncategorized,
439222408,439222409,35.31304555972359,residential,Unnamed,False,30.0,Uncategorized,
439222408,439222208,25.955560177388804,residential,Unnamed,False,30.0,Uncategorized,
439222408,439222410,13.70347664243306,residential,Unnamed,False,31.86,Uncategorized,
439222409,439222408,35.31304555972359,residential,Unnamed,False,30.0,Uncategorized,
439222410,439222408,13.70347664243306,residential,Unnamed,False,31.86,Uncategorized,
439223689,12186673213,2.1750556791222846,service,Unnamed,True,25.85,Uncategorized,
439223689,12257218661,7.8199699955821735,secondary,Lopez Avenue,False,30.0,Uncategorized,2
439223689,253507795,27.432358567247928,secondary,Lopez Avenue,False,30.0,Uncategorized,2
439224014,12186673204,4.682115171001608,footway,Unnamed,False,30.0,Uncategorized,
439224014,12186673201,4.612196023823671,footway,Unnamed,False,30.0,Uncategorized,
439224014,253509347,26.731084451027286,secondary,Lopez Avenue,False,30.0,Uncategorized,2
439224014,12257218658,28.68338014395348,secondary,Lopez Avenue,False,30.0,Uncategorized,2
439224016,438065598,11.274003868706467,footway,Unnamed,False,30.0,Uncategorized,
439224016,12186673204,21.90925778000048,footway,Unnamed,False,30.0,Uncategorized,
439224016,767038303,17.595742494934584,footway,Unnamed,False,30.0,Uncategorized,
439224373,439221139,34.24353934221196,residential,Unnamed,False,30.0,private,2
443159859,8896529813,36.23588733338571,primary,National Highway,False,30.49,Uncategorized,4
443159859,1923606797,96.73676035916074,primary,National Highway,False,30.49,Uncategorized,4
443159859,8334090089,133.48216577928216,residential,Unnamed,False,31.86,private,
443159955,12309592287,6.547193510446573,footway,Unnamed,False,30.0,Uncategorized,
443159955,8893650812,30.049917455876045,primary,National Highway,False,30.49,Uncategorized,4
443159955,8896529804,68.31827887090208,primary,National Highway,False,30.49,Uncategorized,4
443159976,1302792409,16.542852741138315,primary,National Highway,False,30.49,Uncategorized,4
443159976,1613862366,7.189964994810373,primary,National Highway,False,30.49,Uncategorized,4
443159976,3730113471,133.65882331588097,footway,Unnamed,False,30.0,Uncategorized,
443159979,28997703,32.01088034992793,footway,Unnamed,False,30.0,Uncategorized,
444815240,453011458,75.28701054001202,secondary,Jose Rizal Street,False,30.0,Uncategorized,
444815240,417266456,69.22311766310997,secondary,Jose Rizal Street,False,30.0,Uncategorized,
444815240,453008584,36.546761903674955,residential,De Pasupil,False,31.86,Uncategorized,
444815240,1127246085,44.26363304133738,residential,De Pasupil,False,31.86,Uncategorized,
446975741,382057824,26.75234973007712,residential,Elon-Elon Street,False,40.0,Uncategorized,2
446984164,439222147,152.3721544317156,residential,Pipit,False,30.0,Uncategorized,
447625166,12186673207,5.386585735715512,footway,Unnamed,False,30.0,Uncategorized,
447625166,429492316,7.03976559445144,secondary,Lopez Avenue,False,30.0,Uncategorized,2
447625166,1323145446,7.966466734604231,secondary,Lopez Avenue,False,30.0,Uncategorized,2
447626748,13231805455,10.488949090780675,footway,Unnamed,False,30.0,Uncategorized,
447626748,6361461414,17.204466483737672,service,Unnamed,False,25.85,Uncategorized,
447626748,6361461415,20.25735650975158,service,Unnamed,False,25.85,Uncategorized,
447626748,6363688955,42.33710054139358,footway,Unnamed,False,30.0,Uncategorized,
447627966,818892883,9.014940831547673,unclassified,Andres P. Aglibut Avenue,True,30.0,Uncategorized,2
447627966,12254040088,5.921697256119854,unclassified,Andres P. Aglibut Avenue,False,30.0,Uncategorized,2
447627966,8314748102,3.02039485849097,service,Unnamed,False,25.85,Uncategorized,
447628658,447628659,7.238620544307495,service,Unnamed,False,25.85,Uncategorized,
447628658,1134832055,10.14495249782642,service,Unnamed,False,25.85,Uncategorized,
447628658,530614481,18.85928994185966,footway,Unnamed,False,30.0,Uncategorized,
447628659,447628660,12.057748068666392,service,Unnamed,False,25.85,Uncategorized,
447628659,447628658,7.238620544307495,service,Unnamed,False,25.85,Uncategorized,
447628659,760870388,14.419783837796016,footway,Unnamed,False,30.0,Uncategorized,
447628660,447628659,12.057748068666392,service,Unnamed,False,25.85,Uncategorized,
447628660,760867389,16.16160718639121,footway,Unnamed,False,30.0,Uncategorized,
447628660,795254775,5.433982718063166,service,Unnamed,False,25.85,Uncategorized,
447628660,12186657968,33.322832808833404,footway,Unnamed,False,30.0,Uncategorized,
447628660,1430820978,12.334089348687353,footway,Unnamed,False,30.0,Uncategorized,
447737201,12254024686,8.54255326063171,footway,Unnamed,False,30.0,Uncategorized,
447737202,12254024686,4.719182350040999,footway,Unnamed,False,30.0,Uncategorized,
447737202,2207622428,14.977831823402942,secondary,Lopez Avenue,False,30.0,Uncategorized,2
447737202,436197015,28.906529672565064,secondary,Lopez Avenue,False,30.0,Uncategorized,2
452988576,1532125403,3.0532094480857745,service,Unnamed,False,25.85,Uncategorized,
452988576,1102056972,34.21451415502353,footway,Unnamed,False,30.0,Uncategorized,
452988576,1102056955,62.148082191060794,service,Unnamed,False,25.85,Uncategorized,
452988576,1102056955,40.94340208724917,footway,Unnamed,False,30.0,Uncategorized,
452997259,12254040025,41.6610442776323,residential,Joseph C. Madamba,False,35.0,Uncategorized,2
452997259,687389595,94.67928748165295,service,Archibald R. Ward,False,25.0,Uncategorized,2
452997259,12254040040,169.26283716203108,residential,Joseph C. Madamba,False,35.0,Uncategorized,2
452997261,1251197805,52.21490443257747,service,Unnamed,False,25.85,Uncategorized,
452997261,687323383,134.00550658327418,residential,Joseph C. Madamba,False,35.0,Uncategorized,2
452997261,5507328856,32.912999876762804,residential,Joseph C. Madamba,False,35.0,Uncategorized,2
452997596,452997601,245.07888917085756,residential,Getulio B. Viado,False,30.0,Uncategorized,2
452997596,12777010085,53.88513454543314,residential,Getulio B. Viado,False,30.0,Uncategorized,2
452997596,438062948,49.368555837575286,footway,Unnamed,False,30.0,Uncategorized,
452997601,452997602,61.90705181631731,residential,Getulio B. Viado,False,30.0,Uncategorized,2
452997601,452997596,245.07888917085762,residential,Getulio B. Viado,False,30.0,Uncategorized,2
452997601,10101122549,125.54682259082122,residential,Manuel L. Roxas,False,30.0,Uncategorized,2
452997602,452997605,162.948107841498,residential,Getulio B. Viado,False,30.0,Uncategorized,2
452997602,452997601,61.90705181631732,residential,Getulio B. Viado,False,30.0,Uncategorized,2
452997602,1244163589,96.36846588994675,residential,Manuel L. Roxas,False,30.0,Uncategorized,2
452997605,2502444222,14.86630201614758,footway,Unnamed,False,30.0,Uncategorized,
452997605,687323398,67.55649441756478,residential,Getulio B. Viado,False,30.0,Uncategorized,2
452997605,452997602,162.94810784149803,residential,Getulio B. Viado,False,30.0,Uncategorized,2
452998009,452998014,157.6273480496218,residential,Juan V. Pancho,False,30.0,Uncategorized,2
452998009,527827326,41.230786676539665,residential,Juan V. Pancho,False,30.0,Uncategorized,2
452998009,1116391486,95.43215640425875,residential,Guijo,False,31.86,Uncategorized,
452998014,454086900,29.98862457003452,residential,Juan V. Pancho,False,30.0,Uncategorized,2
452998014,452998009,157.62734804962176,residential,Juan V. Pancho,False,30.0,Uncategorized,2
452998014,585907060,65.37636548514243,residential,Unnamed,False,30.0,Uncategorized,2
452998511,12254049901,5.686116266695791,residential,Camia,False,30.0,Uncategorized,2
452998511,12188365866,2.1066015999565164,residential,Unnamed,False,30.0,Uncategorized,
452998511,527819262,24.07587643902951,secondary,Jose R. Velasco Avenue,False,30.0,Uncategorized,2
452998511,8314748110,57.7520739386757,secondary,Jose R. Velasco Avenue,False,30.0,Uncategorized,2
452998512,12254040099,5.773216492414408,residential,Unnamed,False,31.86,Uncategorized,
452998512,2676750620,44.82790727574736,residential,Palm Drive,False,30.0,Uncategorized,2
452998512,1288947767,66.75042480670561,secondary,Jose R. Velasco Avenue,False,30.0,Uncategorized,2
452998512,452998617,33.90203968655828,secondary,Jose R. Velasco Avenue,False,30.0,Uncategorized,2
452998518,1955915753,204.94817303488145,residential,Greenway Drive,False,30.0,Uncategorized,
452998518,454088567,57.93401830909812,secondary,Jose R. Velasco Avenue,False,30.0,Uncategorized,2
452998518,1329078926,21.36333206860744,secondary,Jose R. Velasco Avenue,False,30.0,Uncategorized,2
452998518,813550059,45.08233116045298,residential,Doña Aurora,True,31.86,Uncategorized,1
452998617,1252052275,37.22143897496508,unclassified,Melanio A. Gapud,False,30.0,Uncategorized,2
452998617,527821247,58.17258322699992,secondary,Jose R. Velasco Avenue,False,30.0,Uncategorized,2
452998617,452998512,33.90203968655828,secondary,Jose R. Velasco Avenue,False,30.0,Uncategorized,2
452998712,778906820,10.308282872858662,service,Unnamed,False,25.85,Uncategorized,
452998712,1532125217,28.377625781667188,tertiary,Pili Drive,False,33.15,Uncategorized,2
452998712,582439700,38.8506491706489,tertiary,Pili Drive,False,33.15,Uncategorized,2
452999638,6361461398,10.635979459809564,service,Unnamed,False,25.85,Uncategorized,
452999638,6372174197,49.43027643841386,tertiary,Unnamed,False,33.15,Uncategorized,3
452999638,6361461395,117.35291557324663,tertiary,Unnamed,False,33.15,Uncategorized,3
452999638,453003986,86.33090451940659,service,Unnamed,False,25.85,Uncategorized,
452999639,6361461468,10.35440721689735,track,Unnamed,False,30.0,Uncategorized,
452999639,9031117674,376.8927802573251,tertiary,Pili Drive,True,33.15,Uncategorized,2
453000231,6372174190,28.471691600775735,service,Unnamed,False,25.85,Uncategorized,2
453000231,6372174201,97.38952764862917,service,Unnamed,False,25.85,Uncategorized,
453000231,7729310433,131.60850644771045,service,Unnamed,False,25.85,Uncategorized,2
453000374,2170279704,5.975001168429574,footway,Unnamed,False,30.0,Uncategorized,
453000374,453000375,28.38896412109836,tertiary,Pili Drive,True,33.15,Uncategorized,2
453000375,5507328935,5.766152963365703,service,Unnamed,False,25.85,Uncategorized,2
453000375,5507052327,10.983778091595903,service,Unnamed,False,25.85,Uncategorized,
453000375,6361461397,107.01197116663897,tertiary,Pili Drive,True,33.15,Uncategorized,2
453003057,790108791,24.965965622246458,service,Rambutan Street,False,25.85,Uncategorized,2
453003057,6948369176,65.9426228928101,service,Rambutan Street,False,25.85,Uncategorized,2
453003057,790108393,16.224345145354555,service,Unnamed,False,25.85,Uncategorized,
453003986,452999638,86.33090451940659,service,Unnamed,False,25.85,Uncategorized,
453004013,527828360,29.638895716327376,service,Unnamed,False,25.85,Uncategorized,
453004013,527828377,21.90794192276596,service,Unnamed,False,25.85,Uncategorized,
453004013,687332481,53.6562008267594,footway,Unnamed,False,30.0,Uncategorized,
453004178,696417727,41.22751053885302,service,Manuel L. Roxas,False,25.0,Uncategorized,2
453004178,12254040041,101.78070221855937,service,Manuel L. Roxas,False,25.0,Uncategorized,2
453004178,5507328827,1.7297674641696055,footway,Unnamed,False,30.0,Uncategorized,
453004178,527827815,39.50718333525594,footway,Unnamed,False,30.0,Uncategorized,
453004181,6363688964,4.916838988489609,service,Manuel L. Roxas,False,25.0,Uncategorized,2
453004181,524092501,18.359404414094556,service,Jose B. Juliano Avenue,False,30.0,Uncategorized,2
453004181,687399434,57.04402846860833,service,Archibald R. Ward,False,25.0,Uncategorized,2
453004735,12188365846,16.951409925808832,service,Unnamed,False,25.85,Uncategorized,
453004735,453004738,44.49578610444732,service,Unnamed,False,25.85,Uncategorized,
453004735,5499087310,76.48075600765851,service,Unnamed,False,25.85,Uncategorized,
453004738,12188365849,3.205453880144902,service,Unnamed,False,25.85,Uncategorized,
453004738,5507052383,7.942695253605692,footway,Unnamed,False,30.0,Uncategorized,
453004738,453004735,44.49578610444732,service,Unnamed,False,25.85,Uncategorized,
453007402,8896998666,22.747388071630773,service,Unnamed,False,25.85,Uncategorized,
453007402,417266494,15.690405030079926,service,Unnamed,False,25.85,Uncategorized,
453007402,2069395314,42.04100185951562,service,Unnamed,False,25.85,Uncategorized,
453007624,2069395314,60.11363534922085,footway,Unnamed,False,30.0,Uncategorized,
453008582,453008584,78.83272159853686,residential,Lopez,False,31.86,Uncategorized,
453008582,453009422,65.19859157354453,residential,Lopez,False,31.86,Uncategorized,
453008582,453011458,30.591919038602548,residential,Jose Burgos,False,31.86,Uncategorized,
453008582,453009416,61.6695642100849,residential,Jose Burgos,False,31.86,Uncategorized,
453008584,417266546,63.91331632549366,residential,Lopez,False,31.86,Uncategorized,
453008584,453008582,78.83272159853686,residential,Lopez,False,31.86,Uncategorized,
453008584,453009415,56.34566471352386,residential,De Pasupil,False,31.86,Uncategorized,
453008584,444815240,36.546761903674955,residential,De Pasupil,False,31.86,Uncategorized,
453009414,3249296269,33.937336687349784,residential,Villegas,False,31.86,Uncategorized,
453009414,417266546,53.76833702074448,tertiary,Graciano Lopez-Jaena,True,30.0,Uncategorized,
453009414,1711023131,60.72979976731061,tertiary,Villegas,False,30.0,Uncategorized,
453009414,2069395295,103.83193079754774,service,Unnamed,False,30.0,private,
453009415,453009416,81.95159099198115,residential,Villegas,False,31.86,Uncategorized,
453009415,3249296269,30.631551475521736,residential,Villegas,False,31.86,Uncategorized,
453009415,453008584,56.34566471352386,residential,De Pasupil,False,31.86,Uncategorized,
453009415,3249296264,97.42984764105856,service,De Pasupil,False,25.85,Uncategorized,
453009416,453009415,81.95159099198115,residential,Villegas,False,31.86,Uncategorized,
453009416,453008582,61.6695642100849,residential,Jose Burgos,False,31.86,Uncategorized,
453009416,453009422,106.71172354251814,residential,"['Villegas', 'Apolinario Mabini']",False,31.86,Uncategorized,
453009416,1258981540,105.77052760801165,residential,Jose Burgos,False,31.86,Uncategorized,
453009422,453008582,65.19859157354453,residential,Lopez,False,31.86,Uncategorized,
453009422,453011459,29.499526840223915,residential,Apolinario Mabini,False,31.86,Uncategorized,
453009422,1258981511,101.21065439492861,residential,Lopez,False,31.86,Uncategorized,
453009422,453009416,106.71172354251811,residential,"['Villegas', 'Apolinario Mabini']",False,31.86,Uncategorized,
453009423,1127246089,9.96814621429275,primary,National Highway,False,30.49,Uncategorized,4
453009423,12915368720,110.71330844918973,steps,Unnamed,False,30.49,Uncategorized,
453009423,2069394999,26.002192168733178,primary,National Highway,False,30.49,Uncategorized,4
453011458,453011459,64.94825118000433,secondary,Jose Rizal Street,False,30.0,Uncategorized,
453011458,444815240,75.28701054001202,secondary,Jose Rizal Street,False,30.0,Uncategorized,
453011458,1127246098,46.24417966677044,residential,Jose Burgos,False,31.86,Uncategorized,
453011458,453008582,30.591919038602548,residential,Jose Burgos,False,31.86,Uncategorized,
453011459,453011460,76.20340046876574,secondary,Jose Rizal Street,False,30.0,Uncategorized,
453011459,453011458,64.94825118000433,secondary,Jose Rizal Street,False,30.0,Uncategorized,
453011459,453009422,29.499526840223915,residential,Apolinario Mabini,False,31.86,Uncategorized,
453011459,1127246097,49.32185256738126,residential,Apolinario Mabini,False,31.86,Uncategorized,
453011460,453011459,76.20340046876574,secondary,Jose Rizal Street,False,30.0,Uncategorized,
453011460,1258981511,30.086435864502576,residential,M. Palis Street,False,31.86,Uncategorized,
453011460,1127246095,50.40233343228404,secondary,M. Palis Street,False,30.0,Uncategorized,
453012070,1127246091,128.55923409959053,residential,Pantua,False,31.86,Uncategorized,
453012070,1127246021,61.019169313822786,secondary,M. Palis Street,False,30.0,Uncategorized,
453012070,28997179,85.56289463952457,secondary,M. Palis Street,False,30.0,Uncategorized,
453014287,1258981479,59.64970326887567,service,Unnamed,False,25.85,private,
453014287,453014295,38.17792609572328,residential,Unnamed,False,31.86,Uncategorized,
453014287,1258981511,34.14050365937277,residential,M. Palis Street,False,31.86,Uncategorized,
453014295,453014495,60.08363870987974,residential,Bambang,False,31.86,Uncategorized,
453014295,8389132863,41.994246827903424,residential,Unnamed,False,31.86,Uncategorized,
453014295,453014287,38.17792609572328,residential,Unnamed,False,31.86,Uncategorized,
453014495,453014295,60.08363870987974,residential,Bambang,False,31.86,Uncategorized,
453014495,454085602,21.096433704322774,footway,Unnamed,False,30.0,Uncategorized,
453014495,3782846327,66.97016260650975,footway,Bambang,False,30.0,Uncategorized,
454085602,453014495,21.096433704322774,footway,Unnamed,False,30.0,Uncategorized,
454085708,12309592261,6.22163449420748,residential,Unnamed,False,31.86,Uncategorized,
454085708,7271009978,102.90657064905997,primary,National Highway,False,30.49,Uncategorized,4
454085708,1300391220,142.4961743975435,primary,National Highway,False,30.49,Uncategorized,4
454085763,454085764,48.20885239008517,residential,Unnamed,False,31.86,Uncategorized,
454085763,12309592261,57.57230422581366,residential,Unnamed,False,31.86,Uncategorized,
454085763,1256324732,160.1402068722189,residential,Unnamed,False,31.86,Uncategorized,
454085764,1256325107,51.73999688698719,residential,Unnamed,False,31.86,Uncategorized,
454085764,454085763,48.20885239008517,residential,Unnamed,False,31.86,Uncategorized,
454085764,1256324732,105.86203688715369,residential,Unnamed,False,31.86,Uncategorized,
454085901,10905852331,45.60868290157461,unclassified,Unnamed,False,30.0,Uncategorized,
454085901,742350177,49.867141080539234,unclassified,Unnamed,False,30.0,Uncategorized,
454085901,10905852348,55.2800204301864,service,Unnamed,False,30.0,Uncategorized,
454085901,10905848527,21.338853094720946,pedestrian,Unnamed,False,30.49,Uncategorized,
454086823,12186673101,9.798194057675198,residential,Juan V. Pancho,False,30.0,Uncategorized,2
454086823,454086945,46.697575235598364,unclassified,Domingo M. Lantican Avenue,False,40.0,Uncategorized,2
454086823,527826349,109.45787444843724,unclassified,Domingo M. Lantican Avenue,False,40.0,Uncategorized,2
454086831,1411812861,45.020699410524486,unclassified,Domingo M. Lantican Avenue,False,40.0,Uncategorized,2
454086831,527826349,184.12748367485986,service,Unnamed,False,25.85,Uncategorized,
454086831,454086834,118.14607854659732,unclassified,Domingo M. Lantican Avenue,False,40.0,Uncategorized,2
454086834,454086831,118.14607854659734,unclassified,Domingo M. Lantican Avenue,False,40.0,Uncategorized,2
454086834,791219118,89.65276255069942,unclassified,Domingo M. Lantican Avenue,False,40.0,Uncategorized,2
454086834,1252091653,36.432804377705395,service,Unnamed,False,25.85,Uncategorized,
454086837,5499087248,6.402123267700757,unclassified,Domingo M. Lantican Avenue,False,40.0,Uncategorized,2
454086837,5499087293,11.17252253144743,service,Unnamed,False,25.85,Uncategorized,
454086837,253763395,234.727921143757,unclassified,Domingo M. Lantican Avenue,False,40.0,Uncategorized,2
454086900,12186673101,46.043589046389094,residential,Juan V. Pancho,False,30.0,Uncategorized,2
454086900,452998014,29.98862457003452,residential,Juan V. Pancho,False,30.0,Uncategorized,2
454086900,12186657996,116.0524138756137,residential,Unnamed,False,31.86,Uncategorized,
454086944,12186657997,8.398660262112067,residential,Ipil-Ipil,False,30.0,Uncategorized,2
454086944,454086945,48.65141157489085,unclassified,Domingo M. Lantican Avenue,False,40.0,Uncategorized,2
454086944,583474474,177.0291784802564,unclassified,Domingo M. Lantican Avenue,False,40.0,Uncategorized,2
454086945,12186657996,6.646581911233493,residential,Unnamed,False,31.86,Uncategorized,
454086945,454086944,48.65141157489085,unclassified,Domingo M. Lantican Avenue,False,40.0,Uncategorized,2
454086945,454086823,46.697575235598364,unclassified,Domingo M. Lantican Avenue,False,40.0,Uncategorized,2
454087036,454087441,66.95295831916931,unclassified,"['Domingo M. Lantican Avenue', 'Martin R. Reyes']",True,35.0,Uncategorized,2
454087036,1119842239,404.84459489263537,service,Mauricio Oteyza,False,25.85,"['permissive', 'private']",2
454087325,12186673113,3.962808916381523,footway,Unnamed,False,30.0,Uncategorized,
454087325,454087640,101.15558651771056,unclassified,Makiling Road,False,30.0,Uncategorized,2
454087325,1579271899,39.746097249710225,unclassified,Makiling Road,False,30.0,Uncategorized,2
454087327,1579271911,12.225305028817496,unclassified,Makiling Road,False,30.0,Uncategorized,2
454087327,454087328,48.68752369023686,unclassified,Makiling Road,True,35.0,Uncategorized,2
454087328,1579271929,7.535788252092959,service,Unnamed,False,25.85,Uncategorized,
454087328,454087329,36.37328672041234,unclassified,Makiling Road,True,35.0,Uncategorized,2
454087329,12186673109,5.317404541998241,service,Unnamed,False,25.85,Uncategorized,
454087329,1579271958,42.63734342004159,unclassified,Makiling Road,True,35.0,Uncategorized,2
454087331,1579271967,4.812252103853016,service,Unnamed,False,25.85,Uncategorized,
454087331,454087341,188.13733769688628,unclassified,Makiling Road,True,35.0,Uncategorized,2
454087341,583474474,26.53337188329802,unclassified,Makiling Road,True,35.0,Uncategorized,2
454087341,1579272040,4.642973444538631,footway,Unnamed,False,30.0,Uncategorized,
454087341,12186658000,5.797006002321562,footway,Unnamed,False,30.0,Uncategorized,
454087441,1956473423,25.75016089796036,service,Unnamed,False,25.85,Uncategorized,
454087441,454087327,129.66204726543808,unclassified,Martin R. Reyes,True,35.0,Uncategorized,2
454087597,454087611,296.91771207916554,residential,Banuyo,False,30.0,Uncategorized,
454087597,1119842276,106.14465550888742,residential,Unnamed,False,31.86,Uncategorized,
454087597,454087654,34.65553612157126,residential,Unnamed,False,31.86,Uncategorized,
454087611,454087617,133.44870546754962,residential,Banuyo,False,30.0,Uncategorized,
454087611,454087597,296.91771207916565,residential,Banuyo,False,30.0,Uncategorized,
454087611,3345224316,75.16168442295766,residential,Unnamed,False,30.0,Uncategorized,
454087617,454087611,133.44870546754962,residential,Banuyo,False,30.0,Uncategorized,
454087617,585909253,51.58900627209199,residential,Rosario T. Cortes,False,30.0,Uncategorized,
454087617,454087620,106.29419558703128,residential,Felix O. Chinte Sr.,False,30.0,Uncategorized,2
454087620,454087623,45.68950487048428,residential,Felix O. Chinte Sr.,False,30.0,Uncategorized,2
454087620,585909253,171.11503330334483,residential,Rosario T. Cortes,False,30.0,Uncategorized,
454087620,454087617,106.2941955870313,residential,Felix O. Chinte Sr.,False,30.0,Uncategorized,2
454087623,454087620,45.68950487048428,residential,Felix O. Chinte Sr.,False,30.0,Uncategorized,2
454087623,1119842238,30.621822688441547,residential,Felix O. Chinte Sr.,False,30.0,Uncategorized,2
454087623,454087633,30.77152358436224,residential,Valentin Sajor,False,30.0,Uncategorized,1
454087623,594355600,37.289685348932196,residential,Valentin Sajor,False,30.0,Uncategorized,2
454087633,1119842293,48.04897840173781,service,Unnamed,False,25.85,Uncategorized,
454087633,454087623,30.77152358436224,residential,Valentin Sajor,False,30.0,Uncategorized,1
454087633,3723252202,73.87895610336295,residential,Valentin Sajor,False,30.0,Uncategorized,1
454087636,12186673119,4.313341368001702,residential,Valentin Sajor,False,30.0,Uncategorized,1
454087636,659629027,435.934635078897,path,Makiling Road,False,30.0,Uncategorized,2
454087636,585908058,37.017172708662585,residential,Makiling Road,False,30.0,Uncategorized,2
454087638,12186673116,4.665459015913421,service,Unnamed,False,25.85,Uncategorized,
454087638,821353870,44.76088381085427,residential,Makiling Road,False,30.0,Uncategorized,2
454087638,454087640,103.97794252094953,residential,Makiling Road,False,30.0,Uncategorized,2
454087640,12186673115,6.471977565329971,residential,Felix O. Chinte Sr.,False,30.0,Uncategorized,2
454087640,454087325,101.15558651771056,unclassified,Makiling Road,False,30.0,Uncategorized,2
454087640,454087638,103.97794252094953,residential,Makiling Road,False,30.0,Uncategorized,2
454087640,1956473397,214.68646928582157,service,Unnamed,False,25.85,Uncategorized,
454087654,454087597,34.65553612157126,residential,Unnamed,False,31.86,Uncategorized,
454088004,1711049933,23.57969600644987,secondary,Jamboree Road,False,30.0,Uncategorized,2
454088004,454089685,238.1602739797591,secondary,Jamboree Road,False,30.0,Uncategorized,2
454088004,500066266,438.2816946083697,path,Unnamed,False,30.0,Uncategorized,
454088015,1711049933,15.996204499122062,secondary,Jamboree Road,False,30.0,Uncategorized,2
454088015,12374314088,45.96892321755557,service,Unnamed,False,50.0,Uncategorized,
454088015,454088018,22.44123013616256,secondary,Jamboree Road,False,30.0,Uncategorized,2
454088018,253806107,42.277690452232804,tertiary,Unnamed,False,33.15,Uncategorized,
454088018,500066266,298.155113645484,secondary,Jamboree Road,False,30.0,Uncategorized,2
454088018,454088015,22.44123013616256,secondary,Jamboree Road,False,30.0,Uncategorized,2
454088232,253492328,14.38516787568303,steps,Unnamed,False,30.49,Uncategorized,
454088232,253781337,40.473477663258834,service,Unnamed,False,25.85,Uncategorized,
454088232,2508244453,50.58994148822247,service,Unnamed,False,25.85,Uncategorized,
454088466,454088654,590.2897843391576,tertiary,Unnamed,False,33.15,Uncategorized,
454088466,2508244534,63.54216078913025,tertiary,Unnamed,False,33.15,Uncategorized,
454088466,2508244453,255.69917657168793,path,Unnamed,False,30.0,Uncategorized,
454088567,454088568,20.24423377269732,secondary,Jose R. Velasco Avenue,False,30.0,Uncategorized,2
454088567,1119886425,126.51215699324018,residential,Sampaguita,False,31.86,Uncategorized,
454088567,452998518,57.93401830909812,secondary,Jose R. Velasco Avenue,False,30.0,Uncategorized,2
454088568,454088567,20.24423377269732,secondary,Jose R. Velasco Avenue,False,30.0,Uncategorized,2
454088568,2455278976,41.63340898058922,secondary,Jose R. Velasco Avenue,False,30.0,Uncategorized,2
454088568,2508244662,50.20064917377204,service,Unnamed,False,25.85,private,
454088572,454088654,146.72684327412514,secondary,"['Jose R. Velasco Avenue', 'Jamboree Road']",False,30.0,Uncategorized,2
454088572,2455278976,109.34414269102176,secondary,Jose R. Velasco Avenue,False,30.0,Uncategorized,2
454088572,813543557,161.14587340486747,residential,Jasmin,False,31.86,Uncategorized,2
454088654,454088466,590.2897843391574,tertiary,Unnamed,False,33.15,Uncategorized,
454088654,454088665,597.4907128298063,secondary,Jamboree Road,False,30.0,Uncategorized,2
454088654,454088572,146.72684327412514,secondary,"['Jose R. Velasco Avenue', 'Jamboree Road']",False,30.0,Uncategorized,2
454088665,454089039,206.3845991010889,secondary,Jamboree Road,False,30.0,Uncategorized,2
454088665,454088654,597.4907128298063,secondary,Jamboree Road,False,30.0,Uncategorized,2
454088665,2508244400,112.60574773673284,service,Unnamed,False,25.85,Uncategorized,
454089039,945039294,34.09859921126964,unclassified,Unnamed,False,33.07,Uncategorized,
454089039,945030928,34.593131843846706,secondary,Jamboree Road,False,30.0,Uncategorized,2
454089039,454088665,206.3845991010889,secondary,Jamboree Road,False,30.0,Uncategorized,2
454089147,253492342,596.1442818214264,unclassified,Unnamed,False,33.07,Uncategorized,
454089147,945030973,164.0609022150337,unclassified,Unnamed,False,33.07,permissive,
454089147,524091091,32.81117227245798,residential,Unnamed,False,31.86,Uncategorized,
454089680,454089685,11.895353326410985,steps,Unnamed,False,30.49,Uncategorized,
454089685,945030928,147.38387181829563,secondary,Jamboree Road,False,30.0,Uncategorized,2
454089685,454088004,238.1602739797591,secondary,Jamboree Road,False,30.0,Uncategorized,2
454089685,454089680,11.895353326410985,steps,Unnamed,False,30.49,Uncategorized,
454734326,11750543436,19.44929897414174,secondary,Jamboree Road,False,30.0,Uncategorized,2
454734326,2021099182,30.591472107347037,secondary,Jamboree Road,False,30.0,Uncategorized,2
455895242,382802658,23.346499394182928,service,Unnamed,False,25.85,Uncategorized,
460203500,460203736,50.83358336795083,service,Mahogany Road,False,25.85,private,
460203500,427966111,40.13446710918723,unclassified,Daang Kalabaw,False,30.0,Uncategorized,
460203500,460203501,53.011603110501326,unclassified,Daang Kalabaw,False,30.0,Uncategorized,
460203501,1285602557,69.17287604220034,unclassified,Daang Kalabaw,False,30.0,Uncategorized,
460203501,460203500,53.011603110501326,unclassified,Daang Kalabaw,False,30.0,Uncategorized,
460203501,8893659624,74.16402339566275,residential,Unnamed,False,31.86,Uncategorized,1
460203561,460203564,86.94799124263236,unclassified,Daang Kalabaw,False,30.0,Uncategorized,
460203561,5246749828,36.71488102547228,residential,Unnamed,False,30.0,Uncategorized,
460203561,460203631,119.85347398401954,unclassified,Unnamed,False,30.0,Uncategorized,
460203564,460203941,41.216375842791045,footway,Unnamed,False,30.0,Uncategorized,
460203564,1285602702,39.01271198027953,unclassified,Daang Kalabaw,False,30.0,Uncategorized,
460203564,460203561,86.94799124263236,unclassified,Daang Kalabaw,False,30.0,Uncategorized,
460203631,1256302600,41.63395423465171,primary,National Highway,False,30.49,Uncategorized,4
460203631,1700868832,3.7528977975827646,primary,National Highway,False,30.49,Uncategorized,4
460203631,460203561,119.85347398401953,unclassified,Unnamed,False,30.0,Uncategorized,
460203680,8893659624,19.33157394212298,residential,Unnamed,False,31.86,Uncategorized,1
460203736,460203500,50.83358336795083,service,Mahogany Road,False,25.85,private,
460203941,460203564,41.216375842791045,footway,Unnamed,False,30.0,Uncategorized,
471322033,12186673196,4.995288487742547,footway,Unnamed,False,30.0,Uncategorized,
471322033,253503657,11.413396185773422,secondary,Lopez Avenue,False,30.0,Uncategorized,2
471322033,12186673192,4.510707265158182,footway,Unnamed,False,30.0,Uncategorized,
471322033,253779176,33.97568334282205,secondary,Lopez Avenue,False,30.0,Uncategorized,2
471322074,12186673196,22.260861710759087,footway,Unnamed,False,30.0,Uncategorized,
474857174,5246749952,23.662745776456006,residential,Unnamed,False,30.0,Uncategorized,
474857174,1341884744,138.2096580421435,residential,Unnamed,False,30.0,Uncategorized,
474857174,1341884800,181.9892977430783,track,Unnamed,False,30.0,private,
474857180,474857283,47.07583481520612,residential,Unnamed,False,31.86,Uncategorized,
474857180,474857185,48.160718297919715,residential,Unnamed,False,30.0,Uncategorized,
474857180,427966268,45.4797663074329,residential,Unnamed,False,30.0,Uncategorized,
474857185,8334090089,57.18180721101123,residential,Unnamed,False,30.0,Uncategorized,
474857185,474857180,48.160718297919715,residential,Unnamed,False,30.0,Uncategorized,
474857185,474857487,48.2265449311475,residential,Unnamed,False,25.0,permissive,
474857214,5246749952,56.837943702333554,residential,Unnamed,False,31.86,Uncategorized,
474857214,5246668344,33.31179189691895,residential,Unnamed,False,31.86,Uncategorized,
474857214,2249819437,120.0710563287374,residential,Unnamed,False,31.86,Uncategorized,
474857283,474857180,47.07583481520612,residential,Unnamed,False,31.86,Uncategorized,
474857487,474857487,259.98102205659364,residential,Unnamed,False,25.0,permissive,
474857487,474857487,259.98102205659364,residential,Unnamed,False,25.0,permissive,
474857487,474857185,48.2265449311475,residential,Unnamed,False,25.0,permissive,
484163662,12186673207,53.94665189245433,footway,Unnamed,False,30.0,Uncategorized,
484163928,2349006166,9.738786104577349,service,LB Square Parkway,False,30.0,Uncategorized,1
484163928,484164162,40.75278021251762,service,LB Square Parkway,False,30.0,Uncategorized,1
484163928,484164082,22.730951329166423,footway,Unnamed,False,30.0,Uncategorized,
484164082,2349006164,8.99870178571711,footway,Unnamed,False,30.0,Uncategorized,
484164082,438065598,53.72864893022633,footway,Unnamed,False,30.0,Uncategorized,
484164082,484163928,22.730951329166423,footway,Unnamed,False,30.0,Uncategorized,
484164162,484163928,40.75278021251762,service,LB Square Parkway,False,30.0,Uncategorized,1
484165249,1288947663,50.837836253843214,residential,Unnamed,False,30.0,private,2
484165249,1412701851,21.26813880298683,residential,FM Sacay St.,False,20.0,private,2
484165249,1119886448,46.02426405884116,residential,FM Sacay St.,False,20.0,private,2
492081665,6361461396,13.012952137231425,track,Unnamed,False,30.0,Uncategorized,
492081665,452999639,162.28740294361,tertiary,Pili Drive,True,33.15,Uncategorized,2
492083373,253492870,100.03056517783295,unclassified,Bangkal Road,False,40.0,Uncategorized,2
492083373,12309592233,85.18954592892504,unclassified,Bangkal Road,False,40.0,Uncategorized,2
492083373,12254024690,86.78779622953799,service,Unnamed,False,25.85,private,
497686301,12186673160,4.282826593909972,footway,Unnamed,False,30.0,Uncategorized,
497686301,382811175,4.676316762953809,footway,Unnamed,False,30.0,Uncategorized,
497686301,382815507,5.727363862260795,unclassified,Andres P. Aglibut Avenue,False,30.0,Uncategorized,2
497686301,521345952,63.50351565450304,unclassified,Andres P. Aglibut Avenue,False,30.0,Uncategorized,2
497686510,382815507,10.555995928195236,unclassified,Andres P. Aglibut Avenue,True,30.0,Uncategorized,2
497686510,382812102,1.7125250258476035,footway,Unnamed,False,30.0,Uncategorized,
497686510,382813568,8.666634341502386,footway,Unnamed,False,30.0,Uncategorized,
497687339,1532125246,41.69586311570372,tertiary,Andres P. Aglibut Avenue,False,33.15,Uncategorized,2
497687339,790108463,6.361918260442734,footway,Unnamed,False,30.0,Uncategorized,
497687339,1532125318,38.95368540312313,tertiary,Andres P. Aglibut Avenue,False,33.15,Uncategorized,2
497687339,6361461444,4.113320979461287,footway,Unnamed,False,30.0,Uncategorized,
497688457,6363688959,34.659548231249076,footway,Unnamed,False,30.0,Uncategorized,
497690961,12257218666,5.34876753126873,footway,Unnamed,False,30.0,Uncategorized,
497690961,12257218667,5.045942301752673,footway,Unnamed,False,30.0,Uncategorized,
497690961,435147994,35.58369294033139,secondary,Lopez Avenue,False,30.0,Uncategorized,2
497690961,436196526,51.33341759946903,secondary,Lopez Avenue,False,30.0,Uncategorized,2
500063546,1300391223,47.31558847616992,residential,Eco-Garden Street,False,30.0,Uncategorized,
500063546,3970334305,12.268368527626087,secondary,Jamboree Road,False,30.0,Uncategorized,2
500063546,1300391352,113.74703937795562,secondary,Jamboree Road,False,30.0,Uncategorized,2
500066109,500066111,32.15735602241778,secondary,Jamboree Road,False,30.0,Uncategorized,2
500066109,3970334285,29.192997498487678,secondary,Jamboree Road,False,30.0,Uncategorized,2
500066109,1300391182,95.266776721538,residential,Unnamed,False,31.86,Uncategorized,
500066111,500066109,32.15735602241778,secondary,Jamboree Road,False,30.0,Uncategorized,2
500066111,1300391283,101.50778015340565,residential,Unnamed,False,31.86,Uncategorized,
500066111,500066114,22.314605310789542,secondary,Jamboree Road,False,30.0,Uncategorized,2
500066114,3970334279,54.5474699584006,secondary,Jamboree Road,False,30.0,Uncategorized,2
500066114,3970334277,80.61552056566728,residential,Unnamed,False,31.86,private,
500066114,500066111,22.314605310789542,secondary,Jamboree Road,False,30.0,Uncategorized,2
500066114,1300391150,450.636655561265,residential,Unnamed,False,30.0,destination,
500066266,454088004,438.28169460836983,path,Unnamed,False,30.0,Uncategorized,
500066266,8065869775,515.3355968481432,secondary,Jamboree Road,False,30.0,Uncategorized,2
500066266,454088018,298.155113645484,secondary,Jamboree Road,False,30.0,Uncategorized,2
521322454,1316037372,24.727055181004186,primary,National Highway,False,30.49,Uncategorized,4
521322454,382043698,27.90292356281761,primary,National Highway,False,30.49,Uncategorized,4
521340408,391722488,11.242625323568001,unclassified,Pedro R. Sandoval Avenue,True,30.0,Uncategorized,2
521340408,12186657948,4.7296663091758795,footway,Unnamed,False,30.0,Uncategorized,
521340408,1445225151,1.0233167266165422,footway,Unnamed,False,30.0,Uncategorized,
521340808,382807880,0.9639166970890852,footway,Unnamed,False,30.0,Uncategorized,
521340808,12186657949,3.6669121980184944,footway,Unnamed,False,30.0,Uncategorized,
521340808,382803436,17.057334055833362,unclassified,Pedro R. Sandoval Avenue,True,30.0,Uncategorized,2
521341267,432493334,8.027611013331407,footway,Unnamed,False,30.0,Uncategorized,
521341267,4791056633,88.24228046620108,unclassified,Pedro R. Sandoval Avenue,True,30.0,Uncategorized,2
521345952,382813005,4.892245497869124,service,Unnamed,False,25.85,Uncategorized,
521345952,12254040056,2.4458613689263626,unclassified,Andres P. Aglibut Avenue,False,30.0,Uncategorized,2
521345952,497686301,63.50351565450303,unclassified,Andres P. Aglibut Avenue,False,30.0,Uncategorized,2
524091091,527825653,6.614197060881861,footway,Unnamed,False,30.0,Uncategorized,
524091091,527825659,78.8056893357684,residential,Unnamed,False,31.86,Uncategorized,
524091091,454089147,32.81117227245798,residential,Unnamed,False,31.86,Uncategorized,
524092501,12186657973,2.8528090677623266,residential,Manuel L. Roxas,False,30.0,Uncategorized,2
524092501,687360393,23.716864777011743,residential,Jose B. Juliano Avenue,False,30.0,Uncategorized,2
524092501,453004181,18.359404414094556,service,Jose B. Juliano Avenue,False,30.0,Uncategorized,2
526792350,2260124381,241.09192078786273,residential,Jose D. Drilon Jr.,False,30.0,Uncategorized,
526792350,12900324583,50.62095648690534,residential,Jose D. Drilon Jr.,False,30.0,Uncategorized,
526792350,12900324582,40.32248563784544,residential,Jose D. Drilon Jr.,False,30.0,Uncategorized,
526792366,1252052275,65.49490218137275,unclassified,Melanio A. Gapud,False,30.0,Uncategorized,2
526792366,435148890,57.061585820211576,unclassified,Melanio A. Gapud,False,30.0,Uncategorized,2
526792366,12900324583,4.42478500599184,residential,Jose D. Drilon Jr.,False,30.0,Uncategorized,
526792366,12254040100,52.045346658718714,service,Rosal,False,30.0,Uncategorized,2
526792890,526792901,85.04253906108215,residential,Jose D. Drilon Jr.,False,30.0,Uncategorized,
526792890,526793141,64.48776753572007,residential,Jose D. Drilon Jr.,False,30.0,Uncategorized,
526792890,526793113,65.55090353453706,service,Unnamed,False,25.85,permissive,
526792901,2260124381,12.507025116792214,residential,Jose D. Drilon Jr.,False,30.0,Uncategorized,
526792901,2260124381,23.90099881608968,service,Unnamed,False,25.85,Uncategorized,
526792901,526792890,85.04253906108215,residential,Jose D. Drilon Jr.,False,30.0,Uncategorized,
526793113,526792890,65.55090353453706,service,Unnamed,False,25.85,permissive,
526793141,526793422,5.83386983164369,residential,Jose D. Drilon Jr.,False,30.0,Uncategorized,
526793141,526792890,64.48776753572008,residential,Jose D. Drilon Jr.,False,30.0,Uncategorized,
526793141,1252235538,75.702389510279,residential,Unnamed,False,31.86,destination,
526793408,526793422,13.398498421423028,residential,Jose D. Drilon Jr.,False,31.86,Uncategorized,
526793408,526793422,21.49319872113318,track,Unnamed,False,30.0,Uncategorized,
526793408,527825659,970.9367564685625,residential,Jose D. Drilon Jr.,False,31.86,Uncategorized,
526793422,526793141,5.83386983164369,residential,Jose D. Drilon Jr.,False,30.0,Uncategorized,
526793422,526793408,13.398498421423028,residential,Jose D. Drilon Jr.,False,31.86,Uncategorized,
526793422,526793408,21.49319872113318,track,Unnamed,False,30.0,Uncategorized,
527819262,527819422,33.770355704475456,secondary,Jose R. Velasco Avenue,False,30.0,Uncategorized,2
527819262,452998511,24.07587643902951,secondary,Jose R. Velasco Avenue,False,30.0,Uncategorized,2
527819262,527819377,50.59003844603259,service,Unnamed,False,25.85,private,
527819377,527819262,50.59003844603259,service,Unnamed,False,25.85,private,
527819422,12254040100,5.956288177926994,service,Rosal,False,30.0,Uncategorized,2
527819422,1288947767,20.21109795448638,secondary,Jose R. Velasco Avenue,False,30.0,Uncategorized,2
527819422,527819262,33.770355704475456,secondary,Jose R. Velasco Avenue,False,30.0,Uncategorized,2
527820389,2676750620,40.688770414722136,residential,Palm Drive,False,30.0,Uncategorized,2
527820389,2676750655,44.23103332763178,service,Unnamed,False,25.85,private,
527820389,2676750658,49.36809102245904,residential,Palm Drive,False,30.0,Uncategorized,2
527821247,452998617,58.17258322699992,secondary,Jose R. Velasco Avenue,False,30.0,Uncategorized,2
527821247,6243255828,56.3925365493108,residential,Downhill Drive,False,30.0,Uncategorized,
527821247,2508998260,202.2066789607764,secondary,Jose R. Velasco Avenue,False,30.0,Uncategorized,2
527825653,524091091,6.614197060881861,footway,Unnamed,False,30.0,Uncategorized,
527825659,527825731,16.315044262265186,footway,Unnamed,False,30.0,Uncategorized,
527825659,526793408,970.9367564685629,residential,Jose D. Drilon Jr.,False,31.86,Uncategorized,
527825659,524091091,78.8056893357684,residential,Unnamed,False,31.86,Uncategorized,
527825731,527825659,16.315044262265186,footway,Unnamed,False,30.0,Uncategorized,
527826349,454086831,184.1274836748599,service,Unnamed,False,25.85,Uncategorized,
527826349,454086823,109.45787444843725,unclassified,Domingo M. Lantican Avenue,False,40.0,Uncategorized,2
527826349,1411812861,25.43243289476901,unclassified,Domingo M. Lantican Avenue,False,40.0,Uncategorized,2
527827326,452998009,41.230786676539665,residential,Juan V. Pancho,False,30.0,Uncategorized,2
527827326,438049326,191.97702033395697,residential,Juan V. Pancho,False,30.0,Uncategorized,2
527827326,585907060,436.7079357753937,residential,Acacia,False,30.0,Uncategorized,2
527827815,453004178,39.50718333525594,footway,Unnamed,False,30.0,Uncategorized,
527827815,689735686,19.541135697670274,footway,Unnamed,False,30.0,Uncategorized,
527827815,2169901280,7.334825120735738,steps,Unnamed,False,30.49,Uncategorized,
527828318,12254040037,22.860833438949985,footway,Unnamed,False,30.0,Uncategorized,
527828318,10959194900,5.469430280707943,footway,Unnamed,False,30.0,Uncategorized,
527828318,4006910529,43.84049886602233,footway,Unnamed,False,30.0,Uncategorized,
527828360,687332554,8.425966111705346,service,Unnamed,False,25.85,Uncategorized,
527828360,453004013,29.638895716327376,service,Unnamed,False,25.85,Uncategorized,
527828360,687332481,22.510531605217885,footway,Unnamed,False,30.0,Uncategorized,
527828377,453004013,21.90794192276596,service,Unnamed,False,25.85,Uncategorized,
527828377,12254040032,6.253463071227181,service,Unnamed,False,25.85,Uncategorized,
527828377,527828410,25.443889558867234,service,Unnamed,False,25.85,Uncategorized,
527828410,12254040031,7.21461230551187,service,Unnamed,False,25.85,Uncategorized,
527828410,527828377,25.443889558867234,service,Unnamed,False,25.85,Uncategorized,
527828410,2339064590,7.337839244465876,footway,Unnamed,False,30.0,Uncategorized,
527829431,12254040029,7.135202643869944,tertiary,Valentino G. Argañosa,False,35.0,Uncategorized,2
527829431,606307094,92.18208080086568,residential,Mariano M. Mondoñedo Avenue,False,35.0,Uncategorized,2
527829431,1532125062,62.217125482293795,tertiary,Mariano M. Mondoñedo Avenue,False,35.0,Uncategorized,"['2', '1']"
527829640,638899293,72.92489245527045,service,Unnamed,False,25.85,Uncategorized,
527829640,253770770,17.405497243219823,service,Unnamed,False,25.85,Uncategorized,
527829640,527829642,41.59076717282289,service,Unnamed,False,25.85,Uncategorized,
527829642,606307094,14.54623253134926,service,Unnamed,False,25.85,Uncategorized,
527829642,527829640,41.59076717282289,service,Unnamed,False,25.85,Uncategorized,
527829642,1119827650,49.39122374685941,service,Unnamed,False,25.85,Uncategorized,
529867569,529867701,11.316134551719289,footway,Unnamed,False,30.0,Uncategorized,
529867569,1135075199,20.171525805136323,path,Unnamed,False,30.0,Uncategorized,
529867569,12186673178,13.654194672394986,path,Unnamed,False,30.0,Uncategorized,
529867701,529867702,12.977451603904877,footway,Unnamed,False,30.0,Uncategorized,
529867701,529867569,11.316134551719289,footway,Unnamed,False,30.0,Uncategorized,
529867701,1135075199,18.973776870603693,footway,Unnamed,False,30.0,Uncategorized,
529867701,2029526918,25.499581392768597,footway,Unnamed,False,30.0,Uncategorized,
529867702,529867701,12.977451603904877,footway,Unnamed,False,30.0,Uncategorized,
529867702,1426038590,7.081053687043486,footway,Unnamed,False,30.0,Uncategorized,
529867702,529867705,43.00382578856602,footway,Unnamed,False,30.0,Uncategorized,
529867705,382802729,9.908186707876755,footway,Unnamed,False,30.0,Uncategorized,
529867705,529867702,43.00382578856602,footway,Unnamed,False,30.0,Uncategorized,
529867705,1393351116,26.900870000906533,footway,Unnamed,False,30.0,Uncategorized,
529867705,1430814613,22.293768107246805,footway,Unnamed,False,30.0,Uncategorized,
529867751,12186673159,17.77860104955106,footway,Unnamed,False,30.0,Uncategorized,
529867751,529867760,25.214000573517115,footway,Unnamed,False,30.0,Uncategorized,
529867751,391723773,60.9486818381762,footway,Unnamed,False,30.0,Uncategorized,
529867751,529871519,20.909309464256623,footway,Unnamed,False,30.0,Uncategorized,
529867760,529867763,16.05035307746881,footway,Unnamed,False,30.0,Uncategorized,
529867760,12186673138,16.715407866594074,footway,Unnamed,False,30.0,Uncategorized,
529867760,529867751,25.214000573517115,footway,Unnamed,False,30.0,Uncategorized,
529867763,12186673137,15.078430537871027,unclassified,Luz U. Oñate Street,False,30.0,Uncategorized,2
529867763,529867760,16.05035307746881,footway,Unnamed,False,30.0,Uncategorized,
529867763,529871293,51.743178151287395,unclassified,Luz U. Oñate Street,False,30.0,Uncategorized,2
529868269,630116608,87.87135981047118,footway,Unnamed,False,30.0,private,
529869096,529869099,35.68752705844332,footway,Unnamed,False,30.0,private,
529869099,12188365853,8.684203538136115,footway,Unnamed,False,30.0,Uncategorized,
529869099,432493501,16.847514983907516,footway,Unnamed,False,30.0,Uncategorized,
529869099,529869096,35.68752705844332,footway,Unnamed,False,30.0,private,
529869150,529869152,38.269631833275106,footway,Unnamed,False,30.0,Uncategorized,
529869150,391721723,6.936479770980687,residential,Unnamed,False,31.86,Uncategorized,
529869150,560712420,32.76363751843489,footway,Unnamed,False,30.0,Uncategorized,
529869150,431155846,121.22656931859686,residential,Unnamed,False,31.86,Uncategorized,
529869152,529869150,38.269631833275106,footway,Unnamed,False,30.0,Uncategorized,
529869152,529869728,24.811644008241323,footway,Unnamed,False,30.0,Uncategorized,
529869152,529870998,8.196873600564293,residential,Unnamed,False,31.86,Uncategorized,
529869152,8315056644,114.29355514020254,residential,Unnamed,False,31.86,Uncategorized,
529869728,529869152,24.811644008241323,footway,Unnamed,False,30.0,Uncategorized,
529869728,432493369,20.508535505251654,footway,Unnamed,False,30.0,Uncategorized,
529869728,529869926,60.878585774034924,footway,Unnamed,False,30.0,Uncategorized,
529869782,432493369,15.133185429475496,footway,Unnamed,False,30.0,Uncategorized,
529869782,529870549,31.326862658262005,footway,Unnamed,False,30.0,Uncategorized,
529869782,529869818,37.95836145625521,footway,Unnamed,False,30.0,Uncategorized,
529869818,529869782,37.95836145625521,footway,Unnamed,False,30.0,Uncategorized,
529869818,529870209,26.821470347291132,footway,Unnamed,False,30.0,Uncategorized,
529869818,529870126,39.838543101630904,footway,Unnamed,False,30.0,Uncategorized,
529869926,529870126,3.26800124820955,footway,Unnamed,False,30.0,Uncategorized,
529869926,529870126,88.00892914032953,footway,Unnamed,False,30.0,Uncategorized,
529869926,529869728,60.878585774034924,footway,Unnamed,False,30.0,Uncategorized,
529870126,529869926,3.26800124820955,footway,Unnamed,False,30.0,Uncategorized,
529870126,529869926,88.00892914032953,footway,Unnamed,False,30.0,Uncategorized,
529870126,529869818,39.8385431016309,footway,Unnamed,False,30.0,Uncategorized,
529870209,529869818,26.82147034729114,footway,Unnamed,False,30.0,Uncategorized,
529870209,529870532,15.996562218528323,footway,Unnamed,False,30.0,Uncategorized,
529870209,529870549,39.53442991823808,service,Unnamed,False,25.85,Uncategorized,
529870507,529870532,50.48221805237366,footway,Unnamed,False,30.0,Uncategorized,
529870532,529870209,15.996562218528323,footway,Unnamed,False,30.0,Uncategorized,
529870532,529870507,50.48221805237366,footway,Unnamed,False,30.0,Uncategorized,
529870532,529870610,15.946410781015402,footway,Unnamed,False,30.0,Uncategorized,
529870549,1426038676,9.999900984290756,service,Unnamed,False,25.85,Uncategorized,
529870549,529869782,31.326862658262005,footway,Unnamed,False,30.0,Uncategorized,
529870549,12188365853,8.80330068296487,footway,Unnamed,False,30.0,Uncategorized,
529870549,529870209,39.534429918238075,service,Unnamed,False,25.85,Uncategorized,
529870610,529870532,15.946410781015402,footway,Unnamed,False,30.0,Uncategorized,
529870998,391723772,29.221289925130122,secondary,Victoria M. Ela Avenue,False,30.0,Uncategorized,4
529870998,529869152,8.196873600564293,residential,Unnamed,False,31.86,Uncategorized,
529870998,432493370,46.23529134302817,secondary,Victoria M. Ela Avenue,False,30.0,Uncategorized,4
529871008,8315056644,15.473286600671539,footway,Unnamed,False,30.0,Uncategorized,
529871204,8315056644,24.606950988972496,residential,Unnamed,False,31.86,private,
529871293,529867763,51.743178151287395,unclassified,Luz U. Oñate Street,False,30.0,Uncategorized,2
529871293,391720955,61.29474814905916,unclassified,Luz U. Oñate Street,False,30.0,Uncategorized,2
529871293,572988466,12.941477561376301,service,Unnamed,False,25.85,Uncategorized,
529871297,2062527570,6.752901790246163,service,Unnamed,False,25.85,Uncategorized,
529871297,572989331,16.619591386519353,footway,Unnamed,False,30.0,Uncategorized,
529871297,12080060992,31.834455919818947,footway,Unnamed,False,30.0,Uncategorized,
529871519,529871520,27.786103294697305,footway,Unnamed,False,30.0,Uncategorized,
529871519,792626686,5.522580775729586,footway,Unnamed,False,30.0,Uncategorized,
529871519,529867751,20.909309464256623,footway,Unnamed,False,30.0,Uncategorized,
529871520,529871519,27.786103294697305,footway,Unnamed,False,30.0,Uncategorized,
529871520,572988943,18.685116663662154,footway,Unnamed,False,30.0,Uncategorized,
529871520,572989349,24.372710222888244,footway,Unnamed,False,30.0,Uncategorized,
529871522,572989349,5.506389511820314,footway,Unnamed,False,30.0,Uncategorized,
529880218,790708795,13.90302518754757,residential,Ruby Street,False,40.0,Uncategorized,2
529880218,428743317,13.67457664210591,residential,Ruby Street,False,40.0,Uncategorized,2
529880218,529880602,76.85028027961049,service,Unnamed,False,25.85,Uncategorized,
529880602,529880218,76.85028027961049,service,Unnamed,False,25.85,Uncategorized,
530609699,8701333231,22.143949045644703,footway,Unnamed,False,30.0,Uncategorized,
530609699,530609701,7.851953921032242,footway,Unnamed,False,30.0,Uncategorized,
530609699,4792449602,21.57833766211032,footway,Unnamed,False,30.0,Uncategorized,
530609701,573338564,4.801625439739842,steps,Unnamed,False,30.49,Uncategorized,
530609701,4792449603,18.4505158173799,footway,Unnamed,False,30.0,Uncategorized,
530609701,530609699,7.851953921032242,footway,Unnamed,False,30.0,Uncategorized,
530613566,12186657968,3.3819640387680234,footway,Unnamed,False,30.0,Uncategorized,
530613566,1558989213,68.19958588721168,steps,Unnamed,False,30.49,Uncategorized,
530613566,1134832055,13.81074173231874,footway,Unnamed,False,30.0,Uncategorized,
530614473,760867588,6.553931978814604,footway,Unnamed,False,30.0,Uncategorized,
530614473,530614477,17.169799964610025,footway,Unnamed,False,30.0,Uncategorized,
530614473,12254040080,31.239502962653845,steps,Unnamed,False,30.49,Uncategorized,
530614477,530614481,8.736412292685936,footway,Unnamed,False,30.0,Uncategorized,
530614477,1532125484,5.642738965268046,footway,Unnamed,False,30.0,Uncategorized,
530614477,530614473,17.169799964610025,footway,Unnamed,False,30.0,Uncategorized,
530614481,530614477,8.736412292685936,footway,Unnamed,False,30.0,Uncategorized,
530614481,1532125484,8.236093007034803,footway,Unnamed,False,30.0,Uncategorized,
530614481,760870388,15.91655179843988,footway,Unnamed,False,30.0,Uncategorized,
530614481,447628658,18.85928994185966,footway,Unnamed,False,30.0,Uncategorized,
540524980,540524981,6.819285541700173,service,Unnamed,False,25.85,permissive,
540524980,425117469,41.11870383715643,service,Unnamed,False,25.85,permissive,
540524980,810893820,49.9923791330499,footway,Unnamed,False,30.0,Uncategorized,
540524981,540524980,6.819285541700173,service,Unnamed,False,25.85,permissive,
560226837,573292855,7.32503693006707,footway,Unnamed,False,30.0,Uncategorized,
560226837,560226838,6.6948920087461055,footway,Unnamed,False,30.0,Uncategorized,
560226837,573293317,3.6725408445812433,footway,Unnamed,False,30.0,Uncategorized,
560226838,560226837,6.6948920087461055,footway,Unnamed,False,30.0,Uncategorized,
560226838,560226843,3.781386043449516,footway,Unnamed,False,30.0,Uncategorized,
560226838,560226841,12.287097712873901,footway,Unnamed,False,30.0,Uncategorized,
560226841,560226852,3.3358525116533877,footway,Unnamed,False,30.0,Uncategorized,
560226841,560227032,5.575428516845897,footway,Unnamed,False,30.0,Uncategorized,
560226841,560226838,12.287097712873901,footway,Unnamed,False,30.0,Uncategorized,
560226842,573293317,7.419932754963992,footway,Unnamed,False,30.0,Uncategorized,
560226842,573292855,3.658715405195461,footway,Unnamed,False,30.0,Uncategorized,
560226842,573281714,12.212571883076128,footway,Unnamed,False,30.0,Uncategorized,
560226843,560226838,3.781386043449516,footway,Unnamed,False,30.0,Uncategorized,
560226843,573293317,6.606759602820768,footway,Unnamed,False,30.0,Uncategorized,
560226843,560226852,11.52481303704563,footway,Unnamed,False,30.0,Uncategorized,
560226852,560226841,3.3358525116533877,footway,Unnamed,False,30.0,Uncategorized,
560226852,560226993,5.857806400448886,footway,Unnamed,False,30.0,Uncategorized,
560226852,560226843,11.52481303704563,footway,Unnamed,False,30.0,Uncategorized,
560226993,573004683,11.582803160250059,footway,Unnamed,False,30.0,Uncategorized,
560226993,560226852,5.857806400448886,footway,Unnamed,False,30.0,Uncategorized,
560226993,560227032,3.010792237901454,footway,Unnamed,False,30.0,Uncategorized,
560227032,560226841,5.575428516845897,footway,Unnamed,False,30.0,Uncategorized,
560227032,391723438,11.67042217904157,footway,Unnamed,False,30.0,Uncategorized,
560227032,560226993,3.010792237901454,footway,Unnamed,False,30.0,Uncategorized,
560712416,391720939,9.77108924313688,service,Unnamed,False,25.85,Uncategorized,
560712416,6948385993,46.138006963278485,footway,Unnamed,False,30.0,Uncategorized,
560712416,560712423,25.646058165525,footway,Unnamed,False,30.0,Uncategorized,
560712416,1018149671,7.250295598349542,service,Unnamed,False,25.85,Uncategorized,
560712420,12188365852,16.586449536718117,footway,Unnamed,False,30.0,Uncategorized,
560712420,529869150,32.76363751843489,footway,Unnamed,False,30.0,Uncategorized,
560712420,1018149238,8.143243047667045,footway,Unnamed,False,30.0,Uncategorized,
560712423,560712416,25.646058165525,footway,Unnamed,False,30.0,Uncategorized,
560712423,12188365852,10.437465449641774,footway,Unnamed,False,30.0,Uncategorized,
560712423,1018149277,7.672044249331908,footway,Unnamed,False,30.0,Uncategorized,
560726408,569081323,6.453603503030824,service,Unnamed,False,25.85,Uncategorized,
560726408,572995071,8.08732579324273,footway,Unnamed,False,30.0,Uncategorized,
560726408,382803479,58.29317420345152,unclassified,Harold Cuzner Royal Palm Avenue,True,30.0,Uncategorized,2
560726410,382813005,54.06829804811993,service,Unnamed,False,25.85,Uncategorized,
560726410,569081323,8.188700697489153,service,Unnamed,False,25.85,Uncategorized,
560726410,594371581,19.790336638843694,service,Unnamed,False,25.85,Uncategorized,
560727317,560727318,13.474438971518795,service,Unnamed,False,25.85,Uncategorized,
560727318,560727319,20.89761949216342,service,Unnamed,False,25.85,Uncategorized,
560727318,560727317,13.474438971518795,service,Unnamed,False,25.85,Uncategorized,
560727318,560727335,24.79610756682432,service,Unnamed,False,25.85,Uncategorized,
560727319,1018149671,18.530194579218666,service,Unnamed,False,25.85,Uncategorized,
560727319,560727318,20.89761949216342,service,Unnamed,False,25.85,Uncategorized,
560727319,1018149020,11.352280593173417,footway,Unnamed,False,30.0,Uncategorized,
560727335,560727318,24.79610756682432,service,Unnamed,False,25.85,Uncategorized,
560727335,560727546,27.198959749021288,footway,Unnamed,False,30.0,Uncategorized,
560727335,560727544,12.108956065932011,footway,Unnamed,False,30.0,Uncategorized,
560727335,560727337,24.37392012729379,service,Unnamed,False,25.85,Uncategorized,
560727337,560727335,24.37392012729379,service,Unnamed,False,25.85,Uncategorized,
560727544,560727335,12.108956065932011,footway,Unnamed,False,30.0,Uncategorized,
560727544,1018149205,3.3092125801993153,steps,Unnamed,False,30.49,Uncategorized,
560727544,1018149020,20.86406905092933,footway,Unnamed,False,30.0,Uncategorized,
560727546,560727335,27.198959749021288,footway,Unnamed,False,30.0,Uncategorized,
567882259,3186167623,12.010375796778543,service,Unnamed,False,20.0,Uncategorized,
567882259,573359678,16.5886045449742,service,Unnamed,False,20.0,Uncategorized,
567882259,767038071,35.7658262137321,steps,Unnamed,False,30.49,Uncategorized,
569081323,382811175,23.335338049301157,footway,Unnamed,False,30.0,Uncategorized,
569081323,790709135,27.850873750046997,footway,Unnamed,False,30.0,Uncategorized,
569081323,560726408,6.453603503030824,service,Unnamed,False,25.85,Uncategorized,
569081323,560726410,8.188700697489153,service,Unnamed,False,25.85,Uncategorized,
571851691,12254024697,5.631678532340787,footway,Unnamed,False,30.0,Uncategorized,
571851691,12257218662,4.132514010915983,footway,Unnamed,False,30.0,Uncategorized,
571851691,253795223,14.41382243189934,secondary,Lopez Avenue,False,30.0,Uncategorized,2
571851691,1246493256,16.30229272957542,secondary,Lopez Avenue,False,30.0,Uncategorized,2
572984777,391720955,60.99075953946837,unclassified,Luz U. Oñate Street,False,30.0,Uncategorized,2
572984777,584698880,61.498788277854146,unclassified,Luz U. Oñate Street,False,30.0,Uncategorized,2
572984777,573341800,18.62241937226522,footway,Unnamed,False,30.0,Uncategorized,
572988466,2062527570,7.999148687514601,service,Unnamed,False,25.85,Uncategorized,
572988466,529871293,12.941477561376301,service,Unnamed,False,25.85,Uncategorized,
572988466,792626686,48.9438214963106,footway,Unnamed,False,30.0,Uncategorized,
572988943,529871520,18.685116663662154,footway,Unnamed,False,30.0,Uncategorized,
572988943,572989349,6.507842006835413,footway,Unnamed,False,30.0,Uncategorized,
572988943,2112402544,4.93239930580828,path,Unnamed,False,30.0,Uncategorized,
572988943,572989331,28.189941709477406,footway,Unnamed,False,30.0,Uncategorized,
572989331,529871297,16.619591386519353,footway,Unnamed,False,30.0,Uncategorized,
572989331,572988943,28.189941709477406,footway,Unnamed,False,30.0,Uncategorized,
572989331,792626686,24.424007671470452,footway,Unnamed,False,30.0,Uncategorized,
572989349,529871522,5.506389511820314,footway,Unnamed,False,30.0,Uncategorized,
572989349,572988943,6.507842006835413,footway,Unnamed,False,30.0,Uncategorized,
572989349,529871520,24.372710222888244,footway,Unnamed,False,30.0,Uncategorized,
572995071,560726408,8.08732579324273,footway,Unnamed,False,30.0,Uncategorized,
572995071,382813568,17.095238696909753,footway,Unnamed,False,30.0,Uncategorized,
572995071,583490269,38.44984086564156,footway,Unnamed,False,30.0,Uncategorized,
572995071,572995672,20.364499977944728,footway,Unnamed,False,30.0,Uncategorized,
572995071,572995670,20.956368524197934,path,Unnamed,False,30.0,Uncategorized,
572995664,1430814619,3.42669563163184,footway,Unnamed,False,30.0,Uncategorized,
572995664,12254060472,9.844465365461934,footway,Unnamed,False,30.0,Uncategorized,
572995664,1430814644,24.913358804051988,footway,Unnamed,False,30.0,Uncategorized,
572995668,1430814585,6.7038276613875265,footway,Unnamed,False,30.0,Uncategorized,
572995668,572995670,4.509275691859045,footway,Unnamed,False,30.0,Uncategorized,
572995668,12254060472,10.86731400664926,footway,Unnamed,False,30.0,Uncategorized,
572995670,572995672,9.074971546908817,footway,Unnamed,False,30.0,Uncategorized,
572995670,572995668,4.509275691859045,footway,Unnamed,False,30.0,Uncategorized,
572995670,572995071,20.956368524197934,path,Unnamed,False,30.0,Uncategorized,
572995672,583490267,16.10919865713708,footway,Unnamed,False,30.0,Uncategorized,
572995672,572995670,9.074971546908817,footway,Unnamed,False,30.0,Uncategorized,
572995672,572995071,20.364499977944728,footway,Unnamed,False,30.0,Uncategorized,
572995719,1430814611,3.0193117617514136,footway,Unnamed,False,30.0,Uncategorized,
572995719,1430814630,4.919943062423594,footway,Unnamed,False,30.0,Uncategorized,
572995719,572995728,10.993290844895709,footway,Unnamed,False,30.0,Uncategorized,
572995728,572996939,1.9528254517564156,footway,Unnamed,False,30.0,Uncategorized,
572995728,497686510,49.71384116859916,unclassified,Andres P. Aglibut Avenue,True,30.0,Uncategorized,2
572995728,572995719,10.993290844895709,footway,Unnamed,False,30.0,Uncategorized,
572996939,1252052261,32.81183603691505,footway,Unnamed,False,30.0,Uncategorized,
572996939,572995728,1.9528254517564156,footway,Unnamed,False,30.0,Uncategorized,
572996939,382812102,49.81416644054891,footway,Unnamed,False,30.0,Uncategorized,
572998550,572998743,19.29684735597707,service,Unnamed,False,25.85,Uncategorized,
572998550,1116385269,48.421548237024155,service,Unnamed,False,25.85,Uncategorized,
572998550,438049080,20.345800709656324,service,Unnamed,False,25.85,Uncategorized,
572998743,572998550,19.29684735597707,service,Unnamed,False,25.85,Uncategorized,
572998743,2081049204,1.7794899009612413,steps,Unnamed,False,30.49,Uncategorized,
572998743,438049080,48.978740500441134,service,Unnamed,False,25.85,Uncategorized,
572999512,573336005,7.178462337504034,footway,Unnamed,False,30.0,Uncategorized,
572999512,12186657948,6.451318308522611,footway,Unnamed,False,30.0,Uncategorized,
572999512,382813567,32.21709444002911,footway,Unnamed,False,30.0,Uncategorized,
573000135,573336005,2.046435852646377,footway,Unnamed,False,30.0,Uncategorized,
573000135,1252052261,30.990498262584847,footway,Unnamed,False,30.0,Uncategorized,
573000135,573000137,15.059855813736055,footway,Unnamed,False,30.0,Uncategorized,
573000137,583490535,4.253883166143854,footway,Unnamed,False,30.0,Uncategorized,
573000137,12254049922,80.76063063383714,footway,Unnamed,False,30.0,Uncategorized,
573000137,573000135,15.059855813736055,footway,Unnamed,False,30.0,Uncategorized,
573002177,12254049906,24.832376674616366,steps,Unnamed,False,30.49,Uncategorized,
573002177,573003590,49.46368199881233,footway,Unnamed,False,30.0,Uncategorized,
573002177,1268348786,58.558474618335026,footway,Unnamed,False,30.0,Uncategorized,
573003590,2477266006,2.9280303351202797,footway,Unnamed,False,30.0,Uncategorized,
573003590,573002177,49.46368199881233,footway,Unnamed,False,30.0,Uncategorized,
573003590,12254049912,17.66985116387153,steps,Unnamed,False,30.49,Uncategorized,
573004683,12254049913,3.3781615481572693,footway,Unnamed,False,30.0,Uncategorized,
573004683,560226993,11.582803160250059,footway,Unnamed,False,30.0,Uncategorized,
573004683,391723431,61.543656373492205,unclassified,Pedro R. Sandoval Avenue,True,30.0,Uncategorized,2
573281714,391723432,4.294452826555394,unclassified,Pedro R. Sandoval Avenue,True,30.0,Uncategorized,2
573281714,12254049922,4.896710106129795,footway,Unnamed,False,30.0,Uncategorized,
573281714,560226842,12.212571883076128,footway,Unnamed,False,30.0,Uncategorized,
573285860,2477266006,2.693740034868764,footway,Unnamed,False,30.0,Uncategorized,
573285860,1268348786,45.9335139078774,footway,Unnamed,False,30.0,Uncategorized,
573285860,12254049913,17.52506724303374,steps,Unnamed,False,30.49,Uncategorized,
573287425,583159743,23.49887254085738,footway,Unnamed,False,30.0,Uncategorized,
573287425,435134990,2.8285949679328914,cycleway,Unnamed,False,30.49,Uncategorized,
573287425,12254049923,54.35288988525345,footway,Unnamed,False,30.0,Uncategorized,
573287425,583490630,19.979478826667517,cycleway,Unnamed,False,30.49,Uncategorized,
573292855,560226837,7.32503693006707,footway,Unnamed,False,30.0,Uncategorized,
573292855,560226842,3.658715405195461,footway,Unnamed,False,30.0,Uncategorized,
573292855,391723433,13.403110499046681,footway,Unnamed,False,30.0,Uncategorized,
573293317,560226843,6.606759602820768,footway,Unnamed,False,30.0,Uncategorized,
573293317,560226842,7.419932754963992,footway,Unnamed,False,30.0,Uncategorized,
573293317,560226837,3.6725408445812433,footway,Unnamed,False,30.0,Uncategorized,
573296288,435134781,29.13575156714871,unclassified,Pedro R. Sandoval Avenue,False,30.0,Uncategorized,2
573296288,12254049932,34.40081924020653,unclassified,Pedro R. Sandoval Avenue,False,30.0,Uncategorized,2
573296288,573297685,19.30890087637796,service,Unnamed,False,25.85,Uncategorized,1
573296293,12186657955,15.862651101525634,unclassified,Pedro R. Sandoval Avenue,False,30.0,Uncategorized,2
573296293,435134781,24.370840838608384,unclassified,Pedro R. Sandoval Avenue,False,30.0,Uncategorized,2
573296293,573297709,17.787538693622793,service,Unnamed,False,25.85,Uncategorized,1
573297685,573297709,47.444984026532666,service,Unnamed,False,25.85,Uncategorized,1
573297685,573296288,19.30890087637796,service,Unnamed,False,25.85,Uncategorized,1
573297685,12186657953,55.98676239598627,footway,Unnamed,False,30.0,Uncategorized,
573297709,573296293,17.787538693622793,service,Unnamed,False,25.85,Uncategorized,1
573297709,573297685,47.444984026532666,service,Unnamed,False,25.85,Uncategorized,1
573297709,12186657967,24.686334977538774,path,Unnamed,False,30.0,Uncategorized,
573301686,12254049929,17.650644295413283,footway,Unnamed,False,30.0,Uncategorized,
573301686,12254049930,16.908927379128865,footway,Unnamed,False,30.0,Uncategorized,
573301686,573305117,22.834092512927384,service,Unnamed,False,25.85,Uncategorized,1
573301686,573305117,28.56865784556885,steps,Unnamed,False,30.49,Uncategorized,
573305117,1524402191,105.44092506550065,service,Unnamed,False,25.85,Uncategorized,1
573305117,573301686,22.834092512927384,service,Unnamed,False,25.85,Uncategorized,1
573305117,573301686,28.56865784556885,steps,Unnamed,False,30.49,Uncategorized,
573305166,12256481421,20.62427514302924,secondary,Jose R. Velasco Avenue,False,30.0,Uncategorized,2
573305166,12186657952,5.854582155304587,service,Unnamed,False,25.85,Uncategorized,1
573305166,12188365860,4.136962894584212,service,Unnamed,False,25.85,Uncategorized,
573305166,434809837,49.68836533692798,secondary,Jose R. Velasco Avenue,False,30.0,Uncategorized,2
573334879,600741080,16.359940168095438,footway,Unnamed,False,30.0,Uncategorized,
573334879,438064252,29.58498616983766,footway,Unnamed,False,30.0,Uncategorized,
573334879,811028743,23.722414428587896,footway,Unnamed,False,30.0,Uncategorized,
573336005,438049076,30.62551564749165,unclassified,Andres P. Aglibut Avenue,True,30.0,Uncategorized,2
573336005,573000135,2.046435852646377,footway,Unnamed,False,30.0,Uncategorized,
573336005,572999512,7.178462337504034,footway,Unnamed,False,30.0,Uncategorized,
573338564,530609701,4.801625439739842,steps,Unnamed,False,30.49,Uncategorized,
573338770,521340408,13.666092954950544,unclassified,Pedro R. Sandoval Avenue,True,30.0,Uncategorized,2
573338770,1445225149,0.8755998543233344,service,Unnamed,False,30.0,Uncategorized,1
573338770,12186657947,4.153907682601452,footway,Unnamed,False,30.0,Uncategorized,
573339097,9085381483,2.779171348918438,service,Unnamed,False,30.0,Uncategorized,1
573339097,811028017,9.321744161503394,service,Unnamed,False,30.0,Uncategorized,1
573339097,1445225160,6.823641941980836,footway,Unnamed,False,30.0,Uncategorized,
573341800,573360638,24.71981090748478,footway,Unnamed,False,30.0,Uncategorized,
573341800,3186167633,14.715829060010378,path,Unnamed,False,30.0,Uncategorized,
573341800,572984777,18.62241937226522,footway,Unnamed,False,30.0,Uncategorized,
573341800,3186810982,6.25698368320855,footway,Unnamed,False,30.0,Uncategorized,
573342295,3186167613,1.091648340693513,footway,Unnamed,False,30.0,Uncategorized,
573342295,983332941,42.38739461972869,path,Unnamed,False,30.0,Uncategorized,
573342295,3186167633,28.526882093249426,steps,Unnamed,False,30.49,Uncategorized,
573346120,3367824259,15.052249205543717,footway,Unnamed,False,30.0,Uncategorized,
573346120,382803479,3.2447117270980073,footway,Unnamed,False,30.0,Uncategorized,
573346120,790709135,32.43052126999345,footway,Unnamed,False,30.0,Uncategorized,
573346120,3367824218,17.122825812205477,footway,Unnamed,False,30.0,Uncategorized,
573359639,431156409,15.136380506216573,service,Unnamed,False,25.85,Uncategorized,
573359639,12186673177,8.213800076065732,footway,Unnamed,False,30.0,Uncategorized,
573359639,573359678,29.381601948453,service,Unnamed,False,20.0,Uncategorized,
573359678,567882259,16.5886045449742,service,Unnamed,False,20.0,Uncategorized,
573359678,573359639,29.381601948453,service,Unnamed,False,20.0,Uncategorized,
573359678,431156410,57.31069723724772,footway,Unnamed,False,30.0,Uncategorized,
573360638,3186167616,5.810468033715338,footway,Unnamed,False,30.0,Uncategorized,
573360638,573341800,24.71981090748478,footway,Unnamed,False,30.0,Uncategorized,
573360638,1891630797,1.8041483311609636,footway,Unnamed,False,30.0,Uncategorized,
573361822,573361823,16.14474408764578,footway,Unnamed,False,30.0,Uncategorized,
573361823,573361822,16.14474408764578,footway,Unnamed,False,30.0,Uncategorized,
573361823,12254040064,48.53304480980958,footway,Unnamed,False,30.0,Uncategorized,
573361823,1524402194,11.58497737590772,steps,Unnamed,False,30.49,Uncategorized,
573362715,10066583276,9.886221337781933,footway,Unnamed,False,30.0,Uncategorized,
573362715,573362721,26.242329166715834,footway,Unnamed,False,30.0,Uncategorized,
573362715,438056114,25.99460385322392,footway,Unnamed,False,30.0,Uncategorized,
573362721,573362715,26.24232916671583,footway,Unnamed,False,30.0,Uncategorized,
573362721,438049385,7.97250364118864,footway,Unnamed,False,30.0,Uncategorized,
573362721,4271509038,6.2986294687593976,footway,Unnamed,False,30.0,Uncategorized,
582439700,6361461423,6.149735656783929,footway,Unnamed,False,30.0,Uncategorized,
582439700,778906819,11.029179716233342,footway,Unnamed,False,30.0,Uncategorized,
582439700,5507052537,16.296378779440417,tertiary,"['Pili Drive', 'Mariano M. Mondoñedo Avenue']",False,33.15,Uncategorized,2
582439700,452998712,38.8506491706489,tertiary,Pili Drive,False,33.15,Uncategorized,2
582443136,582443141,135.63229619038452,residential,Sierra Madre Extension,False,30.0,Uncategorized,1
582443141,428744123,97.38276603435065,residential,Sierra Madre Extension,False,30.0,Uncategorized,1
582443141,582443136,135.63229619038452,residential,Sierra Madre Extension,False,30.0,Uncategorized,1
582443141,1119886435,151.96786286181728,residential,Sierra Madre Extension,False,30.0,private,1
582443144,428744123,19.326201121288776,residential,Sierra Madre Extension,False,30.0,Uncategorized,2
582443495,775988655,15.173024233028565,footway,Unnamed,False,30.0,Uncategorized,
582443495,1252052119,35.44098144088137,footway,Unnamed,False,30.0,Uncategorized,
582443495,4791055608,40.721892593511676,footway,Unnamed,False,30.0,Uncategorized,
583159624,583159664,6.809402993284337,footway,Unnamed,False,30.0,Uncategorized,
583159624,1252052155,25.916798606080363,footway,Unnamed,False,30.0,Uncategorized,
583159624,583491255,19.548437372043015,footway,Unnamed,False,30.0,Uncategorized,
583159664,12186657946,8.566952891895635,footway,Unnamed,False,30.0,Uncategorized,
583159664,583159624,6.809402993284337,footway,Unnamed,False,30.0,Uncategorized,
583159664,12186657945,7.423603599082259,footway,Unnamed,False,30.0,Uncategorized,
583159665,573338770,12.648545486557671,unclassified,Pedro R. Sandoval Avenue,True,30.0,Uncategorized,2
583159665,1445225150,2.53963016058595,footway,Unnamed,False,30.0,Uncategorized,
583159665,12186657946,4.599081302968247,footway,Unnamed,False,30.0,Uncategorized,
583159743,573287425,23.49887254085738,footway,Unnamed,False,30.0,Uncategorized,
583159743,583490535,2.2434161450930152,footway,Unnamed,False,30.0,Uncategorized,
583159743,12186673121,13.043004480774794,footway,Unnamed,False,30.0,Uncategorized,
583159743,583490630,23.516427457520592,footway,Unnamed,False,30.0,Uncategorized,
583159765,9085381483,6.917448262935947,service,Unnamed,False,30.0,Uncategorized,1
583159765,12254040072,3.7451081752180326,service,Unnamed,False,25.85,Uncategorized,
583159765,12186673122,18.10657219194231,unclassified,Andres P. Aglibut Avenue,True,30.0,Uncategorized,2
583474474,1336263003,18.41968342506878,unclassified,Domingo M. Lantican Avenue,True,35.0,Uncategorized,2
583474474,454086944,177.0291784802564,unclassified,Domingo M. Lantican Avenue,False,40.0,Uncategorized,2
583474492,583474493,18.625954660305094,footway,Unnamed,False,30.0,Uncategorized,
583474492,811033349,13.740098268229332,footway,Unnamed,False,30.0,Uncategorized,
583474492,816644604,24.38153770693657,steps,Unnamed,False,30.49,Uncategorized,
583474493,583474492,18.625954660305094,footway,Unnamed,False,30.0,Uncategorized,
583474493,583474495,21.905804767720074,footway,Unnamed,False,30.0,Uncategorized,
583474493,438064969,1.847105697789544,footway,Unnamed,False,30.0,Uncategorized,
583474494,761879553,20.8220929718546,footway,Unnamed,False,30.0,Uncategorized,
583474494,583474495,17.3709131747117,footway,Unnamed,False,30.0,Uncategorized,
583474494,583474496,15.601069173759916,footway,Unnamed,False,30.0,Uncategorized,
583474494,816644633,1.8798181233142592,footway,Unnamed,False,30.0,Uncategorized,
583474495,583474494,17.3709131747117,footway,Unnamed,False,30.0,Uncategorized,
583474495,583474493,21.905804767720074,footway,Unnamed,False,30.0,Uncategorized,
583474495,811033347,3.407058651379139,steps,Unnamed,False,30.49,Uncategorized,
583474496,431155547,21.388007618847862,service,Fabian A. Tiongson Street,False,25.85,Uncategorized,
583474496,438064972,34.18820850914457,service,Fabian A. Tiongson Street,False,25.85,Uncategorized,
583474496,583474494,15.601069173759916,footway,Unnamed,False,30.0,Uncategorized,
583490267,583490269,12.501116364679527,footway,Unnamed,False,30.0,Uncategorized,
583490267,572995672,16.10919865713708,footway,Unnamed,False,30.0,Uncategorized,
583490267,382803480,27.45480649684803,footway,Unnamed,False,30.0,Uncategorized,
583490269,382817016,17.750852233677747,footway,Unnamed,False,30.0,Uncategorized,
583490269,583490267,12.501116364679527,footway,Unnamed,False,30.0,Uncategorized,
583490269,572995071,38.44984086564156,footway,Unnamed,False,30.0,Uncategorized,
583490396,811028009,3.9287681552927305,service,Unnamed,False,30.0,Uncategorized,1
583490396,1445225149,4.5175024488951685,service,Unnamed,False,30.0,Uncategorized,1
583490396,1445225150,13.614521426106911,footway,Unnamed,False,30.0,Uncategorized,
583490535,435134990,26.007742218479326,unclassified,Pedro R. Sandoval Avenue,False,30.0,Uncategorized,2
583490535,391722488,14.407722435154309,unclassified,Pedro R. Sandoval Avenue,False,30.0,Uncategorized,2
583490535,583159743,2.2434161450930152,footway,Unnamed,False,30.0,Uncategorized,
583490535,573000137,4.253883166143854,footway,Unnamed,False,30.0,Uncategorized,
583490629,583490630,3.777289545088724,cycleway,Unnamed,False,30.49,Uncategorized,
583490629,816645232,13.532485214338893,footway,Unnamed,False,30.0,Uncategorized,
583490629,1252052238,23.707605424812566,service,Unnamed,False,25.85,Uncategorized,
583490630,583490629,3.777289545088724,cycleway,Unnamed,False,30.49,Uncategorized,
583490630,573287425,19.979478826667517,cycleway,Unnamed,False,30.49,Uncategorized,
583490630,583159743,23.51642745752059,footway,Unnamed,False,30.0,Uncategorized,
583491255,12186657944,26.347383666794943,service,Unnamed,True,30.0,Uncategorized,1
583491255,583159624,19.548437372043015,footway,Unnamed,False,30.0,Uncategorized,
584698880,12186673123,9.262195336603433,unclassified,Luz U. Oñate Street,False,30.0,Uncategorized,2
584698880,790709133,15.421796226936454,service,Unnamed,False,20.0,Uncategorized,
584698880,1252052128,14.418014491263117,footway,Unnamed,False,30.0,Uncategorized,
584698880,572984777,61.498788277854146,unclassified,Luz U. Oñate Street,False,30.0,Uncategorized,2
584700337,8336800308,5.946710417948069,service,Unnamed,False,25.85,Uncategorized,
584700337,584700392,21.418061443090412,service,Unnamed,False,25.85,Uncategorized,
584700337,435135692,18.742288888934088,service,Unnamed,False,25.85,Uncategorized,
584700392,431157639,7.794018035883229,service,Unnamed,False,25.85,Uncategorized,
584700392,584700337,21.418061443090412,service,Unnamed,False,25.85,Uncategorized,
584700392,435135692,37.805052342814754,service,Unnamed,False,25.85,Uncategorized,
584702546,4791748352,8.5716009722133,tertiary,Jose M. Capinpin Street,True,33.15,Uncategorized,2
584702546,12254040090,4.626210010293044,path,Unnamed,False,30.0,Uncategorized,
584703089,382802613,8.03120263431922,service,Unnamed,True,25.85,Uncategorized,
584703089,3172043400,36.3323649351921,path,Unnamed,False,30.0,Uncategorized,
585906705,585906720,278.62512001448056,residential,Ipil-Ipil,False,30.0,Uncategorized,2
585906705,585906720,66.91919376841139,residential,Acacia,False,30.0,Uncategorized,2
585906705,12186657997,183.19663306117928,residential,Ipil-Ipil,False,30.0,Uncategorized,2
585906720,585906705,278.62512001448056,residential,Ipil-Ipil,False,30.0,Uncategorized,2
585906720,585906705,66.91919376841139,residential,Acacia,False,30.0,Uncategorized,2
585906720,585907060,111.69797844158971,residential,Acacia,False,30.0,Uncategorized,2
585907060,452998014,65.37636548514243,residential,Unnamed,False,30.0,Uncategorized,2
585907060,527827326,436.70793577539365,residential,Acacia,False,30.0,Uncategorized,2
585907060,585906720,111.69797844158971,residential,Acacia,False,30.0,Uncategorized,2
585908058,821353869,12.032686645104606,residential,Makiling Road,False,30.0,Uncategorized,2
585908058,12186673118,3.5516465914334803,service,Unnamed,False,25.85,Uncategorized,
585908058,454087636,37.017172708662585,residential,Makiling Road,False,30.0,Uncategorized,2
585909253,454087620,171.1150333033448,residential,Rosario T. Cortes,False,30.0,Uncategorized,
585909253,454087617,51.58900627209199,residential,Rosario T. Cortes,False,30.0,Uncategorized,
585909253,1119842246,107.96404583964859,residential,Unnamed,False,31.86,Uncategorized,
585910298,594359489,10.102509419992488,footway,Unnamed,False,30.0,Uncategorized,
585910298,797775681,19.956538615649563,residential,Felix O. Chinte Sr.,False,30.0,Uncategorized,2
585910298,1119842238,22.197742369882775,residential,Felix O. Chinte Sr.,False,30.0,Uncategorized,2
585910302,585910304,52.35198766659822,residential,Felix O. Chinte Sr.,False,30.0,Uncategorized,2
585910302,797775681,16.70924380722319,residential,Felix O. Chinte Sr.,False,30.0,Uncategorized,2
585910302,594357775,27.557786276106334,service,Unnamed,False,25.85,Uncategorized,
585910304,585910302,52.35198766659822,residential,Felix O. Chinte Sr.,False,30.0,Uncategorized,2
585910304,594357775,37.59195411128683,service,Unnamed,False,25.85,Uncategorized,
585910304,12186673115,46.885971305350964,residential,Felix O. Chinte Sr.,False,30.0,Uncategorized,2
585912216,12186673103,39.86087563841561,service,Unnamed,False,25.85,Uncategorized,
585912216,1119842256,84.1866196140856,service,Unnamed,False,25.85,Uncategorized,
585912216,3723252208,98.7141548290652,service,Unnamed,False,25.85,Uncategorized,
585912221,12186673103,5.291943268040448,service,Unnamed,False,25.85,Uncategorized,
585912221,454087036,122.06225844594245,unclassified,Domingo M. Lantican Avenue,True,35.0,Uncategorized,2
594355600,594355615,159.65298549618905,residential,Valentin Sajor,False,30.0,Uncategorized,2
594355600,454087623,37.289685348932196,residential,Valentin Sajor,False,30.0,Uncategorized,2
594355600,1119842238,34.119307311406445,residential,Valentin Sajor,False,30.0,Uncategorized,2
594355615,594355600,159.65298549618907,residential,Valentin Sajor,False,30.0,Uncategorized,2
594355615,594360378,179.659619443529,residential,Valentin Sajor,False,30.0,Uncategorized,2
594355615,594360407,54.385611601555894,residential,Valentin Sajor,False,30.0,Uncategorized,2
594357775,1119842172,2.1451701074426612,steps,Unnamed,False,30.49,Uncategorized,
594357775,585910304,37.59195411128683,service,Unnamed,False,25.85,Uncategorized,
594357775,585910302,27.557786276106334,service,Unnamed,False,25.85,Uncategorized,
594359489,585910298,10.102509419992488,footway,Unnamed,False,30.0,Uncategorized,
594360378,594360402,194.4620272555887,residential,Valentin Sajor,False,30.0,Uncategorized,2
594360378,594355615,179.65961944352898,residential,Valentin Sajor,False,30.0,Uncategorized,2
594360378,3896584579,52.31839274356206,residential,Unnamed,False,31.86,Uncategorized,
594360402,594360407,25.903761290314932,residential,Valentin Sajor,False,30.0,Uncategorized,2
594360402,594360378,194.46202725558874,residential,Valentin Sajor,False,30.0,Uncategorized,2
594360402,3896584252,19.976065342960645,service,Unnamed,False,25.85,Uncategorized,
594360407,594355615,54.385611601555894,residential,Valentin Sajor,False,30.0,Uncategorized,2
594360407,594360402,25.903761290314932,residential,Valentin Sajor,False,30.0,Uncategorized,2
594360407,3896584252,18.196557741948435,service,Unnamed,False,25.85,Uncategorized,
594371581,821375570,12.052471700956088,footway,Unnamed,False,30.0,Uncategorized,
594371581,790709130,14.574748148510011,service,Unnamed,False,25.85,Uncategorized,
594371581,560726410,19.790336638843694,service,Unnamed,False,25.85,Uncategorized,
600741080,573334879,16.359940168095438,footway,Unnamed,False,30.0,Uncategorized,
600741080,4791748385,25.2178116167551,footway,Unnamed,False,30.0,Uncategorized,
600741080,4791748380,31.736271506224064,footway,Unnamed,False,30.0,Uncategorized,
600741080,4791748373,57.7098496145064,footway,Unnamed,False,30.0,Uncategorized,
606307093,12254040031,5.63022702159676,service,Unnamed,False,25.85,Uncategorized,
606307093,1532125100,7.143535420322864,tertiary,Mariano M. Mondoñedo Avenue,False,35.0,Uncategorized,2
606307093,12254040047,20.93110108581727,tertiary,Mariano M. Mondoñedo Avenue,False,35.0,Uncategorized,2
606307094,253770770,44.427831880355036,residential,Mariano M. Mondoñedo Avenue,False,35.0,Uncategorized,2
606307094,527829642,14.54623253134926,service,Unnamed,False,25.85,Uncategorized,
606307094,527829431,92.18208080086568,residential,Mariano M. Mondoñedo Avenue,False,35.0,Uncategorized,2
606307311,818892878,7.896501899376773,unclassified,Andres P. Aglibut Avenue,False,30.0,Uncategorized,2
606307311,12254040065,3.441615715957963,footway,Unnamed,False,30.0,Uncategorized,
606307311,436205061,74.78399905658065,unclassified,Andres P. Aglibut Avenue,False,30.0,Uncategorized,2
606307311,12254040076,16.91873987283588,footway,Unnamed,False,30.0,Uncategorized,
606516192,2081049164,0.5714221460593074,steps,Unnamed,False,30.49,Uncategorized,
606516192,12186657994,31.951660880986758,service,Unnamed,False,25.85,Uncategorized,
606516192,12186657991,33.76090225247277,service,Unnamed,False,25.85,Uncategorized,
630111108,867895256,10.677517113658078,service,Unnamed,False,25.85,Uncategorized,
630111108,630120138,31.354764057639056,service,Unnamed,False,25.85,Uncategorized,
630111108,720623751,43.430806552552205,footway,Unnamed,False,30.0,emergency,
630112871,12309592242,156.09937534700188,footway,Unnamed,False,30.0,Uncategorized,
630112871,382044700,116.03283899971746,footway,Unnamed,False,30.0,Uncategorized,
630112871,762080305,70.94054983093892,footway,Unnamed,False,30.0,Uncategorized,
630116608,432493491,7.799916423212094,footway,Unnamed,False,30.0,Uncategorized,
630116608,529868269,87.87135981047118,footway,Unnamed,False,30.0,private,
630116608,1441220236,14.504660988713063,path,Unnamed,False,30.0,no,
630120138,630111108,31.354764057639052,service,Unnamed,False,25.85,Uncategorized,
638552185,659629027,2851.116103975899,path,Unnamed,False,30.0,Uncategorized,
638552185,945030123,600.3694195571254,path,To Mudsprings,False,30.0,Uncategorized,
638898767,8893709741,64.17117471404019,residential,Unnamed,False,40.0,Uncategorized,2
638898767,638899611,33.71223976874057,tertiary,Valentino G. Argañosa,False,35.0,Uncategorized,2
638898767,1532188321,82.16796159147171,tertiary,Governor F. San Luis Street,False,33.15,Uncategorized,
638898769,290582856,152.03483469471377,residential,Unnamed,False,40.0,Uncategorized,2
638898769,1532188301,32.20004680015548,residential,Unnamed,False,40.0,Uncategorized,2
638898769,8893709748,128.34696509816283,residential,Unnamed,False,30.0,Uncategorized,1
638898782,1127153761,33.058440462203805,residential,Unnamed,False,30.0,Uncategorized,1
638898782,8893709751,15.097321778054074,service,Unnamed,False,25.85,Uncategorized,
638898782,8893709750,145.83051474256442,residential,Unnamed,False,30.0,Uncategorized,1
638898784,638898785,28.455420609183097,residential,Unnamed,False,30.0,Uncategorized,1
638898784,1127153761,37.74881404124717,residential,Unnamed,False,30.0,Uncategorized,1
638898784,638899611,296.84672521606427,residential,Unnamed,False,30.0,Uncategorized,1
638898785,638898788,53.26457119025208,residential,Unnamed,False,30.0,Uncategorized,1
638898785,638898784,28.455420609183097,residential,Unnamed,False,30.0,Uncategorized,1
638898785,1127153761,68.84764355503538,footway,Unnamed,False,30.0,Uncategorized,
638898788,253778898,303.0323080229797,residential,Unnamed,False,30.0,Uncategorized,1
638898788,638898785,53.26457119025208,residential,Unnamed,False,30.0,Uncategorized,1
638898788,638899098,187.07780639796383,residential,Unnamed,False,31.86,Uncategorized,
638898788,1127153809,87.99648736740895,footway,Unnamed,False,30.0,Uncategorized,
638899098,638899404,105.03845718272012,residential,Unnamed,False,35.0,Uncategorized,2
638899098,253510495,39.58972547946686,residential,Mariano M. Mondoñedo Avenue,False,35.0,Uncategorized,2
638899098,638898788,187.07780639796383,residential,Unnamed,False,31.86,Uncategorized,
638899098,1119827716,69.63298585661713,service,Unnamed,False,25.85,private,
638899293,527829640,72.92489245527045,service,Unnamed,False,25.85,Uncategorized,
638899293,253787306,20.204109580490996,service,Unnamed,False,25.85,Uncategorized,
638899293,253510495,81.48281355892287,service,Unnamed,False,25.85,Uncategorized,
638899404,638899098,105.03845718272012,residential,Unnamed,False,35.0,Uncategorized,2
638899404,8893740603,98.07483772939506,service,Unnamed,False,25.85,Uncategorized,
638899404,8893832483,143.47196464708156,residential,Unnamed,False,35.0,Uncategorized,2
638899611,638898767,33.71223976874057,tertiary,Valentino G. Argañosa,False,35.0,Uncategorized,2
638899611,1119827739,278.78756276630577,tertiary,Valentino G. Argañosa,False,35.0,Uncategorized,2
638899611,638898784,296.84672521606427,residential,Unnamed,False,30.0,Uncategorized,1
638899741,8323153375,4.15615190918284,residential,Unnamed,False,31.86,Uncategorized,
638899741,1119866270,234.48706015057442,residential,Venus Street,False,31.86,Uncategorized,
638899741,1532188325,38.7345245284911,residential,Unnamed,True,31.86,Uncategorized,
638899752,2719143668,37.65386293283526,tertiary,Governor F. San Luis Street,False,33.15,Uncategorized,
638899752,1532188325,90.14655597965528,tertiary,Governor F. San Luis Street,False,33.15,Uncategorized,
638899752,638900426,59.777449532925786,residential,Pilak,False,31.86,Uncategorized,
638900255,638900396,59.274823629073076,residential,Ginto,False,31.86,Uncategorized,
638900255,2719143732,42.79831076764462,tertiary,Governor F. San Luis Street,False,33.15,Uncategorized,
638900255,2719143802,28.34479091338736,tertiary,Governor F. San Luis Street,False,33.15,Uncategorized,
638900256,1120694786,135.00873813351308,residential,Waling-waling,False,30.0,Uncategorized,
638900256,1120694801,41.080533257504065,residential,Mariposa,False,30.0,Uncategorized,
638900256,638900257,61.996039692439524,residential,Waling-waling,False,30.0,Uncategorized,
638900257,638900256,61.996039692439524,residential,Waling-waling,False,30.0,Uncategorized,
638900257,2719143802,112.70131500991151,tertiary,Governor F. San Luis Street,False,33.15,Uncategorized,
638900257,638900571,75.97146726037126,tertiary,Governor F. San Luis Street,False,33.15,Uncategorized,
638900396,1119827755,61.85330838023264,residential,Ginto,False,31.86,Uncategorized,
638900396,638900255,59.274823629073076,residential,Ginto,False,31.86,Uncategorized,
638900396,638900426,226.89907719173598,residential,Unnamed,False,31.86,Uncategorized,
638900426,1120694573,61.34493938751366,residential,Pilak,False,31.86,Uncategorized,
638900426,638900396,226.89907719173598,residential,Unnamed,False,31.86,Uncategorized,
638900426,638899752,59.777449532925786,residential,Pilak,False,31.86,Uncategorized,
638900571,1532188335,117.41343668595808,tertiary,Governor F. San Luis Street,False,33.15,Uncategorized,
638900571,1120694388,203.1444719337079,residential,Maligaya Drive,False,31.86,Uncategorized,
638900571,638900257,75.97146726037126,tertiary,Governor F. San Luis Street,False,33.15,Uncategorized,
638901141,1532188351,24.705802933177438,tertiary,IPB Road,False,33.15,Uncategorized,2
638901141,638901298,79.20365175899917,tertiary,IPB Road,True,35.0,Uncategorized,1
638901298,638901141,77.49869957566462,tertiary,IPB Road,True,35.0,Uncategorized,1
638901298,6950341049,261.16650312438196,tertiary,IPB Road,False,40.0,Uncategorized,2
638901520,638901521,115.46255870308735,tertiary,IPB Road,False,33.15,Uncategorized,2
638901520,6950341049,118.32852841137733,tertiary,IPB Road,False,33.15,Uncategorized,2
638901520,2496156114,219.16633266524573,service,Unnamed,False,25.85,private,
638901521,8894303948,114.39382241454669,tertiary,IPB Road,False,33.15,Uncategorized,2
638901521,638901520,115.46255870308735,tertiary,IPB Road,False,33.15,Uncategorized,2
638901521,8894531481,202.00583949931072,service,Unnamed,False,25.85,private,
638901703,1201061510,14.24236185065616,unclassified,Unnamed,False,33.07,Uncategorized,2
638901703,1119827773,39.55771045645583,tertiary,IPB Road,False,33.15,Uncategorized,2
638901703,1119827788,101.73122978640504,tertiary,IPB Road,False,33.15,Uncategorized,2
638901873,8292796619,207.84919406324767,service,Unnamed,False,25.85,private,2
638901873,1143683922,185.16700306965996,service,Unnamed,False,25.85,private,2
638901873,1143683952,496.5751401213324,service,Unnamed,False,25.85,private,2
638902610,1143683928,351.54010495598135,track,Isa Avenue,False,30.0,private,
638902610,1119827773,57.063221001219674,tertiary,Road North 1,False,33.15,Uncategorized,2
659629013,659629027,467.82012585780114,path,Flat rocks Eco-trail,False,30.0,Uncategorized,
659629027,638552185,2851.1161039759,path,Unnamed,False,30.0,Uncategorized,
659629027,454087636,435.934635078897,path,Makiling Road,False,30.0,Uncategorized,2
659629027,659629013,467.82012585780114,path,Flat rocks Eco-trail,False,30.0,Uncategorized,
671866907,12186657956,38.63544362840365,tertiary,Unnamed,False,33.15,customers,
671866907,1268348786,14.544985632208498,steps,Unnamed,False,30.49,Uncategorized,
671866907,12254049916,59.86387032524564,tertiary,Unnamed,False,33.15,customers,
687323383,687323398,11.141209766631519,residential,Getulio B. Viado,False,30.0,Uncategorized,2
687323383,452997261,134.0055065832742,residential,Joseph C. Madamba,False,35.0,Uncategorized,2
687323383,5731390180,220.38214168215686,service,Unnamed,False,25.85,Uncategorized,
687323398,687357623,43.39999233742896,service,Unnamed,False,25.85,Uncategorized,
687323398,687323383,11.141209766631519,residential,Getulio B. Viado,False,30.0,Uncategorized,2
687323398,452997605,67.55649441756478,residential,Getulio B. Viado,False,30.0,Uncategorized,2
687332481,453004013,53.6562008267594,footway,Unnamed,False,30.0,Uncategorized,
687332481,687352299,41.28613739281788,footway,Unnamed,False,30.0,Uncategorized,
687332481,527828360,22.510531605217885,footway,Unnamed,False,30.0,Uncategorized,
687332554,527828360,8.425966111705346,service,Unnamed,False,25.85,Uncategorized,
687333242,687352299,33.93424877433656,service,Unnamed,False,25.85,Uncategorized,
687333243,12254040030,5.541224678963066,service,Unnamed,False,25.85,Uncategorized,
687333243,13123779768,5.00787667780234,tertiary,Mariano M. Mondoñedo Avenue,False,35.0,Uncategorized,2
687333243,1532125100,33.53265796328833,tertiary,Mariano M. Mondoñedo Avenue,False,35.0,Uncategorized,2
687333591,687356575,14.351687532864746,footway,Unnamed,False,30.0,Uncategorized,
687333591,12254040028,9.040016383973137,footway,Unnamed,False,30.0,Uncategorized,
687333591,12254040033,45.643897352427075,service,Unnamed,False,25.85,Uncategorized,
687352299,2339064601,48.0874544941187,service,Unnamed,False,25.85,Uncategorized,
687352299,687333242,33.93424877433656,service,Unnamed,False,25.85,Uncategorized,
687352299,687332481,41.28613739281788,footway,Unnamed,False,30.0,Uncategorized,
687352299,696419946,48.150705284274075,service,Unnamed,False,25.85,Uncategorized,
687356575,687333591,14.351687532864746,footway,Unnamed,False,30.0,Uncategorized,
687356753,12254040033,6.2886422148287275,service,Unnamed,False,25.85,Uncategorized,
687356753,1532125094,19.344311894151062,tertiary,Mariano M. Mondoñedo Avenue,False,35.0,Uncategorized,2
687356753,687356853,15.646541944639496,tertiary,Mariano M. Mondoñedo Avenue,False,35.0,Uncategorized,2
687356853,12254040039,5.077806285841287,service,Swine Husbandry,False,25.0,Uncategorized,
687356853,687356753,15.646541944639496,tertiary,Mariano M. Mondoñedo Avenue,False,35.0,Uncategorized,2
687356853,1532125089,21.311733082973042,tertiary,Mariano M. Mondoñedo Avenue,False,35.0,Uncategorized,2
687357623,687323398,43.39999233742896,service,Unnamed,False,25.85,Uncategorized,
687357623,1252052102,20.789630015890815,service,Unnamed,False,25.85,Uncategorized,
687357623,687357626,8.124020991224457,footway,Unnamed,False,30.0,Uncategorized,
687357626,687357623,8.124020991224457,footway,Unnamed,False,30.0,Uncategorized,
687360214,687379774,16.227238410229806,service,Archibald R. Ward,False,25.0,Uncategorized,2
687360214,687389595,23.796288617087505,service,Archibald R. Ward,False,25.0,Uncategorized,2
687360214,687389190,36.19988729027718,footway,Unnamed,False,30.0,Uncategorized,
687360255,12254040039,55.02345115588098,service,Swine Husbandry,False,25.0,Uncategorized,
687360317,4006910536,29.72888621674904,footway,Unnamed,False,30.0,Uncategorized,
687360320,894120154,24.73028888202642,footway,Unnamed,False,30.0,Uncategorized,
687360390,5507328843,12.687332906656058,footway,Unnamed,False,30.0,Uncategorized,
687360393,5507328843,9.283139187799893,footway,Unnamed,False,30.0,Uncategorized,
687360393,524092501,23.716864777011743,residential,Jose B. Juliano Avenue,False,30.0,Uncategorized,2
687360393,438060249,5.940110115277916,residential,Jose B. Juliano Avenue,False,30.0,Uncategorized,2
687360393,12186657974,3.3881246363589073,footway,Unnamed,False,30.0,Uncategorized,
687379681,696409341,53.848021160151504,service,Unnamed,False,25.0,Uncategorized,
687379774,687360214,16.227238410229806,service,Archibald R. Ward,False,25.0,Uncategorized,2
687379774,696409339,37.503716913448365,service,Archibald R. Ward,False,25.0,Uncategorized,2
687379774,1923626798,23.23283034077408,service,Unnamed,False,25.0,Uncategorized,
687389189,687389190,19.490611939509826,footway,Unnamed,False,30.0,Uncategorized,
687389189,6363688962,48.090538357247276,footway,Unnamed,False,30.0,Uncategorized,
687389189,8317776669,22.150891013746065,steps,Unnamed,False,30.49,Uncategorized,
687389190,687389189,19.490611939509826,footway,Unnamed,False,30.0,Uncategorized,
687389190,687360214,36.19988729027718,footway,Unnamed,False,30.0,Uncategorized,
687389190,687389592,39.300464405213866,footway,Unnamed,False,30.0,Uncategorized,
687389592,687389595,11.03850744193814,footway,Unnamed,False,30.0,Uncategorized,
687389592,687390066,21.63672221854498,footway,Unnamed,False,30.0,Uncategorized,
687389592,687389190,39.300464405213866,footway,Unnamed,False,30.0,Uncategorized,
687389595,452997259,94.67928748165295,service,Archibald R. Ward,False,25.0,Uncategorized,2
687389595,687360214,23.796288617087505,service,Archibald R. Ward,False,25.0,Uncategorized,2
687389595,687389592,11.03850744193814,footway,Unnamed,False,30.0,Uncategorized,
687390066,687389592,21.63672221854498,footway,Unnamed,False,30.0,Uncategorized,
687395976,696409341,37.38480538239095,service,Archibald R. Ward,False,25.0,Uncategorized,2
687395976,687400278,34.54763092450541,service,Sam B. Durham,False,25.0,Uncategorized,2
687395976,689735686,52.21367111315139,service,Archibald R. Ward,False,25.0,Uncategorized,2
687399432,5507328884,50.92015243060782,service,Unnamed,False,25.0,Uncategorized,1
687399432,6363688961,2.0472597556789007,service,Unnamed,False,25.0,Uncategorized,
687399432,1316698811,49.981104595144174,service,Unnamed,False,25.0,Uncategorized,1
687399434,1316698811,13.185039541831554,service,Unnamed,False,25.0,Uncategorized,1
687399434,12254040024,3.473273378891563,service,Archibald R. Ward,False,25.0,Uncategorized,2
687399434,453004181,57.04402846860833,service,Archibald R. Ward,False,25.0,Uncategorized,2
687399898,687399900,20.470388057315326,service,Unnamed,False,25.85,Uncategorized,
687399898,687399900,37.1449538991753,service,Unnamed,False,25.85,Uncategorized,
687399898,687400866,12.286787685124118,service,Unnamed,False,25.85,Uncategorized,
687399900,687399898,20.470388057315326,service,Unnamed,False,25.85,Uncategorized,
687399900,687399898,37.1449538991753,service,Unnamed,False,25.85,Uncategorized,
687399900,687400278,11.916791886261992,service,Unnamed,False,25.85,Uncategorized,
687400278,687400866,20.269493177758232,service,Sam B. Durham,False,25.0,Uncategorized,2
687400278,687399900,11.916791886261992,service,Unnamed,False,25.85,Uncategorized,
687400278,687395976,34.54763092450541,service,Sam B. Durham,False,25.0,Uncategorized,2
687400866,687400278,20.269493177758232,service,Sam B. Durham,False,25.0,Uncategorized,2
687400866,687399898,12.286787685124118,service,Unnamed,False,25.85,Uncategorized,
687400866,12254040038,47.55628037148443,service,Sam B. Durham,False,25.0,Uncategorized,2
687404151,6363688955,21.04024047276524,footway,Unnamed,False,30.0,private,
689735686,527827815,19.541135697670274,footway,Unnamed,False,30.0,Uncategorized,
689735686,689735687,14.585972122527703,service,Archibald R. Ward,False,25.0,Uncategorized,2
689735686,687395976,52.21367111315139,service,Archibald R. Ward,False,25.0,Uncategorized,2
689735687,689735688,26.096858047004233,service,Archibald R. Ward,False,25.0,Uncategorized,2
689735687,689735686,14.585972122527703,service,Archibald R. Ward,False,25.0,Uncategorized,2
689735687,2169901272,6.913626160805565,steps,Unnamed,False,30.49,Uncategorized,
689735687,4006910527,10.580177842006695,steps,Unnamed,False,30.49,Uncategorized,
689735688,12254040024,19.787229421401317,service,Archibald R. Ward,False,25.0,Uncategorized,2
689735688,689735687,26.096858047004233,service,Archibald R. Ward,False,25.0,Uncategorized,2
689735688,696417727,57.41254285358605,service,Unnamed,False,25.0,Uncategorized,
689737390,6363688965,4.348451195384237,steps,Unnamed,False,30.49,Uncategorized,
689737390,5499087143,20.604903815870387,residential,Jose B. Juliano Avenue,False,30.0,Uncategorized,2
689737390,12254040020,72.84210396808149,residential,Jose B. Juliano Avenue,False,30.0,Uncategorized,2
689737870,6363688965,24.58185075829691,steps,Unnamed,False,30.49,Uncategorized,
696409339,696409341,13.092369267289696,service,Archibald R. Ward,False,25.0,Uncategorized,2
696409339,687379774,37.503716913448365,service,Archibald R. Ward,False,25.0,Uncategorized,2
696409339,1923626798,23.1472119357682,service,Unnamed,False,25.0,Uncategorized,
696409341,687395976,37.38480538239095,service,Archibald R. Ward,False,25.0,Uncategorized,2
696409341,696409339,13.092369267289696,service,Archibald R. Ward,False,25.0,Uncategorized,2
696409341,687379681,53.848021160151504,service,Unnamed,False,25.0,Uncategorized,
696417727,6363688964,19.507077532421455,service,Manuel L. Roxas,False,25.0,Uncategorized,2
696417727,453004178,41.22751053885302,service,Manuel L. Roxas,False,25.0,Uncategorized,2
696417727,689735688,57.41254285358605,service,Unnamed,False,25.0,Uncategorized,
696419055,12256478673,42.746999480697774,footway,Unnamed,False,30.0,Uncategorized,
696419055,696422859,6.454677011592287,footway,Unnamed,False,30.0,Uncategorized,
696419055,778906820,79.02055364579175,footway,Unnamed,False,30.0,Uncategorized,
696419946,1252052127,21.07035885292536,service,Unnamed,False,25.85,Uncategorized,
696419946,778906820,42.443428390969565,service,Unnamed,False,25.85,Uncategorized,
696419946,687352299,48.15070528427408,service,Unnamed,False,25.85,Uncategorized,
696422859,12256478674,42.499433075819496,tertiary,Pili Drive,False,33.15,Uncategorized,2
696422859,6361461445,4.313769253809589,footway,Unnamed,False,30.0,Uncategorized,
696422859,696419055,6.454677011592287,footway,Unnamed,False,30.0,Uncategorized,
696422859,696425324,19.512858024020286,tertiary,Pili Drive,False,33.15,Uncategorized,2
696423617,6361461440,72.89656678907055,service,Unnamed,False,25.85,Uncategorized,
696425324,6361461428,3.8401012555598713,service,Unnamed,False,25.85,Uncategorized,
696425324,1532125217,31.512190677387046,tertiary,Pili Drive,False,33.15,Uncategorized,2
696425324,696422859,19.512858024020286,tertiary,Pili Drive,False,33.15,Uncategorized,2
696426315,1891630728,33.8010511806582,service,Unnamed,False,25.85,Uncategorized,
696426315,3136212246,38.56169271164516,service,Unnamed,False,25.85,Uncategorized,
696426315,3136212250,20.264139111832137,footway,Unnamed,False,30.0,Uncategorized,
715210776,7686697996,15.161978122331448,footway,Unnamed,False,30.0,Uncategorized,
715210776,10866680870,2.600381158132643,footway,Unnamed,False,30.0,Uncategorized,
715210776,715210778,49.585454344178544,footway,Unnamed,False,30.0,Uncategorized,
715210778,715210779,26.67576392042539,footway,Unnamed,False,30.0,Uncategorized,
715210778,7686697995,30.74129074149444,footway,Unnamed,False,30.0,Uncategorized,
715210778,715210776,49.585454344178544,footway,Unnamed,False,30.0,Uncategorized,
715210779,715210780,24.63742602346288,footway,Unnamed,False,30.0,Uncategorized,
715210779,715210778,26.67576392042539,footway,Unnamed,False,30.0,Uncategorized,
715210779,10908641890,47.3343999912244,footway,Unnamed,False,30.0,Uncategorized,
715210780,715210779,24.63742602346288,footway,Unnamed,False,30.0,Uncategorized,
715210951,10945583521,25.799116960576438,primary,National Highway,False,30.49,Uncategorized,4
715210951,12309592211,8.089516551330464,footway,Unnamed,False,30.0,Uncategorized,
715210951,417265693,23.474761932126704,primary,National Highway,False,30.49,Uncategorized,4
720623751,630111108,43.430806552552205,footway,Unnamed,False,30.0,emergency,
720623751,1441220242,11.664770915447312,footway,Unnamed,False,30.0,Uncategorized,
720623751,1441220236,14.491362518895004,path,Unnamed,False,30.0,no,
733810585,425109167,99.56029183705529,residential,Unnamed,False,31.86,Uncategorized,
742225963,12186673189,8.739131745796362,service,Unnamed,True,30.0,Uncategorized,
742225963,1441220242,16.63206871777257,footway,Unnamed,False,30.0,Uncategorized,
742226843,8336557489,29.54530948914139,residential,Diamond Street,False,40.0,Uncategorized,2
742226843,418624414,36.27550328206596,residential,Diamond Street,False,40.0,Uncategorized,2
742226843,12186673211,65.82041521317447,service,Unnamed,False,25.85,private,
742226890,742226893,29.480170480110417,service,Unnamed,False,25.85,Uncategorized,
742226893,418624414,7.749169861662922,residential,Diamond Street,False,40.0,Uncategorized,2
742226893,432493201,45.68987510195637,residential,Diamond Street,False,40.0,Uncategorized,2
742226893,742226890,29.480170480110417,service,Unnamed,False,25.85,Uncategorized,
742350177,10905852348,37.24914785342607,service,Unnamed,False,30.0,Uncategorized,
742350177,742351321,43.92110451459121,unclassified,Unnamed,False,30.0,Uncategorized,
742350177,454085901,49.867141080539234,unclassified,Unnamed,False,30.0,Uncategorized,
742350177,10919986053,65.5540176987482,pedestrian,Unnamed,False,30.49,Uncategorized,
742350188,10905848530,15.31304707083854,footway,Unnamed,False,30.0,Uncategorized,
742350188,10919972826,6.684333483971509,footway,Unnamed,False,30.0,Uncategorized,
742350188,10919986053,26.883330007223122,footway,Unnamed,False,30.0,Uncategorized,
742350696,12919658419,67.68191272992516,footway,Unnamed,False,30.0,Uncategorized,
742350696,742351994,88.04364936350015,path,Unnamed,False,30.0,Uncategorized,
742350696,742351983,11.298355240617063,path,Unnamed,False,30.0,Uncategorized,
742351305,742351307,19.29617234445955,unclassified,Unnamed,False,30.0,Uncategorized,
742351305,742352217,13.379055965127007,unclassified,Unnamed,False,33.07,Uncategorized,
742351305,742351983,136.92906722482292,path,Unnamed,False,30.0,Uncategorized,
742351307,742351305,19.29617234445955,unclassified,Unnamed,False,30.0,Uncategorized,
742351307,10908644582,26.083901033411536,unclassified,Unnamed,False,30.0,Uncategorized,
742351307,742351350,85.38304773579566,residential,Main Street,False,31.86,private,
742351319,8887165442,15.794346942270044,unclassified,Unnamed,False,30.0,Uncategorized,
742351319,10907099533,15.878044803481215,unclassified,Unnamed,False,30.0,Uncategorized,
742351319,8887165443,41.90298652291787,service,Unnamed,False,25.85,Uncategorized,
742351321,8887165442,9.915118480323768,unclassified,Unnamed,False,30.0,Uncategorized,
742351321,10908644604,41.860416434591436,service,Unnamed,False,25.85,Uncategorized,
742351321,742350177,43.92110451459121,unclassified,Unnamed,False,30.0,Uncategorized,
742351350,1252148183,45.48134966772051,residential,Main Street,False,31.86,private,
742351350,742351307,85.38304773579566,residential,Main Street,False,31.86,private,
742351350,8887110275,72.28632617732609,residential,1st Street,False,31.86,private,
742351410,12309592299,71.03067639489738,service,Unnamed,False,25.85,Uncategorized,
742351411,7874368795,15.090201379805233,tertiary,J. Aquino Street,False,33.15,Uncategorized,
742351411,10910516506,20.87255155679472,tertiary,J. Aquino Street,False,33.15,Uncategorized,
742351411,12309592299,5.071343013291536,service,Unnamed,False,25.85,Uncategorized,
742351977,8887109612,21.505485199580278,tertiary,J. Aquino Street,False,33.15,Uncategorized,
742351977,10910332357,29.837819486779093,tertiary,J. Aquino Street,False,33.15,Uncategorized,
742351977,12309592326,4.343373038931184,residential,Unnamed,False,31.86,Uncategorized,
742351983,742351987,88.87831689106713,path,Unnamed,False,30.0,Uncategorized,
742351983,742350696,11.298355240617063,path,Unnamed,False,30.0,Uncategorized,
742351983,742351305,136.92906722482292,path,Unnamed,False,30.0,Uncategorized,
742351987,742351983,88.87831689106713,path,Unnamed,False,30.0,Uncategorized,
742351994,742350696,88.04364936350015,path,Unnamed,False,30.0,Uncategorized,
742352217,742352709,87.80041658452102,unclassified,Unnamed,False,33.07,Uncategorized,
742352217,742351305,13.379055965127007,unclassified,Unnamed,False,33.07,Uncategorized,
742352217,742352224,7.472389476863071,footway,Unnamed,False,30.0,Uncategorized,
742352224,742352217,7.472389476863071,footway,Unnamed,False,30.0,Uncategorized,
742352377,12309592323,4.695380677126456,residential,Sitio Sampaguita,False,31.86,Uncategorized,
742352377,742352709,17.28418537187803,tertiary,J. Aquino Street,False,33.15,Uncategorized,
742352377,1252148938,124.04356198288033,tertiary,J. Aquino Street,False,33.15,Uncategorized,
742352692,12309592348,25.340155154443803,footway,Unnamed,False,30.0,Uncategorized,
742352709,10910332357,15.37734295575095,tertiary,J. Aquino Street,False,33.15,Uncategorized,
742352709,742352217,87.80041658452102,unclassified,Unnamed,False,33.07,Uncategorized,
742352709,742352377,17.28418537187803,tertiary,J. Aquino Street,False,33.15,Uncategorized,
760820324,5506875582,19.190077766906143,footway,Unnamed,False,30.0,Uncategorized,
760820324,1244163577,30.027148266742174,footway,Unnamed,False,30.0,Uncategorized,
760820324,1244163599,20.455903373702025,footway,Unnamed,False,30.0,Uncategorized,
760867389,760870388,17.286730604491158,footway,Unnamed,False,30.0,Uncategorized,
760867389,1430820980,15.097331529599941,footway,Unnamed,False,30.0,Uncategorized,
760867389,447628660,16.16160718639121,footway,Unnamed,False,30.0,Uncategorized,
760867389,761879553,21.926155010979272,footway,Unnamed,False,30.0,Uncategorized,
760867389,1430820978,11.520965155246829,footway,Unnamed,False,30.0,Uncategorized,
760867443,760867444,13.879503527974673,footway,Unnamed,False,30.0,Uncategorized,
760867443,1497254737,5.1924065041008856,footway,Unnamed,False,30.0,Uncategorized,
760867443,760870388,13.446177587190604,footway,Unnamed,False,30.0,Uncategorized,
760867444,760867588,20.482648109061714,footway,Unnamed,False,30.0,Uncategorized,
760867444,760867443,13.879503527974673,footway,Unnamed,False,30.0,Uncategorized,
760867444,1497254734,5.304183646540568,footway,Unnamed,False,30.0,Uncategorized,
760867584,760867588,31.219321125346667,footway,Unnamed,False,30.0,Uncategorized,
760867584,12254040089,13.806312216841754,footway,Unnamed,False,30.0,Uncategorized,
760867584,760869744,43.337345388612064,footway,Unnamed,False,30.0,Uncategorized,
760867584,760869744,19.83593733516911,footway,Unnamed,False,30.0,Uncategorized,
760867588,760867444,20.482648109061714,footway,Unnamed,False,30.0,Uncategorized,
760867588,530614473,6.553931978814604,footway,Unnamed,False,30.0,Uncategorized,
760867588,760867584,31.219321125346667,footway,Unnamed,False,30.0,Uncategorized,
760869744,1497254732,13.597029589293543,footway,Unnamed,False,30.0,Uncategorized,
760869744,760870389,13.88764026078161,footway,Unnamed,False,30.0,Uncategorized,
760869744,760867584,43.337345388612064,footway,Unnamed,False,30.0,Uncategorized,
760869744,760867584,19.83593733516911,footway,Unnamed,False,30.0,Uncategorized,
760870388,530614481,15.91655179843988,footway,Unnamed,False,30.0,Uncategorized,
760870388,760867389,17.286730604491158,footway,Unnamed,False,30.0,Uncategorized,
760870388,760867443,13.446177587190604,footway,Unnamed,False,30.0,Uncategorized,
760870388,447628659,14.419783837796016,footway,Unnamed,False,30.0,Uncategorized,
760870389,1497254736,13.129081577708284,footway,Unnamed,False,30.0,Uncategorized,
760870389,760869744,13.88764026078161,footway,Unnamed,False,30.0,Uncategorized,
760870389,816644633,17.379640117662852,footway,Unnamed,False,30.0,Uncategorized,
760870390,1497254736,5.295003668208078,footway,Unnamed,False,30.0,Uncategorized,
760870390,1497254737,5.6303318347963245,footway,Unnamed,False,30.0,Uncategorized,
760870390,760870392,1.7012885402432196,footway,Unnamed,False,30.0,Uncategorized,
760870390,761879553,18.31536805404364,footway,Unnamed,False,30.0,Uncategorized,
760870392,760870390,1.7012885402432196,footway,Unnamed,False,30.0,Uncategorized,
760872630,12186673211,4.479860127299372,footway,Unnamed,False,30.0,Uncategorized,
760872630,253493171,18.821853555945093,secondary,Lopez Avenue,False,30.0,Uncategorized,2
760872630,253507795,13.767394219192306,secondary,Lopez Avenue,False,30.0,Uncategorized,2
761178654,9085381482,10.69957069094818,footway,Unnamed,False,30.0,Uncategorized,
761178654,12186673125,6.3970086109836135,footway,Unnamed,False,30.0,Uncategorized,
761178654,1445225033,16.204164921136318,footway,Unnamed,False,30.0,Uncategorized,
761178654,1445225029,17.606274026458586,footway,Unnamed,False,30.0,Uncategorized,
761218965,12186673206,74.34947371377882,service,Unnamed,False,25.85,permissive,
761218967,12186673206,4.729236860553064,service,Unnamed,False,25.85,permissive,
761218967,12257218658,5.175421043850765,secondary,Lopez Avenue,False,30.0,Uncategorized,2
761218967,429492316,8.411170922778716,secondary,Lopez Avenue,False,30.0,Uncategorized,2
761219126,432493501,27.272676806432735,service,Unnamed,False,25.85,Uncategorized,
761879553,760867389,21.926155010979272,footway,Unnamed,False,30.0,Uncategorized,
761879553,583474494,20.8220929718546,footway,Unnamed,False,30.0,Uncategorized,
761879553,431155547,16.548019223013647,footway,Unnamed,False,30.0,Uncategorized,
761879553,760870390,18.31536805404364,footway,Unnamed,False,30.0,Uncategorized,
761879555,6361461412,5.262677042324814,footway,Unnamed,False,30.0,Uncategorized,
761879555,6363688959,6.266280398401459,footway,Unnamed,False,30.0,Uncategorized,
761879555,438051749,44.139421014367755,tertiary,Mariano M. Mondoñedo Avenue,False,33.15,Uncategorized,2
761879555,438051743,77.97769983375325,tertiary,Mariano M. Mondoñedo Avenue,False,33.15,Uncategorized,2
762080261,12186673232,7.963799678168194,service,Unnamed,False,25.85,Uncategorized,
762080264,762080334,131.74219242282425,residential,Unnamed,False,30.0,private,
762080304,762080305,11.413077351431804,footway,Unnamed,False,30.0,Uncategorized,
762080305,762080306,14.532395159042274,footway,Unnamed,False,30.0,Uncategorized,
762080305,762080304,11.413077351431804,footway,Unnamed,False,30.0,Uncategorized,
762080305,630112871,70.94054983093892,footway,Unnamed,False,30.0,Uncategorized,
762080306,762080307,10.570005913040921,footway,Unnamed,False,30.0,Uncategorized,
762080306,762080305,14.532395159042274,footway,Unnamed,False,30.0,Uncategorized,
762080306,762080334,45.95214452308865,path,Unnamed,False,30.0,Uncategorized,
762080307,762080306,10.570005913040921,footway,Unnamed,False,30.0,Uncategorized,
762080334,6950024845,10.08297640497321,residential,Unnamed,False,30.0,Uncategorized,
762080334,762080264,131.74219242282425,residential,Unnamed,False,30.0,private,
762080334,762080306,45.95214452308865,path,Unnamed,False,30.0,Uncategorized,
767038071,12188365830,10.93599204355372,footway,Unnamed,False,30.0,Uncategorized,
767038071,12254060474,8.924403008721788,footway,Unnamed,False,30.0,Uncategorized,
767038071,567882259,35.76582621373209,steps,Unnamed,False,30.49,Uncategorized,
767038087,12186673174,21.74027220035748,service,Unnamed,False,25.85,Uncategorized,
767038125,1102056824,33.27147048379927,footway,Unnamed,False,30.0,permissive,
767038125,12188365850,21.713984432466837,footway,Unnamed,False,30.0,permissive,
767038125,1102056972,44.80205293756625,service,Unnamed,False,25.85,permissive,
767038303,438065598,6.768663072383474,footway,Unnamed,False,30.0,Uncategorized,
767038303,2349006164,23.50065206446963,footway,Unnamed,False,30.0,Uncategorized,
767038303,439224016,17.595742494934584,footway,Unnamed,False,30.0,Uncategorized,
769875592,1426038588,4.348305867972284,footway,Unnamed,False,30.0,Uncategorized,
769875592,1430814613,13.691964962361002,steps,Unnamed,False,30.49,Uncategorized,
769875592,790709129,25.397803121214917,footway,Unnamed,False,30.0,Uncategorized,
769875592,3367824218,9.915512882988601,steps,Unnamed,False,30.49,Uncategorized,
769875781,769875782,12.225871912570032,footway,Unnamed,False,30.0,Uncategorized,
769875781,769875783,5.179577802169304,footway,Unnamed,False,30.0,Uncategorized,
769875781,769875793,4.590632352454639,footway,Unnamed,False,30.0,Uncategorized,
769875782,769875781,12.225871912570032,footway,Unnamed,False,30.0,Uncategorized,
769875782,769875792,4.187191564912109,footway,Unnamed,False,30.0,Uncategorized,
769875782,769875784,5.339746955516575,footway,Unnamed,False,30.0,Uncategorized,
769875783,769875784,12.398019471418698,footway,Unnamed,False,30.0,Uncategorized,
769875783,769875794,3.9774629758154716,footway,Unnamed,False,30.0,Uncategorized,
769875783,769875781,5.179577802169304,footway,Unnamed,False,30.0,Uncategorized,
769875784,769875783,12.398019471418698,footway,Unnamed,False,30.0,Uncategorized,
769875784,769875782,5.339746955516575,footway,Unnamed,False,30.0,Uncategorized,
769875784,769875791,4.445588892050001,footway,Unnamed,False,30.0,Uncategorized,
769875785,769875794,25.778444426788372,cycleway,Unnamed,False,30.49,Uncategorized,
769875785,769875786,13.07599457811299,footway,Unnamed,False,30.0,Uncategorized,
769875785,382802615,6.069667115176896,cycleway,Unnamed,False,30.49,Uncategorized,
769875786,769875785,13.07599457811299,footway,Unnamed,False,30.0,Uncategorized,
769875786,769875793,25.305262785048495,cycleway,Unnamed,False,30.49,Uncategorized,
769875786,382802613,6.696165024621898,cycleway,Unnamed,False,30.49,Uncategorized,
769875787,769875788,13.26483358603257,footway,Unnamed,False,30.0,Uncategorized,
769875787,774674702,10.566737777371513,cycleway,Unnamed,False,30.49,Uncategorized,
769875787,12254040091,22.0478517785256,cycleway,Unnamed,False,30.49,Uncategorized,
769875788,769875787,13.26483358603257,footway,Unnamed,False,30.0,Uncategorized,
769875788,774674704,10.857814915449906,cycleway,Unnamed,False,30.49,Uncategorized,
769875788,12254040087,21.571945285438343,cycleway,Unnamed,False,30.49,Uncategorized,
769875791,382802620,8.138869677074714,cycleway,Unnamed,False,30.49,Uncategorized,
769875791,382802614,37.33478029881038,cycleway,Unnamed,False,30.49,Uncategorized,
769875791,769875784,4.445588892050001,footway,Unnamed,False,30.0,Uncategorized,
769875792,769875782,4.187191564912109,footway,Unnamed,False,30.0,Uncategorized,
769875792,769891825,7.477580117146858,cycleway,Unnamed,False,30.49,Uncategorized,
769875792,253511262,37.0903611675713,cycleway,Unnamed,False,30.49,Uncategorized,
769875793,769875781,4.590632352454639,footway,Unnamed,False,30.0,Uncategorized,
769875793,769875786,25.305262785048495,cycleway,Unnamed,False,30.49,Uncategorized,
769875793,769891825,4.65642557303473,cycleway,Unnamed,False,30.49,Uncategorized,
769875794,769875785,25.778444426788372,cycleway,Unnamed,False,30.49,Uncategorized,
769875794,382802620,4.41234646897295,cycleway,Unnamed,False,30.49,Uncategorized,
769875794,769875783,3.9774629758154716,footway,Unnamed,False,30.0,Uncategorized,
769875795,12188365825,70.19477363239795,footway,Unnamed,False,30.0,Uncategorized,
769875795,382802702,4.3845650739436035,footway,Unnamed,False,30.0,Uncategorized,
769875795,12188365824,57.35002751366153,footway,Unnamed,False,30.0,Uncategorized,
769891825,769875793,4.65642557303473,cycleway,Unnamed,False,30.49,Uncategorized,
769891825,769875792,7.477580117146858,cycleway,Unnamed,False,30.49,Uncategorized,
769891825,382802616,19.641616144566633,footway,Unnamed,False,30.0,Uncategorized,
774674702,774674704,13.175933396557019,footway,Unnamed,False,30.0,Uncategorized,
774674702,769875787,10.566737777371513,cycleway,Unnamed,False,30.49,Uncategorized,
774674702,382802615,5.248515955456544,cycleway,Unnamed,False,30.49,Uncategorized,
774674704,774674702,13.175933396557019,footway,Unnamed,False,30.0,Uncategorized,
774674704,769875788,10.857814915449906,cycleway,Unnamed,False,30.49,Uncategorized,
774674704,382802613,5.300265683410037,cycleway,Unnamed,False,30.49,Uncategorized,
774674753,774674757,8.999610978542535,footway,Unnamed,False,30.0,Uncategorized,
774674753,774674757,7.131499631694693,footway,Unnamed,False,30.0,Uncategorized,
774674753,382802621,8.161962817550675,footway,Unnamed,False,30.0,Uncategorized,
774674757,382802620,6.461858334871619,footway,Unnamed,False,30.0,Uncategorized,
774674757,774674753,8.999610978542533,footway,Unnamed,False,30.0,Uncategorized,
774674757,774674753,7.131499631694692,footway,Unnamed,False,30.0,Uncategorized,
775988634,425109841,50.41374810881705,service,Unnamed,False,25.85,Uncategorized,
775988634,425109167,80.69818090936799,service,Unnamed,False,25.85,Uncategorized,
775988634,2260072547,43.688916699111765,service,Unnamed,False,25.85,private,
775988655,382802551,17.28215152538656,footway,Unnamed,False,30.0,Uncategorized,
775988655,582443495,15.173024233028565,footway,Unnamed,False,30.0,Uncategorized,
775988655,382802376,19.56458682075593,footway,Unnamed,False,30.0,Uncategorized,
775988694,1187299512,44.44642295546878,footway,Unnamed,False,30.0,Uncategorized,
775988694,6361462005,1.1399415428361808,footway,Unnamed,False,30.0,Uncategorized,
775988694,4793258722,30.236884007108824,footway,Unnamed,False,30.0,Uncategorized,
776002650,1532188546,11.954867548975434,tertiary,Maahas Road,False,33.15,Uncategorized,2
776002650,1266474427,60.36102934697424,residential,Unnamed,False,31.86,Uncategorized,
776002650,1187299628,167.83939514814776,tertiary,Maahas Road,False,33.15,Uncategorized,2
776002656,1187299628,19.846505456127613,tertiary,Maahas Road,False,33.15,Uncategorized,2
776002656,1187299699,49.162840507914346,service,Unnamed,False,25.85,private,
776002656,8293279332,35.02279402036288,tertiary,Maahas Road,False,33.15,Uncategorized,2
776002660,8893660148,40.42049225443873,residential,Unnamed,False,31.86,Uncategorized,
776002660,1187299645,16.720551106051797,tertiary,Maahas Road,False,33.15,Uncategorized,2
776002660,9031117699,310.78471474388596,tertiary,Maahas Road,False,33.15,Uncategorized,2
778737919,12774850288,32.15774760384706,service,Unnamed,True,25.85,Uncategorized,
778737919,778737921,6.995810665909216,footway,Unnamed,False,30.0,Uncategorized,
778737921,778737919,6.995810665909216,footway,Unnamed,False,30.0,Uncategorized,
778738048,382802621,3.5879276944567144,footway,Unnamed,False,30.0,Uncategorized,
778906359,1246493209,8.748373301802845,residential,Unnamed,False,31.86,private,
778906359,253797111,11.796053055395726,residential,Bangkal Road,False,40.0,Uncategorized,2
778906359,253496358,58.95071646401965,residential,Bangkal Road,False,40.0,Uncategorized,2
778906819,778906820,42.570311704873944,footway,Unnamed,False,30.0,Uncategorized,
778906819,582439700,11.029179716233342,footway,Unnamed,False,30.0,Uncategorized,
778906819,13123750555,19.642725907770057,footway,Unnamed,False,30.0,Uncategorized,
778906820,778906819,42.570311704873944,footway,Unnamed,False,30.0,Uncategorized,
778906820,452998712,10.308282872858662,service,Unnamed,False,25.85,Uncategorized,
778906820,696419055,79.02055364579175,footway,Unnamed,False,30.0,Uncategorized,
778906820,696419946,42.443428390969565,service,Unnamed,False,25.85,Uncategorized,
786430059,428743315,52.78855198866862,residential,Ruby Street,False,40.0,Uncategorized,2
786430059,428743314,60.79860463304177,residential,Ruby Street,False,40.0,Uncategorized,2
786430059,1288947770,40.21547001168374,service,Unnamed,False,25.85,permissive,
786430086,428740878,5.0025117987128445,service,Fabian A. Tiongson Street,False,25.85,Uncategorized,
786430086,431155547,20.290534841498122,service,Fabian A. Tiongson Street,False,25.85,Uncategorized,
786430086,1430820980,7.253894197721763,footway,Unnamed,False,30.0,Uncategorized,
786430086,5509654202,2.5458807499757525,footway,Unnamed,False,30.0,Uncategorized,
786430086,12186657969,12.844830856444293,footway,Unnamed,False,30.0,Uncategorized,
790108112,790108113,34.115368872041806,footway,Unnamed,False,30.0,Uncategorized,
790108112,790108247,64.88611452763672,service,Unnamed,False,25.85,Uncategorized,
790108112,790108614,40.74737167297741,service,Unnamed,False,25.85,Uncategorized,
790108113,790108114,35.39119322286667,footway,Unnamed,False,30.0,Uncategorized,
790108113,790108112,34.115368872041806,footway,Unnamed,False,30.0,Uncategorized,
790108113,790108209,33.05795928678745,footway,Unnamed,False,30.0,Uncategorized,
790108114,790108113,35.39119322286667,footway,Unnamed,False,30.0,Uncategorized,
790108114,2169865073,14.667385670138803,service,Unnamed,False,25.85,Uncategorized,
790108114,2170279423,55.25972223230248,service,Unnamed,False,25.85,Uncategorized,
790108209,790108218,34.73363808343373,footway,Unnamed,False,30.0,Uncategorized,
790108209,790108113,33.05795928678745,footway,Unnamed,False,30.0,Uncategorized,
790108209,790108224,20.03985716662128,footway,Unnamed,False,30.0,Uncategorized,
790108218,790108243,28.045868382983272,service,Unnamed,False,25.85,Uncategorized,
790108218,2169865073,19.449594988488247,service,Unnamed,False,25.85,Uncategorized,
790108218,790108209,34.73363808343374,footway,Unnamed,False,30.0,Uncategorized,
790108224,790108209,20.03985716662128,footway,Unnamed,False,30.0,Uncategorized,
790108224,790108247,38.75157015479181,service,Unnamed,False,25.85,Uncategorized,
790108224,790108243,35.38232175690439,service,Unnamed,False,25.85,Uncategorized,
790108243,790108254,13.219324029923618,service,Unnamed,False,25.85,Uncategorized,
790108243,790108218,28.045868382983272,service,Unnamed,False,25.85,Uncategorized,
790108243,790108224,35.38232175690439,service,Unnamed,False,25.85,Uncategorized,
790108247,790108615,8.239416271799431,service,Unnamed,False,25.85,Uncategorized,
790108247,790108112,64.88611452763672,service,Unnamed,False,25.85,Uncategorized,
790108247,790108224,38.75157015479181,service,Unnamed,False,25.85,Uncategorized,
790108254,12256478676,33.258313477691296,footway,Unnamed,False,30.0,Uncategorized,
790108254,790108256,5.496703323590797,service,Unnamed,False,25.85,Uncategorized,
790108254,790108243,13.219324029923618,service,Unnamed,False,25.85,Uncategorized,
790108254,12256478673,30.6108411721505,footway,Unnamed,False,30.0,Uncategorized,
790108256,790109095,5.907347955520792,tertiary,Pili Drive,False,33.15,Uncategorized,2
790108256,790108254,5.496703323590797,service,Unnamed,False,25.85,Uncategorized,
790108256,1532125246,13.484287121405883,tertiary,Pili Drive,False,33.15,Uncategorized,2
790108391,790108527,70.72916516202399,footway,Unnamed,False,30.0,Uncategorized,
790108391,4791412189,13.035854012658218,footway,Unnamed,False,30.0,Uncategorized,
790108391,790108393,49.3539165942516,service,Unnamed,False,25.85,Uncategorized,
790108391,790108669,116.90710712860692,steps,Unnamed,False,30.49,Uncategorized,
790108393,790108406,24.741493593595724,service,Unnamed,False,25.85,Uncategorized,
790108393,453003057,16.224345145354555,service,Unnamed,False,25.85,Uncategorized,
790108393,790108391,49.3539165942516,service,Unnamed,False,25.85,Uncategorized,
790108406,790108393,24.741493593595724,service,Unnamed,False,25.85,Uncategorized,
790108406,790108791,14.165014770773382,service,Unnamed,False,25.85,Uncategorized,
790108406,790108790,11.9474659523547,service,Unnamed,False,25.85,Uncategorized,
790108456,4791412193,33.629577965326796,footway,Unnamed,False,30.0,Uncategorized,
790108456,790108463,25.724158908080973,footway,Unnamed,False,30.0,Uncategorized,
790108456,4791412187,31.55343061028734,footway,Unnamed,False,30.0,Uncategorized,
790108456,4791412189,53.51032228618044,footway,Unnamed,False,30.0,Uncategorized,
790108463,790108456,25.724158908080973,footway,Unnamed,False,30.0,Uncategorized,
790108463,497687339,6.361918260442734,footway,Unnamed,False,30.0,Uncategorized,
790108463,790108527,27.388584184401097,footway,Unnamed,False,30.0,Uncategorized,
790108463,4791412187,59.19894260519233,footway,Unnamed,False,30.0,Uncategorized,
790108476,790108480,43.68054239459568,service,Unnamed,False,25.85,Uncategorized,
790108476,790108806,67.37397243729599,service,Unnamed,False,25.85,Uncategorized,
790108476,790108892,43.43643361899062,service,Unnamed,False,25.85,Uncategorized,
790108480,790108476,43.68054239459568,service,Unnamed,False,25.85,Uncategorized,
790108480,790108806,24.010263998038354,service,Unnamed,False,25.85,Uncategorized,
790108480,790108487,26.457871276105653,footway,Unnamed,False,30.0,Uncategorized,
790108487,790108791,46.98345103163251,service,Rambutan Street,False,25.85,Uncategorized,2
790108487,6948385989,36.78448264309915,service,Rambutan Street,False,25.0,Uncategorized,2
790108487,790108480,26.457871276105653,footway,Unnamed,False,30.0,Uncategorized,
790108527,790108391,70.72916516202399,footway,Unnamed,False,30.0,Uncategorized,
790108527,790108642,12.517671151349562,footway,Unnamed,False,30.0,Uncategorized,
790108527,790108463,27.388584184401097,footway,Unnamed,False,30.0,Uncategorized,
790108614,790108112,40.74737167297741,service,Unnamed,False,25.85,Uncategorized,
790108615,12256478676,39.520959071353815,footway,Unnamed,False,30.0,Uncategorized,
790108615,790108617,5.222761829395135,service,Unnamed,False,25.85,Uncategorized,
790108615,790108247,8.239416271799431,service,Unnamed,False,25.85,Uncategorized,
790108615,12256478682,59.723507616718535,footway,Unnamed,False,30.0,Uncategorized,
790108617,790108615,5.222761829395135,service,Unnamed,False,25.85,Uncategorized,
790108617,4791412131,25.20539453169049,tertiary,Pili Drive,False,33.15,Uncategorized,2
790108617,1252052255,8.123230631166022,tertiary,Pili Drive,False,33.15,Uncategorized,2
790108617,4791412331,16.251500621699538,service,Unnamed,False,25.85,Uncategorized,
790108642,6361461471,38.718238172068936,footway,Unnamed,False,30.0,Uncategorized,
790108642,790108527,12.517671151349562,footway,Unnamed,False,30.0,Uncategorized,
790108642,1532125318,4.739623119251801,service,Unnamed,False,25.85,Uncategorized,
790108642,790108669,43.317475945476275,service,Unnamed,False,25.85,Uncategorized,
790108669,6361461471,6.570831492876396,service,Unnamed,False,25.85,Uncategorized,
790108669,790108391,116.90710712860691,steps,Unnamed,False,30.49,Uncategorized,
790108669,790108642,43.317475945476275,service,Unnamed,False,25.85,Uncategorized,
790108786,790108790,28.89459584918044,service,Unnamed,False,25.85,Uncategorized,
790108790,790108406,11.9474659523547,service,Unnamed,False,25.85,Uncategorized,
790108790,790108786,28.89459584918044,service,Unnamed,False,25.85,Uncategorized,
790108790,790108806,22.04124693511151,service,Unnamed,False,25.85,Uncategorized,
790108791,790108487,46.98345103163251,service,Rambutan Street,False,25.85,Uncategorized,2
790108791,453003057,24.965965622246458,service,Rambutan Street,False,25.85,Uncategorized,2
790108791,790108406,14.165014770773382,service,Unnamed,False,25.85,Uncategorized,
790108806,790108790,22.04124693511151,service,Unnamed,False,25.85,Uncategorized,
790108806,790108480,24.010263998038354,service,Unnamed,False,25.85,Uncategorized,
790108806,790108476,67.37397243729599,service,Unnamed,False,25.85,Uncategorized,
790108892,790108476,43.43643361899062,service,Unnamed,False,25.85,Uncategorized,
790109095,1532125272,24.603243261952137,tertiary,Pili Drive,False,33.15,Uncategorized,2
790109095,1532125272,38.200304327330635,service,Unnamed,False,25.85,Uncategorized,
790109095,790108256,5.907347955520792,tertiary,Pili Drive,False,33.15,Uncategorized,2
790708776,428743317,16.54125653901981,residential,Raymundo Street,False,30.0,Uncategorized,1
790708776,428744700,23.33625341388505,residential,Raymundo Street,False,30.0,Uncategorized,1
790708776,790708795,45.75126595984643,service,Unnamed,False,25.85,private,
790708789,790708791,20.672362330829735,footway,Unnamed,False,30.0,Uncategorized,
790708791,428740894,42.85693449678358,service,Unnamed,False,25.85,Uncategorized,
790708791,790708789,20.672362330829735,footway,Unnamed,False,30.0,Uncategorized,
790708791,790708801,24.642155321826188,service,Unnamed,False,25.85,Uncategorized,
790708795,529880218,13.90302518754757,residential,Ruby Street,False,40.0,Uncategorized,2
790708795,4791055615,40.63008445292471,residential,Ruby Street,False,40.0,Uncategorized,2
790708795,790708776,45.75126595984643,service,Unnamed,False,25.85,private,
790708801,790708791,24.642155321826188,service,Unnamed,False,25.85,Uncategorized,
790708807,391720940,6.282984555230019,service,Unnamed,False,25.85,Uncategorized,
790708807,432493491,6.139366554133094,footway,Unnamed,False,30.0,Uncategorized,
790708807,790708812,24.107822214316567,service,Unnamed,False,25.85,Uncategorized,
790708807,790708812,11.858255353730595,footway,Unnamed,False,30.0,Uncategorized,
790708812,1252052256,7.162698564833597,service,Unnamed,False,25.85,Uncategorized,
790708812,432493501,41.24591841856383,footway,Unnamed,False,30.0,Uncategorized,
790708812,790708807,24.107822214316567,service,Unnamed,False,25.85,Uncategorized,
790708812,790708807,11.858255353730595,footway,Unnamed,False,30.0,Uncategorized,
790709119,790709134,25.185894796593434,secondary,Victoria M. Ela Avenue,False,30.0,Uncategorized,4
790709119,391720939,45.37162426009863,secondary,Victoria M. Ela Avenue,False,30.0,Uncategorized,4
790709119,6948385993,8.247520529631606,service,Unnamed,False,25.85,Uncategorized,
790709127,6948385993,114.06649044083805,service,Unnamed,False,25.85,Uncategorized,
790709129,790709135,11.928549331920976,footway,Unnamed,False,30.0,Uncategorized,
790709129,790709130,17.080467040281796,footway,Unnamed,False,30.0,Uncategorized,
790709129,769875592,25.397803121214917,footway,Unnamed,False,30.0,Uncategorized,
790709130,790709129,17.080467040281796,footway,Unnamed,False,30.0,Uncategorized,
790709130,1300393481,27.097611019381354,service,Unnamed,False,25.85,Uncategorized,
790709130,594371581,14.574748148510011,service,Unnamed,False,25.85,Uncategorized,
790709131,1252052128,14.447896958318722,footway,Unnamed,False,30.0,Uncategorized,
790709131,382813573,32.82548358646572,footway,Unnamed,False,30.0,Uncategorized,
790709131,790709133,29.10479789730568,path,Unnamed,False,30.0,Uncategorized,
790709133,584698880,15.421796226936454,service,Unnamed,False,20.0,Uncategorized,
790709133,431156366,6.328133725025442,service,Unnamed,False,20.0,Uncategorized,
790709133,790709131,29.10479789730568,path,Unnamed,False,30.0,Uncategorized,
790709134,12254040016,13.363412640189226,tertiary,Vicente M. Dawis Street,False,33.15,Uncategorized,2
790709134,790709119,25.185894796593434,secondary,Victoria M. Ela Avenue,False,30.0,Uncategorized,4
790709134,12256478680,338.93551951713715,tertiary,Unnamed,False,33.15,Uncategorized,
790709135,569081323,27.850873750046997,footway,Unnamed,False,30.0,Uncategorized,
790709135,790709129,11.928549331920976,footway,Unnamed,False,30.0,Uncategorized,
790709135,573346120,32.43052126999345,footway,Unnamed,False,30.0,Uncategorized,
791219083,5507052383,21.541995951108422,footway,Unnamed,False,30.0,Uncategorized,
791219083,5507052388,7.983203827158367,steps,Unnamed,False,30.49,Uncategorized,
791219083,5507052392,27.389892173051024,footway,Unnamed,False,30.0,Uncategorized,
791219085,438049322,11.663139591293131,residential,Juan V. Pancho,False,30.0,Uncategorized,2
791219085,5507052388,3.285627691087973,steps,Unnamed,False,30.49,Uncategorized,
791219085,438049323,33.24370000909707,residential,Juan V. Pancho,False,30.0,Uncategorized,2
791219118,1116391420,36.433128289425106,service,Unnamed,False,25.85,Uncategorized,2
791219118,454086834,89.65276255069942,unclassified,Domingo M. Lantican Avenue,False,40.0,Uncategorized,2
791219118,5499087248,25.356069288951492,unclassified,Domingo M. Lantican Avenue,False,40.0,Uncategorized,2
792626686,529871519,5.522580775729586,footway,Unnamed,False,30.0,Uncategorized,
792626686,572988466,48.9438214963106,footway,Unnamed,False,30.0,Uncategorized,
792626686,572989331,24.424007671470456,footway,Unnamed,False,30.0,Uncategorized,
795254773,795254775,34.12151639188246,secondary,Jose R. Velasco Avenue,False,30.0,Uncategorized,2
795254773,12256481422,3.9871038822857443,steps,Unnamed,False,30.49,Uncategorized,
795254773,434809834,53.77410344319156,secondary,Jose R. Velasco Avenue,False,30.0,Uncategorized,2
795254773,12186657968,5.769153860141925,steps,Unnamed,False,30.49,Uncategorized,
795254775,795254773,34.12151639188246,secondary,Jose R. Velasco Avenue,False,30.0,Uncategorized,2
795254775,447628660,5.433982718063166,service,Unnamed,False,25.85,Uncategorized,
795254775,428740878,30.60529571248083,secondary,Jose R. Velasco Avenue,False,30.0,Uncategorized,2
797775681,585910302,16.70924380722319,residential,Felix O. Chinte Sr.,False,30.0,Uncategorized,2
797775681,585910298,19.956538615649563,residential,Felix O. Chinte Sr.,False,30.0,Uncategorized,2
797775681,1579271880,61.604361809531476,steps,Unnamed,False,30.49,Uncategorized,
810893820,435140265,51.655064817547824,residential,Kanlaon Street,False,30.0,Uncategorized,
810893820,540524980,49.992379133049894,footway,Unnamed,False,30.0,Uncategorized,
810893820,8386664431,113.3753840120662,service,Kanlaon Street,False,30.0,private,
811027927,438064972,4.388143141844374,service,Fabian A. Tiongson Street,False,25.85,Uncategorized,
811027927,811027929,5.492485245361504,service,Unnamed,False,25.85,Uncategorized,
811027927,8336844878,10.802707204397313,service,Unnamed,False,25.85,Uncategorized,
811027929,432496220,29.699858715919262,cycleway,Unnamed,False,30.49,Uncategorized,
811027929,811027932,8.11647679371799,service,Unnamed,False,25.85,Uncategorized,
811027929,811027927,5.492485245361503,service,Unnamed,False,25.85,Uncategorized,
811027932,8336844878,1.3612912351308193,service,Unnamed,False,25.85,Uncategorized,
811027932,382802560,80.52027372729847,footway,Unnamed,False,30.0,Uncategorized,
811027932,811027929,8.11647679371799,service,Unnamed,False,25.85,Uncategorized,
811028009,811028017,5.5481347810638,service,Unnamed,False,30.0,Uncategorized,1
811028009,583490396,3.9287681552927305,service,Unnamed,False,30.0,Uncategorized,1
811028009,811028010,28.110296344444414,steps,Unnamed,False,30.49,Uncategorized,
811028010,811028017,6.676701012959105,steps,Unnamed,False,30.49,Uncategorized,
811028010,813059204,6.977361750368705,footway,Unnamed,False,30.0,Uncategorized,
811028010,811028009,28.110296344444414,steps,Unnamed,False,30.49,Uncategorized,
811028017,573339097,9.321744161503394,service,Unnamed,False,30.0,Uncategorized,1
811028017,811028009,5.5481347810638,service,Unnamed,False,30.0,Uncategorized,1
811028017,811028010,6.676701012959105,steps,Unnamed,False,30.49,Uncategorized,
811028743,1891630802,9.394101858366861,footway,Unnamed,False,30.0,Uncategorized,
811028743,573334879,23.722414428587896,footway,Unnamed,False,30.0,Uncategorized,
811028743,4792449603,19.559443660945096,footway,Unnamed,False,30.0,Uncategorized,
811033347,816644604,16.966508070070997,footway,Unnamed,False,30.0,Uncategorized,
811033347,583474495,3.407058651379139,steps,Unnamed,False,30.49,Uncategorized,
811033347,816644633,14.511670326147835,steps,Unnamed,False,30.49,Uncategorized,
811033349,583474492,13.740098268229332,footway,Unnamed,False,30.0,Uncategorized,
811033349,12254040085,25.788348033559824,service,Unnamed,False,25.85,Uncategorized,
811033349,816644604,39.072032456541336,steps,Unnamed,False,30.49,Uncategorized,
812852717,812852718,140.88301604961697,residential,Geneva Lake,False,31.86,Uncategorized,
812852717,812852721,137.2784433865137,residential,Geneva Lake,False,31.86,Uncategorized,
812852717,1304345878,65.25611113160437,residential,Unnamed,False,31.86,Uncategorized,
812852718,812852735,36.15900264656718,residential,Geneva Lake,False,31.86,Uncategorized,
812852718,812852717,140.883016049617,residential,Geneva Lake,False,31.86,Uncategorized,
812852718,1304345878,149.0692976913118,residential,Unnamed,False,31.86,Uncategorized,
812852721,812852751,31.876865028585634,residential,Geneva Lake,False,31.86,Uncategorized,
812852721,812852751,48.53892060874637,service,Unnamed,False,25.85,Uncategorized,
812852721,812852717,137.2784433865137,residential,Geneva Lake,False,31.86,Uncategorized,
812852735,812852718,36.15900264656718,residential,Geneva Lake,False,31.86,Uncategorized,
812852736,812852751,17.201934910896487,residential,Geneva Lake,False,31.86,Uncategorized,
812852736,323077145,37.669264269365705,residential,Geneva Lake,False,31.86,Uncategorized,
812852736,1304345866,59.18963830316901,residential,Unnamed,False,31.86,Uncategorized,
812852736,1304345972,53.20064435930332,residential,Unnamed,False,31.86,Uncategorized,
812852741,5225656620,37.76210413722449,residential,Unnamed,False,31.86,Uncategorized,
812852741,5225656591,270.09841215665875,service,Unnamed,False,25.85,Uncategorized,
812852751,812852721,31.876865028585634,residential,Geneva Lake,False,31.86,Uncategorized,
812852751,812852721,48.53892060874637,service,Unnamed,False,25.85,Uncategorized,
812852751,812852736,17.201934910896487,residential,Geneva Lake,False,31.86,Uncategorized,
813054755,813054758,16.32357892012383,footway,Unnamed,False,30.0,Uncategorized,
813054758,813054755,16.32357892012383,footway,Unnamed,False,30.0,Uncategorized,
813054758,813055876,23.482173592587046,footway,Unnamed,False,30.0,Uncategorized,
813054758,894119950,19.965644235120415,footway,Unnamed,False,30.0,Uncategorized,
813055876,813054758,23.482173592587046,footway,Unnamed,False,30.0,Uncategorized,
813055876,847751680,3.510043361725528,footway,Unnamed,False,30.0,Uncategorized,
813055876,382802616,13.104923850855656,footway,Unnamed,False,30.0,Uncategorized,
813055876,848374837,31.080848535165224,footway,Unnamed,False,30.0,Uncategorized,
813056796,848374840,5.698782802856795,footway,Unnamed,False,30.0,Uncategorized,
813056804,847751676,34.875338459485874,footway,Unnamed,False,30.0,Uncategorized,
813059204,816645088,4.911355439661749,footway,Unnamed,False,30.0,Uncategorized,
813059204,811028010,6.977361750368705,footway,Unnamed,False,30.0,Uncategorized,
813059204,813060634,32.27778844563604,steps,Unnamed,False,30.49,Uncategorized,
813060634,1252052222,5.8087857469654525,footway,Unnamed,False,30.0,Uncategorized,
813060634,813059204,32.27778844563604,steps,Unnamed,False,30.49,Uncategorized,
813060634,813061314,32.8644052088614,footway,Unnamed,False,30.0,Uncategorized,
813061314,816645088,27.148117021041752,steps,Unnamed,False,30.49,Uncategorized,
813061314,816645088,23.557233507214388,steps,Unnamed,False,30.49,Uncategorized,
813061314,813060634,32.8644052088614,footway,Unnamed,False,30.0,Uncategorized,
813543500,1119886459,238.28302365198618,residential,Poinsettia,False,31.86,Uncategorized,
813543500,813543506,74.93184609218821,residential,Santan,False,31.86,Uncategorized,
813543500,813543519,226.9282607909663,residential,Doña Aurora,False,31.86,Uncategorized,2
813543506,813543553,92.58981501785941,residential,Doña Aurora,False,31.86,Uncategorized,2
813543506,813543500,74.93184609218821,residential,Santan,False,31.86,Uncategorized,
813543506,813543598,100.86986657819118,residential,Doña Aurora,False,31.86,Uncategorized,2
813543512,813543591,41.36526140001993,service,Unnamed,False,25.85,private,1
813543512,813543534,58.38614658183547,service,Unnamed,False,25.85,private,1
813543512,7283798185,25.336662504888437,steps,Unnamed,False,30.49,Uncategorized,
813543513,813543534,15.727558514381972,residential,Doña Aurora,False,31.86,Uncategorized,2
813543513,7283798187,26.99471465704143,service,Unnamed,False,25.85,private,
813543513,813543557,32.24674536576825,residential,Doña Aurora,False,31.86,Uncategorized,2
813543519,2508997840,88.87580306448186,service,Unnamed,False,25.85,Uncategorized,
813543519,813543500,226.92826079096633,residential,Doña Aurora,False,31.86,Uncategorized,2
813543519,813543598,75.30849900536171,residential,Doña Aurora,False,31.86,Uncategorized,2
813543534,813543513,15.727558514381972,residential,Doña Aurora,False,31.86,Uncategorized,2
813543534,1119886514,162.9640282111009,residential,Doña Aurora,False,31.86,Uncategorized,2
813543534,813543512,58.38614658183546,service,Unnamed,False,25.85,private,1
813543553,813543506,92.58981501785941,residential,Doña Aurora,False,31.86,Uncategorized,2
813543553,1119886514,38.217544640185835,residential,Doña Aurora,False,31.86,Uncategorized,2
813543553,813543598,184.57160444833454,residential,Heliconia,False,31.86,Uncategorized,
813543553,2508997896,85.42248720427843,residential,Unnamed,False,31.86,Uncategorized,
813543557,813543513,32.24674536576825,residential,Doña Aurora,False,31.86,Uncategorized,2
813543557,813550051,243.88720077749204,residential,Doña Aurora,False,31.86,Uncategorized,2
813543557,454088572,161.14587340486742,residential,Jasmin,False,31.86,Uncategorized,2
813543591,4056042892,7.962710069880301,service,Unnamed,False,25.85,private,
813543591,1119886514,49.351247726860215,service,Unnamed,False,25.85,private,1
813543591,813543512,41.36526140001993,service,Unnamed,False,25.85,private,1
813543598,813543553,184.57160444833457,residential,Heliconia,False,31.86,Uncategorized,
813543598,813543519,75.30849900536171,residential,Doña Aurora,False,31.86,Uncategorized,2
813543598,813543506,100.86986657819118,residential,Doña Aurora,False,31.86,Uncategorized,2
813550006,813550051,98.31858442213831,residential,Doña Aurora,False,31.86,Uncategorized,2
813550006,4056042899,30.400212439037922,service,Unnamed,False,25.85,Uncategorized,
813550006,2508998246,21.25518903718374,residential,Doña Aurora,False,31.86,Uncategorized,2
813550051,813543557,243.8872007774921,residential,Doña Aurora,False,31.86,Uncategorized,2
813550051,813550006,98.31858442213831,residential,Doña Aurora,False,31.86,Uncategorized,2
813550051,2508998020,146.77152273345638,service,Unnamed,False,25.85,Uncategorized,
813550059,2508998246,12.782475487885703,residential,Doña Aurora,False,31.86,Uncategorized,2
813550059,1329078926,48.78906033764594,residential,Doña Aurora,True,31.86,Uncategorized,1
816417552,5507328842,5.456307817079788,footway,Unnamed,False,30.0,Uncategorized,
816417552,6363688934,3.2809112052139824,footway,Unnamed,False,30.0,Uncategorized,
816417552,382839764,13.323225843390455,tertiary,Jose B. Juliano Avenue,False,33.15,Uncategorized,2
816417552,983332788,6.2882086899402045,tertiary,Jose B. Juliano Avenue,False,33.15,Uncategorized,2
816644523,583159765,12.971622231345616,unclassified,Andres P. Aglibut Avenue,True,30.0,Uncategorized,2
816644523,12254040096,6.437656779818393,footway,Unnamed,False,30.0,Uncategorized,
816644523,12254040071,4.401013381827776,steps,Unnamed,False,30.49,Uncategorized,
816644604,811033347,16.966508070070997,footway,Unnamed,False,30.0,Uncategorized,
816644604,811033349,39.072032456541336,steps,Unnamed,False,30.49,Uncategorized,
816644604,583474492,24.38153770693657,steps,Unnamed,False,30.49,Uncategorized,
816644633,583474494,1.8798181233142592,footway,Unnamed,False,30.0,Uncategorized,
816644633,760870389,17.379640117662852,footway,Unnamed,False,30.0,Uncategorized,
816644633,811033347,14.511670326147835,steps,Unnamed,False,30.49,Uncategorized,
816645088,813059204,4.911355439661749,footway,Unnamed,False,30.0,Uncategorized,
816645088,813061314,27.148117021041752,steps,Unnamed,False,30.49,Uncategorized,
816645088,813061314,23.55723350721439,steps,Unnamed,False,30.49,Uncategorized,
816645178,816645189,32.25645393573569,footway,Unnamed,False,30.0,Uncategorized,
816645189,816645178,32.25645393573569,footway,Unnamed,False,30.0,Uncategorized,
816645189,1288947708,14.367669302187892,footway,Unnamed,False,30.0,Uncategorized,
816645189,818892881,49.30471577632666,footway,Unnamed,False,30.0,Uncategorized,
816645232,1288947708,3.7880660056684277,footway,Unnamed,False,30.0,Uncategorized,
816645232,583490629,13.532485214338893,footway,Unnamed,False,30.0,Uncategorized,
816645232,12254040071,31.82310185023311,footway,Unnamed,False,30.0,Uncategorized,
816645814,9085381485,6.945846213582278,footway,Unnamed,False,30.0,Uncategorized,
816645814,12254040074,5.6136007338629685,footway,Unnamed,False,30.0,Uncategorized,
816645814,816644523,27.882629974886477,unclassified,Andres P. Aglibut Avenue,True,30.0,Uncategorized,2
816649734,438048413,11.366252910988553,footway,Unnamed,False,30.0,Uncategorized,
816649734,4791748373,12.811139384091566,footway,Unnamed,False,30.0,Uncategorized,
816649734,4791748372,28.73469193217025,footway,Unnamed,False,30.0,Uncategorized,
816649734,438048436,24.12153924356746,footway,Unnamed,False,30.0,Uncategorized,
818892874,1524402171,55.33368601105017,footway,Unnamed,False,30.0,Uncategorized,
818892876,12254040067,12.815480547884885,footway,Unnamed,False,30.0,Uncategorized,
818892876,1524402171,9.634436871363071,footway,Unnamed,False,30.0,Uncategorized,
818892876,818892879,18.87852038666137,footway,Unnamed,False,30.0,Uncategorized,
818892876,12254040065,12.575008223122019,footway,Unnamed,False,30.0,Uncategorized,
818892878,12254040088,10.229953159703445,unclassified,Andres P. Aglibut Avenue,False,30.0,Uncategorized,2
818892878,606307311,7.896501899376773,unclassified,Andres P. Aglibut Avenue,False,30.0,Uncategorized,2
818892878,12254040067,2.990210732570431,footway,Unnamed,False,30.0,Uncategorized,
818892879,1524402171,10.306006116652455,footway,Unnamed,False,30.0,Uncategorized,
818892879,818892881,8.886724119527804,footway,Unnamed,False,30.0,Uncategorized,
818892879,818892876,18.87852038666137,footway,Unnamed,False,30.0,Uncategorized,
818892881,818892879,8.886724119527804,footway,Unnamed,False,30.0,Uncategorized,
818892881,816645189,49.30471577632666,footway,Unnamed,False,30.0,Uncategorized,
818892881,12254040068,36.98637430093436,steps,Unnamed,False,30.49,Uncategorized,
818892881,1288947708,192.3910136916825,footway,Unnamed,False,30.0,Uncategorized,
818892883,12254040068,3.92908052244906,footway,Unnamed,False,30.0,Uncategorized,
818892883,391722789,22.985361746731495,unclassified,Andres P. Aglibut Avenue,True,30.0,Uncategorized,2
818892896,447627966,29.0377816641263,tertiary,Jose M. Capinpin Street,True,33.15,Uncategorized,2
818892896,12254040076,5.8259580224065814,footway,Unnamed,False,30.0,Uncategorized,
821353869,585908058,12.032686645104606,residential,Makiling Road,False,30.0,Uncategorized,2
821353869,821353870,27.850987791386107,residential,Makiling Road,False,30.0,Uncategorized,2
821353869,1579271868,106.36840910062318,service,Unnamed,False,25.85,Uncategorized,
821353870,12186673117,4.196219103203076,service,Unnamed,False,25.85,Uncategorized,
821353870,821353869,27.850987791386107,residential,Makiling Road,False,30.0,Uncategorized,2
821353870,454087638,44.76088381085427,residential,Makiling Road,False,30.0,Uncategorized,2
821375549,9085381485,10.194480146907654,footway,Unnamed,False,30.0,Uncategorized,
821375549,1252052222,2.5343376198221668,footway,Unnamed,False,30.0,Uncategorized,
821375549,9085381486,18.301405089302037,path,Unnamed,False,30.0,Uncategorized,
821375570,594371581,12.052471700956088,footway,Unnamed,False,30.0,Uncategorized,
821375570,12188365842,2.5519962484753025,footway,Unnamed,False,30.0,Uncategorized,
821375570,12188365842,9.062799257004531,steps,Unnamed,False,30.49,Uncategorized,
821375571,821375572,3.591878284069711,footway,Unnamed,False,30.0,Uncategorized,
821375571,821375576,4.9963301323325116,footway,Unnamed,False,30.0,Uncategorized,
821375571,821375576,12.76061988922216,steps,Unnamed,False,30.49,Uncategorized,
821375572,821375571,3.591878284069711,footway,Unnamed,False,30.0,Uncategorized,
821375572,12188365830,9.796910787356342,footway,Unnamed,False,30.0,Uncategorized,
821375572,12188365833,3.771736210412695,footway,Unnamed,False,30.0,Uncategorized,
821375576,821375571,4.9963301323325116,footway,Unnamed,False,30.0,Uncategorized,
821375576,821375571,12.76061988922216,steps,Unnamed,False,30.49,Uncategorized,
821375576,12254060476,24.768630648758318,footway,Unnamed,False,30.0,Uncategorized,
847751633,847751683,13.379260052280054,footway,Unnamed,False,30.0,Uncategorized,
847751637,847751683,3.657704989864655,footway,Unnamed,False,30.0,Uncategorized,
847751637,12188365819,30.19817487146791,unclassified,Harold Cuzner Royal Palm Avenue,True,30.0,Uncategorized,2
847751655,382802668,2.211446209905999,steps,Unnamed,False,30.49,Uncategorized,
847751655,848318676,7.945706829006788,footway,Unnamed,False,30.0,Uncategorized,
847751655,848318673,7.908247069408663,footway,Unnamed,False,30.0,Uncategorized,
847751676,847751680,4.142664139479278,footway,Unnamed,False,30.0,Uncategorized,
847751676,847751680,12.732749868806291,steps,Unnamed,False,30.49,Uncategorized,
847751676,813056804,34.875338459485874,footway,Unnamed,False,30.0,Uncategorized,
847751680,847751676,4.142664139479278,footway,Unnamed,False,30.0,Uncategorized,
847751680,847751676,12.732749868806291,steps,Unnamed,False,30.49,Uncategorized,
847751680,813055876,3.510043361725528,footway,Unnamed,False,30.0,Uncategorized,
847751683,1393351116,8.522394615544068,footway,Unnamed,False,30.0,Uncategorized,
847751683,12188365817,30.98767719110004,footway,Unnamed,False,30.0,Uncategorized,
847751683,847751637,3.657704989864655,footway,Unnamed,False,30.0,Uncategorized,
847751683,847751633,13.379260052280054,footway,Unnamed,False,30.0,Uncategorized,
847751800,929934196,41.807960991506114,service,Unnamed,True,25.85,Uncategorized,
847751800,12774850290,17.289811281394325,service,Unnamed,False,25.85,Uncategorized,
847751800,12774850288,7.893307366653748,service,Unnamed,False,25.85,Uncategorized,
848318671,848318673,9.560422092842066,footway,Unnamed,False,30.0,Uncategorized,
848318671,382802675,8.73207731296995,service,Unnamed,True,25.85,Uncategorized,
848318671,4791055608,12.182846665854807,footway,Unnamed,False,30.0,Uncategorized,
848318672,848318676,10.323639381722666,footway,Unnamed,False,30.0,Uncategorized,
848318672,4791056628,15.48666698788955,footway,Unnamed,False,30.0,Uncategorized,
848318672,382802560,24.67395225333614,service,Unnamed,True,25.85,Uncategorized,
848318673,382802614,2.5176356901846884,steps,Unnamed,False,30.49,Uncategorized,
848318673,848318671,9.560422092842066,footway,Unnamed,False,30.0,Uncategorized,
848318673,847751655,7.908247069408663,footway,Unnamed,False,30.0,Uncategorized,
848318676,253511262,2.1802487213290687,steps,Unnamed,False,30.49,Uncategorized,
848318676,848318672,10.323639381722666,footway,Unnamed,False,30.0,Uncategorized,
848318676,847751655,7.945706829006788,footway,Unnamed,False,30.0,Uncategorized,
848374837,848374840,5.178748741303504,footway,Unnamed,False,30.0,Uncategorized,
848374837,848374840,16.63642910843167,steps,Unnamed,False,30.49,Uncategorized,
848374837,813055876,31.080848535165224,footway,Unnamed,False,30.0,Uncategorized,
848374840,848374837,5.178748741303504,footway,Unnamed,False,30.0,Uncategorized,
848374840,848374837,16.63642910843167,steps,Unnamed,False,30.49,Uncategorized,
848374840,813056796,5.698782802856795,footway,Unnamed,False,30.0,Uncategorized,
848374853,5512649828,7.983919931735,footway,Unnamed,False,30.0,Uncategorized,
848374853,12186673193,32.67422076536909,footway,Unnamed,False,30.0,Uncategorized,
848374853,8337294663,103.18786462912792,footway,Unnamed,False,30.0,Uncategorized,
867895256,630111108,10.677517113658078,service,Unnamed,False,25.85,Uncategorized,
867895256,382802200,33.22730424959314,service,Unnamed,False,25.85,Uncategorized,
867895256,1441220242,38.99294932784357,footway,Unnamed,False,30.0,Uncategorized,
892775339,12309592255,1.9582252083810012,footway,Unnamed,False,30.0,Uncategorized,
892775339,12309592256,14.32396370129395,service,Unnamed,True,30.0,Uncategorized,
894119950,894119952,2.862999780480271,footway,Unnamed,False,30.0,Uncategorized,
894119950,894119952,7.700757578441873,steps,Unnamed,False,30.49,Uncategorized,
894119950,813054758,19.965644235120415,footway,Unnamed,False,30.0,Uncategorized,
894119952,894119950,2.862999780480271,footway,Unnamed,False,30.0,Uncategorized,
894119952,894119950,7.700757578441873,steps,Unnamed,False,30.49,Uncategorized,
894119952,432496220,7.7865951287934845,footway,Unnamed,False,30.0,Uncategorized,
894120154,687360320,24.73028888202642,footway,Unnamed,False,30.0,Uncategorized,
894120154,894120160,9.975444194978621,footway,Unnamed,False,30.0,Uncategorized,
894120154,894120176,8.696246965582072,footway,Unnamed,False,30.0,Uncategorized,
894120160,4006910540,16.111318208293024,footway,Unnamed,False,30.0,Uncategorized,
894120160,894120176,18.52821140233865,footway,Unnamed,False,30.0,Uncategorized,
894120160,894120154,9.975444194978621,footway,Unnamed,False,30.0,Uncategorized,
894120176,894120185,22.5614774228187,footway,Unnamed,False,30.0,Uncategorized,
894120176,894120154,8.696246965582072,footway,Unnamed,False,30.0,Uncategorized,
894120176,894120160,18.52821140233865,footway,Unnamed,False,30.0,Uncategorized,
894120185,894120176,22.5614774228187,footway,Unnamed,False,30.0,Uncategorized,
920087440,10866681146,5.079052628785178,service,Unnamed,False,25.0,private,2
920087440,920087441,9.63836397140723,service,Unnamed,False,25.0,private,1
920087440,1030720831,49.4709828760094,service,Unnamed,False,25.0,private,2
920087441,920087440,9.63836397140723,service,Unnamed,False,25.0,private,1
920087441,10866680896,50.08332595380759,service,Unnamed,False,15.0,private,1
920087441,920087443,14.685912980106362,service,Unnamed,False,25.0,private,1
920087443,920087441,14.685912980106362,service,Unnamed,False,25.0,private,1
920087449,8334202908,192.85237853880201,service,Unnamed,False,25.0,private,2
920087449,1246454304,16.257359110109718,service,Unnamed,True,25.0,private,2
920087450,1246454285,10.702379960007626,service,Unnamed,False,25.0,private,2
920087450,1030720831,16.777005241688222,service,Unnamed,False,25.0,private,2
920087450,920087451,29.653380336621076,service,Unnamed,False,25.0,private,2
920087451,1246454294,11.633585694550652,footway,Unnamed,False,30.0,Uncategorized,
920087451,431154425,80.21041192752574,service,Unnamed,False,25.0,private,2
920087451,920087450,29.653380336621076,service,Unnamed,False,25.0,private,2
929934196,12254040093,13.631728172143246,footway,Unnamed,False,30.0,Uncategorized,
929934196,431155005,38.78545705567123,service,Unnamed,True,25.85,Uncategorized,
932665537,10079015060,1.5892066308147506,footway,Unnamed,False,30.0,Uncategorized,
945030123,638552185,600.3694195571253,path,To Mudsprings,False,30.0,Uncategorized,
945030928,454089039,34.593131843846706,secondary,Jamboree Road,False,30.0,Uncategorized,2
945030928,454089685,147.38387181829563,secondary,Jamboree Road,False,30.0,Uncategorized,2
945030928,945039294,33.54894248195897,unclassified,Unnamed,False,33.07,Uncategorized,
945030934,1300391128,64.80366094623352,service,Unnamed,False,25.85,Uncategorized,
945030934,253788571,19.430016336235717,service,Unnamed,False,25.85,Uncategorized,
945030934,1300391206,163.67083041742708,service,Unnamed,False,25.85,Uncategorized,
945030934,945031035,19.089642852348565,service,Unnamed,False,25.85,Uncategorized,
945030973,454089147,164.0609022150337,unclassified,Unnamed,False,33.07,permissive,
945031035,253788571,11.163684118675125,unclassified,Unnamed,False,33.07,Uncategorized,
945031035,253792494,78.29703282690969,unclassified,Unnamed,False,33.07,Uncategorized,
945031035,945030934,19.089642852348565,service,Unnamed,False,25.85,Uncategorized,
945031114,1711050168,34.15931452821514,unclassified,Ibarang Road,False,33.07,Uncategorized,2
945031114,1711050164,18.31786210651145,service,Unnamed,False,25.85,Uncategorized,
945031114,5246675713,1027.547082152973,unclassified,Ibarang Road,False,33.07,Uncategorized,2
945031132,253784840,45.57481706409564,unclassified,Ibarang Road,False,33.07,Uncategorized,2
945031132,253784840,135.4508751406972,service,Unnamed,False,25.85,Uncategorized,
945031132,5246675713,60.11184275118829,unclassified,Ibarang Road,False,33.07,Uncategorized,2
945031147,253492342,1109.5275715023638,unclassified,Ibarang Road,False,33.07,Uncategorized,2
945031147,253784840,488.7797346733953,unclassified,Ibarang Road,False,33.07,Uncategorized,2
945031147,2788133214,183.30572767932028,unclassified,Unnamed,False,33.07,Uncategorized,
945039294,454089039,34.09859921126964,unclassified,Unnamed,False,33.07,Uncategorized,
945039294,253492342,24.626221697644105,unclassified,Unnamed,False,33.07,Uncategorized,
945039294,945030928,33.54894248195897,unclassified,Unnamed,False,33.07,Uncategorized,
949482705,427963808,19.329017574509535,service,Unnamed,False,25.85,private,
949482705,4611760499,19.11212930752193,service,Unnamed,False,25.85,private,
949482705,4611760495,9.111754060585861,service,Unnamed,False,25.85,private,
949612033,12718893598,6.471096831091944,residential,Pantua Extension,False,31.86,Uncategorized,
949612033,417266367,51.78459567543729,primary,National Highway,False,30.49,Uncategorized,4
949612033,1127246090,33.75581951756556,residential,Pantua,False,31.86,Uncategorized,
949612033,1300391201,162.73831943089655,primary,National Highway,False,30.49,Uncategorized,4
949612171,5104436190,17.464838338953406,primary,National Highway,False,30.49,Uncategorized,4
949612171,6876763603,9.809728622269661,primary,National Highway,False,30.49,Uncategorized,4
983332751,12254040023,3.5677724816457688,tertiary,Jose B. Juliano Avenue,False,33.15,Uncategorized,2
983332751,12186657984,4.686293517139472,service,Men's Dorm Driveway,False,25.85,Uncategorized,
983332751,983332788,52.0171832739027,tertiary,Jose B. Juliano Avenue,False,33.15,Uncategorized,2
983332759,983332782,36.866958834338256,service,Men's Dorm Driveway,False,25.85,Uncategorized,
983332759,12186657984,19.715824660055908,service,Men's Dorm Driveway,False,25.85,Uncategorized,
983332759,1923626808,14.900512511677691,footway,Unnamed,False,30.0,Uncategorized,
983332782,12186657982,7.180935929772586,service,Men's Dorm Driveway,False,25.85,Uncategorized,
983332782,12777010086,4.5617625753043205,path,Unnamed,False,30.0,Uncategorized,
983332782,983332759,36.866958834338256,service,Men's Dorm Driveway,False,25.85,Uncategorized,
983332788,12186657982,5.711962788863591,service,Men's Dorm Driveway,False,25.85,Uncategorized,
983332788,816417552,6.2882086899402045,tertiary,Jose B. Juliano Avenue,False,33.15,Uncategorized,2
983332788,983332751,52.0171832739027,tertiary,Jose B. Juliano Avenue,False,33.15,Uncategorized,2
983332941,983344015,14.64190579882346,footway,Unnamed,False,30.0,Uncategorized,
983332941,12080060992,151.91410339405763,footway,Unnamed,False,30.0,Uncategorized,
983332941,573342295,42.38739461972868,path,Unnamed,False,30.0,Uncategorized,
983344015,983332941,14.64190579882346,footway,Unnamed,False,30.0,Uncategorized,
983344015,12186673178,23.6928167604366,footway,Unnamed,False,30.0,Uncategorized,
983344015,431351066,42.15003755151357,footway,Unnamed,False,30.0,Uncategorized,
983344015,431156410,21.409901551162513,service,Unnamed,False,25.85,Uncategorized,
995847424,995847438,5.351406303389218,service,Unnamed,True,25.85,private,2
995847424,995847425,47.54231622625081,footway,Unnamed,False,30.0,Uncategorized,
995847425,2820863016,43.175083012507656,service,Unnamed,False,25.85,private,
995847425,1285602729,31.35816509280259,service,Unnamed,False,25.85,private,
995847425,995847424,47.54231622625081,footway,Unnamed,False,30.0,Uncategorized,
995847434,1285602699,60.316092572153124,service,Unnamed,False,25.85,private,2
995847434,995847424,12.736805052381625,service,Unnamed,True,25.85,private,2
995847437,7682420263,103.7690947308706,service,Unnamed,False,25.85,private,2
995847437,995847438,24.26031361891076,service,Unnamed,False,25.85,private,2
995847437,4394335195,199.00757844049855,footway,Unnamed,False,30.0,Uncategorized,
995847438,995847437,24.26031361891076,service,Unnamed,False,25.85,private,2
995847438,5310604312,50.76468649377877,service,Unnamed,True,25.85,private,2
995847451,995847452,10.356575976344175,unclassified,Pili Drive,False,40.0,destination,2
995847451,1532188374,179.47850586259813,unclassified,Pili Drive,False,40.0,destination,2
995847452,3164540376,4.505818181453891,service,Unnamed,True,25.85,private,1
995847452,995847451,10.356575976344175,unclassified,Pili Drive,False,40.0,destination,2
995847452,1532188401,209.40011915133985,unclassified,Pili Drive,False,40.0,destination,2
995847536,2170279713,33.75737703647854,service,Unnamed,False,25.85,Uncategorized,2
995847536,6372174252,73.02350768694704,service,Unnamed,False,25.85,Uncategorized,2
995847536,2112402513,36.289223126129976,service,Unnamed,False,25.85,Uncategorized,
995847536,3429855273,41.00833596833372,service,Unnamed,False,25.85,Uncategorized,
1018149020,560727319,11.352280593173417,footway,Unnamed,False,30.0,Uncategorized,
1018149020,1018149039,15.46254177147997,steps,Unnamed,False,30.49,Uncategorized,
1018149020,560727544,20.864069050929327,footway,Unnamed,False,30.0,Uncategorized,
1018149039,1018149205,8.322448035516345,footway,Unnamed,False,30.0,Uncategorized,
1018149039,1018149277,19.237107740696537,footway,Unnamed,False,30.0,Uncategorized,
1018149039,1018149020,15.46254177147997,steps,Unnamed,False,30.49,Uncategorized,
1018149205,560727544,3.3092125801993153,steps,Unnamed,False,30.49,Uncategorized,
1018149205,1018149039,8.322448035516345,footway,Unnamed,False,30.0,Uncategorized,
1018149205,1018149238,52.9822329268748,footway,Unnamed,False,30.0,Uncategorized,
1018149238,1018149277,26.377557065438733,footway,Unnamed,False,30.0,Uncategorized,
1018149238,1018149205,52.9822329268748,footway,Unnamed,False,30.0,Uncategorized,
1018149238,560712420,8.143243047667045,footway,Unnamed,False,30.0,Uncategorized,
1018149277,1018149039,19.237107740696537,footway,Unnamed,False,30.0,Uncategorized,
1018149277,1018149238,26.377557065438733,footway,Unnamed,False,30.0,Uncategorized,
1018149277,1018149671,25.491848148042436,footway,Unnamed,False,30.0,Uncategorized,
1018149277,560712423,7.672044249331908,footway,Unnamed,False,30.0,Uncategorized,
1018149671,560727319,18.530194579218666,service,Unnamed,False,25.85,Uncategorized,
1018149671,1018149277,25.491848148042436,footway,Unnamed,False,30.0,Uncategorized,
1018149671,560712416,7.250295598349542,service,Unnamed,False,25.85,Uncategorized,
1030720830,1246454349,40.33469441074826,service,Unnamed,False,25.0,private,1
1030720831,1246454349,31.125845097564802,service,Unnamed,False,25.0,private,1
1030720831,10866680896,11.919286556375267,service,Unnamed,False,25.85,Uncategorized,
1030720831,920087450,16.777005241688222,service,Unnamed,False,25.0,private,2
1030720831,920087440,49.47098287600941,service,Unnamed,False,25.0,private,2
1030720938,431154425,6.490957497615443,service,Unnamed,False,25.0,private,1
1030720938,1246454294,92.45183501518319,footway,Unnamed,False,30.0,Uncategorized,
1030720938,431154426,27.72554860430478,footway,Unnamed,False,30.0,Uncategorized,
1030720938,1030720965,35.33899624313082,service,Unnamed,False,25.0,private,1
1030720965,1030720938,35.33899624313082,service,Unnamed,False,25.0,private,1
1059095297,431154475,85.92726691854057,service,Unnamed,False,25.85,Uncategorized,
1059095305,6497035061,29.04595666258292,service,Unnamed,False,25.85,Uncategorized,
1102056824,1102056972,12.819334829479711,footway,Unnamed,False,30.0,Uncategorized,
1102056824,767038125,33.27147048379927,footway,Unnamed,False,30.0,permissive,
1102056824,6948369163,27.10212013113746,footway,Unnamed,False,30.0,Uncategorized,
1102056955,1532125390,3.07873928949211,service,Unnamed,False,25.85,Uncategorized,
1102056955,452988576,62.148082191060794,service,Unnamed,False,25.85,Uncategorized,
1102056955,452988576,40.94340208724917,footway,Unnamed,False,30.0,Uncategorized,
1102056955,6361461471,130.21011990388695,footway,Unnamed,False,30.0,Uncategorized,
1102056972,1102056824,12.819334829479711,footway,Unnamed,False,30.0,Uncategorized,
1102056972,452988576,34.21451415502353,footway,Unnamed,False,30.0,Uncategorized,
1102056972,1532125421,2.866861341174032,service,Unnamed,False,25.85,permissive,
1102056972,767038125,44.80205293756626,service,Unnamed,False,25.85,permissive,
1115385595,1115385655,51.86556684876277,service,Unnamed,False,25.85,private,
1115385655,253509234,26.09140268457,residential,Dinorado Street,False,40.0,Uncategorized,2
1115385655,382058070,25.977893021530928,residential,Dinorado Street,False,40.0,Uncategorized,2
1115385655,1115385595,51.86556684876277,service,Unnamed,False,25.85,private,
1116385269,572998550,48.42154823702415,service,Unnamed,False,25.85,Uncategorized,
1116385292,382821826,5.977891785095124,unclassified,Harold Cuzner Royal Palm Avenue,False,30.0,Uncategorized,2
1116385292,2361575026,3.9503873830069716,tertiary,Jose B. Juliano Avenue,False,33.15,Uncategorized,2
1116385292,10079104818,15.275582176335394,tertiary,Jose B. Juliano Avenue,False,33.15,Uncategorized,2
1116385295,382823208,14.033195377491333,unclassified,Harold Cuzner Royal Palm Avenue,False,30.0,Uncategorized,2
1116385295,1393350970,39.806526062507146,service,Unnamed,False,25.85,Uncategorized,1
1116385295,382815507,74.24601891252235,unclassified,Harold Cuzner Royal Palm Avenue,False,30.0,Uncategorized,2
1116391420,791219118,36.433128289425106,service,Unnamed,False,25.85,Uncategorized,2
1116391420,1116391425,87.02022225959439,service,Unnamed,False,25.85,Uncategorized,2
1116391420,1116391506,25.499767079852262,service,Unnamed,False,25.85,Uncategorized,2
1116391425,1116391420,87.02022225959439,service,Unnamed,False,25.85,Uncategorized,2
1116391486,452998009,95.43215640425875,residential,Guijo,False,31.86,Uncategorized,
1116391506,1116391420,25.499767079852262,service,Unnamed,False,25.85,Uncategorized,2
1119827583,1252235383,104.0235273404427,unclassified,Unnamed,False,33.07,Uncategorized,
1119827583,1119827840,101.9254225441766,unclassified,Unnamed,False,33.07,Uncategorized,
1119827583,1119827837,155.95290482348656,unclassified,Unnamed,False,33.07,Uncategorized,
1119827586,1119827875,804.8240493088052,service,Unnamed,False,25.85,private,
1119827587,1119827833,74.93135000256596,unclassified,Unnamed,False,33.07,Uncategorized,
1119827587,1119827837,127.64647399333857,unclassified,Unnamed,False,33.07,Uncategorized,
1119827587,1119827592,65.2855457129859,unclassified,Unnamed,False,33.07,Uncategorized,
1119827588,1412724549,16.163922212342023,footway,Unnamed,False,30.0,permissive,
1119827588,1119827597,5.736918697991273,residential,Unnamed,False,31.86,permissive,
1119827588,1412724584,11.06800150191138,residential,Unnamed,False,31.86,permissive,
1119827592,1252235383,22.484107230070578,unclassified,Unnamed,False,33.07,Uncategorized,
1119827592,1119827593,32.97672248979758,unclassified,Unnamed,False,33.07,Uncategorized,
1119827592,1119827587,65.2855457129859,unclassified,Unnamed,False,33.07,Uncategorized,
1119827593,1119827592,32.97672248979758,unclassified,Unnamed,False,33.07,Uncategorized,
1119827593,1119827596,14.286614895246151,unclassified,Unnamed,False,33.07,Uncategorized,
1119827593,1252235775,21.841465206360425,service,Unnamed,False,25.85,Uncategorized,
1119827596,1119827593,14.286614895246151,unclassified,Unnamed,False,33.07,Uncategorized,
1119827596,1252235612,21.876659637733837,service,Unnamed,False,25.85,Uncategorized,
1119827596,1119827607,47.74474740413917,unclassified,Unnamed,False,33.07,Uncategorized,
1119827597,1412724532,31.361150698105927,footway,Unnamed,False,30.0,permissive,
1119827597,1119827734,11.131617388296391,residential,Unnamed,False,31.86,permissive,
1119827597,1119827588,5.736918697991273,residential,Unnamed,False,31.86,permissive,
1119827607,1119827596,47.74474740413917,unclassified,Unnamed,False,33.07,Uncategorized,
1119827607,1119827830,129.37549086458503,unclassified,Unnamed,False,33.07,Uncategorized,
1119827607,1252235612,39.138949497225205,service,Unnamed,False,25.85,Uncategorized,
1119827610,1119827680,77.0302387668574,residential,Unnamed,False,30.0,Uncategorized,
1119827610,8893749287,55.11398408964496,residential,Unnamed,False,30.0,Uncategorized,2
1119827610,253765821,79.0617339461722,residential,Unnamed,False,30.0,Uncategorized,
1119827627,1517351370,49.00758570966126,residential,Unnamed,False,31.86,Uncategorized,
1119827627,1517351368,213.45723898922165,residential,Governor E. R. Street,False,30.0,Uncategorized,2
1119827627,1119827767,56.748192989794745,residential,Governor E. R. Street,False,30.0,Uncategorized,2
1119827638,1127153769,5.585245766820638,residential,Unnamed,False,31.86,permissive,
1119827638,1127153749,17.551626198134734,residential,Unnamed,False,31.86,permissive,
1119827638,1119827767,61.54443335858533,residential,Unnamed,False,31.86,permissive,
1119827646,1119827650,21.387496727958016,service,Unnamed,False,25.85,Uncategorized,
1119827650,1119827657,37.759088672779484,service,Unnamed,False,25.85,Uncategorized,
1119827650,1119827646,21.387496727958016,service,Unnamed,False,25.85,Uncategorized,
1119827650,527829642,49.39122374685941,service,Unnamed,False,25.85,Uncategorized,
1119827657,1119827650,37.759088672779484,service,Unnamed,False,25.85,Uncategorized,
1119827657,1127153827,21.481216321892294,service,Unnamed,False,25.85,Uncategorized,
1119827657,8893740603,92.03685336434137,service,Unnamed,False,25.85,Uncategorized,
1119827664,1412724666,23.690422224694775,footway,Unnamed,False,30.0,permissive,
1119827664,1127153814,5.313666252318456,residential,Unnamed,False,31.86,permissive,
1119827664,1119827723,18.412772013479458,residential,Unnamed,False,31.86,permissive,
1119827666,1252235355,158.29794147142746,unclassified,Unnamed,False,33.07,Uncategorized,
1119827666,1119827840,223.65874285066948,unclassified,Unnamed,False,33.07,Uncategorized,
1119827666,1119827873,227.7977608606407,unclassified,Unnamed,False,33.07,Uncategorized,
1119827667,1119866637,128.5804505711834,residential,Unnamed,False,31.86,Uncategorized,
1119827667,1344055993,78.56459709432971,residential,Unnamed,False,30.0,Uncategorized,
1119827667,1119866493,72.03032034683935,residential,Unnamed,False,31.86,Uncategorized,
1119827679,1127153750,13.903082550640672,footway,Unnamed,False,30.0,permissive,
1119827679,1412724827,12.301924596855985,residential,Unnamed,False,31.86,permissive,
1119827679,1119827696,40.00799378882496,residential,Unnamed,False,31.86,permissive,
1119827680,1119827610,77.0302387668574,residential,Unnamed,False,30.0,Uncategorized,
1119827680,1344055993,8.423190200304596,residential,Unnamed,False,30.0,Uncategorized,
1119827680,2719143374,28.091332878998827,residential,Unnamed,True,31.86,Uncategorized,
1119827683,2719143454,108.19464209115694,service,Unnamed,False,25.85,private,
1119827683,5305200818,99.45111267722547,service,Unnamed,False,25.85,private,
1119827683,8317776671,30.9877251928762,service,Unnamed,False,25.85,private,
1119827696,1412724833,3.6076680416050717,footway,Unnamed,False,30.0,Uncategorized,
1119827696,1119827679,40.00799378882496,residential,Unnamed,False,31.86,permissive,
1119827696,1119827713,14.702017650062082,residential,Unnamed,False,31.86,permissive,
1119827713,1127153826,16.702593874975502,residential,Unnamed,False,31.86,permissive,
1119827713,1119827696,14.702017650062082,residential,Unnamed,False,31.86,permissive,
1119827713,1411812549,26.627729764046528,footway,Unnamed,False,30.0,permissive,
1119827716,1119827875,151.0062700263984,service,Unnamed,False,25.85,private,
1119827716,638899098,69.63298585661713,service,Unnamed,False,25.85,private,
1119827716,5305200812,308.58816304874546,service,Unnamed,False,25.85,private,
1119827723,1412724574,7.873964359701896,footway,Unnamed,False,30.0,permissive,
1119827723,1412724584,25.511882051805404,residential,Unnamed,False,31.86,permissive,
1119827723,1119827664,18.412772013479458,residential,Unnamed,False,31.86,permissive,
1119827734,1127153749,8.620172450734641,residential,Unnamed,False,31.86,permissive,
1119827734,1119827597,11.131617388296391,residential,Unnamed,False,31.86,permissive,
1119827734,1412724603,35.04555163607356,footway,Unnamed,False,30.0,permissive,
1119827739,638899611,278.7875627663057,tertiary,Valentino G. Argañosa,False,35.0,Uncategorized,2
1119827739,1119827792,120.13171500363109,tertiary,Valentino G. Argañosa,False,35.0,Uncategorized,2
1119827739,1411812710,187.83890518611463,service,Unnamed,False,25.85,private,
1119827748,1119827750,53.28512785824447,residential,Ginto,False,31.86,Uncategorized,
1119827748,8893749310,145.29542841539998,residential,Ginto,False,31.86,Uncategorized,
1119827748,1120694514,258.66753043583003,residential,Unnamed,False,31.86,Uncategorized,
1119827750,1119827755,66.43543215221528,residential,Ginto,False,31.86,Uncategorized,
1119827750,1119827748,53.28512785824447,residential,Ginto,False,31.86,Uncategorized,
1119827750,1120694568,251.59112986893308,residential,Unnamed,False,31.86,Uncategorized,
1119827752,1127153826,6.603956730030297,residential,Unnamed,False,31.86,permissive,
1119827752,1127153797,17.700874711814986,residential,Unnamed,False,31.86,permissive,
1119827752,1411812484,28.49863561492912,footway,Unnamed,False,30.0,permissive,
1119827755,638900396,61.85330838023264,residential,Ginto,False,31.86,Uncategorized,
1119827755,1119827750,66.43543215221528,residential,Ginto,False,31.86,Uncategorized,
1119827755,1120694573,242.41262976183697,residential,Unnamed,False,31.86,Uncategorized,
1119827767,1517351357,60.29959693014472,residential,Unnamed,False,31.86,Uncategorized,
1119827767,1517351371,73.05268241458857,residential,Unnamed,False,31.86,Uncategorized,
1119827767,1119827638,61.54443335858533,residential,Unnamed,False,31.86,permissive,
1119827767,1119827627,56.748192989794745,residential,Governor E. R. Street,False,30.0,Uncategorized,2
1119827773,638901703,39.55771045645583,tertiary,IPB Road,False,33.15,Uncategorized,2
1119827773,638902610,57.063221001219674,tertiary,Road North 1,False,33.15,Uncategorized,2
1119827773,5305256039,108.64767450577929,unclassified,Unnamed,False,33.07,private,
1119827779,1119827833,38.695516746958944,unclassified,Unnamed,True,33.07,Uncategorized,
1119827779,2494568397,88.21910194413277,unclassified,Unnamed,False,33.07,Uncategorized,2
1119827786,1252235248,68.81968181073734,unclassified,Unnamed,False,33.07,Uncategorized,
1119827786,1119827779,18.112746632974265,unclassified,Unnamed,True,33.07,Uncategorized,
1119827788,638901703,101.73122978640502,tertiary,IPB Road,False,33.15,Uncategorized,2
1119827788,8894303948,127.92685826975153,tertiary,IPB Road,False,33.15,Uncategorized,2
1119827788,1252235372,220.3581575581432,unclassified,Unnamed,False,33.07,Uncategorized,2
1119827792,1119827739,120.13171500363109,tertiary,Valentino G. Argañosa,False,35.0,Uncategorized,2
1119827792,1119827801,112.70944408365017,tertiary,Valentino G. Argañosa,False,35.0,Uncategorized,2
1119827792,1411812756,80.0357089747984,service,Unnamed,False,25.85,private,
1119827801,1411812825,112.61065630929275,residential,Unnamed,False,31.86,Uncategorized,
1119827801,1119827792,112.70944408365017,tertiary,Valentino G. Argañosa,False,35.0,Uncategorized,2
1119827801,12254040029,443.1989183387549,tertiary,Valentino G. Argañosa,False,35.0,Uncategorized,2
1119827808,1201061977,70.27133207397961,unclassified,Unnamed,False,33.07,Uncategorized,2
1119827808,2494568397,127.86847320470996,unclassified,Unnamed,False,33.07,Uncategorized,2
1119827808,1252235278,211.64380697380454,track,Unnamed,False,30.0,Uncategorized,
1119827822,1119827837,96.08306649225918,unclassified,Unnamed,False,33.07,Uncategorized,
1119827822,1119827873,183.34847554539655,unclassified,Unnamed,False,33.07,Uncategorized,
1119827822,1119827873,299.8155965380887,path,Unnamed,False,30.0,Uncategorized,
1119827830,8894315992,34.72793866405997,unclassified,Unnamed,False,33.07,Uncategorized,
1119827830,1119827607,129.37549086458506,unclassified,Unnamed,False,33.07,Uncategorized,
1119827830,1119827840,75.89639054474755,unclassified,Unnamed,False,33.07,Uncategorized,
1119827833,1119827587,74.93135000256596,unclassified,Unnamed,False,33.07,Uncategorized,
1119827833,1119827786,50.48946738027072,unclassified,Unnamed,True,33.07,Uncategorized,
1119827837,1119827587,127.64647399333857,unclassified,Unnamed,False,33.07,Uncategorized,
1119827837,1119827822,96.08306649225918,unclassified,Unnamed,False,33.07,Uncategorized,
1119827837,1119827583,155.95290482348656,unclassified,Unnamed,False,33.07,Uncategorized,
1119827837,1252235278,317.7814759353288,track,Unnamed,False,30.0,Uncategorized,
1119827840,1119827830,75.89639054474755,unclassified,Unnamed,False,33.07,Uncategorized,
1119827840,1119827583,101.9254225441766,unclassified,Unnamed,False,33.07,Uncategorized,
1119827840,1119827666,223.65874285066948,unclassified,Unnamed,False,33.07,Uncategorized,
1119827873,1119827822,183.34847554539652,unclassified,Unnamed,False,33.07,Uncategorized,
1119827873,1119827822,299.8155965380887,path,Unnamed,False,30.0,Uncategorized,
1119827873,1119827666,227.7977608606407,unclassified,Unnamed,False,33.07,Uncategorized,
1119827875,1119827586,804.8240493088053,service,Unnamed,False,25.85,private,
1119827875,253770770,84.40815460667027,service,Unnamed,False,25.85,private,
1119827875,1119827716,151.0062700263984,service,Unnamed,False,25.85,private,
1119842172,594357775,2.1451701074426612,steps,Unnamed,False,30.49,Uncategorized,
1119842238,585910298,22.197742369882775,residential,Felix O. Chinte Sr.,False,30.0,Uncategorized,2
1119842238,454087623,30.621822688441547,residential,Felix O. Chinte Sr.,False,30.0,Uncategorized,2
1119842238,594355600,34.11930731140645,residential,Valentin Sajor,False,30.0,Uncategorized,2
1119842239,454087036,404.8445948926353,service,Mauricio Oteyza,False,25.85,"['permissive', 'private']",2
1119842246,585909253,107.96404583964858,residential,Unnamed,False,31.86,Uncategorized,
1119842256,585912216,84.18661961408559,service,Unnamed,False,25.85,Uncategorized,
1119842256,1579271978,29.877610732904373,footway,Unnamed,False,30.0,Uncategorized,
1119842256,3723252208,31.03336099330319,service,Unnamed,False,25.85,Uncategorized,
1119842276,454087597,106.14465550888741,residential,Unnamed,False,31.86,Uncategorized,
1119842293,454087633,48.04897840173781,service,Unnamed,False,25.85,Uncategorized,
1119866132,1119866237,166.21752948236357,residential,Dapdap Street,False,31.86,Uncategorized,
1119866132,253771091,53.19139853470198,residential,Ipil-Ipil Street,False,31.86,Uncategorized,
1119866132,253794765,63.16218044961687,residential,Ipil-Ipil Street,False,31.86,Uncategorized,
1119866141,1119866422,60.05059462804257,residential,Unnamed,False,31.86,Uncategorized,
1119866141,1119866604,43.1101131807782,residential,Unnamed,False,31.86,Uncategorized,
1119866141,1119866535,70.82666948214904,residential,Unnamed,False,31.86,Uncategorized,
1119866142,1119866651,26.045132983008035,residential,Unnamed,True,31.86,Uncategorized,
1119866142,1119866404,130.8372694054015,residential,Unnamed,False,31.86,Uncategorized,
1119866237,1119866132,166.21752948236357,residential,Dapdap Street,False,31.86,Uncategorized,
1119866237,253790207,67.73087453169643,residential,Unnamed,False,31.86,Uncategorized,
1119866237,1119866648,92.38965656437298,residential,Unnamed,False,31.86,Uncategorized,
1119866270,1119866404,37.45099587090927,residential,Milky Way Street,False,31.86,Uncategorized,
1119866270,1119866604,34.38374921372565,residential,Venus Street,False,31.86,Uncategorized,
1119866270,8323153376,128.82106082718576,residential,Milky Way Street,False,31.86,Uncategorized,
1119866270,638899741,234.48706015057445,residential,Venus Street,False,31.86,Uncategorized,
1119866304,1119866637,45.98664017038878,residential,Unnamed,False,31.86,Uncategorized,
1119866304,8893939155,50.43362521914466,residential,Unnamed,False,31.86,Uncategorized,
1119866304,1344056020,29.789139371950306,residential,Unnamed,False,31.86,Uncategorized,
1119866312,1119866421,42.62674002319149,residential,Unnamed,False,31.86,Uncategorized,
1119866312,2214111327,49.76319976584755,residential,Unnamed,False,31.86,Uncategorized,
1119866312,1119866520,54.920861385861485,residential,Unnamed,False,31.86,Uncategorized,
1119866341,1532188301,40.069250479602935,residential,Venus Street,False,31.86,Uncategorized,
1119866341,1119866422,41.484541756231245,residential,Unnamed,False,31.86,Uncategorized,
1119866341,1119866604,85.06182080755173,residential,Venus Street,False,31.86,Uncategorized,
1119866372,1119866464,25.83180849034773,residential,Unnamed,False,31.86,Uncategorized,
1119866372,1119866635,27.686585602486545,residential,Unnamed,False,31.86,Uncategorized,
1119866372,1119866574,101.53839549455589,residential,Unnamed,False,31.86,Uncategorized,
1119866404,1119866464,28.942420452818787,residential,Milky Way Street,False,31.86,Uncategorized,
1119866404,1119866270,37.45099587090927,residential,Milky Way Street,False,31.86,Uncategorized,
1119866404,1119866421,99.57888372712652,residential,Unnamed,False,31.86,Uncategorized,
1119866404,1119866142,130.83726940540149,residential,Unnamed,False,31.86,Uncategorized,
1119866421,1119866312,42.62674002319149,residential,Unnamed,False,31.86,Uncategorized,
1119866421,1119866635,18.128805013489036,residential,Unnamed,False,31.86,Uncategorized,
1119866421,1119866404,99.57888372712652,residential,Unnamed,False,31.86,Uncategorized,
1119866422,1119866141,60.05059462804257,residential,Unnamed,False,31.86,Uncategorized,
1119866422,1119866341,41.484541756231245,residential,Unnamed,False,31.86,Uncategorized,
1119866422,1119866535,76.87746354442095,residential,Unnamed,False,31.86,Uncategorized,
1119866444,1252235314,44.77736266092615,residential,Unnamed,False,31.86,Uncategorized,
1119866444,3866495512,375.36045124246243,residential,Unnamed,False,31.86,Uncategorized,
1119866444,1119866479,212.42722259872858,residential,Unnamed,False,31.86,Uncategorized,
1119866463,1119866651,86.70453546631498,service,Unnamed,False,25.85,Uncategorized,
1119866463,1119866142,99.50343338483452,residential,Unnamed,True,31.86,Uncategorized,
1119866464,1119866607,100.81072421112957,residential,Milky Way Street,False,31.86,Uncategorized,
1119866464,1119866404,28.942420452818787,residential,Milky Way Street,False,31.86,Uncategorized,
1119866464,1119866372,25.83180849034773,residential,Unnamed,False,31.86,Uncategorized,
1119866478,1119866548,41.32874846319828,residential,Unnamed,False,31.86,Uncategorized,
1119866478,1252235314,17.922193965164656,residential,Unnamed,False,31.86,Uncategorized,
1119866478,8893758562,16.29114530956293,residential,Unnamed,False,31.86,Uncategorized,
1119866479,1119866493,79.85246074328423,residential,Unnamed,False,31.86,Uncategorized,
1119866479,1119866444,212.42722259872858,residential,Unnamed,False,31.86,Uncategorized,
1119866479,8893758560,54.32545698140571,residential,Unnamed,False,31.86,Uncategorized,
1119866492,1119866548,73.27772966562853,residential,Unnamed,False,31.86,Uncategorized,
1119866493,1119866548,250.9239330569768,residential,Unnamed,False,31.86,Uncategorized,
1119866493,1119827667,72.03032034683935,residential,Unnamed,False,31.86,Uncategorized,
1119866493,1119866479,79.85246074328421,residential,Unnamed,False,31.86,Uncategorized,
1119866493,8315142974,179.4654862195561,path,Unnamed,False,30.0,Uncategorized,
1119866520,1119866574,27.334403379507698,residential,Unnamed,False,31.86,Uncategorized,
1119866520,1119866635,86.81478492145915,residential,Unnamed,False,31.86,Uncategorized,
1119866520,1119866312,54.92086138586147,residential,Unnamed,False,31.86,Uncategorized,
1119866535,8323153375,34.669400958540805,residential,Unnamed,False,31.86,Uncategorized,
1119866535,1119866141,70.82666948214904,residential,Unnamed,False,31.86,Uncategorized,
1119866535,1119866422,76.87746354442095,residential,Unnamed,False,31.86,Uncategorized,
1119866548,1119866492,73.27772966562853,residential,Unnamed,False,31.86,Uncategorized,
1119866548,1119866478,41.32874846319828,residential,Unnamed,False,31.86,Uncategorized,
1119866548,1119866493,250.9239330569768,residential,Unnamed,False,31.86,Uncategorized,
1119866574,1119866520,27.334403379507698,residential,Unnamed,False,31.86,Uncategorized,
1119866574,1119866372,101.53839549455589,residential,Unnamed,False,31.86,Uncategorized,
1119866574,1119866607,29.203503837692416,residential,Unnamed,False,31.86,Uncategorized,
1119866604,1119866270,34.38374921372565,residential,Venus Street,False,31.86,Uncategorized,
1119866604,1119866141,43.1101131807782,residential,Unnamed,False,31.86,Uncategorized,
1119866604,1119866341,85.06182080755173,residential,Venus Street,False,31.86,Uncategorized,
1119866607,1119866464,100.81072421112957,residential,Milky Way Street,False,31.86,Uncategorized,
1119866607,1119866574,29.20350383769242,residential,Unnamed,False,31.86,Uncategorized,
1119866607,1119866463,78.20821541606063,residential,Unnamed,True,31.86,Uncategorized,
1119866609,8893749288,20.18718119366503,service,Unnamed,False,25.85,Uncategorized,
1119866609,1119866648,74.90501118576344,residential,Kamagong Street,False,30.0,Uncategorized,
1119866609,253794765,180.28804359703832,residential,Kamagong Street,False,30.0,Uncategorized,
1119866635,1119866520,86.81478492145915,residential,Unnamed,False,31.86,Uncategorized,
1119866635,1119866372,27.686585602486545,residential,Unnamed,False,31.86,Uncategorized,
1119866635,1119866421,18.128805013489036,residential,Unnamed,False,31.86,Uncategorized,
1119866637,1119866304,45.98664017038878,residential,Unnamed,False,31.86,Uncategorized,
1119866637,1119827667,128.5804505711834,residential,Unnamed,False,31.86,Uncategorized,
1119866637,1344055989,50.968038953258315,residential,Unnamed,False,31.86,Uncategorized,
1119866648,8893749298,11.652641017432035,residential,Kamagong Street,False,30.0,Uncategorized,
1119866648,1119866237,92.38965656437297,residential,Unnamed,False,31.86,Uncategorized,
1119866648,1119866609,74.90501118576344,residential,Kamagong Street,False,30.0,Uncategorized,
1119866651,1119866463,86.70453546631498,service,Unnamed,False,25.85,Uncategorized,
1119866651,1119866464,78.29512858124689,residential,Unnamed,True,31.86,Uncategorized,
1119886425,454088567,126.51215699324018,residential,Sampaguita,False,31.86,Uncategorized,
1119886425,1119886425,89.50261762658289,residential,Sampaguita,False,31.86,Uncategorized,
1119886425,1119886425,89.50261762658288,residential,Sampaguita,False,31.86,Uncategorized,
1119886435,1119886450,49.65749008352504,residential,FM Sacay St.,False,20.0,private,2
1119886435,1119886518,110.06906167402656,residential,Dolores Circle,False,20.0,private,2
1119886435,582443141,151.96786286181728,residential,Sierra Madre Extension,False,30.0,private,1
1119886439,1119886518,14.132539773749727,residential,Unnamed,False,30.0,private,
1119886446,2400088638,13.362529284532888,residential,Palm Drive,False,30.0,Uncategorized,2
1119886447,12254049903,5.465846734378137,tertiary,Domingo M. Lantican Avenue,False,33.15,Uncategorized,2
1119886447,8314748110,5.812171981219136,secondary,Jose R. Velasco Avenue,False,30.0,Uncategorized,2
1119886447,12188365864,2.843410538415962,residential,Unnamed,True,30.0,Uncategorized,1
1119886447,434809839,77.65463253327765,secondary,Jose R. Velasco Avenue,False,30.0,Uncategorized,2
1119886448,1119886496,54.922132223817655,residential,Rambutan St.,False,30.0,private,2
1119886448,1119886450,51.86585406442637,residential,FM Sacay St.,False,20.0,private,2
1119886448,484165249,46.02426405884116,residential,FM Sacay St.,False,20.0,private,2
1119886450,1119886435,49.65749008352504,residential,FM Sacay St.,False,20.0,private,2
1119886450,1119886518,105.73753724475985,residential,Dolores Circle,False,20.0,private,2
1119886450,1119886448,51.86585406442637,residential,FM Sacay St.,False,20.0,private,2
1119886459,813543500,238.28302365198616,residential,Poinsettia,False,31.86,Uncategorized,
1119886495,12188365861,47.922285957797975,service,Unnamed,False,25.85,Uncategorized,
1119886496,1119886448,54.922132223817655,residential,Rambutan St.,False,30.0,private,2
1119886509,428744144,37.51666832118475,residential,Cordillera Street,False,30.0,Uncategorized,1
1119886509,428744157,42.71538743775113,residential,Cordillera Street,False,30.0,Uncategorized,1
1119886509,3872271264,51.36934206706587,footway,Unnamed,False,30.0,Uncategorized,
1119886514,813543553,38.217544640185835,residential,Doña Aurora,False,31.86,Uncategorized,2
1119886514,813543534,162.9640282111009,residential,Doña Aurora,False,31.86,Uncategorized,2
1119886514,813543591,49.351247726860215,service,Unnamed,False,25.85,private,1
1119886518,1119886439,14.132539773749727,residential,Unnamed,False,30.0,private,
1119886518,1119886435,110.06906167402656,residential,Dolores Circle,False,20.0,private,2
1119886518,1119886450,105.73753724475988,residential,Dolores Circle,False,20.0,private,2
1119886519,428744184,263.5699258634611,residential,Banawe Street,False,30.0,Uncategorized,2
1120694162,1120694200,52.66302947854988,residential,Unnamed,False,30.0,Uncategorized,
1120694162,1120694790,150.7483334543058,residential,Vanilla,False,30.0,Uncategorized,
1120694162,1120694707,102.59458215050095,residential,Vanilla,False,30.0,Uncategorized,
1120694200,1120694741,129.4232916813435,residential,Unnamed,False,30.0,Uncategorized,
1120694200,1120694211,49.497442166682966,residential,Unnamed,False,30.0,Uncategorized,
1120694200,1120694162,52.66302947854988,residential,Unnamed,False,30.0,Uncategorized,
1120694205,1120694494,76.08008423253331,residential,Unnamed,False,31.86,Uncategorized,
1120694205,1120694525,47.70237741664934,residential,Unnamed,False,31.86,Uncategorized,
1120694205,1120694391,69.99565637186802,residential,Unnamed,False,31.86,Uncategorized,
1120694211,1120694220,54.795720344218644,residential,Unnamed,False,30.0,Uncategorized,
1120694211,1120694200,49.497442166682966,residential,Unnamed,False,30.0,Uncategorized,
1120694211,1120694757,163.13502098270342,residential,Unnamed,False,30.0,Uncategorized,
1120694220,2719143855,14.587845650923645,residential,Unnamed,False,30.0,Uncategorized,
1120694220,1120694211,54.795720344218644,residential,Unnamed,False,30.0,Uncategorized,
1120694220,1120694760,213.15960656783398,residential,Unnamed,False,30.0,Uncategorized,
1120694267,1120694344,67.10773691482812,residential,Unnamed,False,31.86,Uncategorized,
1120694344,1532188335,64.71783150239106,tertiary,Governor F. San Luis Street,False,33.15,Uncategorized,
1120694344,1120694364,37.495804978947085,tertiary,Governor F. San Luis Street,False,33.15,Uncategorized,
1120694344,1120694267,67.10773691482814,residential,Unnamed,False,31.86,Uncategorized,
1120694362,1120694782,45.34993435662852,residential,Unnamed,False,31.86,Uncategorized,
1120694362,1120694672,84.44837553377197,residential,Unnamed,False,31.86,Uncategorized,
1120694362,1120694371,51.80353429614683,residential,Unnamed,False,31.86,Uncategorized,
1120694364,1120694344,37.495804978947085,tertiary,Governor F. San Luis Street,False,33.15,Uncategorized,
1120694364,1532188341,177.07429879581488,tertiary,Governor F. San Luis Street,False,33.15,Uncategorized,
1120694364,8894531501,210.00893101404048,residential,Labadan Drive,False,31.86,Uncategorized,
1120694371,1120694525,51.4841310196521,residential,Unnamed,False,31.86,Uncategorized,
1120694371,1120694494,38.39357414203373,residential,Unnamed,False,31.86,Uncategorized,
1120694371,1120694362,51.803534296146836,residential,Unnamed,False,31.86,Uncategorized,
1120694388,638900571,203.1444719337079,residential,Maligaya Drive,False,31.86,Uncategorized,
1120694391,2719143944,173.49291393756704,residential,Unnamed,False,31.86,Uncategorized,
1120694391,1532188341,58.093904650622534,residential,Unnamed,False,31.86,Uncategorized,
1120694391,1120694205,69.99565637186802,residential,Unnamed,False,31.86,Uncategorized,
1120694413,3429855330,152.7934196255381,residential,Unnamed,False,31.86,Uncategorized,
1120694492,4793258729,34.8094411873066,service,Unnamed,False,25.85,Uncategorized,
1120694493,1120694560,134.10995670272095,residential,Sanggumay,False,30.0,Uncategorized,
1120694493,8894531484,73.26049383145313,residential,Sanggumay,False,30.0,Uncategorized,
1120694493,1120694785,118.19426758551842,residential,Jasmin,False,30.0,Uncategorized,
1120694494,1120694205,76.08008423253331,residential,Unnamed,False,31.86,Uncategorized,
1120694494,2719143944,43.74661913170636,residential,Unnamed,False,31.86,Uncategorized,
1120694494,1120694371,38.39357414203373,residential,Unnamed,False,31.86,Uncategorized,
1120694514,1119827748,258.66753043583003,residential,Unnamed,False,31.86,Uncategorized,
1120694514,1120694568,65.29351920620712,residential,Pilak,False,31.86,Uncategorized,
1120694514,8893749312,151.2257568553643,residential,Pilak,False,31.86,Uncategorized,
1120694525,1120694672,54.8099427999764,residential,Unnamed,False,31.86,Uncategorized,
1120694525,1120694371,51.4841310196521,residential,Unnamed,False,31.86,Uncategorized,
1120694525,1120694205,47.70237741664934,residential,Unnamed,False,31.86,Uncategorized,
1120694560,1120694809,48.87276259672309,residential,Sanggumay,False,30.0,Uncategorized,
1120694560,1120694493,134.10995670272095,residential,Sanggumay,False,30.0,Uncategorized,
1120694560,1120694785,111.11149844802881,residential,Vanilla,False,30.0,Uncategorized,
1120694568,1120694573,58.17840476203543,residential,Pilak,False,31.86,Uncategorized,
1120694568,1119827750,251.59112986893308,residential,Unnamed,False,31.86,Uncategorized,
1120694568,1120694514,65.29351920620712,residential,Pilak,False,31.86,Uncategorized,
1120694573,638900426,61.34493938751366,residential,Pilak,False,31.86,Uncategorized,
1120694573,1120694568,58.17840476203543,residential,Pilak,False,31.86,Uncategorized,
1120694573,1119827755,242.41262976183697,residential,Unnamed,False,31.86,Uncategorized,
1120694672,1120694525,54.8099427999764,residential,Unnamed,False,31.86,Uncategorized,
1120694672,1120694782,160.41481464164784,residential,Unnamed,False,31.86,Uncategorized,
1120694672,1120694362,84.44837553377197,residential,Unnamed,False,31.86,Uncategorized,
1120694679,1120694707,66.75050939646208,residential,Sanggumay,False,30.0,Uncategorized,
1120694679,8894531484,1.068827871454412,residential,Sanggumay,False,30.0,Uncategorized,
1120694679,1120694790,168.3146222467629,residential,Cattleya,False,30.0,Uncategorized,
1120694707,8894531495,10.911953562559486,residential,Sanggumay,False,30.0,Uncategorized,
1120694707,1120694679,66.75050939646208,residential,Sanggumay,False,30.0,Uncategorized,
1120694707,1120694162,102.59458215050095,residential,Vanilla,False,30.0,Uncategorized,
1120694730,1120694809,42.112229963725945,residential,Sanggumay,False,30.0,Uncategorized,
1120694730,2214111328,45.67092489019347,residential,Bauhinia,False,30.0,Uncategorized,
1120694730,1120694801,357.6860129534067,residential,"['Sanggumay', 'Mariposa']",False,30.0,Uncategorized,
1120694730,1120694801,274.6670418130234,residential,Bauhinia,False,30.0,Uncategorized,
1120694738,1510885934,164.48752080760698,track,Unnamed,False,30.0,Uncategorized,
1120694738,7729310430,340.15082150826674,service,Unnamed,False,25.85,Uncategorized,2
1120694738,6361461395,255.26505273221068,track,Unnamed,False,30.0,Uncategorized,
1120694741,1120694200,129.4232916813435,residential,Unnamed,False,30.0,Uncategorized,
1120694741,1120694757,48.29760872995376,residential,Sanggumay,False,30.0,Uncategorized,
1120694741,8894531495,60.42942013617021,residential,Sanggumay,False,30.0,Uncategorized,
1120694757,1120694760,74.94685669236432,residential,Sanggumay,False,30.0,Uncategorized,
1120694757,1120694211,163.13502098270342,residential,Unnamed,False,30.0,Uncategorized,
1120694757,1120694741,48.29760872995376,residential,Sanggumay,False,30.0,Uncategorized,
1120694760,2719143864,22.33565654929188,residential,Sanggumay,False,30.0,Uncategorized,
1120694760,1120694757,74.94685669236432,residential,Sanggumay,False,30.0,Uncategorized,
1120694760,1120694220,213.15960656783398,residential,Unnamed,False,30.0,Uncategorized,
1120694777,2719143668,55.1978254273018,tertiary,Governor F. San Luis Street,False,33.15,Uncategorized,
1120694777,2719143705,65.85051717847256,tertiary,Governor F. San Luis Street,False,33.15,Uncategorized,
1120694777,2719143802,297.62390023081497,residential,Unnamed,False,31.86,Uncategorized,
1120694782,1120694362,45.34993435662852,residential,Unnamed,False,31.86,Uncategorized,
1120694782,1120694672,160.4148146416478,residential,Unnamed,False,31.86,Uncategorized,
1120694782,8292705514,115.66226296093546,residential,Unnamed,False,31.86,Uncategorized,
1120694785,1120694790,44.34342743655469,residential,Vanilla,False,30.0,Uncategorized,
1120694785,1120694493,118.19426758551845,residential,Jasmin,False,30.0,Uncategorized,
1120694785,1120694786,81.27919396471937,residential,Jasmin,False,30.0,Uncategorized,
1120694785,1120694560,111.11149844802881,residential,Vanilla,False,30.0,Uncategorized,
1120694786,638900256,135.00873813351308,residential,Waling-waling,False,30.0,Uncategorized,
1120694786,1120694809,140.60291065762132,residential,Waling-waling,False,30.0,Uncategorized,
1120694786,1120694785,81.27919396471935,residential,Jasmin,False,30.0,Uncategorized,
1120694790,1120694785,44.34342743655469,residential,Vanilla,False,30.0,Uncategorized,
1120694790,1120694679,168.31462224676292,residential,Cattleya,False,30.0,Uncategorized,
1120694790,1120694162,150.7483334543058,residential,Vanilla,False,30.0,Uncategorized,
1120694801,638900256,41.080533257504065,residential,Mariposa,False,30.0,Uncategorized,
1120694801,1120694730,357.68601295340676,residential,"['Mariposa', 'Sanggumay']",False,30.0,Uncategorized,
1120694801,1120694730,274.6670418130234,residential,Bauhinia,False,30.0,Uncategorized,
1120694809,1120694786,140.60291065762132,residential,Waling-waling,False,30.0,Uncategorized,
1120694809,1120694730,42.112229963725945,residential,Sanggumay,False,30.0,Uncategorized,
1120694809,1120694560,48.87276259672309,residential,Sanggumay,False,30.0,Uncategorized,
1126042993,6361461412,17.099026786535134,steps,Unnamed,False,30.49,Uncategorized,
1126043001,1126043025,57.20093595984929,service,Unnamed,False,25.85,Uncategorized,
1126043015,435135892,11.005025005347425,service,Unnamed,False,25.85,Uncategorized,1
1126043015,382824762,4.667950811541767,service,Unnamed,False,25.85,Uncategorized,1
1126043015,12254040057,36.42221151071402,footway,Unnamed,False,30.0,Uncategorized,
1126043015,1126043025,77.90117350724022,footway,Unnamed,False,30.0,Uncategorized,
1126043016,5507052418,5.221179527476159,service,Unnamed,False,25.85,Uncategorized,1
1126043016,435135891,13.011510531387694,service,Unnamed,False,25.85,Uncategorized,1
1126043016,2361575024,12.269193791337866,footway,Unnamed,False,30.0,Uncategorized,
1126043016,12254040057,5.809903866943588,footway,Unnamed,False,30.0,Uncategorized,
1126043025,253783708,9.672471638010153,service,Unnamed,False,25.85,Uncategorized,
1126043025,1126043001,57.20093595984929,service,Unnamed,False,25.85,Uncategorized,
1126043025,1126043015,77.9011735072402,footway,Unnamed,False,30.0,Uncategorized,
1126043025,2846145192,37.29965767560209,footway,Unnamed,False,30.0,Uncategorized,
1127153749,1127153814,46.66991408615693,footway,Unnamed,False,30.0,permissive,
1127153749,1119827638,17.551626198134734,residential,Unnamed,False,31.86,permissive,
1127153749,1119827734,8.620172450734641,residential,Unnamed,False,31.86,permissive,
1127153750,1127153817,16.11326754875379,footway,Unnamed,False,30.0,permissive,
1127153750,1119827679,13.903082550640672,footway,Unnamed,False,30.0,permissive,
1127153750,1127153822,21.365434893643172,footway,Unnamed,False,30.0,permissive,
1127153759,1127153826,46.211241250328854,footway,Unnamed,False,30.0,permissive,
1127153759,1412724791,8.048224662019257,residential,Unnamed,False,31.86,permissive,
1127153759,1412724827,13.804642565910735,residential,Unnamed,False,31.86,permissive,
1127153761,638898782,33.058440462203805,residential,Unnamed,False,30.0,Uncategorized,1
1127153761,638898784,37.74881404124717,residential,Unnamed,False,30.0,Uncategorized,1
1127153761,638898785,68.84764355503538,footway,Unnamed,False,30.0,Uncategorized,
1127153769,1411812449,16.908373633699618,residential,Unnamed,False,31.86,permissive,
1127153769,1119827638,5.585245766820638,residential,Unnamed,False,31.86,permissive,
1127153769,1127153780,48.030669249746566,footway,Unnamed,False,30.0,permissive,
1127153780,1127153769,48.030669249746566,footway,Unnamed,False,30.0,permissive,
1127153780,1412724703,8.389517298298717,residential,Unnamed,False,31.86,permissive,
1127153780,1412724746,15.583841267268854,residential,Unnamed,False,31.86,permissive,
1127153795,1127153809,28.887847297675602,footway,Unnamed,False,30.0,Uncategorized,
1127153795,2719143495,29.738843129205016,footway,Unnamed,False,30.0,Uncategorized,
1127153795,1412724827,139.09200727465722,footway,Unnamed,False,30.0,permissive,
1127153797,1119827752,17.700874711814986,residential,Unnamed,False,31.86,permissive,
1127153797,1411812449,7.00664437964715,residential,Unnamed,False,31.86,permissive,
1127153797,1127153800,46.23701587997644,footway,Unnamed,False,30.0,permissive,
1127153800,1127153797,46.23701587997644,footway,Unnamed,False,30.0,permissive,
1127153800,1412724746,7.778565888277772,residential,Unnamed,False,31.86,permissive,
1127153800,1412724791,16.4621127223413,residential,Unnamed,False,31.86,permissive,
1127153809,1127153795,28.887847297675602,footway,Unnamed,False,30.0,Uncategorized,
1127153809,2719143430,79.64762713963835,footway,Unnamed,False,30.0,Uncategorized,
1127153809,638898788,87.99648736740896,footway,Unnamed,False,30.0,Uncategorized,
1127153814,1127153749,46.66991408615693,footway,Unnamed,False,30.0,permissive,
1127153814,1119827664,5.313666252318456,residential,Unnamed,False,31.86,permissive,
1127153814,1412724703,18.52389337656936,residential,Unnamed,False,31.86,permissive,
1127153817,1127153750,16.11326754875379,footway,Unnamed,False,30.0,permissive,
1127153822,1127153750,21.365434893643172,footway,Unnamed,False,30.0,permissive,
1127153826,1119827713,16.702593874975502,residential,Unnamed,False,31.86,permissive,
1127153826,1119827752,6.603956730030297,residential,Unnamed,False,31.86,permissive,
1127153826,1127153759,46.211241250328854,footway,Unnamed,False,30.0,permissive,
1127153827,1119827657,21.481216321892294,service,Unnamed,False,25.85,Uncategorized,
1127245998,1300391356,13.525908176131885,residential,Unnamed,False,30.0,destination,
1127245998,253502699,73.64210070687078,unclassified,Unnamed,False,30.0,destination,
1127245998,3867172345,153.039041851275,unclassified,Unnamed,False,30.0,destination,
1127246018,1127246020,66.72559112311569,residential,Aquino,False,31.86,Uncategorized,
1127246018,1127246098,48.800119358429654,residential,Jose Burgos,False,31.86,Uncategorized,
1127246018,417292169,71.05799551709931,residential,Aquino,False,31.86,Uncategorized,
1127246018,1127246091,62.0585526541705,residential,Jose Burgos,False,31.86,Uncategorized,
1127246020,1127246018,66.72559112311569,residential,Aquino,False,31.86,Uncategorized,
1127246020,2069395077,58.44076182155124,residential,Aquino,False,31.86,Uncategorized,
1127246020,1127246097,42.809261061374585,residential,Apolinario Mabini,False,31.86,Uncategorized,
1127246021,2069395077,5.98552829402477,residential,Aquino,False,31.86,Uncategorized,
1127246021,1127246095,36.858395119320825,secondary,M. Palis Street,False,30.0,Uncategorized,
1127246021,453012070,61.01916931382279,secondary,M. Palis Street,False,30.0,Uncategorized,
1127246023,1302792336,6.776226265334631,residential,Unnamed,False,31.86,Uncategorized,
1127246023,1300391270,83.97903382749516,residential,Unnamed,False,31.86,Uncategorized,
1127246023,1300391134,85.27315178625017,residential,Unnamed,False,31.86,Uncategorized,
1127246032,1127246046,52.33715857567891,residential,Unnamed,False,31.86,private,
1127246032,1558996089,59.65696080587987,residential,Unnamed,False,31.86,private,
1127246032,1559036041,195.13644234406203,residential,Unnamed,False,31.86,private,
1127246032,1342899135,42.54013682153432,residential,Unnamed,False,31.86,private,
1127246041,253790092,48.52893984627705,residential,Unnamed,False,31.86,private,
1127246041,253501539,126.53161237905067,residential,Unnamed,False,31.86,private,
1127246041,1127246044,208.71634712670226,residential,Unnamed,False,31.86,private,
1127246043,8893770012,47.20696899541503,residential,Unnamed,False,31.86,private,
1127246043,253503176,119.74188491247443,residential,Unnamed,False,31.86,private,
1127246043,1127246044,95.55945263256967,residential,Unnamed,False,31.86,private,
1127246044,253509084,42.779059611257786,residential,Unnamed,False,31.86,private,
1127246044,1127246043,95.55945263256967,residential,Unnamed,False,31.86,private,
1127246044,1127246041,208.71634712670226,residential,Unnamed,False,31.86,private,
1127246046,1127246032,52.33715857567891,residential,Unnamed,False,31.86,private,
1127246046,1342896238,201.87245706978345,residential,Unnamed,False,31.86,private,
1127246046,1559036041,236.43595985853295,residential,Unnamed,False,31.86,private,
1127246054,8386840434,50.234490891364075,service,Unnamed,False,25.85,private,
1127246054,253501539,58.20049565428235,residential,Unnamed,False,31.86,private,
1127246054,8903410898,125.80540771321608,residential,Unnamed,False,31.86,private,
1127246085,1127246098,72.36606403094437,residential,Revilleza,False,31.86,Uncategorized,
1127246085,1127246099,69.27814401808246,residential,Revilleza,False,31.86,Uncategorized,
1127246085,444815240,44.26363304133738,residential,De Pasupil,False,31.86,Uncategorized,
1127246085,417292169,52.194889821342166,residential,De Pasupil,False,31.86,Uncategorized,
1127246089,1300391234,15.959148203936525,primary,National Highway,False,30.49,Uncategorized,4
1127246089,5731400600,16.863334756138855,secondary,Jamboree Road,False,30.0,Uncategorized,2
1127246089,453009423,9.96814621429275,primary,National Highway,False,30.49,Uncategorized,4
1127246090,1127246091,69.69367424251642,residential,Pantua,False,31.86,Uncategorized,
1127246090,417292169,62.090558737300924,residential,De Pasupil,False,31.86,Uncategorized,
1127246090,949612033,33.75581951756556,residential,Pantua,False,31.86,Uncategorized,
1127246091,1127246090,69.69367424251642,residential,Pantua,False,31.86,Uncategorized,
1127246091,453012070,128.55923409959053,residential,Pantua,False,31.86,Uncategorized,
1127246091,1127246018,62.0585526541705,residential,Jose Burgos,False,31.86,Uncategorized,
1127246095,1127246021,36.858395119320825,secondary,M. Palis Street,False,30.0,Uncategorized,
1127246095,2069395094,7.639525976502974,residential,Revilleza,False,31.86,Uncategorized,
1127246095,453011460,50.40233343228404,secondary,M. Palis Street,False,30.0,Uncategorized,
1127246095,1520576472,34.051698644240204,service,Unnamed,False,25.85,Uncategorized,
1127246097,2069395094,62.6216168952966,residential,Revilleza,False,31.86,Uncategorized,
1127246097,1127246098,66.72100523973018,residential,Revilleza,False,31.86,Uncategorized,
1127246097,1127246020,42.809261061374585,residential,Apolinario Mabini,False,31.86,Uncategorized,
1127246097,453011459,49.32185256738126,residential,Apolinario Mabini,False,31.86,Uncategorized,
1127246098,1127246018,48.800119358429654,residential,Jose Burgos,False,31.86,Uncategorized,
1127246098,453011458,46.24417966677044,residential,Jose Burgos,False,31.86,Uncategorized,
1127246098,1127246097,66.72100523973018,residential,Revilleza,False,31.86,Uncategorized,
1127246098,1127246085,72.36606403094437,residential,Revilleza,False,31.86,Uncategorized,
1127246099,1127246085,69.27814401808246,residential,Revilleza,False,31.86,Uncategorized,
1127246099,417266456,39.94086486170876,residential,Graciano Lopez-Jaena,True,31.86,Uncategorized,
1127246099,417266365,54.73537379333092,residential,Graciano Lopez-Jaena,False,31.86,Uncategorized,
1127246116,312517699,22.115201551628886,primary,National Highway,False,30.49,Uncategorized,4
1127246116,1256325042,62.09952505850849,primary,National Highway,False,30.49,Uncategorized,4
1127246116,1256324861,322.84546791169964,residential,Unnamed,False,31.86,Uncategorized,
1134832055,447628658,10.14495249782642,service,Unnamed,False,25.85,Uncategorized,
1134832055,1532125484,18.495990967070288,path,Unnamed,False,30.0,Uncategorized,
1134832055,530613566,13.81074173231874,footway,Unnamed,False,30.0,Uncategorized,
1135075199,529867569,20.171525805136323,path,Unnamed,False,30.0,Uncategorized,
1135075199,431351066,14.318263200501391,footway,Unnamed,False,30.0,Uncategorized,
1135075199,529867701,18.973776870603693,footway,Unnamed,False,30.0,Uncategorized,
1135075203,3186167614,2.6502386224254826,footway,Unnamed,False,30.0,Uncategorized,
1136874166,8386499009,32.34727852450821,unclassified,V. Menguito,False,33.07,Uncategorized,
1136874166,8386516377,54.64303809565975,unclassified,V. Menguito,False,33.07,Uncategorized,
1136874166,3568091604,113.89342328388624,residential,Unnamed,False,31.86,Uncategorized,
1136874449,253800336,108.01533116048921,residential,Unnamed,False,31.86,Uncategorized,
1136874449,1136875346,245.9126030084466,residential,Unnamed,False,31.86,Uncategorized,
1136874449,253495863,138.1448774041801,residential,Gregorio M. Tandang,False,31.86,Uncategorized,
1136874553,3730080094,46.568853649104945,unclassified,Unnamed,False,33.07,Uncategorized,
1136874553,253500404,178.01733585285643,tertiary,Silangan Street,False,33.15,Uncategorized,
1136874553,1136875344,426.4937433387536,tertiary,Silangan Street,False,33.15,Uncategorized,
1136874685,3049478671,166.1690417242732,path,Unnamed,False,30.0,Uncategorized,
1136874685,253800336,99.7781144927149,tertiary,M. Simon Street,False,33.15,Uncategorized,
1136874685,8065890712,402.6525090151497,tertiary,M. Simon Street,False,33.15,Uncategorized,
1136875273,1136875344,69.93841906407928,tertiary,Silangan Street,False,33.15,Uncategorized,
1136875273,8205238789,85.95508607622554,tertiary,Silangan Street,False,33.15,Uncategorized,
1136875273,8205535060,251.9597513325067,unclassified,Unnamed,False,33.07,Uncategorized,
1136875300,8065890712,5.232632364305799,tertiary,M. Simon Street,False,33.15,Uncategorized,
1136875300,1252148268,336.0739030973214,track,Unnamed,False,30.0,Uncategorized,
1136875300,8897260296,170.36360325647456,tertiary,M. Simon Street,False,33.15,Uncategorized,
1136875344,1136875273,69.93841906407928,tertiary,Silangan Street,False,33.15,Uncategorized,
1136875344,1136874553,426.49374333875346,tertiary,Silangan Street,False,33.15,Uncategorized,
1136875344,8903663025,52.41930249843486,service,Unnamed,False,25.85,Uncategorized,
1136875346,253502318,127.78871289325251,residential,Unnamed,False,31.86,Uncategorized,
1136875346,1136874449,245.9126030084466,residential,Unnamed,False,31.86,Uncategorized,
1136875346,8383598840,157.3415441287293,residential,Unnamed,False,31.86,Uncategorized,
1143665044,1143665057,74.1702399733853,residential,Unnamed,False,31.86,Uncategorized,
1143665044,1266474351,52.72406072103835,residential,Unnamed,False,31.86,Uncategorized,
1143665044,8894660941,177.60791426902455,residential,Unnamed,False,31.86,Uncategorized,
1143665048,28997703,105.2716925821757,primary,National Highway,False,30.49,Uncategorized,4
1143665048,1613862363,91.38977991558713,primary,National Highway,False,30.49,Uncategorized,4
1143665048,8386001118,239.1892493143735,tertiary,Maahas Road,False,33.15,Uncategorized,2
1143665048,1342019430,200.63397333605664,residential,Unnamed,False,31.86,Uncategorized,
1143665057,1143665044,74.1702399733853,residential,Unnamed,False,31.86,Uncategorized,
1143665057,1143665058,52.1966325980072,residential,Unnamed,False,31.86,Uncategorized,
1143665057,1266474549,27.920317091307997,residential,Unnamed,False,31.86,Uncategorized,
1143665058,1143665057,52.1966325980072,residential,Unnamed,False,31.86,Uncategorized,
1143683780,1143683946,114.92551668696147,service,Unnamed,False,25.85,private,
1143683780,8893797473,79.19044757148893,service,Unnamed,False,25.85,private,
1143683780,1285602706,57.95520283688159,service,Unnamed,False,25.85,private,
1143683783,1143684036,541.8741840092566,track,Unnamed,False,30.0,private,
1143683783,1143684192,84.4055524705791,track,Unnamed,False,30.0,private,
1143683783,1143683868,70.93506478073904,track,Unnamed,False,30.0,private,
1143683783,1492183765,115.30020672714714,track,Unnamed,False,30.0,private,
1143683807,1143683946,115.26456098933892,service,Unnamed,False,25.85,private,
1143683807,1532188467,290.00217803950983,unclassified,Pili Drive,False,40.0,destination,2
1143683807,1285602513,66.18252981690985,unclassified,Pili Drive,False,40.0,destination,2
1143683814,290585027,145.0778409229014,unclassified,Unnamed,False,33.07,private,2
1143683814,1143684168,127.35327555697239,unclassified,Unnamed,False,33.07,private,2
1143683814,1143684081,217.26539615601115,track,Unnamed,False,30.0,private,
1143683814,1492183765,29.281289203997844,track,Unnamed,False,30.0,private,
1143683855,1143683952,70.48321551236297,service,Unnamed,False,25.85,private,2
1143683855,2352985551,64.40600547733067,service,Unnamed,True,25.85,private,2
1143683868,1143683783,70.93506478073904,track,Unnamed,False,30.0,private,
1143683868,1143684192,107.09640754336348,track,Unnamed,False,30.0,private,
1143683868,8292705507,33.85011519841109,track,Unnamed,False,30.0,private,
1143683887,1143689887,53.8753265379352,service,Unnamed,False,25.85,private,
1143683887,1285602724,28.0085918147648,service,Unnamed,False,25.85,private,
1143683887,253799545,572.2661126677536,service,Unnamed,False,25.85,private,
1143683906,1143684081,115.20330894699207,service,Unnamed,False,25.85,private,
1143683906,5305256039,127.3464001705844,unclassified,Unnamed,False,33.07,private,
1143683906,1143684168,162.71987083648935,unclassified,Unnamed,False,33.07,private,2
1143683922,1143684061,334.70173215541683,service,Unnamed,False,25.85,private,2
1143683922,8292788816,131.7884346907516,service,Unnamed,False,25.85,private,1
1143683922,638901873,185.16700306965996,service,Unnamed,False,25.85,private,2
1143683928,5305256042,9.281099000817147,unclassified,Unnamed,False,33.07,private,
1143683928,1143684192,57.22941944507528,track,Isa Avenue,False,30.0,private,
1143683928,638902610,351.54010495598135,track,Isa Avenue,False,30.0,private,
1143683946,1143683780,114.92551668696147,service,Unnamed,False,25.85,private,
1143683946,1143683807,115.26456098933892,service,Unnamed,False,25.85,private,
1143683946,1143689896,74.7319609105869,service,Unnamed,False,25.85,private,
1143683946,8893797459,8.693137421468021,service,Unnamed,False,25.85,private,
1143683952,1143683855,70.48321551236297,service,Unnamed,False,25.85,private,2
1143683952,1532188401,117.18275383801044,unclassified,Road 14 North,False,33.07,private,2
1143683952,253765458,116.2342914597971,unclassified,Road 14 North,False,33.07,private,2
1143683952,638901873,496.5751401213324,service,Unnamed,False,25.85,private,2
1143683966,1492183827,29.043254170777722,unclassified,Unnamed,False,33.07,private,2
1143683966,253804131,148.50959359029702,unclassified,Unnamed,False,33.07,private,2
1143683966,1492183836,19.36853845056408,track,Unnamed,False,30.0,private,
1143684036,1143683783,541.8741840092566,track,Unnamed,False,30.0,private,
1143684036,1492184032,443.3062731427088,track,Unnamed,False,30.0,private,
1143684036,1143684171,47.09985603799707,track,Unnamed,False,30.0,private,
1143684036,8295392593,49.028768462047,track,Unnamed,False,30.0,private,
1143684048,1492183854,356.3307940372331,track,Unnamed,False,30.0,private,
1143684048,253508082,117.53335895037446,service,Unnamed,False,25.85,private,
1143684048,253802027,120.9537308618762,service,Unnamed,False,25.85,private,
1143684051,8292705509,187.57936418046205,track,Unnamed,False,30.0,private,
1143684061,1143683922,334.70173215541683,service,Unnamed,False,25.85,private,2
1143684061,253782194,94.21387122183643,unclassified,Road 14 North,False,33.07,private,2
1143684061,8893797458,263.96059840338654,service,Unnamed,False,25.85,private,2
1143684061,8894304004,156.03372471350332,unclassified,Road 14 North,False,33.07,private,2
1143684081,1143683906,115.20330894699207,service,Unnamed,False,25.85,private,
1143684081,253508082,115.5278249714947,service,Unnamed,False,25.85,private,
1143684081,1143683814,217.26539615601115,track,Unnamed,False,30.0,private,
1143684114,382043493,63.671839617379,unclassified,Unnamed,False,40.0,destination,2
1143684114,1143684151,35.11988691805045,unclassified,Unnamed,True,40.0,destination,2
1143684151,1532188550,36.09269149873733,unclassified,Pili Drive,False,40.0,destination,2
1143684151,1143689926,36.428374132557536,unclassified,Unnamed,True,40.0,destination,2
1143684168,5305256042,105.88647335871596,unclassified,Unnamed,False,33.07,private,
1143684168,1143683814,127.35327555697239,unclassified,Unnamed,False,33.07,private,2
1143684168,1143683906,162.71987083648935,unclassified,Unnamed,False,33.07,private,2
1143684171,1143684036,47.09985603799707,track,Unnamed,False,30.0,private,
1143684171,1492184014,17.50607958094156,track,Unnamed,False,30.0,private,
1143684171,1492184032,17.724749565250082,track,Unnamed,False,30.0,private,
1143684192,1143683783,84.4055524705791,track,Unnamed,False,30.0,private,
1143684192,1143683928,57.22941944507528,track,Isa Avenue,False,30.0,private,
1143684192,1143683868,107.09640754336348,track,Unnamed,False,30.0,private,
1143689882,1143689910,19.75828169503232,service,Unnamed,False,25.85,private,
1143689882,4556595636,5.085553830482954,service,Unnamed,False,25.85,private,
1143689882,1143689894,56.09089869377228,service,Unnamed,False,25.85,private,
1143689887,1285602706,72.56785175717637,service,Unnamed,False,25.85,private,
1143689887,1143683887,53.8753265379352,service,Unnamed,False,25.85,private,
1143689887,1143689909,72.06156071048144,service,Unnamed,False,25.85,private,
1143689894,1143689901,36.57484811625146,service,Unnamed,False,25.85,private,
1143689894,1143689910,19.174412817186507,service,Unnamed,False,25.85,private,
1143689894,1143689882,56.09089869377229,service,Unnamed,False,25.85,private,
1143689896,1143683946,74.7319609105869,service,Unnamed,False,25.85,private,
1143689901,1285602513,67.91537693394346,service,Unnamed,False,25.85,private,
1143689901,1143689894,36.57484811625146,service,Unnamed,False,25.85,private,
1143689901,1143689931,137.91505442936415,service,Unnamed,False,25.85,private,
1143689909,1143689887,72.06156071048144,service,Unnamed,False,25.85,private,
1143689909,1143689931,15.326077161175336,service,Unnamed,False,25.85,private,
1143689909,8893797479,23.470429467503546,service,Unnamed,False,25.85,private,
1143689910,1143689894,19.174412817186507,service,Unnamed,False,25.85,private,
1143689910,1143689882,19.75828169503232,service,Unnamed,False,25.85,private,
1143689910,1143689926,58.17748926329695,service,Unnamed,False,25.85,private,
1143689913,4556595636,32.249245533205546,service,Unnamed,False,25.85,private,
1143689913,1143689924,20.007229435059333,service,Unnamed,False,25.85,private,
1143689913,8893797479,48.019100662115235,service,Unnamed,False,25.85,private,
1143689924,1143689913,20.007229435059333,service,Unnamed,False,25.85,private,
1143689926,1143689910,58.17748926329695,service,Unnamed,False,25.85,private,
1143689926,253509033,34.25489127254089,unclassified,Unnamed,True,40.0,destination,2
1143689931,1143689909,15.326077161175336,service,Unnamed,False,25.85,private,
1143689931,4556595636,45.08624323174282,service,Unnamed,False,25.85,private,
1143689931,1143689901,137.91505442936415,service,Unnamed,False,25.85,private,
1143691220,1143691223,47.234260413543396,primary,National Highway,False,30.49,Uncategorized,4
1143691220,1143691223,315.9671020149187,residential,Unnamed,False,31.86,Uncategorized,
1143691220,1668185213,8.510743408138271,primary,National Highway,False,30.49,Uncategorized,4
1143691223,2522033292,91.2063052031945,primary,National Highway,False,30.49,Uncategorized,4
1143691223,1143691220,47.234260413543396,primary,National Highway,False,30.49,Uncategorized,4
1143691223,1143691220,315.9671020149187,residential,Unnamed,False,31.86,Uncategorized,
1166355057,1166355125,88.0193077098732,residential,Unnamed,False,31.86,private,
1166355125,427967836,212.65287894377164,residential,Unnamed,False,31.86,private,
1166355125,1166355130,26.92526010652898,residential,Unnamed,False,31.86,private,
1166355125,1166355057,88.01930770987322,residential,Unnamed,False,31.86,private,
1166355130,427967836,130.60151017897263,residential,Unnamed,False,31.86,private,
1166355130,1166355125,26.92526010652898,residential,Unnamed,False,31.86,private,
1166355130,427966110,51.359271545078514,residential,Unnamed,False,31.86,private,
1184304990,12254024666,5.1413624520987025,service,Unnamed,False,25.85,Uncategorized,
1184304990,2385949411,45.305563951273214,service,Unnamed,False,25.85,Uncategorized,
1184304990,8336682902,126.55574725434707,service,Unnamed,False,25.85,Uncategorized,
1187299404,1285602497,24.584076023995593,residential,Unnamed,False,31.86,permissive,
1187299417,8893648553,27.648505983833676,residential,Unnamed,False,31.86,Uncategorized,
1187299417,1187299495,38.312117494810536,residential,Unnamed,False,31.86,Uncategorized,
1187299417,1266474480,45.46613133243866,residential,Unnamed,False,31.86,Uncategorized,
1187299452,1187299696,6.523661029058309,service,Unnamed,False,25.85,Uncategorized,
1187299452,1532125384,68.62316354236818,tertiary,Pili Drive,True,33.15,Uncategorized,2
1187299454,1187299645,79.62710181416804,residential,Unnamed,False,31.86,Uncategorized,
1187299454,1187299547,30.95818178853343,residential,Unnamed,False,31.86,Uncategorized,
1187299454,1285602558,34.17577680302359,service,Unnamed,False,25.85,Uncategorized,
1187299463,1256302863,40.41847228959467,primary,National Highway,False,30.49,Uncategorized,4
1187299463,1923606797,16.766039958091895,primary,National Highway,False,30.49,Uncategorized,4
1187299463,1923606824,32.11943682486871,footway,Unnamed,False,30.0,Uncategorized,
1187299465,1187299512,12.174340882424262,footway,Unnamed,False,30.0,Uncategorized,
1187299465,2170279599,2.1796183990478184,footway,Unnamed,False,30.0,Uncategorized,
1187299465,4793258722,26.000369156193315,service,Unnamed,False,25.85,Uncategorized,
1187299465,1187299794,43.96709574005588,service,Unnamed,False,25.85,Uncategorized,
1187299495,8293279333,116.48955246261355,residential,Unnamed,False,31.86,Uncategorized,
1187299495,8293279333,115.24385300621327,residential,Unnamed,False,31.86,Uncategorized,
1187299495,1187299417,38.31211749481053,residential,Unnamed,False,31.86,Uncategorized,
1187299512,1187299696,43.607415037714546,footway,Unnamed,False,30.0,Uncategorized,
1187299512,775988694,44.44642295546878,footway,Unnamed,False,30.0,Uncategorized,
1187299512,1187299465,12.174340882424262,footway,Unnamed,False,30.0,Uncategorized,
1187299547,1187299454,30.95818178853343,residential,Unnamed,False,31.86,Uncategorized,
1187299595,1187299801,26.90330669970127,residential,Unnamed,False,31.86,Uncategorized,
1187299595,1266474322,37.61468173518739,residential,Unnamed,False,31.86,Uncategorized,
1187299595,8893648557,35.125602860561045,residential,Unnamed,False,31.86,Uncategorized,
1187299628,776002656,19.846505456127613,tertiary,Maahas Road,False,33.15,Uncategorized,2
1187299628,8292598280,116.89164656399595,residential,Unnamed,False,31.86,Uncategorized,
1187299628,776002650,167.83939514814776,tertiary,Maahas Road,False,33.15,Uncategorized,2
1187299645,1187299454,79.62710181416804,residential,Unnamed,False,31.86,Uncategorized,
1187299645,8893671374,92.43224721824225,tertiary,Maahas Road,False,33.15,Uncategorized,2
1187299645,776002660,16.720551106051797,tertiary,Maahas Road,False,33.15,Uncategorized,2
1187299666,8893648550,21.27666172576528,primary,National Highway,False,30.49,Uncategorized,4
1187299666,8893648555,50.20870537407789,primary,National Highway,False,30.49,Uncategorized,4
1187299666,1187299801,167.53637124038178,residential,Unnamed,False,31.86,Uncategorized,
1187299696,6372174225,13.939566851399807,footway,Unnamed,False,30.0,Uncategorized,
1187299696,1187299512,43.607415037714546,footway,Unnamed,False,30.0,Uncategorized,
1187299696,1187299452,6.523661029058309,service,Unnamed,False,25.85,Uncategorized,
1187299696,1187299794,13.119659546136715,service,Unnamed,False,25.85,Uncategorized,
1187299699,776002656,49.162840507914346,service,Unnamed,False,25.85,private,
1187299766,8896529800,6.989836453135562,residential,Unnamed,False,31.86,Uncategorized,
1187299794,1187299465,43.96709574005588,service,Unnamed,False,25.85,Uncategorized,
1187299794,1187299696,13.119659546136715,service,Unnamed,False,25.85,Uncategorized,
1187299794,6372174232,19.59725478329037,service,Unnamed,False,25.85,Uncategorized,
1187299801,1187299595,26.90330669970127,residential,Unnamed,False,31.86,Uncategorized,
1187299801,1266474407,40.535795532808876,residential,Unnamed,False,31.86,Uncategorized,
1187299801,1187299666,167.53637124038175,residential,Unnamed,False,31.86,Uncategorized,
1187299803,4793258722,19.2178619173817,service,Unnamed,False,25.85,Uncategorized,
1187299803,4793258727,98.28523357635042,service,Unnamed,False,25.85,Uncategorized,
1187299803,6361462005,12.210496018125932,service,Unnamed,False,25.85,Uncategorized,
1187299842,28997703,69.67153861706946,primary,National Highway,False,30.49,Uncategorized,4
1187299842,8893648555,72.38017629973837,primary,National Highway,False,30.49,Uncategorized,4
1187299842,8385985602,110.8898807393561,residential,Unnamed,False,31.86,Uncategorized,
1187299842,1668185206,158.609476906107,residential,Unnamed,False,31.86,Uncategorized,
1201061510,638901703,14.24236185065616,unclassified,Unnamed,False,33.07,Uncategorized,2
1201061510,1201061824,136.4639067203067,unclassified,Unnamed,False,33.07,Uncategorized,2
1201061824,1252235369,21.979028058434537,unclassified,Unnamed,False,33.07,Uncategorized,2
1201061824,1201061510,136.4639067203067,unclassified,Unnamed,False,33.07,Uncategorized,2
1201061824,1252235635,42.282815468620626,unclassified,Unnamed,False,33.07,Uncategorized,2
1201061897,1252235369,17.61513989325333,unclassified,Unnamed,False,33.07,Uncategorized,2
1201061897,1201062057,37.194855518690595,unclassified,Unnamed,False,33.07,Uncategorized,2
1201061897,1252235635,30.7291531106396,unclassified,Unnamed,False,33.07,Uncategorized,2
1201061977,1119827808,70.27133207397961,unclassified,Unnamed,False,33.07,Uncategorized,2
1201061977,1252235372,284.4461067386354,unclassified,Unnamed,False,33.07,Uncategorized,2
1201061977,8315144225,49.72906732423311,unclassified,Unnamed,False,33.07,Uncategorized,2
1201062057,1201061897,37.194855518690595,unclassified,Unnamed,False,33.07,Uncategorized,2
1201062057,1201062163,59.078114255947675,unclassified,Unnamed,False,33.07,Uncategorized,2
1201062057,1252235564,158.74187399660505,unclassified,Unnamed,False,33.07,Uncategorized,
1201062163,1201062057,59.078114255947675,unclassified,Unnamed,False,33.07,Uncategorized,2
1201062163,1252235523,201.13835218945033,unclassified,Unnamed,False,33.07,Uncategorized,
1201062163,2496156054,223.5037892678672,unclassified,Unnamed,False,33.07,Uncategorized,2
1229057575,1229057593,37.58874305746726,residential,Unnamed,False,31.86,Uncategorized,
1229057575,1229057576,31.76214167107123,residential,Unnamed,False,31.86,Uncategorized,
1229057575,1300391372,38.79741862871585,residential,Unnamed,False,31.86,Uncategorized,
1229057575,1300391327,45.71119977884582,residential,Unnamed,False,31.86,Uncategorized,
1229057576,1229057575,31.76214167107123,residential,Unnamed,False,31.86,Uncategorized,
1229057576,1300391121,139.77346450714842,residential,Unnamed,False,31.86,Uncategorized,
1229057576,2069449230,133.68831598710855,residential,Unnamed,False,31.86,Uncategorized,
1229057593,1229057575,37.58874305746726,residential,Unnamed,False,31.86,Uncategorized,
1229057593,1300391110,45.48495497124635,residential,Unnamed,False,31.86,Uncategorized,
1229057593,1300391289,39.76735252080193,residential,Unnamed,False,31.86,Uncategorized,
1244163577,1244163608,14.218203754210371,footway,Unnamed,False,30.0,Uncategorized,
1244163577,1244163599,41.10890948580132,footway,Unnamed,False,30.0,Uncategorized,
1244163577,760820324,30.027148266742174,footway,Unnamed,False,30.0,Uncategorized,
1244163589,1244163614,31.76731716795482,residential,Manuel L. Roxas,False,30.0,Uncategorized,2
1244163589,452997602,96.36846588994675,residential,Manuel L. Roxas,False,30.0,Uncategorized,2
1244163589,2488921574,29.04474881451526,service,Unnamed,False,25.85,Uncategorized,
1244163592,8317776669,70.07891595895508,service,Unnamed,False,25.85,Uncategorized,
1244163592,1251197805,57.48644379950302,service,Unnamed,False,25.85,Uncategorized,
1244163592,8317776670,22.427481500040955,service,Unnamed,False,25.85,Uncategorized,
1244163599,12254049938,37.017304834163156,footway,Unnamed,False,30.0,Uncategorized,
1244163599,760820324,20.455903373702025,footway,Unnamed,False,30.0,Uncategorized,
1244163599,1244163577,41.10890948580132,footway,Unnamed,False,30.0,Uncategorized,
1244163608,1244163577,14.218203754210371,footway,Unnamed,False,30.0,Uncategorized,
1244163614,1244163589,31.76731716795482,residential,Manuel L. Roxas,False,30.0,Uncategorized,2
1246454285,920087450,10.702379960007626,service,Unnamed,False,25.0,private,2
1246454285,1246454293,6.315094101770945,service,Unnamed,True,25.0,private,2
1246454293,10866680896,13.650647647235452,service,Unnamed,False,15.0,private,1
1246454293,920087449,12.640398192930405,service,Unnamed,True,25.0,private,2
1246454294,920087451,11.633585694550652,footway,Unnamed,False,30.0,Uncategorized,
1246454294,1246454349,4.854222869756829,footway,Unnamed,False,30.0,Uncategorized,
1246454294,1030720938,92.4518350151832,footway,Unnamed,False,30.0,Uncategorized,
1246454304,1246454285,7.4090004778831915,service,Unnamed,True,25.0,private,2
1246454304,8386605829,44.86511054405172,service,Unnamed,False,25.85,private,
1246454349,1030720831,31.125845097564802,service,Unnamed,False,25.0,private,1
1246454349,1030720830,40.33469441074826,service,Unnamed,False,25.0,private,1
1246454349,1246454294,4.854222869756829,footway,Unnamed,False,30.0,Uncategorized,
1246454349,10866681146,69.62726517211942,footway,Unnamed,False,30.0,Uncategorized,
1246454362,8334202913,20.996667348569197,residential,Aguila,False,30.0,Uncategorized,
1246493209,778906359,8.748373301802845,residential,Unnamed,False,31.86,private,
1246493209,3008540888,108.84790403714736,residential,Unnamed,False,31.86,private,
1246493209,3008540888,140.51287692811337,residential,Unnamed,False,31.86,private,
1246493214,8893678834,40.369635479582456,residential,Unnamed,False,31.86,private,
1246493237,8314854947,86.1276293715971,residential,Unnamed,False,30.0,Uncategorized,1
1246493256,12254024672,5.418672156670602,residential,Unnamed,False,31.86,Uncategorized,
1246493256,12257218661,139.7695350918385,secondary,Lopez Avenue,False,30.0,Uncategorized,2
1246493256,571851691,16.30229272957542,secondary,Lopez Avenue,False,30.0,Uncategorized,2
1246510611,12186673226,29.390313850639465,service,Unnamed,False,25.85,Uncategorized,
1251197774,435136065,7.292427567069966,service,Unnamed,False,25.85,Uncategorized,1
1251197774,435136059,20.893932435070035,service,Unnamed,False,25.85,Uncategorized,1
1251197774,1252052260,23.715634093635714,footway,Unnamed,False,30.0,Uncategorized,
1251197805,1244163592,57.48644379950302,service,Unnamed,False,25.85,Uncategorized,
1251197805,452997261,52.21490443257747,service,Unnamed,False,25.85,Uncategorized,
1251197805,1251197992,37.205714232360954,footway,Unnamed,False,30.0,Uncategorized,
1251197992,1251197805,37.205714232360954,footway,Unnamed,False,30.0,Uncategorized,
1252052042,1252052052,35.92920063736774,service,Unnamed,False,25.85,private,
1252052042,1252052052,92.77475316712864,service,Unnamed,False,25.85,private,
1252052042,12188365860,10.00239286873935,service,Unnamed,False,25.85,private,
1252052052,1252052042,35.92920063736774,service,Unnamed,False,25.85,private,
1252052052,1252052042,92.77475316712864,service,Unnamed,False,25.85,private,
1252052052,12188365859,9.12528267919202,service,Unnamed,False,25.85,private,
1252052102,687357623,20.789630015890815,service,Unnamed,False,25.85,Uncategorized,
1252052116,12186673202,30.230416633356015,footway,Unnamed,False,30.0,Uncategorized,
1252052118,12254049941,2.5018893837842486,tertiary,Domingo M. Lantican Avenue,False,33.15,Uncategorized,2
1252052118,12900324565,3.8878930733871093,unclassified,Melanio A. Gapud,False,30.0,Uncategorized,2
1252052118,12900324566,8.280238231056234,tertiary,Domingo M. Lantican Avenue,False,33.15,Uncategorized,2
1252052119,5512649829,6.373112085039741,footway,Unnamed,False,30.0,Uncategorized,
1252052119,778737919,27.694122968114947,service,Unnamed,True,25.85,Uncategorized,
1252052119,582443495,35.44098144088137,footway,Unnamed,False,30.0,Uncategorized,
1252052126,12188365859,3.45404470185307,service,Unnamed,False,25.85,Uncategorized,
1252052126,12256481421,21.601431264871295,secondary,Jose R. Velasco Avenue,False,30.0,Uncategorized,2
1252052126,434809834,22.333054428501498,secondary,Jose R. Velasco Avenue,False,30.0,Uncategorized,2
1252052127,696419946,21.07035885292536,service,Unnamed,False,25.85,Uncategorized,
1252052127,2483173280,37.38438859756044,service,Unnamed,False,25.85,Uncategorized,
1252052127,2483173280,26.89537057655493,service,Unnamed,False,25.85,Uncategorized,
1252052128,584698880,14.418014491263117,footway,Unnamed,False,30.0,Uncategorized,
1252052128,790709131,14.447896958318722,footway,Unnamed,False,30.0,Uncategorized,
1252052128,12254040051,9.917007740958809,footway,Unnamed,False,30.0,Uncategorized,
1252052142,432493501,9.069598018367843,service,Unnamed,False,25.85,Uncategorized,
1252052142,12188365854,26.395845295396626,secondary,Victoria M. Ela Avenue,False,30.0,Uncategorized,4
1252052142,1252052256,39.698441720819474,secondary,Victoria M. Ela Avenue,False,30.0,Uncategorized,4
1252052155,1252052242,7.035958655568029,footway,Unnamed,False,30.0,Uncategorized,
1252052155,583159624,25.916798606080363,footway,Unnamed,False,30.0,Uncategorized,
1252052155,12186657947,25.655466469610086,footway,Unnamed,False,30.0,Uncategorized,
1252052222,821375549,2.5343376198221668,footway,Unnamed,False,30.0,Uncategorized,
1252052222,813060634,5.8087857469654525,footway,Unnamed,False,30.0,Uncategorized,
1252052222,438064253,21.147411526231352,path,Unnamed,False,30.0,Uncategorized,
1252052238,12254040072,5.131676462894305,service,Unnamed,False,25.85,Uncategorized,
1252052238,12186673121,18.378928000942572,footway,Unnamed,False,30.0,Uncategorized,
1252052238,583490629,23.707605424812566,service,Unnamed,False,25.85,Uncategorized,
1252052242,12254060473,5.686628061380264,footway,Unnamed,False,30.0,Uncategorized,
1252052242,1430814664,5.588054789626658,footway,Unnamed,False,30.0,Uncategorized,
1252052242,1252052155,7.035958655568029,footway,Unnamed,False,30.0,Uncategorized,
1252052255,12256478677,32.03206370105672,tertiary,Pili Drive,False,33.15,Uncategorized,2
1252052255,4791412177,8.785927555691831,service,Unnamed,False,25.85,Uncategorized,
1252052255,790108617,8.123230631166022,tertiary,Pili Drive,False,33.15,Uncategorized,2
1252052256,391720940,11.773949662264796,secondary,Victoria M. Ela Avenue,False,30.0,Uncategorized,4
1252052256,790708812,7.162698564833597,service,Unnamed,False,25.85,Uncategorized,
1252052256,1252052142,39.698441720819474,secondary,Victoria M. Ela Avenue,False,30.0,Uncategorized,4
1252052260,2179918494,4.993930916868192,footway,Unnamed,False,30.0,Uncategorized,
1252052260,2846145191,19.526359737375046,footway,Unnamed,False,30.0,Uncategorized,
1252052260,1251197774,23.715634093635718,footway,Unnamed,False,30.0,Uncategorized,
1252052261,572996939,32.81183603691505,footway,Unnamed,False,30.0,Uncategorized,
1252052261,438049080,12.816776637257671,service,Unnamed,False,25.85,Uncategorized,
1252052261,438049076,1.8574175425279036,service,Unnamed,False,25.85,Uncategorized,
1252052261,573000135,30.990498262584847,footway,Unnamed,False,30.0,Uncategorized,
1252052275,452998617,37.22143897496508,unclassified,Melanio A. Gapud,False,30.0,Uncategorized,2
1252052275,526792366,65.49490218137275,unclassified,Melanio A. Gapud,False,30.0,Uncategorized,2
1252052275,12900324582,2.8332768759254328,residential,Jose D. Drilon Jr.,False,30.0,Uncategorized,
1252052275,12254040099,16.444479264157785,residential,Unnamed,False,31.86,Uncategorized,
1252091653,454086834,36.432804377705395,service,Unnamed,False,25.85,Uncategorized,
1252148085,8305403552,22.70864699593272,residential,Unnamed,False,31.86,private,
1252148085,1252148299,56.43205776559639,residential,Unnamed,False,31.86,private,
1252148085,1252148139,23.25179715615655,residential,Unnamed,False,31.86,private,
1252148086,1252148212,40.0974484953911,residential,Unnamed,False,31.86,Uncategorized,
1252148086,8887342524,223.17553786322802,residential,Unnamed,False,31.86,Uncategorized,
1252148086,8386148467,129.85503042207557,residential,Unnamed,False,31.86,Uncategorized,
1252148134,1252148576,36.74847151334274,residential,Unnamed,False,31.86,private,
1252148134,1252148156,24.475375421618057,residential,Unnamed,False,31.86,private,
1252148134,1252148550,90.88533237025305,residential,Unnamed,False,31.86,private,
1252148136,1252148315,32.005691610181,residential,Unnamed,False,31.86,private,
1252148136,1252148865,154.71538077808802,residential,Unnamed,False,31.86,private,
1252148136,1252148900,43.54331896521186,residential,Unnamed,False,31.86,private,
1252148139,1252148464,54.925629382994416,residential,Unnamed,False,31.86,private,
1252148139,1252148318,19.879978600299854,residential,Unnamed,False,31.86,private,
1252148139,1252148085,23.25179715615655,residential,Unnamed,False,31.86,private,
1252148156,1252148356,31.16200447400775,residential,Unnamed,False,31.86,private,
1252148156,1252148134,24.475375421618057,residential,Unnamed,False,31.86,private,
1252148156,1252148550,127.49850048596441,residential,Unnamed,False,31.86,private,
1252148158,1252148183,46.44323104450665,residential,Main Street,False,31.86,private,
1252148158,7874284450,112.33280729389679,residential,Main Street,False,31.86,private,
1252148158,7874284448,81.22059682437609,residential,3rd Street,False,31.86,private,
1252148178,1252148894,23.179474536995045,residential,Unnamed,False,31.86,private,
1252148178,3730080055,29.28284751996887,residential,Unnamed,False,31.86,private,
1252148178,1252148576,28.224960945227195,residential,Unnamed,False,31.86,private,
1252148178,1252148254,92.90730296029516,residential,Unnamed,False,31.86,private,
1252148183,1252148158,46.44323104450665,residential,Main Street,False,31.86,private,
1252148183,742351350,45.48134966772051,residential,Main Street,False,31.86,private,
1252148183,1252148502,134.93286820239535,residential,2nd Street,False,31.86,private,
1252148190,1252148418,97.6324709396965,residential,Unnamed,False,31.86,Uncategorized,
1252148190,1252148909,163.05759958869677,residential,Unnamed,False,31.86,Uncategorized,
1252148190,8386817636,73.29003786504845,residential,Unnamed,False,31.86,Uncategorized,
1252148212,1252148086,40.0974484953911,residential,Unnamed,False,31.86,Uncategorized,
1252148212,1252148286,64.71688393627673,residential,Unnamed,False,31.86,Uncategorized,
1252148212,1252148654,88.6663663139368,residential,Unnamed,False,31.86,Uncategorized,
1252148233,1252148894,128.66729536786474,residential,Unnamed,False,31.86,private,
1252148238,1252148983,27.102505530539172,residential,Unnamed,False,31.86,private,
1252148238,1252148413,27.854513824352548,residential,Unnamed,False,31.86,private,
1252148238,1252148900,94.31729354894877,residential,Unnamed,False,31.86,private,
1252148249,1252148418,76.28478547903205,residential,Unnamed,False,31.86,Uncategorized,
1252148249,1252148909,51.08996967648882,residential,Unnamed,False,31.86,Uncategorized,
1252148249,1252148364,46.14573464923288,residential,Unnamed,False,31.86,Uncategorized,
1252148254,3730080055,52.27726886299956,residential,Unnamed,False,31.86,private,
1252148254,1252148525,105.43893426624933,residential,Unnamed,False,31.86,private,
1252148254,1252148178,92.90730296029517,residential,Unnamed,False,31.86,private,
1252148258,1252148581,27.768236890474068,residential,Unnamed,False,31.86,private,
1252148258,1252148413,154.60834703953094,residential,Unnamed,False,31.86,private,
1252148258,1252149015,27.89506024298647,residential,Unnamed,False,31.86,private,
1252148262,8305403551,20.069019417263927,residential,Unnamed,False,31.86,private,
1252148262,1252148711,15.803320117741118,residential,Unnamed,False,31.86,private,
1252148262,1252148490,8.433458038157905,residential,Unnamed,False,31.86,private,
1252148268,1136875300,336.07390309732136,track,Unnamed,False,30.0,Uncategorized,
1252148286,1252148608,8.738895077691977,residential,Unnamed,False,31.86,Uncategorized,
1252148286,1252148212,64.71688393627673,residential,Unnamed,False,31.86,Uncategorized,
1252148286,1252148525,85.31682925966821,residential,Unnamed,False,31.86,private,
1252148299,1252148085,56.43205776559639,residential,Unnamed,False,31.86,private,
1252148299,1252148464,25.790121429324145,residential,Unnamed,False,31.86,private,
1252148299,1252148915,24.177565642664185,residential,Unnamed,False,31.86,private,
1252148315,1252148865,139.65394772451884,residential,Unnamed,False,31.86,private,
1252148315,1252148483,27.094940968456246,residential,Unnamed,False,31.86,private,
1252148315,1252148136,32.005691610181,residential,Unnamed,False,31.86,private,
1252148318,1252148490,17.991836889840524,residential,Unnamed,False,31.86,private,
1252148318,1252148139,19.879978600299854,residential,Unnamed,False,31.86,private,
1252148318,1252148666,54.499095928106556,residential,Unnamed,False,31.86,private,
1252148340,1266474496,28.676343963202275,residential,Unnamed,False,31.86,private,
1252148340,6243232980,29.463279391704855,residential,Unnamed,False,31.86,private,
1252148340,7874284302,143.17361869084885,residential,Unnamed,False,31.86,private,
1252148342,1342055443,38.5332634065787,tertiary,B. A. Villanueva,False,33.15,Uncategorized,
1252148342,7874284531,129.29206688250872,residential,Unnamed,False,31.86,Uncategorized,
1252148342,7874284522,113.42565835002858,tertiary,B. A. Villanueva,False,33.15,Uncategorized,
1252148356,3730080055,34.43319915092655,residential,Unnamed,False,31.86,private,
1252148356,1252148525,58.94775622034526,residential,Unnamed,False,31.86,private,
1252148356,1252148156,31.16200447400775,residential,Unnamed,False,31.86,private,
1252148364,1252148418,86.66847629458314,residential,Unnamed,False,31.86,Uncategorized,
1252148364,1252148249,46.14573464923288,residential,Unnamed,False,31.86,Uncategorized,
1252148364,1342055489,52.23550107115925,residential,Unnamed,False,31.86,Uncategorized,
1252148370,10923332643,8.799590783514743,primary,National Highway,False,30.49,Uncategorized,4
1252148370,12309592275,5.391363031348096,residential,Unnamed,False,31.86,Uncategorized,
1252148370,10923332625,18.220486351042297,primary,National Highway,False,30.49,Uncategorized,4
1252148395,434806709,17.276755886593676,primary,National Highway,False,30.49,Uncategorized,4
1252148395,12682691751,4.635902164577422,primary,National Highway,False,30.49,Uncategorized,4
1252148395,12309592232,4.885784002164602,footway,Unnamed,False,30.0,Uncategorized,
1252148397,1252148994,174.1213787568063,residential,Unnamed,False,31.86,Uncategorized,
1252148413,1252148238,27.854513824352548,residential,Unnamed,False,31.86,private,
1252148413,1252148258,154.60834703953094,residential,Unnamed,False,31.86,private,
1252148413,1252148504,27.78137838748977,residential,Unnamed,False,31.86,private,
1252148413,1252148483,30.17852029373864,residential,Unnamed,False,31.86,private,
1252148418,1252148190,97.6324709396965,residential,Unnamed,False,31.86,Uncategorized,
1252148418,1252148364,86.66847629458314,residential,Unnamed,False,31.86,Uncategorized,
1252148418,1252148249,76.28478547903205,residential,Unnamed,False,31.86,Uncategorized,
1252148447,253503613,42.566483747341564,unclassified,V. Menguito,False,33.07,Uncategorized,
1252148447,3568091607,69.12770767918113,unclassified,V. Menguito,False,33.07,Uncategorized,
1252148447,8386122131,81.46472038251471,residential,Unnamed,False,31.86,Uncategorized,
1252148447,1252148915,129.80732941689084,residential,Unnamed,False,31.86,private,
1252148464,1252148139,54.925629382994416,residential,Unnamed,False,31.86,private,
1252148464,1252148666,20.577514784758705,residential,Unnamed,False,31.86,private,
1252148464,1252148299,25.790121429324145,residential,Unnamed,False,31.86,private,
1252148483,1252148413,30.17852029373864,residential,Unnamed,False,31.86,private,
1252148483,1252148315,27.094940968456246,residential,Unnamed,False,31.86,private,
1252148483,1252148581,148.87470815273247,residential,Unnamed,False,31.86,private,
1252148490,1252148944,53.246007903902424,residential,Unnamed,False,31.86,private,
1252148490,1252148262,8.433458038157905,residential,Unnamed,False,31.86,private,
1252148490,1252148318,17.991836889840524,residential,Unnamed,False,31.86,private,
1252148502,1252148579,45.437870057002,residential,4th Street,False,31.86,private,
1252148502,1252148551,47.27769283505939,residential,4th Street,False,31.86,private,
1252148502,1252148183,134.93286820239535,residential,2nd Street,False,31.86,private,
1252148504,1252149015,166.04350070325071,residential,Unnamed,False,31.86,private,
1252148504,1252148740,12.873502123995147,residential,Unnamed,False,31.86,private,
1252148504,1252148413,27.78137838748977,residential,Unnamed,False,31.86,private,
1252148510,7874284531,133.42058832619418,residential,Unnamed,False,31.86,Uncategorized,
1252148525,1252148356,58.94775622034526,residential,Unnamed,False,31.86,private,
1252148525,1252148286,85.31682925966821,residential,Unnamed,False,31.86,private,
1252148525,1252148254,105.43893426624933,residential,Unnamed,False,31.86,private,
1252148530,1252148766,13.862420236944532,residential,Unnamed,False,31.86,Uncategorized,
1252148530,1252148909,48.975312376515625,residential,Unnamed,False,31.86,Uncategorized,
1252148530,1252148876,135.7974998832664,residential,Unnamed,False,31.86,Uncategorized,
1252148550,1252148134,90.88533237025305,residential,Unnamed,False,31.86,private,
1252148550,1252148576,129.84223790465018,residential,Unnamed,False,31.86,private,
1252148550,1252148156,127.4985004859644,residential,Unnamed,False,31.86,private,
1252148551,1252148825,23.283455751963306,residential,1st Street,False,31.86,private,
1252148551,1252148502,47.27769283505939,residential,4th Street,False,31.86,private,
1252148551,8887110275,46.89191327756604,residential,1st Street,False,31.86,private,
1252148563,12309592326,98.29156641802017,residential,Unnamed,False,31.86,private,
1252148563,1252148906,127.31674701424775,residential,Unnamed,False,31.86,private,
1252148563,1266474323,59.71341275275772,residential,Unnamed,False,31.86,private,
1252148576,1252148178,28.224960945227195,residential,Unnamed,False,31.86,private,
1252148576,1252148134,36.74847151334274,residential,Unnamed,False,31.86,private,
1252148576,1252148550,129.84223790465018,residential,Unnamed,False,31.86,private,
1252148579,1252148502,45.437870057002,residential,4th Street,False,31.86,private,
1252148579,7874284450,228.9261529536412,residential,4th Street,False,31.86,private,
1252148579,7874284448,68.19051048707728,residential,3rd Street,False,31.86,private,
1252148581,1252148258,27.768236890474068,residential,Unnamed,False,31.86,private,
1252148581,1252148483,148.87470815273247,residential,Unnamed,False,31.86,private,
1252148581,1252148865,30.29615702171048,residential,Unnamed,False,31.86,private,
1252148587,1252148622,31.75754352397967,residential,Unnamed,False,31.86,private,
1252148587,1266474459,15.839333436991094,residential,Unnamed,False,31.86,private,
1252148587,7874284302,91.71182007271409,residential,Unnamed,False,31.86,private,
1252148593,8897379465,43.54429836204659,residential,Unnamed,False,31.86,Uncategorized,
1252148608,1252148286,8.738895077691977,residential,Unnamed,False,31.86,Uncategorized,
1252148608,8267041106,32.849838546827726,residential,Sitio Sampaguita,False,31.86,Uncategorized,
1252148608,2249819798,154.209177596432,residential,Sitio Sampaguita,False,31.86,Uncategorized,
1252148617,1252149015,35.66295478483717,residential,Unnamed,False,31.86,private,
1252148617,8305456090,71.60892737426396,residential,Unnamed,False,31.86,private,
1252148617,8305456090,129.808568252782,residential,Unnamed,False,31.86,private,
1252148622,1252148906,37.302120469427045,residential,Unnamed,False,31.86,private,
1252148622,1252148587,31.75754352397967,residential,Unnamed,False,31.86,private,
1252148622,1266474546,97.45472578175931,residential,Unnamed,False,31.86,private,
1252148654,1252148212,88.6663663139368,residential,Unnamed,False,31.86,Uncategorized,
1252148666,1252148944,17.113122143352445,residential,Unnamed,False,31.86,private,
1252148666,1252148464,20.577514784758705,residential,Unnamed,False,31.86,private,
1252148666,1252148318,54.499095928106556,residential,Unnamed,False,31.86,private,
1252148707,1252148983,21.441657412593788,residential,Unnamed,False,31.86,private,
1252148707,253491996,157.78477079713593,residential,Unnamed,False,31.86,private,
1252148707,1252148740,115.14552299545429,residential,Unnamed,False,31.86,private,
1252148711,1252148986,53.05791223492815,residential,Unnamed,False,31.86,private,
1252148711,1252148262,15.803320117741118,residential,Unnamed,False,31.86,private,
1252148711,8897326527,74.80548920369564,residential,Unnamed,False,31.86,private,
1252148740,1252148504,12.873502123995147,residential,Unnamed,False,31.86,private,
1252148740,8305456090,112.00364436763957,residential,Unnamed,False,31.86,private,
1252148740,1252148707,115.14552299545431,residential,Unnamed,False,31.86,private,
1252148762,7874284529,45.674160961408745,residential,Unnamed,False,31.86,Uncategorized,
1252148766,1252148530,13.862420236944532,residential,Unnamed,False,31.86,Uncategorized,
1252148825,1252148551,23.283455751963306,residential,1st Street,False,31.86,private,
1252148828,1252148915,109.08383142755925,residential,Unnamed,False,31.86,private,
1252148865,1252148315,139.65394772451884,residential,Unnamed,False,31.86,private,
1252148865,1252148136,154.71538077808805,residential,Unnamed,False,31.86,private,
1252148865,1252148581,30.29615702171048,residential,Unnamed,False,31.86,private,
1252148876,1252148530,135.7974998832664,residential,Unnamed,False,31.86,Uncategorized,
1252148894,1252148178,23.179474536995045,residential,Unnamed,False,31.86,private,
1252148894,8896459843,105.75560915803494,residential,Unnamed,False,31.86,private,
1252148894,1252148233,128.66729536786474,residential,Unnamed,False,31.86,private,
1252148900,1252148238,94.31729354894877,residential,Unnamed,False,31.86,private,
1252148900,1252148983,116.24851600845946,residential,Unnamed,False,31.86,private,
1252148900,1252148136,43.54331896521186,residential,Unnamed,False,31.86,private,
1252148906,1252148622,37.302120469427045,residential,Unnamed,False,31.86,private,
1252148906,1266474441,37.91836191466713,residential,Unnamed,False,31.86,private,
1252148906,1252148563,127.31674701424777,residential,Unnamed,False,31.86,private,
1252148909,1252148190,163.05759958869677,residential,Unnamed,False,31.86,Uncategorized,
1252148909,1252148530,48.975312376515625,residential,Unnamed,False,31.86,Uncategorized,
1252148909,1252148249,51.08996967648882,residential,Unnamed,False,31.86,Uncategorized,
1252148915,1252148299,24.177565642664185,residential,Unnamed,False,31.86,private,
1252148915,1252148828,109.08383142755923,residential,Unnamed,False,31.86,private,
1252148915,1252148447,129.80732941689084,residential,Unnamed,False,31.86,private,
1252148938,253801343,64.39456067374192,tertiary,J. Aquino Street,False,33.15,Uncategorized,
1252148938,7874284569,85.60846871259774,residential,Unnamed,False,31.86,Uncategorized,
1252148938,742352377,124.04356198288032,tertiary,J. Aquino Street,False,33.15,Uncategorized,
1252148944,1252148490,53.246007903902424,residential,Unnamed,False,31.86,private,
1252148944,1252148986,23.965884845559003,residential,Unnamed,False,31.86,private,
1252148944,1252148666,17.113122143352445,residential,Unnamed,False,31.86,private,
1252148983,1252148707,21.441657412593788,residential,Unnamed,False,31.86,private,
1252148983,1252148238,27.102505530539172,residential,Unnamed,False,31.86,private,
1252148983,1252148900,116.24851600845946,residential,Unnamed,False,31.86,private,
1252148986,1252148711,53.05791223492815,residential,Unnamed,False,31.86,private,
1252148986,8897326527,18.21042396368367,residential,Unnamed,False,31.86,private,
1252148986,1252148944,23.965884845559003,residential,Unnamed,False,31.86,private,
1252148994,1252148397,174.1213787568063,residential,Unnamed,False,31.86,Uncategorized,
1252148994,253495863,44.404620236746425,tertiary,M. Escobin,False,33.15,Uncategorized,
1252148994,253800336,111.13460234482947,tertiary,M. Escobin,False,33.15,Uncategorized,
1252149015,1252148504,166.04350070325071,residential,Unnamed,False,31.86,private,
1252149015,1252148258,27.89506024298647,residential,Unnamed,False,31.86,private,
1252149015,1252148617,35.66295478483717,residential,Unnamed,False,31.86,private,
1252235215,1252235397,61.63036763673526,residential,Unnamed,False,31.86,destination,
1252235215,1252235538,258.07588626320717,residential,Unnamed,False,31.86,destination,
1252235215,1252235743,128.19647715357672,residential,Unnamed,False,31.86,destination,
1252235248,1119827786,68.81968181073734,unclassified,Unnamed,False,33.07,Uncategorized,
1252235248,1252235406,29.87733694122228,service,Unnamed,False,25.85,Uncategorized,
1252235273,2509149183,85.87363517369566,residential,Unnamed,False,31.86,destination,
1252235273,1252235755,90.44977173552314,residential,Unnamed,False,31.86,destination,
1252235273,1252235743,35.11752439485784,residential,Unnamed,False,31.86,destination,
1252235278,1252235666,216.31352736150293,track,Unnamed,False,30.0,Uncategorized,
1252235278,1119827808,211.64380697380454,track,Unnamed,False,30.0,Uncategorized,
1252235278,1119827837,317.7814759353288,track,Unnamed,False,30.0,Uncategorized,
1252235278,8386033938,197.0511965070299,track,Unnamed,False,30.0,Uncategorized,
1252235314,1119866478,17.922193965164656,residential,Unnamed,False,31.86,Uncategorized,
1252235314,1119866444,44.77736266092615,residential,Unnamed,False,31.86,Uncategorized,
1252235314,5619395136,74.97386548979517,service,Unnamed,False,25.85,Uncategorized,
1252235355,1119827666,158.29794147142746,unclassified,Unnamed,False,33.07,Uncategorized,
1252235355,2214111326,220.46355675895305,unclassified,Unnamed,False,33.07,Uncategorized,
1252235369,1201061824,21.979028058434537,unclassified,Unnamed,False,33.07,Uncategorized,2
1252235369,1201061897,17.61513989325333,unclassified,Unnamed,False,33.07,Uncategorized,2
1252235369,1252235564,210.92846602974046,unclassified,Unnamed,False,33.07,Uncategorized,
1252235372,1252235509,213.5652965620208,track,Unnamed,False,30.0,Uncategorized,
1252235372,1119827788,220.3581575581432,unclassified,Unnamed,False,33.07,Uncategorized,2
1252235372,1201061977,284.4461067386354,unclassified,Unnamed,False,33.07,Uncategorized,2
1252235383,1119827583,104.0235273404427,unclassified,Unnamed,False,33.07,Uncategorized,
1252235383,1119827592,22.484107230070578,unclassified,Unnamed,False,33.07,Uncategorized,
1252235383,1252235775,42.70388886559769,service,Unnamed,False,25.85,Uncategorized,
1252235397,1252235215,61.63036763673526,residential,Unnamed,False,31.86,destination,
1252235397,1252235538,289.1589616833083,residential,Unnamed,False,31.86,destination,
1252235397,1955915695,134.7910610347752,residential,Row Street,False,31.86,destination,
1252235406,1252235248,29.87733694122228,service,Unnamed,False,25.85,Uncategorized,
1252235406,1252235406,77.9006955126432,service,Unnamed,False,25.85,Uncategorized,
1252235406,1252235406,77.90069551264318,service,Unnamed,False,25.85,Uncategorized,
1252235412,1252235743,58.33638041357832,residential,Unnamed,False,31.86,destination,
1252235434,1252235509,28.806779244759863,track,Unnamed,False,30.0,Uncategorized,
1252235434,1252235666,112.44577874400012,track,Unnamed,False,30.0,Uncategorized,
1252235434,1252235666,466.57598463643694,track,Unnamed,False,30.0,Uncategorized,
1252235509,1252235434,28.806779244759863,track,Unnamed,False,30.0,Uncategorized,
1252235509,1252235372,213.5652965620208,track,Unnamed,False,30.0,Uncategorized,
1252235509,5305256038,104.89469283638977,track,Unnamed,False,30.0,private,
1252235523,1201062163,201.13835218945033,unclassified,Unnamed,False,33.07,Uncategorized,
1252235523,1252235677,98.75245332801782,unclassified,Unnamed,False,33.07,Uncategorized,
1252235523,1252235564,87.62581909495458,unclassified,Unnamed,False,33.07,Uncategorized,
1252235538,526793141,75.702389510279,residential,Unnamed,False,31.86,destination,
1252235538,1252235397,289.15896168330823,residential,Unnamed,False,31.86,destination,
1252235538,1252235215,258.07588626320717,residential,Unnamed,False,31.86,destination,
1252235564,1201062057,158.74187399660505,unclassified,Unnamed,False,33.07,Uncategorized,
1252235564,1252235369,210.92846602974046,unclassified,Unnamed,False,33.07,Uncategorized,
1252235564,1252235523,87.62581909495457,unclassified,Unnamed,False,33.07,Uncategorized,
1252235612,1119827596,21.876659637733837,service,Unnamed,False,25.85,Uncategorized,
1252235612,1252235775,21.506451046173584,service,Unnamed,False,25.85,Uncategorized,
1252235612,1119827607,39.138949497225205,service,Unnamed,False,25.85,Uncategorized,
1252235635,1201061897,30.7291531106396,unclassified,Unnamed,False,33.07,Uncategorized,2
1252235635,1201061824,42.282815468620626,unclassified,Unnamed,False,33.07,Uncategorized,2
1252235666,1252235434,112.44577874400012,track,Unnamed,False,30.0,Uncategorized,
1252235666,1252235434,466.57598463643694,track,Unnamed,False,30.0,Uncategorized,
1252235666,1252235278,216.31352736150293,track,Unnamed,False,30.0,Uncategorized,
1252235677,2496156054,64.08139932662351,unclassified,Unnamed,False,33.07,Uncategorized,2
1252235677,8315144225,19.391591327572904,unclassified,Unnamed,False,33.07,Uncategorized,2
1252235677,1252235523,98.75245332801782,unclassified,Unnamed,False,33.07,Uncategorized,
1252235743,1252235412,58.33638041357832,residential,Unnamed,False,31.86,destination,
1252235743,1252235215,128.19647715357672,residential,Unnamed,False,31.86,destination,
1252235743,1252235273,35.11752439485784,residential,Unnamed,False,31.86,destination,
1252235755,2509149149,165.84081302927163,residential,Unnamed,False,31.86,destination,
1252235755,1252235273,90.44977173552314,residential,Unnamed,False,31.86,destination,
1252235755,1252235815,216.96255962815715,residential,Unnamed,False,31.86,destination,
1252235775,1119827593,21.841465206360425,service,Unnamed,False,25.85,Uncategorized,
1252235775,1252235612,21.506451046173584,service,Unnamed,False,25.85,Uncategorized,
1252235775,1252235383,42.70388886559769,service,Unnamed,False,25.85,Uncategorized,
1252235815,1252235755,216.96255962815715,residential,Unnamed,False,31.86,destination,
1256302342,8896486840,13.155017863658607,footway,Unnamed,False,30.0,Uncategorized,
1256302342,8896486848,36.03556889805666,residential,Unnamed,False,31.86,Uncategorized,1
1256302342,1256302437,113.91363202112387,residential,Unnamed,False,31.86,Uncategorized,1
1256302437,1342019448,12.401525874653968,residential,Unnamed,False,31.86,Uncategorized,1
1256302437,1256302342,113.91363202112387,residential,Unnamed,False,31.86,Uncategorized,1
1256302437,4727674090,67.1963587171922,service,Unnamed,False,25.85,Uncategorized,
1256302490,1312780165,8.250981108445364,residential,Unnamed,False,31.86,Uncategorized,1
1256302490,8894746301,91.9487993570614,residential,Unnamed,False,31.86,Uncategorized,1
1256302490,8293279337,82.05495526746571,service,Unnamed,False,25.85,Uncategorized,
1256302589,8896486848,26.711513932016175,residential,Unnamed,False,31.86,Uncategorized,1
1256302589,8205238792,136.74129869560983,residential,Unnamed,False,31.86,Uncategorized,1
1256302600,8893671373,9.955954954390874,primary,National Highway,False,30.49,Uncategorized,4
1256302600,460203631,41.63395423465171,primary,National Highway,False,30.49,Uncategorized,4
1256302600,12309592292,7.868624324126288,residential,Unnamed,False,31.86,Uncategorized,
1256302676,8893838542,49.80813540454501,primary,National Highway,False,30.49,Uncategorized,4
1256302676,1312780163,94.08475566491032,primary,National Highway,False,30.49,Uncategorized,4
1256302676,1312780165,129.64545769208195,residential,Unnamed,False,31.86,Uncategorized,1
1256302863,1923606798,25.12885872204836,primary,National Highway,False,30.49,Uncategorized,4
1256302863,1187299463,40.41847228959467,primary,National Highway,False,30.49,Uncategorized,4
1256302863,8334090092,81.40309607642462,residential,Unnamed,False,31.86,private,
1256324581,1256324744,124.67231293437963,residential,Unnamed,False,31.86,Uncategorized,
1256324581,1256325073,45.883513983702564,residential,Unnamed,False,31.86,Uncategorized,
1256324581,1256324894,135.25575733009185,residential,Unnamed,False,31.86,Uncategorized,
1256324607,1256324984,7.5550994605079635,primary,National Highway,False,30.49,Uncategorized,4
1256324607,10976457096,49.849208667138626,residential,Unnamed,True,31.86,Uncategorized,1
1256324607,28997162,84.93320473253786,primary,National Highway,False,30.49,Uncategorized,4
1256324644,1256324889,35.308820844826,residential,Summit Avenue,False,30.0,private,2
1256324644,4430445787,141.82176188489518,residential,Hill Drive,False,30.0,private,2
1256324644,4430445787,160.34919626044854,residential,Summit Avenue,False,30.0,private,2
1256324652,1256324894,47.122776239361016,residential,Unnamed,False,31.86,Uncategorized,
1256324696,1300391308,30.71153938916463,residential,Tikling,False,40.0,Uncategorized,
1256324696,439220623,61.25217097646022,unclassified,Lawin,True,40.0,Uncategorized,
1256324732,454085764,105.86203688715369,residential,Unnamed,False,31.86,Uncategorized,
1256324732,1256325107,157.44527420898254,residential,Unnamed,False,31.86,Uncategorized,
1256324732,454085763,160.14020687221893,residential,Unnamed,False,31.86,Uncategorized,
1256324744,1256324581,124.67231293437963,residential,Unnamed,False,31.86,Uncategorized,
1256324744,1256325031,37.87547818021655,residential,Unnamed,False,31.86,Uncategorized,
1256324744,1256324894,49.71278272487045,residential,Unnamed,False,31.86,Uncategorized,
1256324744,1256324963,143.01853827339917,residential,Unnamed,False,31.86,Uncategorized,
1256324759,1256325110,91.38508681590206,residential,Unnamed,False,31.86,Uncategorized,
1256324759,1256324897,156.10162875463493,residential,Unnamed,False,31.86,Uncategorized,
1256324759,1256324963,81.47595228136535,residential,Unnamed,False,31.86,Uncategorized,
1256324765,4430445790,73.52221190063699,residential,Summit Place,False,30.0,private,2
1256324765,1256324839,99.21363956394578,residential,Summit Avenue,False,30.0,private,2
1256324765,1256324839,77.72964672388078,residential,Summit Point Lane,False,30.0,private,2
1256324765,435144924,116.75483986000873,residential,Summit Point Lane,False,30.0,private,2
1256324781,1256325110,48.108659824775366,residential,Unnamed,False,31.86,Uncategorized,
1256324781,1256325131,103.27953539385042,residential,Unnamed,False,31.86,Uncategorized,
1256324781,1256324795,227.02513484580274,residential,Unnamed,False,31.86,Uncategorized,
1256324795,1256325031,43.317719866312814,residential,Unnamed,False,31.86,Uncategorized,
1256324795,1256325073,197.54649376734596,residential,Unnamed,False,31.86,Uncategorized,
1256324795,1256324781,227.02513484580274,residential,Unnamed,False,31.86,Uncategorized,
1256324839,1256324889,37.43046549856935,residential,Summit Avenue,False,30.0,private,2
1256324839,1256324765,77.72964672388078,residential,Summit Point Lane,False,30.0,private,2
1256324839,1256324765,99.21363956394578,residential,Summit Avenue,False,30.0,private,2
1256324861,1127246116,322.84546791169964,residential,Unnamed,False,31.86,Uncategorized,
1256324889,4430445790,72.49913165134662,residential,Summit Place,False,30.0,private,2
1256324889,1256324644,35.308820844826,residential,Summit Avenue,False,30.0,private,2
1256324889,1256324839,37.43046549856935,residential,Summit Avenue,False,30.0,private,2
1256324894,1256324744,49.71278272487045,residential,Unnamed,False,31.86,Uncategorized,
1256324894,1256324652,47.122776239361016,residential,Unnamed,False,31.86,Uncategorized,
1256324894,1256324581,135.25575733009185,residential,Unnamed,False,31.86,Uncategorized,
1256324897,1256324759,156.10162875463493,residential,Unnamed,False,31.86,Uncategorized,
1256324954,28997162,426.69980536787955,service,La Roca Road,False,25.85,Uncategorized,
1256324963,1256325110,65.4595468536636,residential,Unnamed,False,31.86,Uncategorized,
1256324963,1256324744,143.01853827339914,residential,Unnamed,False,31.86,Uncategorized,
1256324963,1256324759,81.47595228136535,residential,Unnamed,False,31.86,Uncategorized,
1256324984,1256324607,7.5550994605079635,primary,National Highway,False,30.49,Uncategorized,4
1256324984,8893786289,51.55841126089987,primary,National Highway,False,30.49,Uncategorized,4
1256325031,1256325073,140.8649494664665,residential,Unnamed,False,31.86,Uncategorized,
1256325031,1256324795,43.317719866312814,residential,Unnamed,False,31.86,Uncategorized,
1256325031,1256324744,37.87547818021655,residential,Unnamed,False,31.86,Uncategorized,
1256325042,1302792358,22.858285254718695,primary,National Highway,False,30.49,Uncategorized,4
1256325042,1127246116,62.09952505850849,primary,National Highway,False,30.49,Uncategorized,4
1256325042,1304345863,34.357986684127646,residential,Lakewood Avenue,True,31.86,Uncategorized,2
1256325073,1256325031,140.8649494664665,residential,Unnamed,False,31.86,Uncategorized,
1256325073,1256324581,45.883513983702564,residential,Unnamed,False,31.86,Uncategorized,
1256325073,1256324795,197.54649376734596,residential,Unnamed,False,31.86,Uncategorized,
1256325083,1256325135,46.624129023344565,residential,Unnamed,False,31.86,Uncategorized,
1256325107,8887184692,2.959469418589649,residential,Unnamed,False,31.86,Uncategorized,
1256325107,454085764,51.73999688698719,residential,Unnamed,False,31.86,Uncategorized,
1256325107,1256324732,157.44527420898257,residential,Unnamed,False,31.86,Uncategorized,
1256325110,1256324781,48.108659824775366,residential,Unnamed,False,31.86,Uncategorized,
1256325110,1256324759,91.38508681590206,residential,Unnamed,False,31.86,Uncategorized,
1256325110,1256324963,65.4595468536636,residential,Unnamed,False,31.86,Uncategorized,
1256325131,1256324781,103.27953539385042,residential,Unnamed,False,31.86,Uncategorized,
1256325131,7694272304,263.6047489468272,primary,National Highway,False,30.49,Uncategorized,4
1256325131,28997173,239.36264138015719,primary,National Highway,False,30.49,Uncategorized,4
1256325135,8887184692,92.76843505388214,residential,Unnamed,False,31.86,Uncategorized,
1256325135,1256325083,46.624129023344565,residential,Unnamed,False,31.86,Uncategorized,
1256325135,2449173383,191.00922786561233,residential,Unnamed,False,31.86,Uncategorized,
1256325146,425129392,79.64785595985835,primary,National Highway,False,30.49,Uncategorized,4
1256325146,2785682422,48.39814829621321,primary,National Highway,False,30.49,Uncategorized,4
1256325146,2596830850,146.99472955080387,residential,Unnamed,False,31.86,Uncategorized,
1258981479,453014287,59.649703268875676,service,Unnamed,False,25.85,private,
1258981511,453011460,30.086435864502576,residential,M. Palis Street,False,31.86,Uncategorized,
1258981511,453009422,101.2106543949286,residential,Lopez,False,31.86,Uncategorized,
1258981511,453014287,34.14050365937277,residential,M. Palis Street,False,31.86,Uncategorized,
1258981527,1258981557,74.12355074545704,service,Unnamed,False,25.85,Uncategorized,
1258981540,453009416,105.77052760801165,residential,Jose Burgos,False,31.86,Uncategorized,
1258981557,1258981574,139.32637701409814,residential,Unnamed,False,31.86,Uncategorized,
1258981557,1258981527,74.12355074545704,service,Unnamed,False,25.85,Uncategorized,
1258981557,1342065695,96.77987092188437,residential,Unnamed,False,31.86,Uncategorized,
1258981574,1258981557,139.32637701409814,residential,Unnamed,False,31.86,Uncategorized,
1258981574,10818886676,72.14644461688056,service,Unnamed,False,25.85,Uncategorized,
1258981574,1342065668,119.03533995281335,residential,Unnamed,False,31.86,Uncategorized,
1266474296,8896536024,16.50638982765696,primary,National Highway,False,30.49,Uncategorized,4
1266474296,12309592227,7.004332370258203,residential,Unnamed,False,31.86,Uncategorized,
1266474296,12309592283,5.927996448345899,service,Unnamed,False,25.85,Uncategorized,
1266474296,1285602607,51.769172161052616,primary,National Highway,False,30.49,Uncategorized,4
1266474306,1266474365,113.75825850164445,residential,Unnamed,False,31.86,private,
1266474306,1266474585,26.163587215580307,residential,Unnamed,False,31.86,private,
1266474306,1266474496,141.40697365310757,residential,Unnamed,False,31.86,private,
1266474322,1187299595,37.61468173518739,residential,Unnamed,False,31.86,Uncategorized,
1266474323,1266474483,45.53738260141557,residential,Unnamed,False,31.86,private,
1266474323,1266474441,59.547589365327326,residential,Unnamed,False,31.86,private,
1266474323,1252148563,59.71341275275772,residential,Unnamed,False,31.86,private,
1266474351,1143665044,52.72406072103835,residential,Unnamed,False,31.86,Uncategorized,
1266474351,1266474488,47.80345491222007,residential,Unnamed,False,31.86,Uncategorized,
1266474351,291562916,125.36302318120532,residential,Unnamed,False,31.86,Uncategorized,
1266474365,1266474459,26.95527608132294,residential,Unnamed,False,31.86,private,
1266474365,1266474306,113.75825850164445,residential,Unnamed,False,31.86,private,
1266474365,1266474546,100.99565080560942,residential,Unnamed,False,31.86,private,
1266474407,1187299801,40.535795532808876,residential,Unnamed,False,31.86,Uncategorized,
1266474427,776002650,60.36102934697424,residential,Unnamed,False,31.86,Uncategorized,
1266474441,1266474323,59.547589365327326,residential,Unnamed,False,31.86,private,
1266474441,1266474483,38.729011458372206,residential,Unnamed,False,31.86,private,
1266474441,1252148906,37.91836191466713,residential,Unnamed,False,31.86,private,
1266474459,1266474585,116.01191119288931,residential,Unnamed,False,31.86,private,
1266474459,1266474365,26.95527608132294,residential,Unnamed,False,31.86,private,
1266474459,1252148587,15.839333436991094,residential,Unnamed,False,31.86,private,
1266474480,8292598286,16.056686881667865,residential,Unnamed,False,31.86,Uncategorized,
1266474480,8292598287,29.641021419810993,service,Unnamed,False,25.85,Uncategorized,
1266474480,1187299417,45.46613133243866,residential,Unnamed,False,31.86,Uncategorized,
1266474483,1266474546,28.40800415423316,residential,Unnamed,False,31.86,private,
1266474483,1266474323,45.53738260141557,residential,Unnamed,False,31.86,private,
1266474483,1266474441,38.729011458372206,residential,Unnamed,False,31.86,private,
1266474488,1266474351,47.80345491222007,residential,Unnamed,False,31.86,Uncategorized,
1266474495,10910657918,14.542098019457503,service,Unnamed,False,30.0,Uncategorized,
1266474495,1497255217,13.373684109272949,service,Unnamed,False,30.0,Uncategorized,
1266474495,417266025,83.84115029487954,service,Unnamed,False,30.0,Uncategorized,
1266474496,1252148340,28.676343963202275,residential,Unnamed,False,31.86,private,
1266474496,1266474585,114.04010067944364,residential,Unnamed,False,31.86,private,
1266474496,1266474306,141.40697365310757,residential,Unnamed,False,31.86,private,
1266474534,8893838526,88.72147265698685,residential,Unnamed,False,31.86,Uncategorized,
1266474546,1266474483,28.40800415423316,residential,Unnamed,False,31.86,private,
1266474546,1252148622,97.45472578175931,residential,Unnamed,False,31.86,private,
1266474546,1266474365,100.99565080560942,residential,Unnamed,False,31.86,private,
1266474549,1143665057,27.920317091307997,residential,Unnamed,False,31.86,Uncategorized,
1266474585,1266474459,116.01191119288931,residential,Unnamed,False,31.86,private,
1266474585,1266474306,26.163587215580307,residential,Unnamed,False,31.86,private,
1266474585,1266474496,114.04010067944364,residential,Unnamed,False,31.86,private,
1266474592,12309592227,84.47435438826031,residential,Unnamed,False,31.86,Uncategorized,
1268348775,4793258729,22.97772381407834,service,Unnamed,False,25.85,Uncategorized,
1268348786,573002177,58.558474618335026,footway,Unnamed,False,30.0,Uncategorized,
1268348786,573285860,45.9335139078774,footway,Unnamed,False,30.0,Uncategorized,
1268348786,671866907,14.544985632208498,steps,Unnamed,False,30.49,Uncategorized,
1271725675,1271725697,12.223296034205418,service,Unnamed,True,25.85,Uncategorized,
1271725675,1271725676,49.48742282521201,service,Unnamed,True,25.85,Uncategorized,
1271725676,1271725701,21.858149356209186,service,Unnamed,False,25.85,Uncategorized,
1271725676,1271725695,16.636416338755414,service,Unnamed,False,25.85,Uncategorized,
1271725676,1271725686,61.1789096237993,service,Unnamed,True,25.85,Uncategorized,
1271725682,1271725702,6.6047237369455045,primary,National Highway,False,30.49,Uncategorized,4
1271725682,28997193,53.965509516532066,primary,National Highway,False,30.49,Uncategorized,4
1271725684,1271725691,7.61508966959492,service,Unnamed,False,25.85,Uncategorized,
1271725684,9387637797,48.18766352945565,service,Unnamed,True,25.85,Uncategorized,
1271725684,1271725697,71.15861736974665,service,Unnamed,False,25.85,Uncategorized,
1271725686,1271725692,16.43910028075561,service,Unnamed,False,25.85,Uncategorized,
1271725686,1271725695,79.38645309229548,service,Unnamed,False,25.85,Uncategorized,
1271725688,1271725675,20.494487313273194,service,Unnamed,True,25.85,Uncategorized,
1271725688,9387637798,14.85376462649264,service,Unnamed,True,25.85,Uncategorized,
1271725691,1271725684,7.61508966959492,service,Unnamed,False,25.85,Uncategorized,
1271725691,1271725682,23.878531059940144,service,Unnamed,True,25.85,Uncategorized,
1271725692,1271725701,60.16240154625061,service,Unnamed,True,25.85,Uncategorized,
1271725692,1271725686,16.43910028075561,service,Unnamed,False,25.85,Uncategorized,
1271725695,1271725676,16.636416338755414,service,Unnamed,False,25.85,Uncategorized,
1271725695,1271725686,79.38645309229548,service,Unnamed,False,25.85,Uncategorized,
1271725695,1271725697,52.05714474245417,service,Unnamed,False,25.85,Uncategorized,
1271725697,1271725695,52.05714474245417,service,Unnamed,False,25.85,Uncategorized,
1271725697,1271725684,71.15861736974665,service,Unnamed,False,25.85,Uncategorized,
1271725701,1271725676,21.858149356209186,service,Unnamed,False,25.85,Uncategorized,
1271725701,1271725688,51.26119459584302,service,Unnamed,True,25.85,Uncategorized,
1271725702,382043698,31.606066197634547,primary,National Highway,False,30.49,Uncategorized,4
1271725702,1271725682,6.6047237369455045,primary,National Highway,False,30.49,Uncategorized,4
1271725702,1271725684,26.076243312332622,service,Unnamed,True,25.85,Uncategorized,
1272671946,435140265,20.091278458841767,residential,Kanlaon Street,False,30.0,Uncategorized,
1272671946,428743654,76.84003057553898,residential,Kanlaon Street,False,30.0,Uncategorized,
1272671946,6497035133,44.52856426117836,service,Unnamed,False,25.85,private,
1285602478,1285602657,133.02329488708736,service,Unnamed,False,25.85,private,
1285602484,1285602711,96.7458131824875,service,Unnamed,False,25.85,private,
1285602484,1285602523,24.039581232726974,service,Unnamed,False,25.85,private,
1285602484,8893660150,64.29029710116323,service,Unnamed,False,25.85,private,
1285602497,1187299404,24.584076023995593,residential,Unnamed,False,31.86,permissive,
1285602497,8293279327,109.20317580941793,residential,Unnamed,False,31.86,permissive,
1285602497,8293279328,155.49560870537363,residential,Unnamed,False,31.86,permissive,
1285602507,1285602729,30.833870788542047,service,Unnamed,False,25.85,private,
1285602507,1285602660,28.528447428253877,service,Unnamed,False,25.85,private,
1285602507,1285602660,23.798559579832553,service,Unnamed,False,25.85,private,
1285602513,1143689901,67.91537693394346,service,Unnamed,False,25.85,private,
1285602513,1532188550,99.95901380117975,unclassified,Pili Drive,False,40.0,destination,2
1285602513,1143683807,66.18252981690985,unclassified,Pili Drive,False,40.0,destination,2
1285602523,1285602699,50.073942369643866,service,Unnamed,False,25.85,private,2
1285602523,1285602578,20.417470784042656,service,Unnamed,False,25.85,private,1
1285602523,1285602484,24.039581232726974,service,Unnamed,False,25.85,private,
1285602527,1285602632,78.1097261835782,service,Unnamed,False,25.85,private,
1285602527,1285602546,70.76768592239542,service,Unnamed,False,25.85,private,
1285602527,1285602614,48.716618474185246,service,Unnamed,False,25.85,private,
1285602528,1285602533,38.95833495925889,service,Unnamed,False,25.85,private,
1285602529,1285602702,62.87413276188655,residential,Unnamed,False,31.86,Uncategorized,
1285602533,1285602657,20.12884152027631,service,Unnamed,False,25.85,private,
1285602533,1285602528,38.95833495925889,service,Unnamed,False,25.85,private,
1285602533,1285602582,222.54218722946896,service,Unnamed,False,25.85,private,
1285602546,1285602695,109.73267819545089,service,Unnamed,False,25.85,private,
1285602546,1285602724,75.89564115614998,service,Unnamed,False,25.85,private,
1285602546,1285602527,70.76768592239542,service,Unnamed,False,25.85,private,
1285602547,1285602647,64.81721604481358,service,Unnamed,False,25.85,private,
1285602547,2352985611,25.92723730583966,service,Unnamed,False,25.85,private,
1285602547,253781351,135.8816149625002,service,Unnamed,False,25.85,private,
1285602551,1285602699,43.844309848249644,service,Unnamed,False,25.85,private,
1285602551,2820863016,27.394580322868496,service,Unnamed,False,25.85,private,
1285602551,1285602657,46.71401758782657,service,Unnamed,False,25.85,private,
1285602557,460203501,69.17287604220034,unclassified,Daang Kalabaw,False,30.0,Uncategorized,
1285602557,1285602702,8.150045952945975,unclassified,Daang Kalabaw,False,30.0,Uncategorized,
1285602557,12309592245,249.19100464408962,footway,Unnamed,False,30.0,Uncategorized,
1285602558,1187299454,34.17577680302359,service,Unnamed,False,25.85,Uncategorized,
1285602575,1285602723,33.257877478055676,service,Unnamed,False,25.85,private,1
1285602575,1285602723,53.85822711630008,service,Unnamed,False,25.85,private,1
1285602575,1285602578,23.72216561188285,service,Unnamed,False,25.85,private,1
1285602578,1285602523,20.417470784042656,service,Unnamed,False,25.85,private,1
1285602578,1285602575,23.72216561188285,service,Unnamed,False,25.85,private,1
1285602578,3164540376,169.39852084268313,footway,Unnamed,False,30.0,Uncategorized,
1285602580,1285602729,14.523210785319073,service,Unnamed,False,25.85,private,
1285602582,1285602533,222.54218722946896,service,Unnamed,False,25.85,private,
1285602585,1285602599,53.733896059027394,unclassified,Pili Drive,False,40.0,destination,2
1285602585,2352985671,6.5804349525101395,unclassified,Pili Drive,False,40.0,destination,2
1285602585,1285602647,51.551238265999665,service,Unnamed,False,25.85,private,
1285602589,1285602706,48.107676722733125,service,Unnamed,False,25.85,private,
1285602599,8293336147,32.162194375319814,unclassified,Pili Drive,False,40.0,destination,2
1285602599,1285602585,53.733896059027394,unclassified,Pili Drive,False,40.0,destination,2
1285602599,3084469134,17.327768624383495,service,Unnamed,False,15.0,private,2
1285602599,2352985628,41.228456589761876,service,Unnamed,False,15.0,private,2
1285602607,12309592245,8.448621997470903,footway,Unnamed,False,30.0,Uncategorized,
1285602607,8896529804,14.559692226424511,primary,National Highway,False,30.49,Uncategorized,4
1285602607,1266474296,51.769172161052616,primary,National Highway,False,30.49,Uncategorized,4
1285602614,1285602527,48.71661847418525,service,Unnamed,False,25.85,private,
1285602632,1285602527,78.1097261835782,service,Unnamed,False,25.85,private,
1285602647,1285602585,51.551238265999665,service,Unnamed,False,25.85,private,
1285602647,1285602547,64.81721604481358,service,Unnamed,False,25.85,private,
1285602647,1285602673,26.641089866307052,service,Unnamed,False,25.85,private,
1285602657,1285602533,20.12884152027631,service,Unnamed,False,25.85,private,
1285602657,1285602551,46.71401758782657,service,Unnamed,False,25.85,private,
1285602657,1285602478,133.02329488708736,service,Unnamed,False,25.85,private,
1285602660,1285602507,23.798559579832553,service,Unnamed,False,25.85,private,
1285602660,1285602507,28.528447428253877,service,Unnamed,False,25.85,private,
1285602660,2820863016,98.55801756550623,service,Unnamed,False,25.85,private,
1285602667,1285602723,35.168311315045436,service,Unnamed,False,25.85,private,1
1285602667,3084468908,41.2442133982598,service,Unnamed,False,15.0,private,2
1285602667,2649266849,57.357661161665234,service,Unnamed,False,15.0,private,2
1285602673,2352985611,64.41937967560162,service,Unnamed,False,25.85,private,
1285602673,1285602647,26.641089866307052,service,Unnamed,False,25.85,private,
1285602673,3604596763,70.91962563035247,service,Unnamed,False,25.85,private,
1285602691,8293279328,19.173421614593362,residential,Unnamed,False,31.86,permissive,
1285602695,1285602546,109.73267819545089,service,Unnamed,False,25.85,private,
1285602699,1285602523,50.073942369643866,service,Unnamed,False,25.85,private,2
1285602699,1285602551,43.844309848249644,service,Unnamed,False,25.85,private,
1285602699,995847434,60.316092572153124,service,Unnamed,False,25.85,private,2
1285602702,1889685062,34.65013546745221,residential,Unnamed,False,31.86,Uncategorized,
1285602702,1285602529,62.87413276188655,residential,Unnamed,False,31.86,Uncategorized,
1285602702,1285602557,8.150045952945975,unclassified,Daang Kalabaw,False,30.0,Uncategorized,
1285602702,460203564,39.01271198027953,unclassified,Daang Kalabaw,False,30.0,Uncategorized,
1285602706,1143683780,57.95520283688159,service,Unnamed,False,25.85,private,
1285602706,1143689887,72.56785175717637,service,Unnamed,False,25.85,private,
1285602706,1285602589,48.107676722733125,service,Unnamed,False,25.85,private,
1285602711,1285602484,96.7458131824875,service,Unnamed,False,25.85,private,
1285602723,1285602667,35.168311315045436,service,Unnamed,False,25.85,private,1
1285602723,1285602575,33.257877478055676,service,Unnamed,False,25.85,private,1
1285602723,1285602575,53.858227116300085,service,Unnamed,False,25.85,private,1
1285602724,1143683887,28.0085918147648,service,Unnamed,False,25.85,private,
1285602724,253510760,155.90276187069,service,Unnamed,False,25.85,private,
1285602724,1285602546,75.89564115614996,service,Unnamed,False,25.85,private,
1285602729,995847425,31.35816509280259,service,Unnamed,False,25.85,private,
1285602729,1285602580,14.523210785319073,service,Unnamed,False,25.85,private,
1285602729,1285602507,30.833870788542047,service,Unnamed,False,25.85,private,
1288947663,484165249,50.837836253843214,residential,Unnamed,False,30.0,private,2
1288947675,1288947702,21.18867677744627,footway,Unnamed,False,30.0,Uncategorized,
1288947702,418624417,10.02233464332575,residential,Opal Street,False,30.0,Uncategorized,2
1288947702,418625258,187.35994518471676,residential,Opal Street,False,30.0,Uncategorized,2
1288947702,1288947675,21.18867677744627,footway,Unnamed,False,30.0,Uncategorized,
1288947708,816645189,14.367669302187892,footway,Unnamed,False,30.0,Uncategorized,
1288947708,816645232,3.7880660056684277,footway,Unnamed,False,30.0,Uncategorized,
1288947708,818892881,192.3910136916825,footway,Unnamed,False,30.0,Uncategorized,
1288947729,428743316,67.16735181388933,service,Unnamed,False,25.85,permissive,
1288947753,1288947767,60.47692199020117,service,Unnamed,False,25.85,Uncategorized,
1288947758,12188365866,101.81101191902533,residential,Unnamed,False,30.0,Uncategorized,
1288947767,452998512,66.75042480670561,secondary,Jose R. Velasco Avenue,False,30.0,Uncategorized,2
1288947767,527819422,20.21109795448638,secondary,Jose R. Velasco Avenue,False,30.0,Uncategorized,2
1288947767,1288947753,60.47692199020118,service,Unnamed,False,25.85,Uncategorized,
1288947770,786430059,40.21547001168374,service,Unnamed,False,25.85,permissive,
1300391105,1300391167,119.96536479847734,residential,Unnamed,False,31.86,destination,
1300391105,1300391309,33.36127934339056,residential,Unnamed,False,31.86,destination,
1300391105,1300391236,28.96306696260237,residential,Unnamed,False,31.86,destination,
1300391110,1229057593,45.48495497124635,residential,Unnamed,False,31.86,Uncategorized,
1300391110,1300391327,39.560067450361295,residential,Unnamed,False,31.86,Uncategorized,
1300391110,2394959578,60.5311063411978,residential,Unnamed,False,31.86,Uncategorized,
1300391111,2788133417,12.30718325531135,service,Unnamed,False,30.0,destination,
1300391111,1300391302,71.67364495951001,service,Unnamed,False,30.0,destination,
1300391111,1300391113,48.65850598904576,service,Unnamed,False,30.0,destination,
1300391112,1300391274,22.26709225113247,residential,Unnamed,False,31.86,Uncategorized,
1300391112,1300391227,41.79081939986976,residential,Unnamed,False,31.86,Uncategorized,
1300391112,1300391146,79.64341435222157,residential,Gladiola Street,False,31.86,Uncategorized,
1300391113,8289426906,10.556559235472943,service,Unnamed,False,30.0,destination,
1300391113,1300391111,48.65850598904576,service,Unnamed,False,30.0,destination,
1300391113,1300391195,140.78307328317172,service,Unnamed,False,30.0,destination,
1300391121,1300391331,55.72754495275251,residential,Jasmine,False,31.86,Uncategorized,
1300391121,1229057576,139.7734645071484,residential,Unnamed,False,31.86,Uncategorized,
1300391121,425124930,173.48065931861322,residential,Unnamed,False,31.86,Uncategorized,
1300391122,1300391226,120.5265292240964,residential,Unnamed,False,31.86,destination,
1300391122,1300391320,158.48522862661247,residential,Unnamed,False,31.86,destination,
1300391122,1300391207,49.702679203493936,residential,Unnamed,False,31.86,destination,
1300391122,2394959548,26.67690995857922,residential,Unnamed,False,31.86,destination,
1300391127,1300391182,25.61269649431653,residential,Yamashita Street,False,30.0,Uncategorized,1
1300391127,3970334285,91.45929879622172,residential,Unnamed,False,31.86,Uncategorized,
1300391127,1300391214,121.80794862516831,residential,Yamashita Street,False,30.0,Uncategorized,1
1300391128,945030934,64.80366094623352,service,Unnamed,False,25.85,Uncategorized,
1300391128,1300391128,191.9269822574592,service,Unnamed,False,25.85,Uncategorized,
1300391128,1300391128,191.9269822574592,service,Unnamed,False,25.85,Uncategorized,
1300391131,1300391284,174.96746215777142,residential,Unnamed,False,30.0,Uncategorized,
1300391131,1300391223,124.15606199442817,residential,Unnamed,False,30.0,Uncategorized,2
1300391131,1300391352,47.68052239030849,residential,Labay Street,False,30.0,Uncategorized,1
1300391134,1302792265,87.10400267203538,residential,Unnamed,False,31.86,Uncategorized,
1300391134,1127246023,85.27315178625017,residential,Unnamed,False,31.86,Uncategorized,
1300391134,1300391270,315.9434811988908,residential,Unnamed,False,31.86,Uncategorized,
1300391138,1300391187,187.32560960043264,unclassified,Unnamed,False,30.0,destination,
1300391138,8289287650,145.8000892424579,unclassified,Unnamed,False,33.07,Uncategorized,
1300391138,2021099187,116.86294876031283,service,Unnamed,False,25.85,Uncategorized,
1300391145,12718893569,34.125956268883854,residential,Unnamed,False,31.86,Uncategorized,
1300391145,1300391369,73.00666899675163,residential,Unnamed,False,31.86,Uncategorized,
1300391145,1300391227,164.30678815886486,residential,Unnamed,False,31.86,Uncategorized,
1300391146,1300391275,38.39857560537188,residential,Gladiola Street,False,31.86,Uncategorized,
1300391146,1300391274,59.73069269178864,residential,Unnamed,False,31.86,Uncategorized,
1300391146,1300391112,79.64341435222157,residential,Gladiola Street,False,31.86,Uncategorized,
1300391146,1300391329,121.90760336152704,residential,Unnamed,False,31.86,Uncategorized,
1300391150,8894407209,12.461519724235243,residential,Unnamed,True,30.0,destination,
1300391150,500066114,450.6366555612652,residential,Unnamed,False,30.0,destination,
1300391157,1300391236,100.60121411540618,residential,Unnamed,False,31.86,destination,
1300391157,2394959548,35.13677461295451,residential,Unnamed,False,31.86,destination,
1300391157,2394959545,50.68149699963004,residential,Unnamed,False,31.86,destination,
1300391158,1300391268,41.233814687320105,residential,Unnamed,False,31.86,destination,
1300391158,1300391371,27.66727905060338,residential,Unnamed,False,31.86,destination,
1300391158,1300391192,96.32791213460219,residential,Unnamed,False,31.86,destination,
1300391161,1300391248,27.85475678204803,secondary,Jamboree Road,False,30.0,Uncategorized,2
1300391161,1300391284,110.09534527528865,residential,Labay Street,False,30.0,Uncategorized,2
1300391161,3970334291,64.88091401980499,secondary,Jamboree Road,False,30.0,Uncategorized,2
1300391165,3970334277,41.91544607537521,residential,Unnamed,False,31.86,private,
1300391167,1300391105,119.96536479847734,residential,Unnamed,False,31.86,destination,
1300391167,1300391246,34.24952394753083,residential,Unnamed,False,31.86,destination,
1300391167,1300391309,141.52832877216363,residential,Unnamed,False,31.86,destination,
1300391174,1300391251,11.12192952904023,residential,Unnamed,False,31.86,destination,
1300391174,1304345775,94.31602828602485,residential,Unnamed,False,31.86,destination,
1300391174,1300391286,153.8439410354498,residential,Unnamed,False,31.86,destination,
1300391182,1300391283,38.589506556931724,residential,Yamashita Street,False,30.0,Uncategorized,1
1300391182,1300391127,25.61269649431653,residential,Yamashita Street,False,30.0,Uncategorized,1
1300391182,500066109,95.266776721538,residential,Unnamed,False,31.86,Uncategorized,
1300391186,1300391268,104.90475573351333,residential,Unnamed,False,31.86,destination,
1300391186,1300391363,181.3099518237296,residential,Unnamed,False,31.86,destination,
1300391186,1300391192,36.93209389712258,residential,Unnamed,False,31.86,destination,
1300391186,1300391207,36.19385935002497,residential,Unnamed,False,31.86,destination,
1300391187,3867172345,57.08521194056875,unclassified,Unnamed,False,30.0,destination,
1300391187,8289287650,593.2005945132064,unclassified,Unnamed,False,30.0,destination,
1300391187,1300391138,187.32560960043267,unclassified,Unnamed,False,30.0,destination,
1300391191,1300391281,23.992917459729398,residential,Unnamed,False,31.86,destination,
1300391191,1304345775,27.226363901698242,residential,Unnamed,False,31.86,destination,
1300391191,1300391371,170.2900895753259,residential,Unnamed,False,31.86,destination,
1300391192,1300391186,36.93209389712258,residential,Unnamed,False,31.86,destination,
1300391192,1300391158,96.32791213460219,residential,Unnamed,False,31.86,destination,
1300391192,1300391363,223.52181222769838,residential,Unnamed,False,31.86,destination,
1300391195,5246779339,21.721175541836388,residential,Unnamed,False,31.86,Uncategorized,
1300391195,253764883,367.1494763513282,residential,Juan Luna Extension,False,31.86,Uncategorized,
1300391195,1300391113,140.78307328317172,service,Unnamed,False,30.0,destination,
1300391201,8289287650,3.9576476484193357,unclassified,Unnamed,False,33.07,Uncategorized,
1300391201,949612033,162.73831943089652,primary,National Highway,False,30.49,Uncategorized,4
1300391201,28997179,101.61558160583937,primary,National Highway,False,30.49,Uncategorized,4
1300391206,945030934,163.6708304174271,service,Unnamed,False,25.85,Uncategorized,
1300391206,1300391206,106.78508510528206,service,Unnamed,False,25.85,Uncategorized,
1300391206,1300391206,106.78508510528208,service,Unnamed,False,25.85,Uncategorized,
1300391207,1300391244,176.8470647153049,residential,Unnamed,False,31.86,destination,
1300391207,1300391258,115.49128128029847,residential,Unnamed,False,31.86,destination,
1300391207,1300391186,36.19385935002497,residential,Unnamed,False,31.86,destination,
1300391207,1300391122,49.702679203493936,residential,Unnamed,False,31.86,destination,
1300391214,1300391127,121.80794862516831,residential,Yamashita Street,False,30.0,Uncategorized,1
1300391214,3970334285,40.57493372353192,secondary,Jamboree Road,False,30.0,Uncategorized,2
1300391214,1300391233,70.00097268101584,secondary,Jamboree Road,False,30.0,Uncategorized,2
1300391215,1300391331,178.63344498106804,residential,Ilang Ilang,False,31.86,Uncategorized,
1300391215,1300391325,49.27581999970278,residential,Rosal,False,31.86,Uncategorized,
1300391215,425124930,58.73730630100558,residential,Rosal,False,31.86,Uncategorized,
1300391220,12718893569,8.637041749071422,residential,Unnamed,False,31.86,Uncategorized,
1300391220,454085708,142.4961743975435,primary,National Highway,False,30.49,Uncategorized,4
1300391220,8887406017,42.58075074694916,primary,National Highway,False,30.49,Uncategorized,4
1300391223,500063546,47.31558847616992,residential,Eco-Garden Street,False,30.0,Uncategorized,
1300391223,1300391131,124.15606199442817,residential,Unnamed,False,30.0,Uncategorized,2
1300391223,1300391234,219.99602243810165,residential,Unnamed,False,30.0,Uncategorized,2
1300391226,1300391258,46.76627753179389,residential,Unnamed,False,31.86,destination,
1300391226,8289262031,39.377307455131,residential,Unnamed,False,31.86,destination,
1300391226,1300391122,120.5265292240964,residential,Unnamed,False,31.86,destination,
1300391227,1300391112,41.79081939986976,residential,Unnamed,False,31.86,Uncategorized,
1300391227,1300391145,164.30678815886486,residential,Unnamed,False,31.86,Uncategorized,
1300391227,1375542564,72.35455768263081,residential,Unnamed,False,31.86,Uncategorized,
1300391233,3970334291,7.215925718824607,secondary,Jamboree Road,False,30.0,Uncategorized,2
1300391233,1300391356,161.95426265631383,residential,Unnamed,False,30.0,private,
1300391233,1300391214,70.00097268101584,secondary,Jamboree Road,False,30.0,Uncategorized,2
1300391234,1127246089,15.959148203936525,primary,National Highway,False,30.49,Uncategorized,4
1300391234,7694272309,30.888582618835464,primary,National Highway,False,30.49,Uncategorized,4
1300391234,1300391223,219.99602243810168,residential,Unnamed,False,30.0,Uncategorized,2
1300391236,1300391105,28.96306696260237,residential,Unnamed,False,31.86,destination,
1300391236,1300391157,100.60121411540618,residential,Unnamed,False,31.86,destination,
1300391236,1300391246,117.90974048620656,residential,Unnamed,False,31.86,destination,
1300391242,1300391360,51.3054967043754,residential,Unnamed,False,31.86,destination,
1300391242,8894407205,25.332711688551235,residential,Unnamed,True,30.0,destination,
1300391244,1300391207,176.8470647153049,residential,Unnamed,False,31.86,destination,
1300391244,1300391320,49.62639974749781,residential,Unnamed,False,31.86,destination,
1300391244,1300391363,38.90508991801144,residential,Unnamed,False,31.86,destination,
1300391246,1300391236,117.90974048620656,residential,Unnamed,False,31.86,destination,
1300391246,1300391360,305.1996215159885,residential,Unnamed,False,31.86,destination,
1300391246,1300391167,34.24952394753083,residential,Unnamed,False,31.86,destination,
1300391248,1300391161,27.85475678204803,secondary,Jamboree Road,False,30.0,Uncategorized,2
1300391248,11750543436,5.336700617754521,secondary,Jamboree Road,False,30.0,Uncategorized,2
1300391248,253502699,42.611484153102666,unclassified,Unnamed,True,30.0,destination,
1300391251,1300391174,11.12192952904023,residential,Unnamed,False,31.86,destination,
1300391251,1304345839,114.99903492892992,residential,Unnamed,False,31.86,destination,
1300391251,1300391281,69.99528237600558,residential,Unnamed,False,31.86,destination,
1300391258,1300391207,115.49128128029847,residential,Unnamed,False,31.86,destination,
1300391258,1300391268,39.73373655669426,residential,Unnamed,False,31.86,destination,
1300391258,1300391226,46.76627753179389,residential,Unnamed,False,31.86,destination,
1300391263,1300391295,9.881558589429638,tertiary,Villegas,False,30.0,Uncategorized,
1300391263,1300391326,57.811032574046685,residential,Unnamed,False,31.86,Uncategorized,
1300391263,417266890,106.8420400072246,tertiary,Villegas,False,30.0,Uncategorized,
1300391265,1300391283,67.27153713346667,residential,Yamashita Street,False,30.0,Uncategorized,1
1300391266,1300391301,79.67510946113437,residential,Tikling,False,40.0,Uncategorized,
1300391267,1711050140,122.55360648592094,residential,Unnamed,False,31.86,Uncategorized,
1300391267,1711050169,104.75195102654119,residential,Unnamed,False,31.86,Uncategorized,
1300391267,1711050164,141.3086671996052,service,Unnamed,False,25.85,Uncategorized,
1300391268,1300391186,104.90475573351333,residential,Unnamed,False,31.86,destination,
1300391268,1300391158,41.233814687320105,residential,Unnamed,False,31.86,destination,
1300391268,1300391258,39.73373655669426,residential,Unnamed,False,31.86,destination,
1300391270,1127246023,83.97903382749516,residential,Unnamed,False,31.86,Uncategorized,
1300391270,1302792336,107.63768670884488,residential,Unnamed,False,31.86,Uncategorized,
1300391270,1300391134,315.9434811988908,residential,Unnamed,False,31.86,Uncategorized,
1300391272,417266883,34.0407669609359,tertiary,Villegas,False,30.0,Uncategorized,
1300391272,11787098264,94.44546839991594,tertiary,Villegas,False,30.0,Uncategorized,
1300391272,1300391295,253.00644026554457,pedestrian,Unnamed,False,30.49,Uncategorized,
1300391274,1300391112,22.26709225113247,residential,Unnamed,False,31.86,Uncategorized,
1300391274,1300391146,59.73069269178864,residential,Unnamed,False,31.86,Uncategorized,
1300391274,7271108157,5.229628244355775,residential,Rose Street,False,31.86,Uncategorized,
1300391275,1300391146,38.39857560537188,residential,Gladiola Street,False,31.86,Uncategorized,
1300391275,12309592203,144.46928381198666,residential,Gladiola Street,False,31.86,Uncategorized,
1300391275,7271108157,90.7395871108947,residential,Rose Street,False,31.86,Uncategorized,
1300391281,8289262031,9.330271090083732,residential,Unnamed,False,31.86,destination,
1300391281,1300391191,23.992917459729398,residential,Unnamed,False,31.86,destination,
1300391281,1300391251,69.99528237600558,residential,Unnamed,False,31.86,destination,
1300391283,1300391182,38.589506556931724,residential,Yamashita Street,False,30.0,Uncategorized,1
1300391283,500066111,101.50778015340565,residential,Unnamed,False,31.86,Uncategorized,
1300391283,1300391265,67.27153713346667,residential,Yamashita Street,False,30.0,Uncategorized,1
1300391284,1300391161,110.09534527528865,residential,Labay Street,False,30.0,Uncategorized,2
1300391284,3970334288,67.70650297523912,residential,Unnamed,False,30.0,Uncategorized,
1300391284,1300391131,174.9674621577714,residential,Unnamed,False,30.0,Uncategorized,
1300391286,1300391360,20.843157307122958,residential,Unnamed,False,31.86,destination,
1300391286,1304345839,35.804127776638126,residential,Unnamed,False,31.86,destination,
1300391286,1300391174,153.8439410354498,residential,Unnamed,False,31.86,destination,
1300391289,1229057593,39.76735252080193,residential,Unnamed,False,31.86,Uncategorized,
1300391295,1300391263,9.881558589429638,tertiary,Villegas,False,30.0,Uncategorized,
1300391295,417266883,142.75731093041952,tertiary,Villegas,False,30.0,Uncategorized,
1300391295,1300391272,253.0064402655446,pedestrian,Unnamed,False,30.49,Uncategorized,
1300391301,1300391266,79.67510946113437,residential,Tikling,False,40.0,Uncategorized,
1300391301,8336682896,68.28092517683598,residential,Tikling,False,40.0,Uncategorized,
1300391301,8386697354,161.84912337193074,residential,Unnamed,False,31.86,Uncategorized,
1300391302,3867172345,44.51645898555516,service,Unnamed,False,30.0,destination,
1300391302,1300391111,71.67364495951001,service,Unnamed,False,30.0,destination,
1300391302,8289426900,55.40716325596205,service,Unnamed,False,30.0,destination,
1300391308,1256324696,30.71153938916463,residential,Tikling,False,40.0,Uncategorized,
1300391308,8336682896,62.67730635355707,residential,Tikling,False,40.0,Uncategorized,
1300391308,1375542569,40.55226223757814,residential,Unnamed,False,31.86,Uncategorized,
1300391308,1520576429,99.31293224088077,residential,Unnamed,False,31.86,Uncategorized,
1300391309,1300391105,33.36127934339056,residential,Unnamed,False,31.86,destination,
1300391309,1300391167,141.52832877216363,residential,Unnamed,False,31.86,destination,
1300391309,1300391320,61.948945112524974,residential,Unnamed,False,31.86,destination,
1300391320,1300391122,158.48522862661247,residential,Unnamed,False,31.86,destination,
1300391320,1300391244,49.62639974749781,residential,Unnamed,False,31.86,destination,
1300391320,1300391309,61.94894511252498,residential,Unnamed,False,31.86,destination,
1300391325,1300391215,49.27581999970278,residential,Rosal,False,31.86,Uncategorized,
1300391325,8896947382,17.371984648784494,residential,Rosal,False,31.86,Uncategorized,
1300391325,2069449253,182.09066307509445,residential,Sampaguita,False,31.86,Uncategorized,
1300391326,1300391263,57.811032574046685,residential,Unnamed,False,31.86,Uncategorized,
1300391327,1229057575,45.71119977884582,residential,Unnamed,False,31.86,Uncategorized,
1300391327,1300391110,39.560067450361295,residential,Unnamed,False,31.86,Uncategorized,
1300391327,11206734292,127.82960942972616,residential,Unnamed,False,31.86,Uncategorized,
1300391329,1300391146,121.90760336152704,residential,Unnamed,False,31.86,Uncategorized,
1300391331,1300391215,178.63344498106804,residential,Ilang Ilang,False,31.86,Uncategorized,
1300391331,1300391121,55.72754495275251,residential,Jasmine,False,31.86,Uncategorized,
1300391331,2069449253,45.32255288437738,residential,Jasmine,False,31.86,Uncategorized,
1300391344,1300391371,26.39385106034219,residential,Unnamed,False,31.86,destination,
1300391344,1300391350,184.13199105520766,residential,Unnamed,False,31.86,destination,
1300391344,1300391350,231.85766303722943,residential,Unnamed,False,31.86,destination,
1300391350,1304345775,22.996576126426525,residential,Unnamed,False,31.86,destination,
1300391350,1300391344,231.85766303722943,residential,Unnamed,False,31.86,destination,
1300391350,1300391344,184.13199105520766,residential,Unnamed,False,31.86,destination,
1300391352,1300391131,47.68052239030849,residential,Labay Street,False,30.0,Uncategorized,1
1300391352,2021099182,76.31042052290933,secondary,Jamboree Road,False,30.0,Uncategorized,2
1300391352,500063546,113.74703937795562,secondary,Jamboree Road,False,30.0,Uncategorized,2
1300391356,1300391365,46.90411313584521,residential,Unnamed,False,30.0,destination,
1300391356,1127245998,13.525908176131885,residential,Unnamed,False,30.0,destination,
1300391356,1300391233,161.95426265631383,residential,Unnamed,False,30.0,private,
1300391360,1300391286,20.843157307122958,residential,Unnamed,False,31.86,destination,
1300391360,1300391242,51.3054967043754,residential,Unnamed,False,31.86,destination,
1300391360,1300391246,305.1996215159885,residential,Unnamed,False,31.86,destination,
1300391363,1300391186,181.3099518237296,residential,Unnamed,False,31.86,destination,
1300391363,1300391244,38.90508991801144,residential,Unnamed,False,31.86,destination,
1300391363,1300391192,223.52181222769838,residential,Unnamed,False,31.86,destination,
1300391365,1300391356,46.90411313584521,residential,Unnamed,False,30.0,destination,
1300391365,11750543443,114.19462798684536,service,Unnamed,False,30.0,destination,
1300391365,3970334280,268.0634842340625,residential,Unnamed,False,30.0,destination,
1300391369,1300391145,73.00666899675163,residential,Unnamed,False,31.86,Uncategorized,
1300391371,1300391344,26.39385106034219,residential,Unnamed,False,31.86,destination,
1300391371,1300391158,27.66727905060338,residential,Unnamed,False,31.86,destination,
1300391371,1300391191,170.2900895753259,residential,Unnamed,False,31.86,destination,
1300391372,1229057575,38.79741862871585,residential,Unnamed,False,31.86,Uncategorized,
1300393481,12188365833,4.875935036539341,footway,Unnamed,False,30.0,Uncategorized,
1300393481,790709130,27.097611019381354,service,Unnamed,False,25.85,Uncategorized,
1300393481,12186673176,7.045129287856061,footway,Unnamed,False,30.0,Uncategorized,
1302792176,1302792290,74.04344484726805,residential,Unnamed,False,31.86,destination,
1302792176,8295890956,61.708928990345115,residential,Unnamed,False,31.86,destination,
1302792176,1302792398,126.25802168207558,residential,Unnamed,False,31.86,destination,
1302792177,1304345925,63.68258253204794,residential,Unnamed,False,30.0,private,2
1302792177,1302792366,225.16102866511164,residential,Unnamed,False,30.0,private,2
1302792177,1302792330,86.16905360021599,residential,Unnamed,False,30.0,private,2
1302792177,5104436191,48.183036880461906,residential,Unnamed,False,30.0,private,2
1302792186,1302792428,54.39420184042549,residential,Unnamed,False,31.86,private,2
1302792186,1302792274,50.7828808039423,residential,Unnamed,False,31.86,private,2
1302792186,1302792247,130.19855996204427,residential,Unnamed,False,31.86,private,2
1302792194,1302792221,50.86653556135027,residential,Unnamed,False,31.86,private,2
1302792194,1302792282,51.16014341206955,residential,Unnamed,False,31.86,private,2
1302792194,1302792408,105.88897612144467,residential,Unnamed,False,31.86,private,2
1302792207,1302792289,127.44924891806897,residential,Unnamed,False,31.86,destination,
1302792207,1302792352,87.45536058386523,residential,Unnamed,False,31.86,destination,
1302792207,1304345937,12.335474059465627,residential,Unnamed,False,31.86,destination,
1302792214,1302792408,46.308155675062295,residential,Prince Lake,False,31.86,private,2
1302792214,1302792234,45.75876067958062,residential,Jackson River,False,31.86,private,2
1302792214,1302792221,142.44797830477302,residential,Jackson River,False,31.86,private,2
1302792219,8894019406,44.6269824823362,residential,Unnamed,False,31.86,destination,
1302792219,3423270702,26.364606168416408,residential,Unnamed,False,31.86,destination,
1302792219,10976457097,31.906089248757162,residential,Unnamed,True,31.86,no,1
1302792219,10976457096,31.75375871135804,residential,Unnamed,False,31.86,Uncategorized,1
1302792221,1302792270,46.21564928611473,residential,Jackson River,False,31.86,private,2
1302792221,1302792194,50.86653556135027,residential,Unnamed,False,31.86,private,2
1302792221,1302792214,142.44797830477302,residential,Jackson River,False,31.86,private,2
1302792231,1302792427,269.92913104727376,residential,Unnamed,False,31.86,Uncategorized,
1302792231,2785682455,310.10464973260605,residential,Unnamed,False,31.86,Uncategorized,
1302792231,2785682448,360.89676562525517,service,Unnamed,False,25.85,Uncategorized,
1302792234,1304345868,38.979231296137286,residential,Jackson River,False,31.86,private,2
1302792234,1302792214,45.75876067958062,residential,Jackson River,False,31.86,private,2
1302792234,1302792247,121.67017972983419,residential,Unnamed,False,31.86,private,2
1302792237,1302792274,50.36962980983013,residential,Timber Lake,False,31.86,private,2
1302792237,1302792241,66.46453823896374,residential,Timber Lake,False,31.86,private,2
1302792237,1302792271,134.8179653395002,residential,Geneva Lake,False,30.0,private,2
1302792237,1302792383,182.27863414992473,residential,Geneva Lake,False,30.0,private,2
1302792241,1302792299,64.65798456238352,residential,Unnamed,False,30.0,private,2
1302792241,1302792424,61.415666660470436,residential,Timber Lake,False,31.86,private,2
1302792241,1302792237,66.46453823896374,residential,Timber Lake,False,31.86,private,2
1302792247,1302792234,121.67017972983417,residential,Unnamed,False,31.86,private,2
1302792247,1302792186,130.19855996204424,residential,Unnamed,False,31.86,private,2
1302792247,1304345924,60.42523165120819,residential,Unnamed,False,31.86,private,2
1302792247,1302792428,108.19491870877876,residential,Unnamed,False,31.86,private,2
1302792249,1302792352,46.509769960290946,residential,Unnamed,False,31.86,destination,
1302792249,3423270710,37.94925701545029,residential,Unnamed,False,31.86,destination,
1302792249,1302792290,134.60549858869584,residential,Unnamed,False,31.86,destination,
1302792255,1302792276,90.1414999201564,residential,Pelican Lake,False,30.0,private,2
1302792255,1302792383,52.72870149578502,residential,Pelican Lake,False,30.0,private,2
1302792255,1302792353,151.99343934648243,residential,Unnamed,False,30.0,private,2
1302792255,1302792299,180.4260708922282,residential,Unnamed,False,30.0,private,2
1302792265,3101376765,53.03997256006859,residential,Unnamed,False,31.86,Uncategorized,
1302792265,8389108595,43.48443415648759,residential,Unnamed,False,31.86,Uncategorized,
1302792265,1300391134,87.10400267203538,residential,Unnamed,False,31.86,Uncategorized,
1302792265,1302792288,87.29894144919682,residential,Unnamed,False,31.86,Uncategorized,
1302792267,1302792288,40.25690300684363,residential,Unnamed,False,31.86,Uncategorized,
1302792270,1302792383,67.80190864079007,residential,Geneva Lake,False,30.0,private,2
1302792270,1302792221,46.21564928611473,residential,Jackson River,False,31.86,private,2
1302792270,1302792356,90.53152758710198,residential,Geneva Lake,False,30.0,private,2
1302792271,1304345956,15.828726363416806,residential,Geneva Lake,False,30.0,private,2
1302792271,1304345730,43.717301793478995,residential,Campbell Creek,False,31.86,private,2
1302792271,1304345814,39.653164375192105,residential,Campbell Creek,False,31.86,private,2
1302792271,1302792237,134.8179653395002,residential,Geneva Lake,False,30.0,private,2
1302792274,1302792237,50.36962980983013,residential,Timber Lake,False,31.86,private,2
1302792274,1302792186,50.7828808039423,residential,Unnamed,False,31.86,private,2
1302792274,1304345924,187.44222806333636,residential,Timber Lake,False,31.86,private,2
1302792274,1304345921,421.8431793269126,residential,Unnamed,False,31.86,private,2
1302792276,1302792255,90.1414999201564,residential,Pelican Lake,False,30.0,private,2
1302792276,7191355243,57.378321930088816,residential,Unnamed,False,30.0,private,2
1302792276,1302792299,134.2559892214393,residential,Unnamed,False,30.0,private,2
1302792282,1302792194,51.16014341206955,residential,Unnamed,False,31.86,private,2
1302792282,1302792428,50.64071556314372,residential,Unnamed,False,31.86,private,2
1302792282,1302792408,115.549627933356,residential,Prince Lake,False,31.86,private,2
1302792284,1302792295,23.788228483895267,residential,Timber Lake,False,31.86,private,2
1302792288,1302792267,40.25690300684363,residential,Unnamed,False,31.86,Uncategorized,
1302792288,1302792325,28.699871776598474,residential,Unnamed,False,31.86,Uncategorized,
1302792288,1302792265,87.29894144919682,residential,Unnamed,False,31.86,Uncategorized,
1302792289,1302792207,127.44924891806897,residential,Unnamed,False,31.86,destination,
1302792289,1302792290,60.27611120761479,residential,Unnamed,False,31.86,destination,
1302792289,1302792352,91.12899335608193,residential,Unnamed,False,31.86,destination,
1302792290,1302792289,60.27611120761479,residential,Unnamed,False,31.86,destination,
1302792290,1302792176,74.04344484726805,residential,Unnamed,False,31.86,destination,
1302792290,1302792249,134.60549858869584,residential,Unnamed,False,31.86,destination,
1302792295,1302792366,53.88574706875248,residential,Unnamed,False,30.0,private,2
1302792295,1302792284,23.788228483895267,residential,Timber Lake,False,31.86,private,2
1302792295,1302792308,225.0031836431738,residential,Timber Lake,False,31.86,private,2
1302792299,1302792276,134.2559892214393,residential,Unnamed,False,30.0,private,2
1302792299,1302792241,64.65798456238352,residential,Unnamed,False,30.0,private,2
1302792299,1302792255,180.4260708922282,residential,Unnamed,False,30.0,private,2
1302792308,1302792424,36.59157432854854,residential,Timber Lake,False,31.86,private,2
1302792308,1302792371,59.143181435717466,residential,Unnamed,False,30.0,private,2
1302792308,1302792295,225.0031836431738,residential,Timber Lake,False,31.86,private,2
1302792310,1302792394,50.254346448986084,residential,Unnamed,False,30.0,private,2
1302792310,1302792435,92.50791998649242,residential,Unnamed,False,30.0,private,2
1302792310,1302792437,108.70910375530191,residential,Unnamed,False,30.0,private,2
1302792325,1302792288,28.699871776598474,residential,Unnamed,False,31.86,Uncategorized,
1302792325,8389123441,43.26376202808487,residential,Unnamed,False,31.86,Uncategorized,
1302792325,8389126226,102.65661885340722,residential,Unnamed,False,31.86,Uncategorized,
1302792330,1302792437,85.78541722771502,residential,Unnamed,False,30.0,private,2
1302792330,1302792177,86.16905360021599,residential,Unnamed,False,30.0,private,2
1302792330,1302792394,183.54027991874068,residential,Unnamed,False,30.0,private,2
1302792336,1127246023,6.776226265334631,residential,Unnamed,False,31.86,Uncategorized,
1302792336,8389126224,4.492374720150639,residential,Unnamed,False,31.86,Uncategorized,
1302792336,1300391270,107.6376867088449,residential,Unnamed,False,31.86,Uncategorized,
1302792340,7191355243,46.68014557707909,residential,Unnamed,False,30.0,private,2
1302792340,1302792416,131.47462267986083,residential,Unnamed,False,30.0,private,2
1302792340,1302792416,129.14594193247683,residential,Unnamed,False,30.0,private,2
1302792352,1302792207,87.45536058386523,residential,Unnamed,False,31.86,destination,
1302792352,1302792249,46.509769960290946,residential,Unnamed,False,31.86,destination,
1302792352,1304345788,47.92492451871075,residential,Unnamed,False,31.86,destination,
1302792352,1302792289,91.12899335608193,residential,Unnamed,False,31.86,destination,
1302792353,1302792356,51.09097278114889,residential,Unnamed,False,30.0,private,2
1302792353,1302792416,54.98945617658752,residential,Unnamed,False,30.0,private,2
1302792353,1302792255,151.99343934648243,residential,Unnamed,False,30.0,private,2
1302792356,1302792353,51.09097278114889,residential,Unnamed,False,30.0,private,2
1302792356,1302792412,22.460391487774697,residential,Geneva Lake,False,30.0,private,2
1302792356,1302792270,90.53152758710198,residential,Geneva Lake,False,30.0,private,2
1302792358,1256325042,22.858285254718695,primary,National Highway,False,30.49,Uncategorized,4
1302792358,2596830708,228.22275844655672,primary,National Highway,False,30.49,Uncategorized,4
1302792366,1302792394,50.55418422089405,residential,Unnamed,False,30.0,private,2
1302792366,1302792177,225.16102866511164,residential,Unnamed,False,30.0,private,2
1302792366,1302792295,53.88574706875248,residential,Unnamed,False,30.0,private,2
1302792371,1302792308,59.143181435717466,residential,Unnamed,False,30.0,private,2
1302792375,8894660941,120.69856311408336,residential,Unnamed,False,31.86,Uncategorized,
1302792380,1302792409,83.31661450766056,residential,Unnamed,False,31.86,Uncategorized,
1302792383,1302792255,52.72870149578502,residential,Pelican Lake,False,30.0,private,2
1302792383,1302792270,67.80190864079007,residential,Geneva Lake,False,30.0,private,2
1302792383,1302792237,182.27863414992473,residential,Geneva Lake,False,30.0,private,2
1302792394,1302792366,50.55418422089405,residential,Unnamed,False,30.0,private,2
1302792394,1302792310,50.254346448986084,residential,Unnamed,False,30.0,private,2
1302792394,1302792330,183.54027991874068,residential,Unnamed,False,30.0,private,2
1302792398,8894019401,30.34888810812846,residential,Unnamed,False,31.86,destination,
1302792398,1304345725,62.03270419242921,residential,Unnamed,False,31.86,destination,
1302792398,1302792176,126.25802168207558,residential,Unnamed,False,31.86,destination,
1302792399,1304345762,13.89395767836418,residential,Lakewood Avenue,False,31.86,Uncategorized,2
1302792399,1304345863,359.66474878004914,residential,Lakewood Avenue,False,31.86,Uncategorized,2
1302792408,1302792214,46.308155675062295,residential,Prince Lake,False,31.86,private,2
1302792408,1302792282,115.549627933356,residential,Prince Lake,False,31.86,private,2
1302792408,1302792194,105.88897612144466,residential,Unnamed,False,31.86,private,2
1302792409,1613862363,20.20087644460797,primary,National Highway,False,30.49,Uncategorized,4
1302792409,443159976,16.542852741138315,primary,National Highway,False,30.49,Uncategorized,4
1302792409,1302792380,83.31661450766056,residential,Unnamed,False,31.86,Uncategorized,
1302792412,1302792356,22.460391487774697,residential,Geneva Lake,False,30.0,private,2
1302792416,1302792353,54.98945617658752,residential,Unnamed,False,30.0,private,2
1302792416,1302792340,131.47462267986083,residential,Unnamed,False,30.0,private,2
1302792416,1302792340,129.14594193247683,residential,Unnamed,False,30.0,private,2
1302792418,2596830882,60.35057963271214,residential,Unnamed,False,31.86,Uncategorized,
1302792418,8894367145,79.29303279599881,residential,Unnamed,False,31.86,Uncategorized,
1302792418,8894339464,68.98439254263639,residential,Unnamed,False,31.86,Uncategorized,
1302792424,1302792308,36.59157432854854,residential,Timber Lake,False,31.86,private,2
1302792424,1302792435,58.51260667323146,residential,Unnamed,False,30.0,private,2
1302792424,1302792241,61.415666660470436,residential,Timber Lake,False,31.86,private,2
1302792427,1302792440,54.53979677841447,residential,Unnamed,False,31.86,Uncategorized,
1302792427,1302792231,269.9291310472738,residential,Unnamed,False,31.86,Uncategorized,
1302792427,13066226280,60.43224397379616,residential,Unnamed,False,31.86,Uncategorized,
1302792428,1302792282,50.64071556314372,residential,Unnamed,False,31.86,private,2
1302792428,1302792186,54.39420184042549,residential,Unnamed,False,31.86,private,2
1302792428,1302792247,108.19491870877876,residential,Unnamed,False,31.86,private,2
1302792435,1302792310,92.50791998649242,residential,Unnamed,False,30.0,private,2
1302792435,1302792424,58.51260667323146,residential,Unnamed,False,30.0,private,2
1302792435,1302792437,62.901468347529956,residential,Unnamed,False,30.0,private,2
1302792437,1302792330,85.78541722771502,residential,Unnamed,False,30.0,private,2
1302792437,1302792310,108.70910375530192,residential,Unnamed,False,30.0,private,2
1302792437,1302792435,62.901468347529956,residential,Unnamed,False,30.0,private,2
1302792440,1302792427,54.53979677841447,residential,Unnamed,False,31.86,Uncategorized,
1304345725,10976428862,4.126386837590368,residential,Unnamed,False,31.86,destination,
1304345725,1302792398,62.0327041924292,residential,Unnamed,False,31.86,destination,
1304345725,10976457091,8.706736764023352,service,Unnamed,False,25.85,destination,
1304345726,1304345991,16.275688631476893,residential,Unnamed,False,31.86,destination,
1304345730,1302792271,43.717301793478995,residential,Campbell Creek,False,31.86,private,2
1304345730,1304345730,158.18487525081372,residential,Bells Creek,False,31.86,private,2
1304345730,1304345730,158.18487525081372,residential,Bells Creek,False,31.86,private,2
1304345736,1304345851,40.143909474691526,residential,Campbell Creek,False,31.86,private,2
1304345736,1304346024,67.89690280259511,residential,Unnamed,False,31.86,private,2
1304345736,1304346019,210.32693010914537,residential,"['Campbell Creek', 'Butternut Lake']",False,31.86,private,2
1304345742,1304345866,104.86901604531407,residential,Unnamed,False,31.86,Uncategorized,
1304345749,1304345862,48.52420037462138,residential,Swan Lake,False,31.86,Uncategorized,2
1304345762,1302792399,13.89395767836418,residential,Lakewood Avenue,False,31.86,Uncategorized,2
1304345762,1304345830,41.87159565804226,residential,Lakewood Avenue,False,31.86,Uncategorized,2
1304345762,1304345977,27.789660808757397,residential,Timber Lake,True,31.86,private,2
1304345775,1300391191,27.226363901698242,residential,Unnamed,False,31.86,destination,
1304345775,1300391350,22.996576126426525,residential,Unnamed,False,31.86,destination,
1304345775,1300391174,94.31602828602485,residential,Unnamed,False,31.86,destination,
1304345788,1304345805,18.34399177787656,residential,Unnamed,False,31.86,destination,
1304345788,1304345991,37.913895775035236,residential,Unnamed,False,31.86,destination,
1304345788,1304345907,73.64781277077299,residential,Unnamed,False,31.86,destination,
1304345788,1302792352,47.92492451871075,residential,Unnamed,False,31.86,destination,
1304345796,1304345862,28.198798515447972,residential,Swan Lake,False,31.86,Uncategorized,2
1304345805,1304345788,18.34399177787656,residential,Unnamed,False,31.86,destination,
1304345814,1302792271,39.653164375192105,residential,Campbell Creek,False,31.86,private,2
1304345814,1304345823,217.69305034056373,residential,Unnamed,False,31.86,private,2
1304345814,1304345931,185.32141867572864,residential,Campbell Creek,False,31.86,private,2
1304345823,1304345942,112.49467614750596,residential,Unnamed,False,31.86,private,2
1304345823,1304345931,49.8325172140105,residential,Moose Lake,False,31.86,private,2
1304345823,1304345814,217.69305034056376,residential,Unnamed,False,31.86,private,2
1304345830,1304345762,41.87159565804226,residential,Lakewood Avenue,False,31.86,Uncategorized,2
1304345830,12915368775,38.865557111989276,residential,Lakewood Avenue,False,31.86,Uncategorized,2
1304345830,1304345862,66.01996861751422,residential,Swan Lake,False,31.86,Uncategorized,2
1304345839,2394959545,39.955161142433894,residential,Unnamed,False,31.86,destination,
1304345839,1300391286,35.804127776638126,residential,Unnamed,False,31.86,destination,
1304345839,1300391251,114.99903492892992,residential,Unnamed,False,31.86,destination,
1304345851,1304345931,56.03120980677253,residential,Campbell Creek,False,31.86,private,2
1304345851,1304345736,40.143909474691526,residential,Campbell Creek,False,31.86,private,2
1304345851,1304346024,94.77714584522863,residential,Unnamed,False,31.86,private,2
1304345862,1304345796,28.198798515447972,residential,Swan Lake,False,31.86,Uncategorized,2
1304345862,1304345749,48.52420037462138,residential,Swan Lake,False,31.86,Uncategorized,2
1304345862,1304345830,66.01996861751422,residential,Swan Lake,False,31.86,Uncategorized,2
1304345863,1302792399,359.6647487800492,residential,Lakewood Avenue,False,31.86,Uncategorized,2
1304345863,1302792358,50.21250661414933,residential,Lakewood Avenue,True,31.86,Uncategorized,2
1304345866,1304345742,104.86901604531407,residential,Unnamed,False,31.86,Uncategorized,
1304345866,812852736,59.18963830316901,residential,Unnamed,False,31.86,Uncategorized,
1304345866,1304345903,39.26973710211671,residential,Unnamed,False,31.86,Uncategorized,
1304345868,1302792234,38.979231296137286,residential,Jackson River,False,31.86,private,2
1304345875,323077145,64.39546996147811,residential,Geneva Lake,False,31.86,Uncategorized,
1304345875,1304345956,32.643509344602975,residential,Geneva Lake,True,30.0,private,1
1304345878,1304345948,51.97867968075551,residential,Unnamed,False,31.86,Uncategorized,
1304345878,812852718,149.0692976913118,residential,Unnamed,False,31.86,Uncategorized,
1304345878,812852717,65.25611113160437,residential,Unnamed,False,31.86,Uncategorized,
1304345903,1304345866,39.26973710211671,residential,Unnamed,False,31.86,Uncategorized,
1304345907,1304345788,73.64781277077299,residential,Unnamed,False,31.86,destination,
1304345921,1302792274,421.84317932691266,residential,Unnamed,False,31.86,private,2
1304345924,1304345977,145.70216895534477,residential,Timber Lake,False,31.86,private,2
1304345924,1302792274,187.44222806333636,residential,Timber Lake,False,31.86,private,2
1304345924,1302792247,60.42523165120819,residential,Unnamed,False,31.86,private,2
1304345925,1302792177,63.68258253204794,residential,Unnamed,False,30.0,private,2
1304345931,1304345851,56.03120980677253,residential,Campbell Creek,False,31.86,private,2
1304345931,1304345823,49.8325172140105,residential,Moose Lake,False,31.86,private,2
1304345931,1304345814,185.32141867572864,residential,Campbell Creek,False,31.86,private,2
1304345932,1304345991,75.97521157388569,residential,Unnamed,False,31.86,destination,
1304345937,1302792207,12.335474059465627,residential,Unnamed,False,31.86,destination,
1304345942,1304346024,50.60129017729664,residential,Unnamed,False,31.86,private,2
1304345942,1304346019,49.598781821151576,residential,Unnamed,False,31.86,private,2
1304345942,1304345823,112.49467614750596,residential,Unnamed,False,31.86,private,2
1304345948,1304345878,51.97867968075551,residential,Unnamed,False,31.86,Uncategorized,
1304345948,1304345972,140.62947435950284,residential,Unnamed,False,31.86,Uncategorized,
1304345948,1304345972,136.02196554598567,residential,Unnamed,False,31.86,Uncategorized,
1304345956,1302792271,15.828726363416806,residential,Geneva Lake,False,30.0,private,2
1304345956,1304345875,32.34813343834261,residential,Geneva Lake,True,30.0,private,1
1304345957,1304346019,21.0174566196789,residential,Unnamed,False,31.86,private,2
1304345972,812852736,53.20064435930332,residential,Unnamed,False,31.86,Uncategorized,
1304345972,1304345948,140.62947435950286,residential,Unnamed,False,31.86,Uncategorized,
1304345972,1304345948,136.0219655459857,residential,Unnamed,False,31.86,Uncategorized,
1304345977,1304345924,145.70216895534477,residential,Timber Lake,False,31.86,private,2
1304345977,1302792399,30.173410965954155,residential,Timber Lake,True,31.86,private,2
1304345991,1304345788,37.913895775035236,residential,Unnamed,False,31.86,destination,
1304345991,1304345726,16.275688631476893,residential,Unnamed,False,31.86,destination,
1304345991,1304345932,75.97521157388569,residential,Unnamed,False,31.86,destination,
1304346019,1304345957,21.0174566196789,residential,Unnamed,False,31.86,private,2
1304346019,1304345942,49.598781821151576,residential,Unnamed,False,31.86,private,2
1304346019,1304345736,210.32693010914537,residential,"['Campbell Creek', 'Butternut Lake']",False,31.86,private,2
1304346024,1304345942,50.60129017729664,residential,Unnamed,False,31.86,private,2
1304346024,1304345851,94.77714584522865,residential,Unnamed,False,31.86,private,2
1304346024,1304345736,67.89690280259511,residential,Unnamed,False,31.86,private,2
1312780163,8893795675,4.543721634549721,primary,National Highway,False,30.49,Uncategorized,4
1312780163,1256302676,94.08475566491032,primary,National Highway,False,30.49,Uncategorized,4
1312780163,1312780164,51.1855936719998,residential,Unnamed,False,31.86,Uncategorized,
1312780164,1312780163,51.1855936719998,residential,Unnamed,False,31.86,Uncategorized,
1312780164,8893796134,76.10868239493936,residential,Unnamed,False,31.86,Uncategorized,
1312780164,1312780166,62.62985273544067,residential,Unnamed,False,31.86,Uncategorized,
1312780165,1256302490,8.250981108445364,residential,Unnamed,False,31.86,Uncategorized,1
1312780165,8893796127,12.137508773104665,residential,Unnamed,False,31.86,Uncategorized,
1312780165,1256302676,129.64545769208195,residential,Unnamed,False,31.86,Uncategorized,1
1312780166,1312780164,62.62985273544067,residential,Unnamed,False,31.86,Uncategorized,
1316037371,1316037372,221.85199850958037,residential,Unnamed,False,31.86,Uncategorized,
1316037372,521322454,24.727055181004186,primary,National Highway,False,30.49,Uncategorized,4
1316037372,8893825532,49.425356248129646,primary,National Highway,False,30.49,Uncategorized,4
1316037372,1316037371,221.85199850958037,residential,Unnamed,False,31.86,Uncategorized,
1316698811,687399434,13.185039541831554,service,Unnamed,False,25.0,Uncategorized,1
1316698811,6363688960,4.018008157465167,service,Unnamed,False,25.0,Uncategorized,
1316698811,687399432,49.981104595144174,service,Unnamed,False,25.0,Uncategorized,1
1316698823,6363688960,32.23194420009336,service,Unnamed,False,25.0,Uncategorized,
1316698823,6363688962,17.019014085642613,service,Unnamed,False,25.0,Uncategorized,
1316698823,6363688961,9.033904463799153,service,Unnamed,False,25.0,Uncategorized,
1323145446,12254024700,4.648058130451243,service,Unnamed,False,25.85,Uncategorized,
1323145446,447625166,7.966466734604231,secondary,Lopez Avenue,False,30.0,Uncategorized,2
1323145446,253771507,23.295602559104896,secondary,Lopez Avenue,False,30.0,Uncategorized,2
1323145475,12254024700,52.33216058202791,service,Unnamed,False,25.85,Uncategorized,
1329078926,2508998260,19.357728675672178,secondary,Jose R. Velasco Avenue,False,30.0,Uncategorized,2
1329078926,452998518,21.36333206860744,secondary,Jose R. Velasco Avenue,False,30.0,Uncategorized,2
1336263003,585912221,13.58242272092091,unclassified,Domingo M. Lantican Avenue,True,35.0,Uncategorized,2
1336263003,8887176393,80.0473834774877,service,Unnamed,False,25.85,private,
1336263254,1579271880,17.227238501143663,steps,Unnamed,False,30.49,Uncategorized,
1336263435,2103171253,2.342840662859109,steps,Unnamed,False,30.49,Uncategorized,
1336263435,12186673116,27.95019910814588,service,Unnamed,False,25.85,Uncategorized,
1336263435,12186673117,26.132603613666333,service,Unnamed,False,25.85,Uncategorized,
1341884744,474857174,138.20965804214347,residential,Unnamed,False,30.0,Uncategorized,
1341884800,474857174,181.9892977430783,track,Unnamed,False,30.0,private,
1342019375,253801008,22.023982411285814,residential,Unnamed,False,31.86,Uncategorized,
1342019375,1342019428,122.21064944906352,residential,Unnamed,False,31.86,Uncategorized,1
1342019375,1342019455,17.914123940552596,residential,Unnamed,False,31.86,private,
1342019388,1558996207,6.124258029539847,residential,Unnamed,False,31.86,Uncategorized,
1342019388,1342019438,121.68676289233393,residential,Unnamed,False,31.86,Uncategorized,
1342019390,1342050349,31.605704620984074,residential,Unnamed,False,31.86,private,
1342019390,1342050356,131.27894695943957,residential,Unnamed,False,31.86,private,
1342019390,1342019454,153.1067122632497,residential,Unnamed,False,31.86,private,
1342019393,1342019442,42.10745200111103,residential,Unnamed,False,31.86,Uncategorized,
1342019393,1342019430,71.55075464821547,residential,Unnamed,False,31.86,Uncategorized,
1342019393,1668185258,7.5694234497002455,residential,Unnamed,False,31.86,Uncategorized,
1342019419,1342019428,21.427355584666604,residential,Unnamed,False,31.86,Uncategorized,1
1342019419,1342019428,212.484281479201,residential,Unnamed,False,31.86,Uncategorized,
1342019419,1520576554,186.98081073837514,residential,Unnamed,False,31.86,Uncategorized,1
1342019422,1668185290,31.028659219245363,residential,Unnamed,False,31.86,private,
1342019422,1342050356,26.720026029072283,residential,Unnamed,False,31.86,private,
1342019422,1342050353,32.181825939939614,residential,Unnamed,False,31.86,private,
1342019428,1342019419,21.427355584666604,residential,Unnamed,False,31.86,Uncategorized,1
1342019428,1342019419,212.484281479201,residential,Unnamed,False,31.86,Uncategorized,
1342019428,1342019375,122.21064944906351,residential,Unnamed,False,31.86,Uncategorized,1
1342019430,1342019393,71.55075464821547,residential,Unnamed,False,31.86,Uncategorized,
1342019430,253801008,42.26552985814653,residential,Unnamed,False,31.86,Uncategorized,
1342019430,1143665048,200.63397333605664,residential,Unnamed,False,31.86,Uncategorized,
1342019436,8896529798,58.343963114772805,residential,Unnamed,False,31.86,Uncategorized,
1342019438,8896529798,43.52231858371028,residential,Unnamed,False,31.86,Uncategorized,
1342019438,1342019388,121.68676289233395,residential,Unnamed,False,31.86,Uncategorized,
1342019438,1558996207,87.62347214736785,residential,Unnamed,False,31.86,Uncategorized,
1342019442,253801008,71.00350387188763,residential,Unnamed,False,31.86,Uncategorized,
1342019442,1342019393,42.10745200111103,residential,Unnamed,False,31.86,Uncategorized,
1342019442,8292634233,34.08307638974682,residential,Unnamed,False,31.86,Uncategorized,
1342019448,1256302437,12.401525874653968,residential,Unnamed,False,31.86,Uncategorized,1
1342019448,1558996222,5.608252584842611,residential,Unnamed,False,31.86,Uncategorized,1
1342019448,1342019388,27.23493295083415,residential,Unnamed,True,31.86,Uncategorized,
1342019454,1342050356,30.68084675490892,residential,Unnamed,False,31.86,private,
1342019454,1668185290,126.0440988776272,residential,Unnamed,False,31.86,private,
1342019454,1342019390,153.1067122632497,residential,Unnamed,False,31.86,private,
1342019455,1668185290,233.36199843882451,residential,Unnamed,False,31.86,private,
1342019455,1342019375,17.914123940552596,residential,Unnamed,False,31.86,private,
1342019455,1342050360,88.27120349186475,residential,Unnamed,False,31.86,private,
1342050348,1342050357,31.179101476400422,residential,Unnamed,False,31.86,private,
1342050348,1342050361,192.0091664043733,residential,Unnamed,False,31.86,private,
1342050348,1342050360,230.4355086163493,residential,Unnamed,False,31.86,private,
1342050349,1342050353,168.5673954179643,residential,Unnamed,False,31.86,private,
1342050349,1342050357,31.70645476978981,residential,Unnamed,False,31.86,private,
1342050349,1342019390,31.605704620984074,residential,Unnamed,False,31.86,private,
1342050352,1342050357,180.46701212946834,residential,Unnamed,False,31.86,private,
1342050352,1342050361,30.836872334418118,residential,Unnamed,False,31.86,private,
1342050352,1342050353,29.674568108052647,residential,Unnamed,False,31.86,private,
1342050353,1342050349,168.5673954179643,residential,Unnamed,False,31.86,private,
1342050353,1342050352,29.674568108052647,residential,Unnamed,False,31.86,private,
1342050353,1342019422,32.181825939939614,residential,Unnamed,False,31.86,private,
1342050356,1342019422,26.720026029072283,residential,Unnamed,False,31.86,private,
1342050356,1342019390,131.27894695943957,residential,Unnamed,False,31.86,private,
1342050356,1342019454,30.68084675490892,residential,Unnamed,False,31.86,private,
1342050357,1342050348,31.179101476400422,residential,Unnamed,False,31.86,private,
1342050357,1342050349,31.70645476978981,residential,Unnamed,False,31.86,private,
1342050357,1342050352,180.46701212946834,residential,Unnamed,False,31.86,private,
1342050360,1342050361,34.15754540279492,residential,Unnamed,False,31.86,private,
1342050360,1342050348,230.43550861634927,residential,Unnamed,False,31.86,private,
1342050360,1342019455,88.27120349186475,residential,Unnamed,False,31.86,private,
1342050361,1342050348,192.0091664043733,residential,Unnamed,False,31.86,private,
1342050361,1342050360,34.15754540279492,residential,Unnamed,False,31.86,private,
1342050361,1342050352,30.836872334418118,residential,Unnamed,False,31.86,private,
1342050588,2249819761,84.8311255175821,residential,Unnamed,False,31.86,Uncategorized,
1342050590,12309592292,223.5384053936249,residential,Unnamed,False,31.86,Uncategorized,
1342050590,8896461295,35.3001390180426,residential,Unnamed,False,31.86,Uncategorized,
1342050590,2249819681,80.13871683575306,residential,Unnamed,False,31.86,Uncategorized,
1342055416,1342055486,58.73077653710405,residential,Unnamed,False,31.86,Uncategorized,
1342055416,1342055516,58.98022723412592,residential,Unnamed,False,31.86,Uncategorized,
1342055416,1342055445,32.970809826476845,residential,Unnamed,False,31.86,Uncategorized,
1342055423,1342055445,52.96109552688842,residential,Unnamed,False,31.86,Uncategorized,
1342055423,1342055445,103.83734298488643,residential,Unnamed,False,31.86,Uncategorized,
1342055423,1342055486,42.409768345569645,residential,Unnamed,False,31.86,Uncategorized,
1342055425,12309592316,88.56004761759151,residential,Unnamed,False,31.86,Uncategorized,
1342055434,1342055467,130.82468910461944,residential,Unnamed,False,31.86,Uncategorized,
1342055437,1342055489,67.98787273776566,residential,Unnamed,False,31.86,Uncategorized,
1342055443,1252148342,38.5332634065787,tertiary,B. A. Villanueva,False,33.15,Uncategorized,
1342055443,1342055565,13.208331197926432,tertiary,B. A. Villanueva,False,33.15,Uncategorized,
1342055443,1342055559,58.719777743215545,residential,Unnamed,False,31.86,Uncategorized,
1342055445,1342055423,52.96109552688842,residential,Unnamed,False,31.86,Uncategorized,
1342055445,1342055423,103.83734298488643,residential,Unnamed,False,31.86,Uncategorized,
1342055445,1342055416,32.970809826476845,residential,Unnamed,False,31.86,Uncategorized,
1342055447,1342055509,17.132475623023897,unclassified,V. Menguito,False,33.07,Uncategorized,
1342055447,3123418076,99.3810709570871,unclassified,V. Menguito,False,33.07,Uncategorized,
1342055447,1342055553,43.182099823386274,service,Unnamed,False,25.85,Uncategorized,
1342055467,1342055434,130.82468910461944,residential,Unnamed,False,31.86,Uncategorized,
1342055467,7874284543,69.7280835447945,tertiary,B. A. Villanueva,False,33.15,Uncategorized,
1342055467,8887041595,71.40794397507713,tertiary,B. A. Villanueva,False,33.15,Uncategorized,
1342055486,1342055416,58.73077653710405,residential,Unnamed,False,31.86,Uncategorized,
1342055486,1342055423,42.409768345569645,residential,Unnamed,False,31.86,Uncategorized,
1342055486,1342055516,66.11791535011169,residential,Unnamed,False,31.86,Uncategorized,
1342055489,7874284569,47.87671780308765,residential,Unnamed,False,31.86,Uncategorized,
1342055489,1342055437,67.98787273776566,residential,Unnamed,False,31.86,Uncategorized,
1342055489,1252148364,52.235501071159256,residential,Unnamed,False,31.86,Uncategorized,
1342055509,1342055447,17.132475623023897,unclassified,V. Menguito,False,33.07,Uncategorized,
1342055509,3123418078,80.55488483106485,unclassified,V. Menguito,False,33.07,Uncategorized,
1342055509,1342055516,98.09127307116435,residential,Unnamed,False,31.86,Uncategorized,
1342055516,1342055486,66.11791535011169,residential,Unnamed,False,31.86,Uncategorized,
1342055516,1342055509,98.09127307116435,residential,Unnamed,False,31.86,Uncategorized,
1342055516,1342055416,58.98022723412592,residential,Unnamed,False,31.86,Uncategorized,
1342055518,2249819523,18.394517262758306,primary,National Highway,False,30.49,Uncategorized,4
1342055518,12309592226,7.238974216911713,path,Unnamed,False,30.0,Uncategorized,
1342055518,1737935556,47.019844590414905,primary,National Highway,False,30.49,Uncategorized,4
1342055519,1737935556,29.45490393307858,primary,National Highway,False,30.49,Uncategorized,4
1342055519,312517703,33.63066847267303,primary,National Highway,False,30.49,Uncategorized,4
1342055519,12309592279,6.18697712239278,residential,Unnamed,False,31.86,Uncategorized,
1342055519,12309592225,6.300414000719633,residential,Unnamed,False,31.86,Uncategorized,
1342055525,12309592226,173.43835954810382,path,Unnamed,False,30.0,Uncategorized,
1342055553,1342055447,43.182099823386274,service,Unnamed,False,25.85,Uncategorized,
1342055559,1342055443,58.719777743215545,residential,Unnamed,False,31.86,Uncategorized,
1342055565,1342055443,13.208331197926432,tertiary,B. A. Villanueva,False,33.15,Uncategorized,
1342055565,253779567,42.86300645877853,tertiary,B. A. Villanueva,False,33.15,Uncategorized,
1342055565,12309592316,5.44015621726669,residential,Unnamed,False,31.86,Uncategorized,
1342057803,8701333238,67.14647817676942,residential,Unnamed,False,31.86,Uncategorized,
1342057803,1342057810,23.289198248591404,residential,Unnamed,False,31.86,Uncategorized,
1342057803,8887342524,99.90254418597372,residential,Unnamed,False,31.86,Uncategorized,
1342057804,5594642375,83.14862852247492,residential,Unnamed,False,31.86,Uncategorized,
1342057804,11783482765,54.40057202255821,path,Unnamed,False,30.0,Uncategorized,
1342057804,11783482765,52.964195723872194,path,Unnamed,False,30.0,Uncategorized,
1342057810,8267041106,80.64212097169327,residential,Sitio Sampaguita,False,31.86,Uncategorized,
1342057810,12309592323,122.90071103417955,residential,Sitio Sampaguita,False,31.86,Uncategorized,
1342057810,1342057803,23.289198248591404,residential,Unnamed,False,31.86,Uncategorized,
1342057812,5594642375,29.913524754491352,residential,Unnamed,False,31.86,Uncategorized,
1342065668,1342065721,64.84175862385845,residential,Unnamed,False,31.86,Uncategorized,
1342065668,1342065717,90.26346557439132,residential,Unnamed,False,31.86,Uncategorized,
1342065668,1258981574,119.03533995281336,residential,Unnamed,False,31.86,Uncategorized,
1342065695,9310108891,108.241862924604,residential,Unnamed,False,31.86,Uncategorized,
1342065695,1258981557,96.77987092188437,residential,Unnamed,False,31.86,Uncategorized,
1342065695,8389132863,155.13519111117625,residential,Unnamed,False,31.86,Uncategorized,
1342065710,1342065717,96.95170712073549,residential,Unnamed,False,31.86,Uncategorized,
1342065710,1394471636,6.973499073449306,residential,Unnamed,False,31.86,Uncategorized,
1342065710,12915351496,62.510733483858246,residential,Unnamed,False,31.86,Uncategorized,
1342065717,1342065710,96.95170712073549,residential,Unnamed,False,31.86,Uncategorized,
1342065717,2921809165,321.03282369367093,residential,Unnamed,False,31.86,Uncategorized,
1342065717,1342065668,90.26346557439132,residential,Unnamed,False,31.86,Uncategorized,
1342065721,1342065668,64.84175862385845,residential,Unnamed,False,31.86,Uncategorized,
1342891838,2069449257,13.460670807337662,residential,Unnamed,False,31.86,Uncategorized,
1342891838,8289287651,94.0940379603613,residential,Unnamed,False,31.86,Uncategorized,
1342891838,8289287653,75.16260596054529,service,Unnamed,False,25.85,Uncategorized,
1342891877,12718893573,5.332260044861762,residential,Unnamed,False,31.86,Uncategorized,1
1342891877,8887406025,217.38459489343143,primary,National Highway,False,30.49,Uncategorized,4
1342891877,13526741046,67.75756893771486,primary,National Highway,False,30.49,Uncategorized,4
1342892775,12718893588,134.01797998064322,footway,Unnamed,False,30.0,Uncategorized,
1342892784,12718893588,5.8311630481894365,footway,Unnamed,False,30.0,Uncategorized,
1342892784,316156816,17.708579686073968,primary,National Highway,False,30.49,Uncategorized,4
1342892784,28997167,32.93814290479234,primary,National Highway,False,30.49,Uncategorized,4
1342895789,1342895802,189.7644311353151,footway,Unnamed,False,30.0,Uncategorized,
1342895793,253789717,41.874957777193224,residential,Juan Luna Extension,False,31.86,Uncategorized,
1342895793,253764883,19.07968649259879,residential,Juan Luna Extension,False,31.86,Uncategorized,
1342895793,3699784769,80.3791498116796,residential,Pantua Extension,False,31.86,Uncategorized,
1342895802,8894387872,13.923258895699544,primary,National Highway,False,30.49,Uncategorized,4
1342895802,1342895789,189.7644311353151,footway,Unnamed,False,30.0,Uncategorized,
1342895802,8894367142,64.42530544077555,primary,National Highway,False,30.49,Uncategorized,4
1342896228,1342899078,95.39924529600556,residential,Unnamed,False,31.86,private,
1342896228,1342896234,75.41991444667546,residential,Unnamed,False,31.86,private,
1342896228,1342899150,36.957671379861075,residential,Unnamed,False,31.86,private,
1342896229,253790092,109.07134734846599,residential,Unnamed,False,31.86,private,
1342896234,253782965,75.88750562121376,residential,Unnamed,False,31.86,private,
1342896234,1342896228,75.41991444667546,residential,Unnamed,False,31.86,private,
1342896234,253763439,86.94246197357836,residential,Unnamed,False,31.86,private,
1342896238,1342899078,60.65689125537411,residential,Unnamed,False,31.86,private,
1342896238,1342896239,54.78434450899935,residential,Unnamed,False,31.86,private,
1342896238,1127246046,201.87245706978348,residential,Unnamed,False,31.86,private,
1342896239,1342896238,54.78434450899935,residential,Unnamed,False,31.86,private,
1342896239,1342899135,191.01095225407178,residential,Unnamed,False,31.86,private,
1342896239,253782965,137.94627085558352,residential,Unnamed,False,31.86,private,
1342899078,1342896238,60.65689125537411,residential,Unnamed,False,31.86,private,
1342899078,1342896228,95.39924529600556,residential,Unnamed,False,31.86,private,
1342899078,1342899162,53.2165606097427,residential,Unnamed,False,31.86,private,
1342899081,1342899191,29.367224985529994,residential,Unnamed,False,31.86,private,
1342899085,1342899148,125.22349954457461,residential,Unnamed,False,31.86,private,
1342899088,1342899101,78.76864460081518,residential,Unnamed,False,31.86,private,
1342899088,1342899191,152.18095456295342,residential,Unnamed,False,31.86,private,
1342899088,1342899186,196.65603199021913,residential,Unnamed,False,31.86,private,
1342899101,1342899153,53.73766179094464,residential,Niagara,False,31.86,private,
1342899101,1342899088,78.76864460081518,residential,Unnamed,False,31.86,private,
1342899101,1342899133,49.51160832785976,residential,Unnamed,False,31.86,private,
1342899101,1342899186,152.63015934730262,residential,Niagara,False,31.86,private,
1342899107,8295625916,6.302244318653686,residential,Niagara,False,31.86,private,
1342899107,1342899186,42.56644184505331,residential,Niagara,False,31.86,private,
1342899107,1342899147,55.83704369935585,residential,West Wichita,False,31.86,private,
1342899107,1342899189,70.23720585575077,residential,West Wichita,False,31.86,private,
1342899109,1342899153,128.04437756102297,residential,Niagara,False,31.86,private,
1342899109,1342899133,188.08407986001905,residential,Unnamed,False,31.86,private,
1342899111,1342899153,30.202349693669834,residential,Unnamed,False,31.86,private,
1342899133,1342899148,103.83484095382502,residential,Unnamed,False,31.86,private,
1342899133,1342899101,49.51160832785976,residential,Unnamed,False,31.86,private,
1342899133,1342899109,188.08407986001907,residential,Unnamed,False,31.86,private,
1342899135,1127246032,42.54013682153432,residential,Unnamed,False,31.86,private,
1342899135,253782965,66.43573652879489,residential,Unnamed,False,31.86,private,
1342899135,1342896239,191.01095225407178,residential,Unnamed,False,31.86,private,
1342899147,1342899107,55.83704369935585,residential,West Wichita,False,31.86,private,
1342899147,1342899148,63.09558241885064,residential,Unnamed,False,31.86,private,
1342899147,1342899176,145.86963982675883,residential,West Wichita,False,31.86,private,
1342899148,1342899133,103.83484095382502,residential,Unnamed,False,31.86,private,
1342899148,1342899085,125.22349954457461,residential,Unnamed,False,31.86,private,
1342899148,1342899147,63.09558241885064,residential,Unnamed,False,31.86,private,
1342899150,1342899162,142.22463920319882,residential,Unnamed,False,31.86,private,
1342899150,253763439,33.78080981148452,residential,Unnamed,False,31.86,private,
1342899150,1342896228,36.957671379861075,residential,Unnamed,False,31.86,private,
1342899152,1342899191,113.86017289335473,residential,Unnamed,False,31.86,private,
1342899153,1342899101,53.73766179094464,residential,Niagara,False,31.86,private,
1342899153,1342899111,30.202349693669834,residential,Unnamed,False,31.86,private,
1342899153,1342899109,128.04437756102297,residential,Niagara,False,31.86,private,
1342899158,1342899175,95.99360521328413,primary,National Highway,False,30.49,Uncategorized,4
1342899158,5104436190,137.55905487392897,primary,National Highway,False,30.49,Uncategorized,4
1342899158,1342899164,473.83413389737404,residential,Unnamed,False,31.86,Uncategorized,
1342899162,253772405,42.9996984812904,residential,Unnamed,False,31.86,private,
1342899162,1342899150,142.22463920319882,residential,Unnamed,False,31.86,private,
1342899162,1342899078,53.2165606097427,residential,Unnamed,False,31.86,private,
1342899164,1342899158,473.83413389737404,residential,Unnamed,False,31.86,Uncategorized,
1342899175,8295887522,103.8485291315561,primary,National Highway,False,30.49,Uncategorized,4
1342899175,1342899158,95.99360521328411,primary,National Highway,False,30.49,Uncategorized,4
1342899175,8893792525,143.48286637360388,residential,Unnamed,False,31.86,Uncategorized,
1342899176,1342899147,145.86963982675883,residential,West Wichita,False,31.86,private,
1342899186,1342899107,42.56644184505331,residential,Niagara,False,31.86,private,
1342899186,1342899101,152.63015934730262,residential,Niagara,False,31.86,private,
1342899186,1342899088,196.65603199021913,residential,Unnamed,False,31.86,private,
1342899189,1342899107,70.23720585575077,residential,West Wichita,False,31.86,private,
1342899191,1342899081,29.367224985529994,residential,Unnamed,False,31.86,private,
1342899191,1342899152,113.86017289335473,residential,Unnamed,False,31.86,private,
1342899191,1342899088,152.18095456295342,residential,Unnamed,False,31.86,private,
1344052702,2069449257,21.509468666465267,residential,Unnamed,False,31.86,Uncategorized,
1344052702,2454082229,8.822885410749793,residential,Unnamed,False,31.86,Uncategorized,
1344052702,2454082221,73.24164879485889,service,Unnamed,False,25.85,Uncategorized,
1344055983,1357238819,29.69204351896312,residential,Unnamed,False,31.86,Uncategorized,
1344055983,1344055992,26.93755393719139,residential,Unnamed,False,31.86,Uncategorized,
1344055983,1344056004,131.7991373295883,residential,Unnamed,False,31.86,Uncategorized,
1344055984,1344055998,38.14634700874073,residential,Unnamed,False,31.86,Uncategorized,
1344055984,1344056028,93.25854320392796,residential,Unnamed,False,31.86,Uncategorized,
1344055984,1344055987,26.332494162803297,residential,Unnamed,False,31.86,Uncategorized,
1344055985,1344056006,90.82192437940454,residential,Unnamed,False,31.86,Uncategorized,
1344055985,1344056020,29.630596799062598,residential,Unnamed,False,31.86,Uncategorized,
1344055985,1344056025,53.68224130082616,residential,Unnamed,False,31.86,Uncategorized,
1344055987,1344055997,25.563117540328324,residential,Unnamed,False,31.86,Uncategorized,
1344055987,1344055984,26.332494162803297,residential,Unnamed,False,31.86,Uncategorized,
1344055987,1344056023,82.34950663872671,residential,Unnamed,False,31.86,Uncategorized,
1344055988,1344055999,30.965730769271527,residential,Unnamed,False,31.86,Uncategorized,
1344055988,1344055989,111.82734361783726,residential,Unnamed,False,31.86,Uncategorized,
1344055988,1344055989,88.80296548194802,residential,Unnamed,False,31.86,Uncategorized,
1344055989,1119866637,50.968038953258315,residential,Unnamed,False,31.86,Uncategorized,
1344055989,1344055988,88.80296548194802,residential,Unnamed,False,31.86,Uncategorized,
1344055989,1344055988,111.82734361783726,residential,Unnamed,False,31.86,Uncategorized,
1344055991,1344056029,35.09635500442989,residential,Unnamed,False,31.86,Uncategorized,
1344055991,1344055995,30.705205448273826,residential,Unnamed,False,31.86,Uncategorized,
1344055991,1344056009,146.1055499699261,residential,Unnamed,False,31.86,Uncategorized,
1344055992,1344055983,26.93755393719139,residential,Unnamed,False,31.86,Uncategorized,
1344055992,8318258058,114.08937297333358,residential,Unnamed,False,31.86,Uncategorized,
1344055992,1344056022,26.35817851823021,residential,Unnamed,False,31.86,Uncategorized,
1344055993,1119827680,8.423190200304596,residential,Unnamed,False,30.0,Uncategorized,
1344055993,1119827667,78.56459709432973,residential,Unnamed,False,30.0,Uncategorized,
1344055995,1357238814,104.01612413105389,residential,Unnamed,False,31.86,Uncategorized,
1344055995,1344056027,25.11155440324825,residential,Unnamed,False,31.86,Uncategorized,
1344055995,1344055991,30.705205448273826,residential,Unnamed,False,31.86,Uncategorized,
1344055997,1344056011,88.61426324152744,residential,Unnamed,False,31.86,Uncategorized,
1344055997,1344055987,25.563117540328324,residential,Unnamed,False,31.86,Uncategorized,
1344055997,1344056018,73.07111559890659,residential,Unnamed,False,31.86,Uncategorized,
1344055998,1344056009,41.19209952264405,residential,Unnamed,False,31.86,Uncategorized,
1344055998,1344055984,38.14634700874073,residential,Unnamed,False,31.86,Uncategorized,
1344055998,1344056029,143.15240316005082,residential,Unnamed,False,31.86,Uncategorized,
1344055999,1344055988,30.965730769271527,residential,Unnamed,False,31.86,Uncategorized,
1344055999,1517351336,126.566655339951,residential,Unnamed,False,31.86,Uncategorized,
1344055999,1344056020,97.74030274609565,residential,Unnamed,False,31.86,Uncategorized,
1344055999,1344056006,31.25889214457898,residential,Unnamed,False,31.86,Uncategorized,
1344056000,2719143374,8.127903312357443,residential,Unnamed,False,31.86,Uncategorized,
1344056000,1344056007,37.356608344230885,residential,Unnamed,False,31.86,Uncategorized,
1344056000,1344056012,91.20877630168305,residential,Unnamed,False,31.86,Uncategorized,
1344056000,1344056027,118.60988711687475,residential,Unnamed,False,31.86,Uncategorized,
1344056004,1344056028,27.459023396652935,residential,Unnamed,False,31.86,Uncategorized,
1344056004,1357238810,27.257432879208285,residential,Unnamed,False,31.86,Uncategorized,
1344056004,1344055983,131.7991373295883,residential,Unnamed,False,31.86,Uncategorized,
1344056006,1344055985,90.82192437940454,residential,Unnamed,False,31.86,Uncategorized,
1344056006,1344055999,31.258892144578976,residential,Unnamed,False,31.86,Uncategorized,
1344056006,8317714116,174.29103824475078,residential,Unnamed,False,31.86,Uncategorized,
1344056007,1344056000,37.356608344230885,residential,Unnamed,False,31.86,Uncategorized,
1344056007,1357238814,27.128186211729105,residential,Unnamed,False,31.86,Uncategorized,
1344056007,1344056027,95.39063904786109,residential,Unnamed,False,31.86,Uncategorized,
1344056007,1344056012,53.6008197353529,residential,Unnamed,False,31.86,Uncategorized,
1344056009,1344055998,41.19209952264405,residential,Unnamed,False,31.86,Uncategorized,
1344056009,1344055991,146.1055499699261,residential,Unnamed,False,31.86,Uncategorized,
1344056009,1357238810,295.70330400910655,residential,Unnamed,False,31.86,Uncategorized,
1344056011,1344055997,88.61426324152744,residential,Unnamed,False,31.86,Uncategorized,
1344056011,1344056029,38.72331493418798,residential,Unnamed,False,31.86,Uncategorized,
1344056011,1357238819,43.85096312021704,residential,Unnamed,False,31.86,Uncategorized,
1344056012,1344056007,53.6008197353529,residential,Unnamed,False,31.86,Uncategorized,
1344056012,1344056022,25.89395039072935,residential,Unnamed,False,31.86,Uncategorized,
1344056012,1344056000,91.20877630168305,residential,Unnamed,False,31.86,Uncategorized,
1344056018,1357238819,83.62689127147549,residential,Unnamed,False,31.86,Uncategorized,
1344056018,1344056023,24.67840007049706,residential,Unnamed,False,31.86,Uncategorized,
1344056018,1344055997,73.07111559890659,residential,Unnamed,False,31.86,Uncategorized,
1344056020,1344055999,97.74030274609565,residential,Unnamed,False,31.86,Uncategorized,
1344056020,1344055985,29.630596799062598,residential,Unnamed,False,31.86,Uncategorized,
1344056020,1119866304,29.789139371950306,residential,Unnamed,False,31.86,Uncategorized,
1344056021,1357238810,15.22240588614574,residential,Unnamed,False,31.86,Uncategorized,
1344056021,8318258057,10.416252807113128,residential,Unnamed,False,31.86,Uncategorized,
1344056021,8318258058,22.222847333176652,residential,Unnamed,False,31.86,Uncategorized,
1344056022,1357238814,55.277351862431004,residential,Unnamed,False,31.86,Uncategorized,
1344056022,1344055992,26.35817851823021,residential,Unnamed,False,31.86,Uncategorized,
1344056022,1344056012,25.89395039072935,residential,Unnamed,False,31.86,Uncategorized,
1344056023,1344056018,24.67840007049706,residential,Unnamed,False,31.86,Uncategorized,
1344056023,1344056028,24.106965793033893,residential,Unnamed,False,31.86,Uncategorized,
1344056023,1344055987,82.34950663872671,residential,Unnamed,False,31.86,Uncategorized,
1344056025,1344055985,53.68224130082616,residential,Unnamed,False,31.86,Uncategorized,
1344056027,1344056007,95.39063904786109,residential,Unnamed,False,31.86,Uncategorized,
1344056027,1344055995,25.11155440324825,residential,Unnamed,False,31.86,Uncategorized,
1344056027,1344056000,118.60988711687475,residential,Unnamed,False,31.86,Uncategorized,
1344056028,1344056023,24.106965793033893,residential,Unnamed,False,31.86,Uncategorized,
1344056028,1344055984,93.25854320392796,residential,Unnamed,False,31.86,Uncategorized,
1344056028,1344056004,27.459023396652935,residential,Unnamed,False,31.86,Uncategorized,
1344056029,1344055991,35.09635500442989,residential,Unnamed,False,31.86,Uncategorized,
1344056029,1344056011,38.72331493418798,residential,Unnamed,False,31.86,Uncategorized,
1344056029,1344055998,143.15240316005082,residential,Unnamed,False,31.86,Uncategorized,
1357238810,1344056004,27.257432879208285,residential,Unnamed,False,31.86,Uncategorized,
1357238810,1344056021,15.22240588614574,residential,Unnamed,False,31.86,Uncategorized,
1357238810,8318258058,18.353679685087656,residential,Unnamed,False,31.86,Uncategorized,
1357238810,1344056009,295.70330400910655,residential,Unnamed,False,31.86,Uncategorized,
1357238814,1344056007,27.128186211729105,residential,Unnamed,False,31.86,Uncategorized,
1357238814,1357238819,26.064201906349073,residential,Unnamed,False,31.86,Uncategorized,
1357238814,1344055995,104.01612413105389,residential,Unnamed,False,31.86,Uncategorized,
1357238814,1344056022,55.277351862431004,residential,Unnamed,False,31.86,Uncategorized,
1357238819,1357238814,26.064201906349073,residential,Unnamed,False,31.86,Uncategorized,
1357238819,1344056018,83.62689127147549,residential,Unnamed,False,31.86,Uncategorized,
1357238819,1344056011,43.85096312021704,residential,Unnamed,False,31.86,Uncategorized,
1357238819,1344055983,29.69204351896312,residential,Unnamed,False,31.86,Uncategorized,
1375542490,1375542564,66.00433184046834,residential,Unnamed,False,31.86,Uncategorized,
1375542490,8887342526,9.282144514927072,residential,Unnamed,False,31.86,Uncategorized,
1375542490,1375542549,114.81256716607662,residential,Unnamed,False,31.86,Uncategorized,
1375542511,1375542587,30.212910464119553,residential,Orchard Road,False,31.86,Uncategorized,2
1375542511,439220477,29.627754233081554,residential,Main Avenue,False,40.0,private,2
1375542511,439220471,106.54780808179773,residential,Main Avenue,False,40.0,Uncategorized,2
1375542526,11787098264,27.584099538351786,tertiary,Villegas,False,30.0,Uncategorized,
1375542526,417266917,86.6426950666596,tertiary,Villegas,False,30.0,Uncategorized,
1375542526,1375542593,129.35845206695151,path,Unnamed,False,30.0,Uncategorized,
1375542531,1375542569,132.94247433151781,residential,Unnamed,False,31.86,Uncategorized,
1375542549,1375542490,114.81256716607662,residential,Unnamed,False,31.86,Uncategorized,
1375542564,1375542490,66.00433184046834,residential,Unnamed,False,31.86,Uncategorized,
1375542564,1375542567,83.99806037658281,service,Unnamed,False,25.85,Uncategorized,
1375542564,1300391227,72.35455768263081,residential,Unnamed,False,31.86,Uncategorized,
1375542567,1375542564,83.99806037658281,service,Unnamed,False,25.85,Uncategorized,
1375542569,1300391308,40.55226223757814,residential,Unnamed,False,31.86,Uncategorized,
1375542569,1375542531,132.94247433151781,residential,Unnamed,False,31.86,Uncategorized,
1375542569,8887342526,47.21317867981477,residential,Unnamed,False,31.86,Uncategorized,
1375542587,1375542511,30.212910464119553,residential,Orchard Road,False,31.86,Uncategorized,2
1375542593,1375542526,129.35845206695151,path,Unnamed,False,30.0,Uncategorized,
1393350827,6363688965,73.83353994037553,footway,Unnamed,False,30.0,Uncategorized,
1393350827,12254040020,3.314236494701654,footway,Unnamed,False,30.0,Uncategorized,
1393350827,6363688944,16.80907864684248,footway,Unnamed,False,30.0,Uncategorized,
1393350850,12254049936,4.189390438630077,footway,Unnamed,False,30.0,Uncategorized,
1393350850,12186673175,43.72431239620512,footway,Unnamed,False,30.0,Uncategorized,
1393350850,5507052377,119.78580323969231,footway,Unnamed,False,30.0,Uncategorized,
1393350901,1393350906,7.044390692051124,footway,Unnamed,False,30.0,Uncategorized,
1393350901,1393350906,15.897551286697738,footway,Unnamed,False,30.0,Uncategorized,
1393350901,12186673175,107.31569983822216,footway,Unnamed,False,30.0,Uncategorized,
1393350906,1393350901,7.044390692051124,footway,Unnamed,False,30.0,Uncategorized,
1393350906,1393350901,15.897551286697738,footway,Unnamed,False,30.0,Uncategorized,
1393350906,1393350945,135.9075815375229,footway,Unnamed,False,30.0,Uncategorized,
1393350945,5507052434,2.643016472321431,footway,Unnamed,False,30.0,Uncategorized,
1393350945,5507052448,71.60687103670305,footway,Unnamed,False,30.0,Uncategorized,
1393350945,5507052399,110.33295102709003,footway,Unnamed,False,30.0,Uncategorized,
1393350945,1393350906,135.9075815375229,footway,Unnamed,False,30.0,Uncategorized,
1393350949,382825907,18.027616677218408,footway,Unnamed,False,30.0,Uncategorized,
1393350949,5507052434,8.731810816351434,footway,Unnamed,False,30.0,Uncategorized,
1393350949,438049140,7.946778080220323,footway,Unnamed,False,30.0,Uncategorized,
1393350949,1393351070,39.84590480271561,footway,Unnamed,False,30.0,Uncategorized,
1393350970,12186657971,2.7813688899767106,steps,Unnamed,False,30.49,Uncategorized,
1393350970,1116385295,39.806526062507146,service,Unnamed,False,25.85,Uncategorized,1
1393350970,12186657964,28.778853813357287,service,Unnamed,False,25.85,Uncategorized,1
1393351007,1393351049,19.584280170544634,steps,Unnamed,False,30.49,Uncategorized,
1393351007,1393351011,13.961664338284466,footway,Unnamed,False,30.0,Uncategorized,
1393351007,1558989193,4.437420235849876,footway,Unnamed,False,30.0,Uncategorized,
1393351011,12186657971,5.613304233050504,steps,Unnamed,False,30.49,Uncategorized,
1393351011,1558989195,17.721289815920663,footway,Unnamed,False,30.0,Uncategorized,
1393351011,1393351007,13.961664338284466,footway,Unnamed,False,30.0,Uncategorized,
1393351047,1393351049,1.2192558393816733,footway,Unnamed,False,30.0,Uncategorized,
1393351047,1393351047,38.507744425578565,footway,Unnamed,False,30.0,Uncategorized,
1393351047,1393351047,38.507744425578565,footway,Unnamed,False,30.0,Uncategorized,
1393351049,1393351047,1.2192558393816733,footway,Unnamed,False,30.0,Uncategorized,
1393351049,1393351007,19.584280170544634,steps,Unnamed,False,30.49,Uncategorized,
1393351049,12186657972,22.99442447527095,steps,Unnamed,False,30.49,Uncategorized,
1393351070,382825907,16.5471196224854,footway,Unnamed,False,30.0,Uncategorized,
1393351070,1393350949,39.84590480271561,footway,Unnamed,False,30.0,Uncategorized,
1393351070,12186673160,47.341678264483676,footway,Unnamed,False,30.0,Uncategorized,
1393351116,847751683,8.522394615544068,footway,Unnamed,False,30.0,Uncategorized,
1393351116,382802729,30.3782117376224,footway,Unnamed,False,30.0,Uncategorized,
1393351116,529867705,26.900870000906533,footway,Unnamed,False,30.0,Uncategorized,
1394471636,1342065710,6.973499073449306,residential,Unnamed,False,31.86,Uncategorized,
1394471636,5731409805,82.60729312554082,service,Unnamed,False,25.85,Uncategorized,
1394471636,8894367141,36.558898613115744,service,Unnamed,False,25.85,Uncategorized,
1404148272,8386611481,136.67569082035521,residential,Unnamed,False,30.0,private,
1411750799,28997169,25.85627581657929,service,Unnamed,False,25.85,Uncategorized,
1411812446,1411812449,29.912906693770672,footway,Unnamed,False,30.0,permissive,
1411812449,1127153797,7.00664437964715,residential,Unnamed,False,31.86,permissive,
1411812449,1127153769,16.908373633699618,residential,Unnamed,False,31.86,permissive,
1411812449,1411812446,29.912906693770672,footway,Unnamed,False,30.0,permissive,
1411812484,1119827752,28.49863561492912,footway,Unnamed,False,30.0,permissive,
1411812549,1119827713,26.627729764046528,footway,Unnamed,False,30.0,permissive,
1411812710,1119827739,187.83890518611466,service,Unnamed,False,25.85,private,
1411812756,1119827792,80.03570897479838,service,Unnamed,False,25.85,private,
1411812773,1411812825,96.11277041487156,residential,Unnamed,False,31.86,Uncategorized,
1411812825,1411812773,96.11277041487156,residential,Unnamed,False,31.86,Uncategorized,
1411812825,1411812845,45.24183870668991,residential,Unnamed,False,31.86,Uncategorized,
1411812825,1119827801,112.61065630929275,residential,Unnamed,False,31.86,Uncategorized,
1411812845,1411812825,45.24183870668991,residential,Unnamed,False,31.86,Uncategorized,
1411812861,454086831,45.020699410524486,unclassified,Domingo M. Lantican Avenue,False,40.0,Uncategorized,2
1411812861,5499087273,11.023604208830482,service,Unnamed,False,25.85,private,
1411812861,527826349,25.43243289476901,unclassified,Domingo M. Lantican Avenue,False,40.0,Uncategorized,2
1411812861,2358453479,26.504311013218025,footway,Unnamed,False,30.0,Uncategorized,
1411812898,5499087293,52.01894423472354,service,Unnamed,False,25.85,Uncategorized,
1412701851,484165249,21.26813880298683,residential,FM Sacay St.,False,20.0,private,2
1412701851,12188365865,23.42392597442229,residential,Unnamed,True,30.0,private,1
1412724436,1412724466,26.976184056483522,footway,Unnamed,False,30.0,permissive,
1412724449,1412724466,8.35365863300968,footway,Unnamed,False,30.0,permissive,
1412724463,1412724526,27.81412932757324,footway,Unnamed,False,30.0,permissive,
1412724466,1412724436,26.976184056483522,footway,Unnamed,False,30.0,permissive,
1412724466,1412724526,24.59046504851408,footway,Unnamed,False,30.0,permissive,
1412724466,1412724449,8.35365863300968,footway,Unnamed,False,30.0,permissive,
1412724481,1412724549,25.282762100097525,footway,Unnamed,False,30.0,permissive,
1412724526,1412724574,16.242729461093692,footway,Unnamed,False,30.0,permissive,
1412724526,1412724466,24.59046504851408,footway,Unnamed,False,30.0,permissive,
1412724526,1412724463,27.81412932757324,footway,Unnamed,False,30.0,permissive,
1412724526,1412724571,22.751898118534218,footway,Unnamed,False,30.0,permissive,
1412724532,1119827597,31.361150698105927,footway,Unnamed,False,30.0,permissive,
1412724549,1119827588,16.163922212342023,footway,Unnamed,False,30.0,permissive,
1412724549,1412724571,10.186145891288968,footway,Unnamed,False,30.0,permissive,
1412724549,1412724481,25.282762100097525,footway,Unnamed,False,30.0,permissive,
1412724571,1412724549,10.186145891288968,footway,Unnamed,False,30.0,permissive,
1412724571,1412724526,22.751898118534218,footway,Unnamed,False,30.0,permissive,
1412724571,1412724584,6.124432406891858,footway,Unnamed,False,30.0,permissive,
1412724574,1412724592,28.366357681425036,footway,Unnamed,False,30.0,permissive,
1412724574,1412724526,16.242729461093692,footway,Unnamed,False,30.0,permissive,
1412724574,1119827723,7.873964359701896,footway,Unnamed,False,30.0,permissive,
1412724584,1412724571,6.124432406891858,footway,Unnamed,False,30.0,permissive,
1412724584,1119827588,11.06800150191138,residential,Unnamed,False,31.86,permissive,
1412724584,1119827723,25.511882051805404,residential,Unnamed,False,31.86,permissive,
1412724592,1412724574,28.366357681425036,footway,Unnamed,False,30.0,permissive,
1412724603,1119827734,35.04555163607356,footway,Unnamed,False,30.0,permissive,
1412724666,1119827664,23.690422224694775,footway,Unnamed,False,30.0,permissive,
1412724703,1412724715,21.54661463380644,footway,Unnamed,False,30.0,permissive,
1412724703,1127153814,18.52389337656936,residential,Unnamed,False,31.86,permissive,
1412724703,1127153780,8.389517298298717,residential,Unnamed,False,31.86,permissive,
1412724715,1412724703,21.54661463380644,footway,Unnamed,False,30.0,permissive,
1412724746,1412724758,21.30457639805646,footway,Unnamed,False,30.0,permissive,
1412724746,1127153780,15.583841267268854,residential,Unnamed,False,31.86,permissive,
1412724746,1127153800,7.778565888277772,residential,Unnamed,False,31.86,permissive,
1412724758,1412724746,21.30457639805646,footway,Unnamed,False,30.0,permissive,
1412724791,1412724800,20.351829360635243,footway,Unnamed,False,30.0,permissive,
1412724791,1127153800,16.4621127223413,residential,Unnamed,False,31.86,permissive,
1412724791,1127153759,8.048224662019257,residential,Unnamed,False,31.86,permissive,
1412724800,1412724791,20.351829360635243,footway,Unnamed,False,30.0,permissive,
1412724827,1127153759,13.804642565910735,residential,Unnamed,False,31.86,permissive,
1412724827,1119827679,12.301924596855985,residential,Unnamed,False,31.86,permissive,
1412724827,1127153795,139.09200727465722,footway,Unnamed,False,30.0,permissive,
1412724833,1119827696,3.6076680416050717,footway,Unnamed,False,30.0,Uncategorized,
1420701162,12309592275,7.162269113875752,residential,Unnamed,False,31.86,Uncategorized,
1420701162,10915605689,188.84696963951558,residential,Unnamed,False,31.86,Uncategorized,
1420701162,10915605629,47.04374721205735,footway,Unnamed,False,30.0,Uncategorized,
1420701167,10923332653,2.1718083913938164,primary,National Highway,False,30.49,Uncategorized,4
1420701167,10923332648,11.224235114779615,primary,National Highway,False,30.49,Uncategorized,4
1420701167,12309592239,5.300883941178023,service,Unnamed,False,25.85,private,
1420701170,12309592239,62.33013167074591,service,Unnamed,False,25.85,private,
1423677436,382044305,20.065828807714936,primary,National Highway,False,30.49,Uncategorized,4
1423677436,8893650812,64.28425124365062,primary,National Highway,False,30.49,Uncategorized,4
1423677436,1923606759,78.84225887292638,residential,Unnamed,False,31.86,Uncategorized,
1426038588,12188365826,2.729473086819833,footway,Unnamed,False,30.0,Uncategorized,
1426038588,12186673176,9.366861139577578,footway,Unnamed,False,30.0,Uncategorized,
1426038588,769875592,4.348305867972284,footway,Unnamed,False,30.0,Uncategorized,
1426038590,12188365836,4.264178988454045,footway,Unnamed,False,30.0,Uncategorized,
1426038590,529867702,7.081053687043486,footway,Unnamed,False,30.0,Uncategorized,
1426038590,12186673177,8.950156505917233,footway,Unnamed,False,30.0,Uncategorized,
1426038676,12188365854,8.37901088987535,secondary,Victoria M. Ela Avenue,False,30.0,Uncategorized,4
1426038676,529870549,9.999900984290756,service,Unnamed,False,25.85,Uncategorized,
1426038676,391720786,31.591532401209598,secondary,Victoria M. Ela Avenue,False,30.0,Uncategorized,4
1426038729,1426038731,7.150528762386797,service,Unnamed,False,25.85,private,
1426038731,1426038729,7.150528762386797,service,Unnamed,False,25.85,private,
1426038731,425110393,126.23695361113718,residential,"['Mint Street', 'Rosemary Street']",True,30.0,Uncategorized,2
1427972841,10915571530,7.987757897222236,primary,National Highway,False,30.49,Uncategorized,4
1427972841,10839994309,17.315294891582063,primary,National Highway,False,30.49,Uncategorized,4
1427972841,12309592253,4.082582276990482,footway,Unnamed,False,30.0,Uncategorized,
1430814582,1430814585,4.763561597703421,footway,Unnamed,False,30.0,Uncategorized,
1430814582,1430814611,20.626960493572916,footway,Unnamed,False,30.0,Uncategorized,
1430814582,382813568,26.77290068303636,footway,Unnamed,False,30.0,Uncategorized,
1430814585,1430814616,20.518470133837887,footway,Unnamed,False,30.0,Uncategorized,
1430814585,572995668,6.7038276613875265,footway,Unnamed,False,30.0,Uncategorized,
1430814585,1430814582,4.763561597703421,footway,Unnamed,False,30.0,Uncategorized,
1430814611,1430814616,3.221341677981941,footway,Unnamed,False,30.0,Uncategorized,
1430814611,1430814582,20.626960493572916,footway,Unnamed,False,30.0,Uncategorized,
1430814611,572995719,3.0193117617514136,footway,Unnamed,False,30.0,Uncategorized,
1430814613,3367824218,3.8857787667469514,footway,Unnamed,False,30.0,Uncategorized,
1430814613,529867705,22.293768107246805,footway,Unnamed,False,30.0,Uncategorized,
1430814613,769875592,13.691964962361002,steps,Unnamed,False,30.49,Uncategorized,
1430814613,3367824259,20.529245050190468,footway,Unnamed,False,30.0,Uncategorized,
1430814616,1430814611,3.221341677981941,footway,Unnamed,False,30.0,Uncategorized,
1430814616,1430814619,2.6439644713545887,footway,Unnamed,False,30.0,Uncategorized,
1430814616,1430814585,20.518470133837887,footway,Unnamed,False,30.0,Uncategorized,
1430814619,1430814616,2.6439644713545887,footway,Unnamed,False,30.0,Uncategorized,
1430814619,572995664,3.42669563163184,footway,Unnamed,False,30.0,Uncategorized,
1430814619,1430814640,7.939394051958183,footway,Unnamed,False,30.0,Uncategorized,
1430814630,1430814635,2.9249967122055227,footway,Unnamed,False,30.0,Uncategorized,
1430814630,572995719,4.919943062423594,footway,Unnamed,False,30.0,Uncategorized,
1430814630,382813567,20.62918186281996,footway,Unnamed,False,30.0,Uncategorized,
1430814635,1430814640,2.46902620187965,footway,Unnamed,False,30.0,Uncategorized,
1430814635,1430814630,2.9249967122055227,footway,Unnamed,False,30.0,Uncategorized,
1430814635,1430814664,20.61963758324302,footway,Unnamed,False,30.0,Uncategorized,
1430814640,1430814644,3.5264955097268995,footway,Unnamed,False,30.0,Uncategorized,
1430814640,1430814635,2.46902620187965,footway,Unnamed,False,30.0,Uncategorized,
1430814640,1430814619,7.939394051958183,footway,Unnamed,False,30.0,Uncategorized,
1430814644,12254060473,14.923624659459273,footway,Unnamed,False,30.0,Uncategorized,
1430814644,1430814640,3.5264955097268995,footway,Unnamed,False,30.0,Uncategorized,
1430814644,572995664,24.913358804051985,footway,Unnamed,False,30.0,Uncategorized,
1430814664,1252052242,5.588054789626658,footway,Unnamed,False,30.0,Uncategorized,
1430814664,382813567,2.5563525460975174,footway,Unnamed,False,30.0,Uncategorized,
1430814664,1430814635,20.61963758324302,footway,Unnamed,False,30.0,Uncategorized,
1430820978,447628660,12.334089348687353,footway,Unnamed,False,30.0,Uncategorized,
1430820978,12186657969,5.437698399692783,footway,Unnamed,False,30.0,Uncategorized,
1430820978,12186657969,5.461478069435492,footway,Unnamed,False,30.0,Uncategorized,
1430820978,760867389,11.520965155246829,footway,Unnamed,False,30.0,Uncategorized,
1430820980,760867389,15.097331529599941,footway,Unnamed,False,30.0,Uncategorized,
1430820980,786430086,7.253894197721763,footway,Unnamed,False,30.0,Uncategorized,
1430820980,12186657969,7.5976021982170625,footway,Unnamed,False,30.0,Uncategorized,
1441220236,1441220237,3.4520801935351133,steps,Unnamed,False,30.49,no,
1441220236,720623751,14.491362518895004,path,Unnamed,False,30.0,no,
1441220236,630116608,14.504660988713063,path,Unnamed,False,30.0,no,
1441220237,1441220236,3.4520801935351133,steps,Unnamed,False,30.49,no,
1441220242,720623751,11.664770915447312,footway,Unnamed,False,30.0,Uncategorized,
1441220242,867895256,38.99294932784357,footway,Unnamed,False,30.0,Uncategorized,
1441220242,742225963,16.63206871777257,footway,Unnamed,False,30.0,Uncategorized,
1444585933,1445273660,4.6400580997010525,footway,Unnamed,False,30.0,Uncategorized,
1444585933,5499087163,10.44635833833366,footway,Unnamed,False,30.0,Uncategorized,
1444585933,438049332,4.525752944322008,steps,Unnamed,False,30.49,permissive,
1445225029,9085381482,11.278177059849702,footway,Unnamed,False,30.0,Uncategorized,
1445225029,761178654,17.606274026458586,footway,Unnamed,False,30.0,Uncategorized,
1445225029,1445225040,17.257545625374437,footway,Unnamed,False,30.0,Uncategorized,
1445225029,2108118045,74.99976228078188,footway,Unnamed,False,30.0,Uncategorized,
1445225033,1445225035,6.49303893704164,footway,Unnamed,False,30.0,Uncategorized,
1445225033,9085381482,10.696687547065942,footway,Unnamed,False,30.0,Uncategorized,
1445225033,1445225040,17.555514252392516,footway,Unnamed,False,30.0,Uncategorized,
1445225033,761178654,16.204164921136318,footway,Unnamed,False,30.0,Uncategorized,
1445225035,1445225033,6.49303893704164,footway,Unnamed,False,30.0,Uncategorized,
1445225035,5507391089,9.98326879146722,footway,Unnamed,False,30.0,Uncategorized,
1445225035,5507391089,22.775179479619204,footway,Unnamed,False,30.0,Uncategorized,
1445225040,9085381482,11.277940214626582,footway,Unnamed,False,30.0,Uncategorized,
1445225040,1445225029,17.257545625374433,footway,Unnamed,False,30.0,Uncategorized,
1445225040,1445225033,17.555514252392516,footway,Unnamed,False,30.0,Uncategorized,
1445225040,2112402522,63.813486715029505,footway,Unnamed,False,30.0,Uncategorized,
1445225147,583159665,16.270662891694545,unclassified,Pedro R. Sandoval Avenue,True,30.0,Uncategorized,2
1445225147,12186657945,5.506209673575999,footway,Unnamed,False,30.0,Uncategorized,
1445225149,583490396,4.5175024488951685,service,Unnamed,False,30.0,Uncategorized,1
1445225149,573338770,0.8755998543233344,service,Unnamed,False,30.0,Uncategorized,1
1445225149,1445225151,13.050355216645789,footway,Unnamed,False,30.0,Uncategorized,
1445225149,1445225150,10.598962489371175,footway,Unnamed,False,30.0,Uncategorized,
1445225150,583159665,2.53963016058595,footway,Unnamed,False,30.0,Uncategorized,
1445225150,1445225149,10.598962489371175,footway,Unnamed,False,30.0,Uncategorized,
1445225150,382807880,50.39899758783342,footway,Unnamed,False,30.0,Uncategorized,
1445225150,583490396,13.614521426106911,footway,Unnamed,False,30.0,Uncategorized,
1445225151,521340408,1.0233167266165422,footway,Unnamed,False,30.0,Uncategorized,
1445225151,1445225149,13.050355216645789,footway,Unnamed,False,30.0,Uncategorized,
1445225151,1445225160,13.123263271373794,path,Unnamed,False,30.0,Uncategorized,
1445225151,1445225156,8.665110641253246,footway,Unnamed,False,30.0,Uncategorized,
1445225156,1445225160,6.6787474797804185,footway,Unnamed,False,30.0,Uncategorized,
1445225156,12186673122,6.188722332842969,footway,Unnamed,False,30.0,Uncategorized,
1445225156,1445225151,8.665110641253245,footway,Unnamed,False,30.0,Uncategorized,
1445225160,573339097,6.823641941980836,footway,Unnamed,False,30.0,Uncategorized,
1445225160,1445225156,6.6787474797804185,footway,Unnamed,False,30.0,Uncategorized,
1445225160,9085381483,7.776076772059603,footway,Unnamed,False,30.0,Uncategorized,
1445225160,1445225151,13.123263271373794,path,Unnamed,False,30.0,Uncategorized,
1445273656,1445273660,24.6301535934354,steps,Unnamed,False,30.49,Uncategorized,
1445273656,5499087158,9.753446981273092,footway,Unnamed,False,30.0,Uncategorized,
1445273656,5499087161,11.900927727616292,footway,Unnamed,False,30.0,Uncategorized,
1445273660,5499087162,14.402901361880309,footway,Unnamed,False,30.0,Uncategorized,
1445273660,1444585933,4.6400580997010525,footway,Unnamed,False,30.0,Uncategorized,
1445273660,1445273656,24.630153593435395,steps,Unnamed,False,30.49,Uncategorized,
1445273674,382824760,20.349719309167707,tertiary,Jose B. Juliano Avenue,False,33.15,Uncategorized,2
1445273674,5507328571,10.695214521486113,footway,Unnamed,False,30.0,Uncategorized,
1445273674,12186657986,7.7074620212864895,footway,Unnamed,False,30.0,Uncategorized,
1445273674,12254040023,33.278388808189206,tertiary,Jose B. Juliano Avenue,False,33.15,Uncategorized,2
1445273687,438056114,8.387757741710264,footway,Unnamed,False,30.0,Uncategorized,
1445273687,438056110,11.902061571406266,footway,Unnamed,False,30.0,Uncategorized,
1445273687,10066583276,14.752340439478246,footway,Unnamed,False,30.0,Uncategorized,
1485542014,12186673234,7.740803192237836,steps,Unnamed,False,30.49,Uncategorized,
1492183674,8894531481,45.030359093695225,service,Unnamed,False,25.85,private,
1492183674,5305256038,111.58260431904881,track,Unnamed,False,30.0,private,
1492183674,2496156114,131.06260815310532,service,Unnamed,False,25.85,private,
1492183698,1532188332,120.13740912118786,residential,Catalina Drive,False,31.86,Uncategorized,
1492183765,1143683814,29.281289203997844,track,Unnamed,False,30.0,private,
1492183765,1143683783,115.30020672714714,track,Unnamed,False,30.0,private,
1492183765,8292705509,246.09314987148142,track,Unnamed,False,30.0,private,
1492183827,1143683966,29.043254170777722,unclassified,Unnamed,False,33.07,private,2
1492183827,290585027,94.35555833062669,unclassified,Unnamed,False,33.07,private,2
1492183827,1492183836,18.823212122176873,service,Unnamed,False,25.85,private,
1492183836,1492183827,18.823212122176873,service,Unnamed,False,25.85,private,
1492183836,8292705509,18.792972351734583,track,Unnamed,False,30.0,private,
1492183836,1143683966,19.36853845056408,track,Unnamed,False,30.0,private,
1492183854,1143684048,356.3307940372331,track,Unnamed,False,30.0,private,
1492183922,1492183957,74.496803257223,service,Unnamed,False,25.85,private,
1492183922,8894303955,129.01408100091263,service,Unnamed,False,25.85,private,
1492183922,8894450480,142.69447063796687,service,Unnamed,False,25.85,private,
1492183957,8894450483,28.132254666944842,service,Unnamed,False,25.85,private,
1492183957,8894450483,30.818033614406037,service,Unnamed,False,25.85,private,
1492183957,1492183922,74.496803257223,service,Unnamed,False,25.85,private,
1492184010,8894450478,1.69416105961958,service,Unnamed,False,25.85,private,
1492184010,8292796623,138.20945618315233,service,Unnamed,False,25.85,private,
1492184010,253781169,62.99936709554078,service,Unnamed,False,25.85,private,
1492184014,1492184032,27.779746139448264,track,Unnamed,False,30.0,private,
1492184014,1143684171,17.50607958094156,track,Unnamed,False,30.0,private,
1492184014,8292705507,609.5206188225313,track,Unnamed,False,30.0,private,
1492184032,1492184014,27.779746139448264,track,Unnamed,False,30.0,private,
1492184032,1143684036,443.3062731427088,track,Unnamed,False,30.0,private,
1492184032,1143684171,17.724749565250082,track,Unnamed,False,30.0,private,
1497254732,1497254734,10.710963294540036,footway,Unnamed,False,30.0,Uncategorized,
1497254732,760869744,13.597029589293543,footway,Unnamed,False,30.0,Uncategorized,
1497254732,1497254736,13.87599626801161,footway,Unnamed,False,30.0,Uncategorized,
1497254734,760867444,5.304183646540568,footway,Unnamed,False,30.0,Uncategorized,
1497254734,1497254732,10.710963294540036,footway,Unnamed,False,30.0,Uncategorized,
1497254734,1497254737,13.878347978072377,footway,Unnamed,False,30.0,Uncategorized,
1497254736,760870389,13.129081577708284,footway,Unnamed,False,30.0,Uncategorized,
1497254736,760870390,5.295003668208078,footway,Unnamed,False,30.0,Uncategorized,
1497254736,1497254732,13.87599626801161,footway,Unnamed,False,30.0,Uncategorized,
1497254737,760870390,5.6303318347963245,footway,Unnamed,False,30.0,Uncategorized,
1497254737,760867443,5.1924065041008856,footway,Unnamed,False,30.0,Uncategorized,
1497254737,1497254734,13.878347978072377,footway,Unnamed,False,30.0,Uncategorized,
1497254770,428740878,2.6767401265863815,secondary,Jose R. Velasco Avenue,False,30.0,Uncategorized,2
1497254770,5509654202,5.016099514097544,footway,Unnamed,False,30.0,Uncategorized,
1497254770,5509654203,4.463640379116083,footway,Unnamed,False,30.0,Uncategorized,
1497254770,428740875,92.42524625370204,secondary,Jose R. Velasco Avenue,False,30.0,Uncategorized,2
1497255194,417266206,25.152490007147687,primary,National Highway,False,30.49,Uncategorized,4
1497255194,10866681168,0.9733849098085962,primary,National Highway,False,30.49,Uncategorized,4
1497255194,12309592257,7.164208717502159,service,Unnamed,False,20.0,Uncategorized,
1497255201,12309592257,16.77587243068937,service,Unnamed,False,20.0,Uncategorized,
1497255217,1497255256,31.041770615643284,service,Unnamed,False,20.0,Uncategorized,
1497255217,1497255256,53.191633737697295,service,Unnamed,False,30.0,Uncategorized,
1497255217,1266474495,13.373684109272949,service,Unnamed,False,30.0,Uncategorized,
1497255256,1497255217,31.041770615643284,service,Unnamed,False,20.0,Uncategorized,
1497255256,1497255217,53.19163373769729,service,Unnamed,False,30.0,Uncategorized,
1497255256,10910657918,31.195488568762606,service,Unnamed,False,30.0,Uncategorized,
1510885934,1510885969,390.84072078011945,track,Unnamed,False,30.0,Uncategorized,
1510885934,1120694738,164.48752080760698,track,Unnamed,False,30.0,Uncategorized,
1510885934,6361461467,272.1075393520695,track,Unnamed,False,30.0,Uncategorized,
1510885969,1510885934,390.84072078011945,track,Unnamed,False,30.0,Uncategorized,
1510886032,253510760,101.5022339437092,service,Unnamed,False,25.85,private,
1517351336,1344055999,126.566655339951,residential,Unnamed,False,31.86,Uncategorized,
1517351355,1517351368,255.44473041608586,residential,Unnamed,False,31.86,Uncategorized,
1517351357,1119827767,60.29959693014472,residential,Unnamed,False,31.86,Uncategorized,
1517351368,8318258057,80.43647269704819,residential,Unnamed,False,30.0,Uncategorized,2
1517351368,1517351355,255.44473041608586,residential,Unnamed,False,31.86,Uncategorized,
1517351368,1119827627,213.4572389892216,residential,Governor E. R. Street,False,30.0,Uncategorized,2
1517351370,1119827627,49.00758570966126,residential,Unnamed,False,31.86,Uncategorized,
1517351371,1119827767,73.05268241458857,residential,Unnamed,False,31.86,Uncategorized,
1520576429,1300391308,99.31293224088077,residential,Unnamed,False,31.86,Uncategorized,
1520576472,1127246095,34.051698644240204,service,Unnamed,False,25.85,Uncategorized,
1520576554,1342019419,186.9808107383751,residential,Unnamed,False,31.86,Uncategorized,1
1520576554,8305266284,127.58304878371878,residential,Sitio Sampaguita,False,31.86,Uncategorized,1
1520576554,8205238799,210.30000955956115,residential,Unnamed,False,31.86,Uncategorized,1
1520576554,8387105091,82.17325195793097,residential,Unnamed,False,31.86,Uncategorized,1
1521009830,12254024698,33.06597449270198,unclassified,Agapita Road,False,30.0,destination,2
1521009830,418623813,94.08206130323242,unclassified,Agapita Road,False,30.0,destination,2
1521009830,12254024697,52.865781298301144,steps,Unnamed,False,30.49,Uncategorized,
1524229858,10066570657,35.715045492925015,service,Unnamed,False,25.85,Uncategorized,
1524229870,1524229879,55.64519998787299,service,Unnamed,False,25.85,private,
1524229879,382058784,19.3286256069924,residential,Francisco O. Santos Street,False,40.0,Uncategorized,2
1524229879,1660352211,46.33792499545185,residential,Francisco O. Santos Street,False,40.0,Uncategorized,2
1524229879,1524229870,55.645199987872985,service,Unnamed,False,25.85,private,
1524402171,818892876,9.634436871363071,footway,Unnamed,False,30.0,Uncategorized,
1524402171,818892879,10.306006116652455,footway,Unnamed,False,30.0,Uncategorized,
1524402171,818892874,55.33368601105016,footway,Unnamed,False,30.0,Uncategorized,
1524402191,1524402195,13.373243650132975,service,Unnamed,False,25.85,Uncategorized,1
1524402191,573305117,105.44092506550065,service,Unnamed,False,25.85,Uncategorized,1
1524402191,1524402194,27.38995214346413,service,Unnamed,False,25.85,Uncategorized,
1524402194,1524402195,13.96392970767514,service,Unnamed,False,25.85,Uncategorized,
1524402194,573361823,11.584977375907718,steps,Unnamed,False,30.49,Uncategorized,
1524402194,1524402191,27.38995214346413,service,Unnamed,False,25.85,Uncategorized,
1524402195,12186657952,3.5170050381473072,service,Unnamed,False,25.85,Uncategorized,1
1524402195,1524402191,13.373243650132975,service,Unnamed,False,25.85,Uncategorized,1
1524402195,1524402194,13.96392970767514,service,Unnamed,False,25.85,Uncategorized,
1524452304,12186673228,58.43497194083908,service,Unnamed,False,25.85,private,
1524452310,12186673228,4.671415373969503,service,Unnamed,False,25.85,private,
1524452310,436196841,20.14771528541929,secondary,Lopez Avenue,False,30.0,Uncategorized,2
1524452310,253493602,4.470268614669791,secondary,Lopez Avenue,False,30.0,Uncategorized,2
1532125062,12254040040,5.651347305543632,residential,Joseph C. Madamba,False,35.0,Uncategorized,2
1532125062,12254040044,7.821026938510861,tertiary,Mariano M. Mondoñedo Avenue,False,35.0,Uncategorized,2
1532125062,527829431,62.217125482293795,tertiary,Mariano M. Mondoñedo Avenue,False,35.0,Uncategorized,"['2', '1']"
1532125089,12254040028,6.798367921057303,footway,Unnamed,False,30.0,Uncategorized,
1532125089,687356853,21.311733082973042,tertiary,Mariano M. Mondoñedo Avenue,False,35.0,Uncategorized,2
1532125089,12254040044,42.920334337937305,tertiary,Mariano M. Mondoñedo Avenue,False,35.0,Uncategorized,2
1532125094,12254040032,5.996231424792447,service,Unnamed,False,25.85,Uncategorized,
1532125094,12254040047,4.014088028444729,tertiary,Mariano M. Mondoñedo Avenue,False,35.0,Uncategorized,2
1532125094,687356753,19.344311894151062,tertiary,Mariano M. Mondoñedo Avenue,False,35.0,Uncategorized,2
1532125100,12254040038,5.120656218281729,service,Sam B. Durham,False,25.0,Uncategorized,2
1532125100,606307093,7.143535420322864,tertiary,Mariano M. Mondoñedo Avenue,False,35.0,Uncategorized,2
1532125100,687333243,33.53265796328833,tertiary,Mariano M. Mondoñedo Avenue,False,35.0,Uncategorized,2
1532125164,12254040041,5.714319893259094,service,Manuel L. Roxas,False,25.0,Uncategorized,2
1532125164,13123750554,2.313029339674143,tertiary,Mariano M. Mondoñedo Avenue,False,35.0,Uncategorized,2
1532125164,13123779768,68.60651473339706,tertiary,Mariano M. Mondoñedo Avenue,False,35.0,Uncategorized,2
1532125217,452998712,28.377625781667188,tertiary,Pili Drive,False,33.15,Uncategorized,2
1532125217,6361461427,4.374507197996284,footway,Unnamed,False,30.0,Uncategorized,
1532125217,696425324,31.512190677387046,tertiary,Pili Drive,False,33.15,Uncategorized,2
1532125246,497687339,41.69586311570372,tertiary,Andres P. Aglibut Avenue,False,33.15,Uncategorized,2
1532125246,12256478674,16.951997669801326,tertiary,Pili Drive,False,33.15,Uncategorized,2
1532125246,790108256,13.484287121405883,tertiary,Pili Drive,False,33.15,Uncategorized,2
1532125272,12256478677,3.431952545306197,tertiary,Pili Drive,False,33.15,Uncategorized,2
1532125272,790109095,24.603243261952137,tertiary,Pili Drive,False,33.15,Uncategorized,2
1532125272,790109095,38.20030432733063,service,Unnamed,False,25.85,Uncategorized,
1532125316,6948369176,3.925681103136858,service,Rambutan Street,False,25.85,Uncategorized,2
1532125316,4791412131,22.896351188179374,tertiary,Pili Drive,False,33.15,Uncategorized,2
1532125316,12256478683,10.860737573803814,tertiary,Pili Drive,False,33.15,Uncategorized,2
1532125318,4791412219,38.763428563660916,tertiary,Andres P. Aglibut Avenue,False,33.15,Uncategorized,2
1532125318,6361461439,2.991295374059804,service,Unnamed,False,25.85,Uncategorized,
1532125318,790108642,4.739623119251801,service,Unnamed,False,25.85,Uncategorized,
1532125318,497687339,38.95368540312313,tertiary,Andres P. Aglibut Avenue,False,33.15,Uncategorized,2
1532125341,4791412219,3.2420341290143053,tertiary,Andres P. Aglibut Avenue,False,33.15,Uncategorized,2
1532125341,6361461440,5.056746544145878,service,Unnamed,False,25.85,Uncategorized,
1532125341,1532125390,124.92076617327974,tertiary,Andres P. Aglibut Avenue,False,33.15,Uncategorized,2
1532125384,5507052329,11.661265291989457,service,Unnamed,False,25.85,Uncategorized,
1532125384,2201116202,6.602354829044587,service,Unnamed,False,25.85,Uncategorized,
1532125384,453000374,20.170337151767242,tertiary,Pili Drive,True,33.15,Uncategorized,2
1532125390,1102056955,3.07873928949211,service,Unnamed,False,25.85,Uncategorized,
1532125390,1532125341,124.92076617327973,tertiary,Andres P. Aglibut Avenue,False,33.15,Uncategorized,2
1532125390,1532125403,42.351568782955496,tertiary,Andres P. Aglibut Avenue,False,33.15,Uncategorized,2
1532125403,452988576,3.0532094480857745,service,Unnamed,False,25.85,Uncategorized,
1532125403,12186673174,2.441802912247203,service,Unnamed,False,25.85,Uncategorized,
1532125403,1532125390,42.351568782955496,tertiary,Andres P. Aglibut Avenue,False,33.15,Uncategorized,2
1532125403,1532125421,34.489521854353235,tertiary,Andres P. Aglibut Avenue,False,33.15,Uncategorized,2
1532125421,1102056972,2.866861341174032,service,Unnamed,False,25.85,permissive,
1532125421,1532125403,34.489521854353235,tertiary,Andres P. Aglibut Avenue,False,33.15,Uncategorized,2
1532125421,431156129,41.47743066274907,tertiary,Andres P. Aglibut Avenue,False,33.15,Uncategorized,2
1532125448,5507328932,5.855955868397607,service,Unnamed,False,25.85,Uncategorized,
1532125448,492081665,44.54613197635829,tertiary,Pili Drive,True,33.15,Uncategorized,2
1532125484,530614481,8.236093007034803,footway,Unnamed,False,30.0,Uncategorized,
1532125484,530614477,5.642738965268046,footway,Unnamed,False,30.0,Uncategorized,
1532125484,1134832055,18.495990967070288,path,Unnamed,False,30.0,Uncategorized,
1532125484,1558989213,15.015714441947713,footway,Unnamed,False,30.0,Uncategorized,
1532188301,8893790912,38.70443399720147,residential,Unnamed,False,40.0,Uncategorized,2
1532188301,1119866341,40.069250479602935,residential,Venus Street,False,31.86,Uncategorized,
1532188301,638898769,32.20004680015548,residential,Unnamed,False,40.0,Uncategorized,2
1532188321,1532188325,7.535384223756877,tertiary,Governor F. San Luis Street,False,33.15,Uncategorized,
1532188321,638898767,82.16796159147172,tertiary,Governor F. San Luis Street,False,33.15,Uncategorized,
1532188321,8323153375,38.18098214719174,residential,Unnamed,True,31.86,Uncategorized,
1532188325,1532188321,7.535384223756877,tertiary,Governor F. San Luis Street,False,33.15,Uncategorized,
1532188325,638899752,90.14655597965528,tertiary,Governor F. San Luis Street,False,33.15,Uncategorized,
1532188332,1532188335,31.90805275836729,residential,Catalina Drive,False,31.86,Uncategorized,
1532188332,1492183698,120.13740912118786,residential,Catalina Drive,False,31.86,Uncategorized,
1532188332,8315144236,19.27687642281618,service,Unnamed,False,25.85,Uncategorized,
1532188335,638900571,117.41343668595808,tertiary,Governor F. San Luis Street,False,33.15,Uncategorized,
1532188335,1120694344,64.71783150239106,tertiary,Governor F. San Luis Street,False,33.15,Uncategorized,
1532188335,1532188332,31.90805275836729,residential,Catalina Drive,False,31.86,Uncategorized,
1532188341,8893832480,21.55059475703407,tertiary,Governor F. San Luis Street,False,33.15,Uncategorized,
1532188341,1120694391,58.093904650622534,residential,Unnamed,False,31.86,Uncategorized,
1532188341,1120694364,177.07429879581488,tertiary,Governor F. San Luis Street,False,33.15,Uncategorized,
1532188345,5731390173,48.70523242404978,tertiary,Governor F. San Luis Street,False,33.15,Uncategorized,
1532188345,1532188351,122.74023202244773,tertiary,Governor F. San Luis Street,False,33.15,Uncategorized,
1532188345,2719143874,163.18496649573837,residential,Unnamed,False,31.86,Uncategorized,
1532188351,638901141,24.705802933177438,tertiary,IPB Road,False,33.15,Uncategorized,2
1532188351,3429855330,22.48977512643884,tertiary,IPB Road,False,33.15,Uncategorized,2
1532188351,1532188345,122.74023202244771,tertiary,Governor F. San Luis Street,False,33.15,Uncategorized,
1532188374,6361461394,7.252867586954638,tertiary,Unnamed,True,33.15,Uncategorized,2
1532188374,995847451,179.47850586259813,unclassified,Pili Drive,False,40.0,destination,2
1532188380,9031117699,13.26556949853531,tertiary,Maahas Road,False,33.15,Uncategorized,2
1532188380,9031117676,263.65876019327965,tertiary,Maahas Road,False,33.15,Uncategorized,2
1532188380,9031117685,263.54704142325295,tertiary,Unnamed,False,33.15,no,4
1532188401,995847452,209.40011915133985,unclassified,Pili Drive,False,40.0,destination,2
1532188401,8293336147,109.08395308932376,unclassified,Pili Drive,False,40.0,destination,2
1532188401,3084468908,14.435757952821898,service,Unnamed,False,15.0,private,2
1532188401,1143683952,117.18275383801044,unclassified,Road 14 North,False,33.07,private,2
1532188467,253781351,117.3681267411718,service,Road 26 North,False,25.85,private,2
1532188467,253507654,122.46085978236415,service,Road 26 North,False,25.85,private,2
1532188467,3084469144,46.31782061227804,unclassified,Pili Drive,False,40.0,destination,2
1532188467,1143683807,290.00217803950983,unclassified,Pili Drive,False,40.0,destination,2
1532188489,8893671374,34.096270869579584,tertiary,Maahas Road,False,33.15,Uncategorized,2
1532188489,8293279327,36.07004309282862,residential,Unnamed,False,31.86,permissive,
1532188489,8292598274,232.0629803629875,residential,Unnamed,False,31.86,Uncategorized,
1532188489,8293279332,46.02305596899132,tertiary,Maahas Road,False,33.15,Uncategorized,2
1532188546,8293279333,116.76950708029905,residential,Unnamed,False,31.86,Uncategorized,
1532188546,776002650,11.954867548975434,tertiary,Maahas Road,False,33.15,Uncategorized,2
1532188546,8386001118,26.67222680586689,tertiary,Maahas Road,False,33.15,Uncategorized,2
1532188550,1285602513,99.95901380117975,unclassified,Pili Drive,False,40.0,destination,2
1532188550,1143684151,36.09269149873733,unclassified,Pili Drive,False,40.0,destination,2
1532188550,8893795656,322.7979371967895,service,Unnamed,False,25.85,private,
1558989193,1558989195,18.403909857422942,footway,Unnamed,False,30.0,Uncategorized,
1558989193,1558989195,59.61337570802468,footway,Unnamed,False,30.0,Uncategorized,
1558989193,1393351007,4.437420235849876,footway,Unnamed,False,30.0,Uncategorized,
1558989195,1558989193,18.403909857422942,footway,Unnamed,False,30.0,Uncategorized,
1558989195,1558989193,59.61337570802468,footway,Unnamed,False,30.0,Uncategorized,
1558989195,1393351011,17.721289815920663,footway,Unnamed,False,30.0,Uncategorized,
1558989213,1558989215,18.06681372131184,footway,Unnamed,False,30.0,Uncategorized,
1558989213,530613566,68.1995858872117,steps,Unnamed,False,30.49,Uncategorized,
1558989213,1532125484,15.015714441947713,footway,Unnamed,False,30.0,Uncategorized,
1558989215,1558989213,18.06681372131184,footway,Unnamed,False,30.0,Uncategorized,
1558996089,1127246032,59.65696080587987,residential,Unnamed,False,31.86,private,
1558996207,1342019388,6.124258029539847,residential,Unnamed,False,31.86,Uncategorized,
1558996207,1342019438,87.62347214736783,residential,Unnamed,False,31.86,Uncategorized,
1558996207,1558996222,27.189635623904316,residential,Unnamed,True,31.86,Uncategorized,
1558996222,1342019448,5.608252584842611,residential,Unnamed,False,31.86,Uncategorized,1
1558996222,8894776896,100.94099338162178,residential,Unnamed,False,31.86,Uncategorized,1
1558996265,323077145,1144.5311813347214,residential,Unnamed,False,31.86,Uncategorized,
1559036041,312517699,52.249186518941656,residential,Unnamed,False,31.86,private,
1559036041,1127246032,195.13644234406206,residential,Unnamed,False,31.86,private,
1559036041,1127246046,236.43595985853298,residential,Unnamed,False,31.86,private,
1579271868,821353869,106.36840910062318,service,Unnamed,False,25.85,Uncategorized,
1579271880,1336263254,17.227238501143663,steps,Unnamed,False,30.49,Uncategorized,
1579271880,797775681,61.60436180953148,steps,Unnamed,False,30.49,Uncategorized,
1579271880,12186673118,90.8575707547747,service,Unnamed,False,25.85,Uncategorized,
1579271899,12186673120,6.145800477405694,service,Unnamed,False,25.85,Uncategorized,
1579271899,454087325,39.74609724971023,unclassified,Makiling Road,False,30.0,Uncategorized,2
1579271899,1579271911,35.95554594479158,unclassified,Makiling Road,False,30.0,Uncategorized,2
1579271899,1579271911,60.10277150407972,service,Unnamed,False,25.85,Uncategorized,
1579271911,454087327,12.225305028817496,unclassified,Makiling Road,False,30.0,Uncategorized,2
1579271911,1579271899,35.95554594479158,unclassified,Makiling Road,False,30.0,Uncategorized,2
1579271911,1579271899,60.10277150407971,service,Unnamed,False,25.85,Uncategorized,
1579271927,1579271929,4.980343580004543,service,Unnamed,False,25.85,Uncategorized,
1579271927,12186673113,243.65211111476975,service,Unnamed,False,25.85,Uncategorized,
1579271927,12186673120,97.72020062394452,service,Unnamed,False,25.85,Uncategorized,
1579271929,454087328,7.535788252092959,service,Unnamed,False,25.85,Uncategorized,
1579271929,1579271927,4.980343580004543,service,Unnamed,False,25.85,Uncategorized,
1579271929,12186673120,94.9376269216075,footway,Unnamed,False,30.0,Uncategorized,
1579271929,1579271956,78.84075434599828,footway,Unnamed,False,30.0,Uncategorized,
1579271956,1579271958,4.893203258628437,footway,Unnamed,False,30.0,Uncategorized,
1579271956,1579271967,7.041280130192249,footway,Unnamed,False,30.0,Uncategorized,
1579271956,1579271929,78.84075434599828,footway,Unnamed,False,30.0,Uncategorized,
1579271958,454087331,6.570800991697216,unclassified,Makiling Road,True,35.0,Uncategorized,2
1579271958,1579271965,2.916199478815866,footway,Unnamed,False,30.0,Uncategorized,
1579271958,1579271956,4.893203258628437,footway,Unnamed,False,30.0,Uncategorized,
1579271965,1579271958,2.916199478815866,footway,Unnamed,False,30.0,Uncategorized,
1579271965,1579271978,6.782046626544449,footway,Unnamed,False,30.0,Uncategorized,
1579271965,12186673109,39.29306503548222,footway,Unnamed,False,30.0,Uncategorized,
1579271967,1579271956,7.041280130192249,footway,Unnamed,False,30.0,Uncategorized,
1579271967,454087331,4.812252103853016,service,Unnamed,False,25.85,Uncategorized,
1579271967,1579271969,70.42906575521522,service,Unnamed,False,25.85,Uncategorized,
1579271967,12186658000,192.70222113196164,footway,Unnamed,False,30.0,Uncategorized,
1579271969,1579271967,70.42906575521522,service,Unnamed,False,25.85,Uncategorized,
1579271978,1579271965,6.782046626544449,footway,Unnamed,False,30.0,Uncategorized,
1579271978,1119842256,29.877610732904373,footway,Unnamed,False,30.0,Uncategorized,
1579271978,1579272040,183.61179795657074,footway,Unnamed,False,30.0,Uncategorized,
1579272040,454087341,4.642973444538631,footway,Unnamed,False,30.0,Uncategorized,
1579272040,1579271978,183.61179795657074,footway,Unnamed,False,30.0,Uncategorized,
1579272040,12186673103,50.81957852853935,footway,Unnamed,False,30.0,Uncategorized,
1613862282,1613862363,49.518046988346775,service,Unnamed,False,25.85,private,
1613862300,1613862366,21.98531898771664,service,Unnamed,False,25.85,private,
1613862363,1302792409,20.20087644460797,primary,National Highway,False,30.49,Uncategorized,4
1613862363,1143665048,91.38977991558713,primary,National Highway,False,30.49,Uncategorized,4
1613862363,1613862282,49.518046988346775,service,Unnamed,False,25.85,private,
1613862366,443159976,7.189964994810373,primary,National Highway,False,30.49,Uncategorized,4
1613862366,1923606798,38.393212200665204,primary,National Highway,False,30.49,Uncategorized,4
1613862366,1613862300,21.98531898771664,service,Unnamed,False,25.85,private,
1660352016,12774850287,4.193564745266958,steps,Unnamed,False,30.49,Uncategorized,
1660352033,12774850286,4.04707531264581,steps,Unnamed,False,30.49,Uncategorized,
1660352211,1524229879,46.33792499545185,residential,Francisco O. Santos Street,False,40.0,Uncategorized,2
1660352211,428744612,123.17400491292378,residential,Francisco O. Santos Street,False,40.0,Uncategorized,2
1660352211,1666958789,56.46064437207478,service,Unnamed,False,25.85,private,
1660352342,1660352354,29.667038982568382,service,Unnamed,False,25.85,private,
1660352354,428743655,57.38177616809381,residential,Ruby Street,False,40.0,Uncategorized,2
1660352354,428743607,22.873674554084555,residential,Ruby Street,False,40.0,Uncategorized,2
1660352354,1660352342,29.667038982568382,service,Unnamed,False,25.85,private,
1666958789,1660352211,56.46064437207478,service,Unnamed,False,25.85,private,
1668185206,1187299842,158.609476906107,residential,Unnamed,False,31.86,Uncategorized,
1668185213,1143691220,8.510743408138271,primary,National Highway,False,30.49,Uncategorized,4
1668185213,1668185214,16.859726951994457,primary,National Highway,False,30.49,Uncategorized,4
1668185214,1668185213,16.859726951994457,primary,National Highway,False,30.49,Uncategorized,4
1668185214,1668185213,42.40400442165067,service,Unnamed,True,25.85,Uncategorized,
1668185214,8893838527,7.57807092191446,primary,National Highway,False,30.49,Uncategorized,4
1668185258,1342019393,7.5694234497002455,residential,Unnamed,False,31.86,Uncategorized,
1668185290,1342019422,31.028659219245363,residential,Unnamed,False,31.86,private,
1668185290,1342019454,126.04409887762719,residential,Unnamed,False,31.86,private,
1668185290,1342019455,233.3619984388245,residential,Unnamed,False,31.86,private,
1700868832,460203631,3.7528977975827646,primary,National Highway,False,30.49,Uncategorized,4
1700868832,382044305,28.031591859556084,primary,National Highway,False,30.49,Uncategorized,4
1700868832,12309592291,5.899927093896474,service,Unnamed,False,25.85,private,
1700868840,12309592291,94.68954878471214,service,Unnamed,False,25.85,private,
1700868852,12309592290,103.02073430861914,footway,Unnamed,False,30.0,Uncategorized,
1711023131,453009414,60.72979976731061,tertiary,Villegas,False,30.0,Uncategorized,
1711023131,417266494,5.968132845454167,tertiary,Villegas,False,30.0,Uncategorized,
1711023131,1711023141,19.257615619324593,service,Unnamed,False,30.0,private,
1711023141,1711023131,19.257615619324593,service,Unnamed,False,30.0,private,
1711049929,2021099165,979.007368710602,unclassified,Magnetic Road,False,33.07,Uncategorized,
1711049933,454088004,23.57969600644987,secondary,Jamboree Road,False,30.0,Uncategorized,2
1711049933,253806107,43.02268173060715,tertiary,Unnamed,False,33.15,Uncategorized,
1711049933,454088015,15.996204499122062,secondary,Jamboree Road,False,30.0,Uncategorized,2
1711050140,1300391267,122.55360648592094,residential,Unnamed,False,31.86,Uncategorized,
1711050164,1711050169,34.71459326602223,service,Unnamed,False,25.85,Uncategorized,
1711050164,945031114,18.31786210651145,service,Unnamed,False,25.85,Uncategorized,
1711050164,1300391267,141.3086671996052,service,Unnamed,False,25.85,Uncategorized,
1711050168,945031114,34.15931452821514,unclassified,Ibarang Road,False,33.07,Uncategorized,2
1711050168,253792494,14.513982442209333,unclassified,Ibarang Road,False,33.07,Uncategorized,2
1711050168,253788571,249.7530839259515,unclassified,Unnamed,False,33.07,Uncategorized,
1711050169,253792494,15.922852516913727,residential,Unnamed,False,31.86,Uncategorized,
1711050169,1711050164,34.71459326602223,service,Unnamed,False,25.85,Uncategorized,
1711050169,1300391267,104.75195102654118,residential,Unnamed,False,31.86,Uncategorized,
1737935514,1737935517,60.46409543626522,residential,Unnamed,False,31.86,Uncategorized,
1737935517,1737935514,60.46409543626522,residential,Unnamed,False,31.86,Uncategorized,
1737935517,13066226280,793.6769292189597,residential,Purok Dampalit,False,31.86,Uncategorized,
1737935517,316156826,43.27932820139438,residential,Purok Dampalit,False,31.86,Uncategorized,
1737935552,12309592243,88.60630036657875,footway,Unnamed,False,30.0,Uncategorized,
1737935556,1342055519,29.45490393307858,primary,National Highway,False,30.49,Uncategorized,4
1737935556,12309592243,6.7769557151433695,footway,Unnamed,False,30.0,Uncategorized,
1737935556,1342055518,47.019844590414905,primary,National Highway,False,30.49,Uncategorized,4
1801370349,253782873,16.042252769873237,tertiary,J. Aquino Street,False,33.15,Uncategorized,2
1801370349,10905848477,10.498218180749008,tertiary,J. Aquino Street,False,33.15,Uncategorized,2
1801370349,12309592343,4.652496991975386,service,Unnamed,False,25.85,Uncategorized,
1889685010,253790905,44.94422859879093,residential,Unnamed,False,30.0,Uncategorized,1
1889685010,427966149,38.536263719651544,residential,Unnamed,False,30.0,Uncategorized,1
1889685010,1889685020,93.8954309920542,residential,Unnamed,False,31.86,Uncategorized,1
1889685020,1889685010,93.8954309920542,residential,Unnamed,False,31.86,Uncategorized,1
1889685062,1285602702,34.65013546745221,residential,Unnamed,False,31.86,Uncategorized,
1891630724,6361461427,9.562625546936939,footway,Unnamed,False,30.0,Uncategorized,
1891630728,6361461439,46.55033492069062,service,Unnamed,False,25.85,Uncategorized,
1891630728,1891630745,11.557085185446192,footway,Unnamed,False,30.0,Uncategorized,
1891630728,696426315,33.8010511806582,service,Unnamed,False,25.85,Uncategorized,
1891630745,1891630728,11.557085185446192,footway,Unnamed,False,30.0,Uncategorized,
1891630797,573360638,1.8041483311609636,footway,Unnamed,False,30.0,Uncategorized,
1891630802,811028743,9.394101858366861,footway,Unnamed,False,30.0,Uncategorized,
1891630802,1891630803,1.6800950841117857,footway,Unnamed,False,30.0,Uncategorized,
1891630802,438048699,31.64047747858636,footway,Unnamed,False,30.0,Uncategorized,
1891630803,1891630802,1.6800950841117857,footway,Unnamed,False,30.0,Uncategorized,
1923606698,427966111,16.108617036050774,unclassified,Daang Kalabaw,False,40.0,Uncategorized,2
1923606698,427966110,35.95106185725781,unclassified,Daang Kalabaw,False,40.0,Uncategorized,2
1923606698,1923606707,57.48689899478469,service,Unnamed,False,25.85,private,
1923606707,1923606698,57.48689899478469,service,Unnamed,False,25.85,private,
1923606759,1423677436,78.84225887292638,residential,Unnamed,False,31.86,Uncategorized,
1923606772,1923606798,33.06476618115557,footway,Unnamed,False,30.0,private,
1923606797,1187299463,16.766039958091895,primary,National Highway,False,30.49,Uncategorized,4
1923606797,443159859,96.73676035916074,primary,National Highway,False,30.49,Uncategorized,4
1923606797,1923606859,74.0088222741795,footway,Unnamed,False,30.0,Uncategorized,
1923606798,1613862366,38.393212200665204,primary,National Highway,False,30.49,Uncategorized,4
1923606798,1256302863,25.12885872204836,primary,National Highway,False,30.49,Uncategorized,4
1923606798,1923606772,33.06476618115557,footway,Unnamed,False,30.0,private,
1923606824,1187299463,32.11943682486871,footway,Unnamed,False,30.0,Uncategorized,
1923606859,1923606797,74.0088222741795,footway,Unnamed,False,30.0,Uncategorized,
1923626797,1923626798,4.8982394994336635,steps,Unnamed,False,30.49,Uncategorized,
1923626798,1923626797,4.8982394994336635,steps,Unnamed,False,30.49,Uncategorized,
1923626798,687379774,23.23283034077408,service,Unnamed,False,25.0,Uncategorized,
1923626798,696409339,23.1472119357682,service,Unnamed,False,25.0,Uncategorized,
1923626807,1923626808,6.93038683954845,footway,Unnamed,False,30.0,Uncategorized,
1923626808,1923626807,6.93038683954845,footway,Unnamed,False,30.0,Uncategorized,
1923626808,983332759,14.900512511677691,footway,Unnamed,False,30.0,Uncategorized,
1923626808,12186657986,54.02038632564991,footway,Unnamed,False,30.0,Uncategorized,
1926723144,12254024676,130.8054381957119,service,Siving,False,25.85,private,
1955915695,1252235397,134.7910610347752,residential,Row Street,False,31.86,destination,
1955915753,452998518,204.94817303488142,residential,Greenway Drive,False,30.0,Uncategorized,
1956473397,454087640,214.68646928582157,service,Unnamed,False,25.85,Uncategorized,
1956473397,1956473423,43.206321523815234,service,Unnamed,False,25.85,Uncategorized,
1956473397,1956473423,65.82473827999891,service,Unnamed,False,25.85,Uncategorized,
1956473423,454087441,25.75016089796036,service,Unnamed,False,25.85,Uncategorized,
1956473423,1956473397,43.206321523815234,service,Unnamed,False,25.85,Uncategorized,
1956473423,1956473397,65.82473827999891,service,Unnamed,False,25.85,Uncategorized,
2021099165,8065869775,160.02179645372314,secondary,Jamboree Road,False,30.0,Uncategorized,2
2021099165,10595629656,373.13279981214714,secondary,Jamboree Road,False,30.0,Uncategorized,2
2021099165,1711049929,979.0073687106022,unclassified,Magnetic Road,False,33.07,Uncategorized,
2021099178,2785682422,45.78412281651757,primary,National Highway,False,30.49,Uncategorized,4
2021099178,312517699,41.17714151959568,primary,National Highway,False,30.49,Uncategorized,4
2021099178,2021099181,38.91329962493206,footway,Unnamed,False,30.0,Uncategorized,
2021099181,2021099178,38.91329962493206,footway,Unnamed,False,30.0,Uncategorized,
2021099182,454734326,30.591472107347037,secondary,Jamboree Road,False,30.0,Uncategorized,2
2021099182,3970334301,36.59054914191735,footway,Unnamed,False,30.0,Uncategorized,
2021099182,1300391352,76.31042052290933,secondary,Jamboree Road,False,30.0,Uncategorized,2
2021099187,1300391138,116.86294876031283,service,Unnamed,False,25.85,Uncategorized,
2029526918,529867701,25.499581392768597,footway,Unnamed,False,30.0,Uncategorized,
2039759370,253790905,56.30076601575122,residential,Unnamed,False,31.86,Uncategorized,
2039759609,12309592279,57.70787757313167,residential,Unnamed,False,31.86,Uncategorized,
2039831723,382058354,22.793609917920946,residential,Elon-Elon Street,False,40.0,Uncategorized,2
2039831723,382058282,85.43633809053419,residential,Elon-Elon Street,False,40.0,Uncategorized,2
2039831723,8893652182,41.74884061647829,service,Unnamed,False,25.85,private,
2039831730,8893652182,12.565233793333888,service,Unnamed,False,25.85,private,
2062527568,2062527570,5.9932393216116,steps,Unnamed,False,30.49,Uncategorized,
2062527570,529871297,6.752901790246163,service,Unnamed,False,25.85,Uncategorized,
2062527570,572988466,7.999148687514601,service,Unnamed,False,25.85,Uncategorized,
2062527570,2062527568,5.9932393216116,steps,Unnamed,False,30.49,Uncategorized,
2069394980,5731400611,4.23223949142201,footway,Unnamed,False,30.0,Uncategorized,
2069394999,5731400611,25.151138179436813,footway,Unnamed,False,30.0,Uncategorized,
2069394999,28997179,82.37098208570092,primary,National Highway,False,30.49,Uncategorized,4
2069394999,453009423,26.002192168733178,primary,National Highway,False,30.49,Uncategorized,4
2069395077,1127246020,58.44076182155124,residential,Aquino,False,31.86,Uncategorized,
2069395077,1127246021,5.98552829402477,residential,Aquino,False,31.86,Uncategorized,
2069395077,2069395094,37.25344422036147,service,Unnamed,False,25.85,Uncategorized,
2069395094,1127246095,7.639525976502974,residential,Revilleza,False,31.86,Uncategorized,
2069395094,1127246097,62.6216168952966,residential,Revilleza,False,31.86,Uncategorized,
2069395094,2069395077,37.25344422036148,service,Unnamed,False,25.85,Uncategorized,
2069395295,453009414,103.83193079754776,service,Unnamed,False,30.0,private,
2069395314,453007624,60.11363534922084,footway,Unnamed,False,30.0,Uncategorized,
2069395314,453007402,42.04100185951562,service,Unnamed,False,25.85,Uncategorized,
2069395314,2069395324,36.772331936123834,service,Unnamed,False,25.85,Uncategorized,
2069395324,2069395314,36.772331936123834,service,Unnamed,False,25.85,Uncategorized,
2069449230,1229057576,133.68831598710855,residential,Unnamed,False,31.86,Uncategorized,
2069449253,10773785110,29.20362279187744,residential,Unnamed,False,31.86,Uncategorized,
2069449253,1300391325,182.09066307509445,residential,Sampaguita,False,31.86,Uncategorized,
2069449253,1300391331,45.32255288437738,residential,Jasmine,False,31.86,Uncategorized,
2069449257,1342891838,13.460670807337662,residential,Unnamed,False,31.86,Uncategorized,
2069449257,1344052702,21.509468666465267,residential,Unnamed,False,31.86,Uncategorized,
2069449257,2454082219,72.78088123135507,service,Unnamed,False,25.85,Uncategorized,
2069449257,12718893575,249.4185587933451,service,Unnamed,False,25.85,Uncategorized,
2081049156,5507328856,25.6832283399006,service,Unnamed,False,25.85,Uncategorized,
2081049162,438062957,2.5759088975347435,steps,Unnamed,False,30.49,Uncategorized,
2081049164,606516192,0.5714221460593074,steps,Unnamed,False,30.49,Uncategorized,
2081049167,438056110,3.0874538766130093,footway,Unnamed,False,30.0,Uncategorized,
2081049167,10066583277,10.360156402183915,footway,Unnamed,False,30.0,Uncategorized,
2081049167,2081049169,1.771622762517742,footway,Unnamed,False,30.0,Uncategorized,
2081049169,2081049167,1.771622762517742,footway,Unnamed,False,30.0,Uncategorized,
2081049204,572998743,1.7794899009612413,steps,Unnamed,False,30.49,Uncategorized,
2103171253,1336263435,2.342840662859109,steps,Unnamed,False,30.49,Uncategorized,
2108118045,5507391066,10.126128179248692,footway,Unnamed,False,30.0,Uncategorized,
2108118045,1445225029,74.99976228078188,footway,Unnamed,False,30.0,Uncategorized,
2108118045,12186673130,9.591133629715909,footway,Unnamed,False,30.0,Uncategorized,
2112402453,2112402456,11.944545940856965,footway,Unnamed,False,30.0,Uncategorized,
2112402453,2112402454,14.510842053908908,service,Unnamed,False,25.85,Uncategorized,
2112402453,4793258729,9.72622042015331,service,Unnamed,False,25.85,Uncategorized,
2112402454,2112402466,107.70863698581343,path,Unnamed,False,30.0,Uncategorized,
2112402454,4793258730,43.47302227083054,service,Unnamed,False,25.85,Uncategorized,
2112402454,2112402453,14.510842053908908,service,Unnamed,False,25.85,Uncategorized,
2112402456,2112402453,11.944545940856965,footway,Unnamed,False,30.0,Uncategorized,
2112402466,6361462005,58.03971984811973,footway,Unnamed,False,30.0,Uncategorized,
2112402466,12254040048,3.260611309060424,footway,Unnamed,False,30.0,Uncategorized,
2112402466,2112402454,107.70863698581343,path,Unnamed,False,30.0,Uncategorized,
2112402513,995847536,36.28922312612997,service,Unnamed,False,25.85,Uncategorized,
2112402522,5507391066,15.700708745191502,footway,Unnamed,False,30.0,Uncategorized,
2112402522,5507391069,13.859232154351652,footway,Unnamed,False,30.0,Uncategorized,
2112402522,1445225040,63.8134867150295,footway,Unnamed,False,30.0,Uncategorized,
2112402544,572988943,4.93239930580828,path,Unnamed,False,30.0,Uncategorized,
2138694568,428744612,19.987867454736012,residential,Pearl Street,False,40.0,Uncategorized,2
2138694568,428744611,48.19249459436563,residential,Pearl Street,False,40.0,Uncategorized,2
2138694568,2138694569,32.73167612135878,footway,Unnamed,False,30.0,private,
2138694569,2138694568,32.731676121358774,footway,Unnamed,False,30.0,private,
2169865058,3329860345,4.680570289940677,footway,Unnamed,False,30.0,Uncategorized,
2169865073,790108218,19.449594988488247,service,Unnamed,False,25.85,Uncategorized,
2169865073,790108114,14.667385670138803,service,Unnamed,False,25.85,Uncategorized,
2169865073,3329860345,29.90289906718504,footway,Unnamed,False,30.0,Uncategorized,
2169901272,689735687,6.913626160805565,steps,Unnamed,False,30.49,Uncategorized,
2169901280,527827815,7.334825120735738,steps,Unnamed,False,30.49,Uncategorized,
2169901372,4006910531,37.39974919877027,footway,Unnamed,False,30.0,Uncategorized,
2169969882,253503657,4.96048215794866,service,Unnamed,False,20.0,Uncategorized,
2169969882,12186673196,11.559864210462107,footway,Unnamed,False,30.0,Uncategorized,
2169969882,428743384,30.63724128152419,service,Unnamed,False,20.0,Uncategorized,
2169969882,12186673193,90.16377020851513,footway,Unnamed,False,30.0,Uncategorized,
2170279423,790108114,55.25972223230248,service,Unnamed,False,25.85,Uncategorized,
2170279505,2170279512,13.80318868812175,service,Unnamed,False,25.85,Uncategorized,
2170279512,12254040048,29.24904612028608,footway,Unnamed,False,30.0,Uncategorized,
2170279512,12256478682,20.988067930580865,footway,Unnamed,False,30.0,Uncategorized,
2170279512,8323902317,7.006867416820152,service,Unnamed,False,25.85,Uncategorized,
2170279512,2170279505,13.80318868812175,service,Unnamed,False,25.85,Uncategorized,
2170279575,4793258722,4.057457430816559,footway,Unnamed,False,30.0,Uncategorized,
2170279575,2170279599,28.059091556971094,steps,Unnamed,False,30.49,Uncategorized,
2170279575,5507328950,3.938687373200779,steps,Unnamed,False,30.49,Uncategorized,
2170279599,1187299465,2.1796183990478184,footway,Unnamed,False,30.0,Uncategorized,
2170279599,5507328938,5.713812697801611,footway,Unnamed,False,30.0,Uncategorized,
2170279599,2170279575,28.05909155697109,steps,Unnamed,False,30.49,Uncategorized,
2170279621,2170279634,16.838868158821775,footway,Unnamed,False,30.0,Uncategorized,
2170279634,2170279621,16.838868158821775,footway,Unnamed,False,30.0,Uncategorized,
2170279634,3429855273,28.403211201009697,footway,Unnamed,False,30.0,Uncategorized,
2170279634,2170279661,29.70674659193909,footway,Unnamed,False,30.0,Uncategorized,
2170279649,6372174233,17.857615514225092,service,Unnamed,False,25.85,Uncategorized,
2170279649,2170279661,20.73512646585838,service,Unnamed,False,25.85,Uncategorized,
2170279649,2201116202,11.29227288875255,service,Unnamed,False,25.85,Uncategorized,
2170279661,2170279649,20.73512646585838,service,Unnamed,False,25.85,Uncategorized,
2170279661,2170279713,29.77565804897726,service,Unnamed,False,25.85,Uncategorized,
2170279661,2170279704,12.648878840156383,footway,Unnamed,False,30.0,Uncategorized,
2170279661,2170279634,29.70674659193909,footway,Unnamed,False,30.0,Uncategorized,
2170279704,2170279661,12.648878840156383,footway,Unnamed,False,30.0,Uncategorized,
2170279704,453000374,5.975001168429574,footway,Unnamed,False,30.0,Uncategorized,
2170279704,5507328935,28.471207520020172,footway,Unnamed,False,30.0,Uncategorized,
2170279704,2201116202,21.865881979766495,footway,Unnamed,False,30.0,Uncategorized,
2170279713,5507328935,16.535561027170868,service,Unnamed,False,25.85,Uncategorized,2
2170279713,995847536,33.75737703647854,service,Unnamed,False,25.85,Uncategorized,2
2170279713,2170279661,29.77565804897726,service,Unnamed,False,25.85,Uncategorized,
2179918429,435136065,15.664777188740732,footway,Unnamed,False,30.0,Uncategorized,
2179918494,1252052260,4.993930916868192,footway,Unnamed,False,30.0,Uncategorized,
2179918609,2846145191,7.825607491827793,footway,Unnamed,False,30.0,Uncategorized,
2179918661,435135617,12.324508301084887,footway,Unnamed,False,30.0,Uncategorized,
2201116202,6372174225,54.88391580717664,footway,Unnamed,False,30.0,Uncategorized,
2201116202,1532125384,6.602354829044587,service,Unnamed,False,25.85,Uncategorized,
2201116202,2170279649,11.29227288875255,service,Unnamed,False,25.85,Uncategorized,
2201116202,2170279704,21.865881979766492,footway,Unnamed,False,30.0,Uncategorized,
2207622428,12254024685,4.928102214911341,service,Unnamed,False,25.85,private,
2207622428,253493602,22.335679141461576,secondary,Lopez Avenue,False,30.0,Uncategorized,2
2207622428,447737202,14.977831823402942,secondary,Lopez Avenue,False,30.0,Uncategorized,2
2207622433,12254024685,20.235313043061502,service,Unnamed,False,25.85,private,
2209721726,5507391069,25.790480410718366,footway,Unnamed,False,30.0,Uncategorized,
2209721726,391720955,10.954399535718233,service,Unnamed,False,25.85,Uncategorized,
2209721726,5507391089,94.51122866634779,footway,Unnamed,False,30.0,Uncategorized,
2214111324,2214111326,53.53286524430626,service,Unnamed,False,25.85,Uncategorized,
2214111325,2214111326,20.69277607192658,service,Unnamed,False,25.85,Uncategorized,
2214111326,8894315992,36.74090612556257,unclassified,Unnamed,False,33.07,Uncategorized,
2214111326,2214111325,20.69277607192658,service,Unnamed,False,25.85,Uncategorized,
2214111326,2214111324,53.53286524430626,service,Unnamed,False,25.85,Uncategorized,
2214111326,1252235355,220.46355675895305,unclassified,Unnamed,False,33.07,Uncategorized,
2214111327,1119866312,49.76319976584755,residential,Unnamed,False,31.86,Uncategorized,
2214111328,1120694730,45.67092489019347,residential,Bauhinia,False,30.0,Uncategorized,
2249819361,2249819369,40.18475047892446,residential,Unnamed,False,20.0,private,
2249819361,2249819367,35.96095781044951,residential,Unnamed,False,20.0,private,
2249819361,425111012,86.65043757690326,residential,Unnamed,False,20.0,private,
2249819364,2249819367,29.018306832940446,residential,Unnamed,False,20.0,private,
2249819367,3431739649,34.25553093664421,residential,Narra Street,False,20.0,private,
2249819367,422733573,42.301680887139966,residential,Narra Street,False,20.0,private,
2249819367,2249819361,35.96095781044951,residential,Unnamed,False,20.0,private,
2249819367,2249819364,29.018306832940446,residential,Unnamed,False,20.0,private,
2249819369,2249819361,40.18475047892446,residential,Unnamed,False,20.0,private,
2249819369,8318615599,122.28574521334366,residential,Unnamed,False,20.0,private,
2249819369,8318615599,124.79449980295479,residential,Unnamed,False,20.0,private,
2249819371,3431739649,49.95294499067387,residential,Unnamed,False,20.0,private,
2249819371,2249819372,26.324486300558736,residential,Unnamed,False,20.0,private,
2249819371,3431739647,85.99619012190466,residential,Unnamed,False,20.0,private,
2249819372,2249819371,26.324486300558736,residential,Unnamed,False,20.0,private,
2249819437,474857214,120.0710563287374,residential,Unnamed,False,31.86,Uncategorized,
2249819511,12309592244,74.78259880686717,footway,Unnamed,False,30.0,Uncategorized,
2249819523,8896536024,9.667612133713314,primary,National Highway,False,30.49,Uncategorized,4
2249819523,1342055518,18.394517262758306,primary,National Highway,False,30.49,Uncategorized,4
2249819523,12309592244,6.784161181393355,footway,Unnamed,False,30.0,Uncategorized,
2249819578,12309592287,111.57619658763043,footway,Unnamed,False,30.0,Uncategorized,
2249819681,1342050590,80.13871683575306,residential,Unnamed,False,31.86,Uncategorized,
2249819761,1342050588,84.8311255175821,residential,Unnamed,False,31.86,Uncategorized,
2249819761,8065890746,49.18705322502609,residential,Unnamed,False,31.86,Uncategorized,
2249819761,8896461295,120.27562834301234,residential,Unnamed,False,31.86,Uncategorized,
2249819768,12309592334,60.91806792959,footway,Unnamed,False,30.0,Uncategorized,
2249819779,2249819785,82.62141253604224,residential,Unnamed,False,31.86,Uncategorized,
2249819785,2249819779,82.62141253604224,residential,Unnamed,False,31.86,Uncategorized,
2249819785,2249819787,25.85792074395902,residential,Unnamed,False,31.86,Uncategorized,
2249819785,2249819798,45.58653772836726,residential,Unnamed,False,31.86,Uncategorized,
2249819787,2249819785,25.85792074395902,residential,Unnamed,False,31.86,Uncategorized,
2249819798,1252148608,154.209177596432,residential,Sitio Sampaguita,False,31.86,Uncategorized,
2249819798,2249819785,45.58653772836726,residential,Unnamed,False,31.86,Uncategorized,
2249819798,8896461293,459.2272754032237,residential,Sitio Sampaguita,False,31.86,Uncategorized,
2260072547,775988634,43.68891669911177,service,Unnamed,False,25.85,private,
2260097143,417266917,145.91805387264873,residential,Unnamed,False,31.86,Uncategorized,
2260124381,526792901,12.507025116792214,residential,Jose D. Drilon Jr.,False,30.0,Uncategorized,
2260124381,526792901,23.900998816089682,service,Unnamed,False,25.85,Uncategorized,
2260124381,526792350,241.09192078786273,residential,Jose D. Drilon Jr.,False,30.0,Uncategorized,
2339064590,2339064601,32.948368042977364,footway,Unnamed,False,30.0,Uncategorized,
2339064590,527828410,7.337839244465876,footway,Unnamed,False,30.0,Uncategorized,
2339064590,12254040027,7.798656961537459,footway,Unnamed,False,30.0,Uncategorized,
2339064590,2339064591,7.85248474285926,footway,Unnamed,False,30.0,Uncategorized,
2339064591,2339064590,7.85248474285926,footway,Unnamed,False,30.0,Uncategorized,
2339064601,12254040030,10.014939278593285,service,Unnamed,False,25.85,Uncategorized,
2339064601,687352299,48.0874544941187,service,Unnamed,False,25.85,Uncategorized,
2339064601,2339064590,32.948368042977364,footway,Unnamed,False,30.0,Uncategorized,
2349006164,484164082,8.99870178571711,footway,Unnamed,False,30.0,Uncategorized,
2349006164,2349006166,23.024812173385733,footway,Unnamed,False,30.0,Uncategorized,
2349006164,767038303,23.50065206446963,footway,Unnamed,False,30.0,Uncategorized,
2349006166,484163928,9.738786104577349,service,LB Square Parkway,False,30.0,Uncategorized,1
2349006166,2349006164,23.024812173385733,footway,Unnamed,False,30.0,Uncategorized,
2349006166,12254024663,34.98833395255257,service,LB Square Parkway,False,30.0,Uncategorized,1
2352985489,253765458,56.975245620581944,service,Unnamed,False,25.85,private,2
2352985489,3604596787,46.99144293028629,service,Unnamed,False,25.85,private,2
2352985489,2352985492,6.07725393762529,service,Unnamed,False,25.85,private,
2352985492,2352985489,6.07725393762529,service,Unnamed,False,25.85,private,
2352985492,3604596789,18.039643034374752,service,Unnamed,False,25.85,private,
2352985492,2352985551,112.67852168940513,service,Unnamed,False,25.85,private,
2352985509,3604596787,36.23237579661516,service,Unnamed,False,25.85,private,2
2352985509,11068654854,23.8252021811846,service,Unnamed,False,25.85,private,2
2352985509,3604596767,72.68277493550691,service,Unnamed,False,25.85,private,
2352985551,5310623333,26.387374123005927,service,Unnamed,True,25.85,private,2
2352985551,2352985492,112.67852168940513,service,Unnamed,False,25.85,private,
2352985603,2352985611,25.863066543343844,service,Unnamed,False,25.85,private,
2352985603,3604596767,29.48418832807007,service,Unnamed,False,25.85,private,
2352985603,3604596765,22.875189706239322,service,Unnamed,False,25.85,private,
2352985610,253789150,88.75460901420234,service,Road 26 North,False,25.85,private,2
2352985610,3751483239,28.055049790886518,service,Road 26 North,False,25.85,private,2
2352985610,8893797447,45.481992571841765,service,Unnamed,False,25.85,private,
2352985611,2352985603,25.863066543343844,service,Unnamed,False,25.85,private,
2352985611,5310623333,47.04077485137377,service,Unnamed,False,25.85,private,
2352985611,1285602547,25.92723730583966,service,Unnamed,False,25.85,private,
2352985611,1285602673,64.41937967560162,service,Unnamed,False,25.85,private,
2352985628,1285602599,41.228456589761876,service,Unnamed,False,15.0,private,2
2352985628,2352985628,47.54413204805653,service,Unnamed,False,25.85,private,
2352985628,2352985628,47.544132048056525,service,Unnamed,False,25.85,private,
2352985632,3604596765,30.66111009847336,service,Unnamed,False,25.85,private,
2352985671,1285602585,6.5804349525101395,unclassified,Pili Drive,False,40.0,destination,2
2352985671,2352985688,40.89131048497478,unclassified,Pili Drive,False,40.0,destination,2
2352985671,2352985677,13.180926993168754,service,Unnamed,False,25.85,private,
2352985677,2352985706,42.40060804213831,service,Unnamed,False,25.85,private,
2352985677,2352985671,13.180926993168754,service,Unnamed,False,25.85,private,
2352985677,2352985688,51.348542114199624,service,Unnamed,False,25.85,private,
2352985688,2352985671,40.89131048497478,unclassified,Pili Drive,False,40.0,destination,2
2352985688,3084469144,43.41868805985497,unclassified,Pili Drive,False,40.0,destination,2
2352985688,2352985677,51.34854211419963,service,Unnamed,False,25.85,private,
2352985706,2352985677,42.40060804213831,service,Unnamed,False,25.85,private,
2358453479,1411812861,26.504311013218025,footway,Unnamed,False,30.0,Uncategorized,
2361575007,382824761,54.24870945395437,tertiary,Jose B. Juliano Avenue,False,33.15,Uncategorized,2
2361575007,11804158237,11.101524045607164,tertiary,Jose B. Juliano Avenue,False,33.15,Uncategorized,2
2361575007,12256481417,3.075040180398549,service,Unnamed,False,25.85,Uncategorized,
2361575024,1126043016,12.269193791337866,footway,Unnamed,False,30.0,Uncategorized,
2361575024,12256481414,3.0191206378828386,footway,Unnamed,False,30.0,Uncategorized,
2361575024,12118226985,33.25265672412108,footway,Unnamed,False,30.0,Uncategorized,
2361575026,1116385292,3.9503873830069716,tertiary,Jose B. Juliano Avenue,False,33.15,Uncategorized,2
2361575026,5507052418,9.028169421700328,tertiary,Jose B. Juliano Avenue,False,33.15,Uncategorized,2
2361575026,12256481414,4.861774312578679,footway,Unnamed,False,30.0,Uncategorized,
2365786253,428744373,30.076735674427084,service,Unnamed,False,25.85,private,
2385949410,12254024665,5.127129929739962,service,Unnamed,False,25.85,Uncategorized,
2385949410,253771507,47.76445115960448,secondary,Lopez Avenue,False,30.0,Uncategorized,2
2385949410,3740038574,25.786453046934607,secondary,Lopez Avenue,False,30.0,Uncategorized,2
2385949411,1184304990,45.305563951273214,service,Unnamed,False,25.85,Uncategorized,
2385949411,2385949415,78.83262429434096,service,Unnamed,False,25.85,Uncategorized,
2385949411,12254024665,5.883829862551299,service,Unnamed,False,25.85,Uncategorized,
2385949415,2385949411,78.83262429434096,service,Unnamed,False,25.85,Uncategorized,
2392814252,12254024699,28.339598991746296,service,Unnamed,False,25.85,Uncategorized,
2394959545,1304345839,39.955161142433894,residential,Unnamed,False,31.86,destination,
2394959545,2394959564,129.93044943054187,residential,Unnamed,False,31.86,destination,
2394959545,1300391157,50.68149699963004,residential,Unnamed,False,31.86,destination,
2394959548,1300391122,26.67690995857922,residential,Unnamed,False,31.86,destination,
2394959548,1300391157,35.13677461295451,residential,Unnamed,False,31.86,destination,
2394959548,2394959564,102.66084104453736,residential,Unnamed,False,31.86,destination,
2394959564,8289262031,32.35447422794837,residential,Unnamed,False,31.86,destination,
2394959564,2394959545,129.93044943054187,residential,Unnamed,False,31.86,destination,
2394959564,2394959548,102.66084104453736,residential,Unnamed,False,31.86,destination,
2394959578,1300391110,60.53110634119779,residential,Unnamed,False,31.86,Uncategorized,
2394959700,6300812082,23.93883067378146,footway,Unnamed,False,30.0,Uncategorized,
2400088630,2400088638,66.05306634248204,service,Unnamed,False,25.85,private,1
2400088638,1119886446,13.362529284532888,residential,Palm Drive,False,30.0,Uncategorized,2
2400088638,4590841882,40.10114094471264,residential,Palm Drive,False,30.0,Uncategorized,2
2400088638,2400088630,66.05306634248204,service,Unnamed,False,25.85,private,1
2402477330,12254024684,49.79051418408471,footway,Unnamed,False,30.0,private,
2440322895,427963766,34.45595234347377,service,Unnamed,False,25.85,private,
2440322907,427963766,77.15108188087858,service,Unnamed,False,25.85,private,
2442931633,382058784,63.90929253049247,residential,Diamond Street,False,40.0,Uncategorized,2
2442931633,428744614,7.047171643454339,residential,Diamond Street,False,40.0,Uncategorized,2
2442931633,12186673210,64.53345816595045,footway,Unnamed,False,30.0,Uncategorized,
2442931664,8336557489,30.34415062617759,service,Unnamed,False,25.85,private,
2449173383,5613542921,260.36772670918634,path,Unnamed,False,30.0,Uncategorized,
2449173383,1256325135,191.00922786561233,residential,Unnamed,False,31.86,Uncategorized,
2449173383,7155474356,48.75723300840308,path,Unnamed,False,30.0,Uncategorized,
2454082219,2069449257,72.78088123135507,service,Unnamed,False,25.85,Uncategorized,
2454082219,2454082221,31.78983421797315,service,Unnamed,False,25.85,Uncategorized,
2454082219,2454082223,138.84972733760006,service,Unnamed,False,25.85,Uncategorized,
2454082221,2454082223,24.2599115814774,service,Unnamed,False,25.85,Uncategorized,
2454082221,2454082219,31.78983421797315,service,Unnamed,False,25.85,Uncategorized,
2454082221,1344052702,73.24164879485889,service,Unnamed,False,25.85,Uncategorized,
2454082223,2454082221,24.2599115814774,service,Unnamed,False,25.85,Uncategorized,
2454082223,2454082219,138.84972733760003,service,Unnamed,False,25.85,Uncategorized,
2454082223,2454082229,88.59363476892395,service,Unnamed,False,25.85,Uncategorized,
2454082229,1344052702,8.822885410749793,residential,Unnamed,False,31.86,Uncategorized,
2454082229,12718893573,220.16376725781893,residential,Unnamed,False,31.86,Uncategorized,1
2454082229,2454082223,88.59363476892395,service,Unnamed,False,25.85,Uncategorized,
2454976103,428744340,375.0338255483021,residential,Pulog Street,False,40.0,private,2
2454976118,428744120,79.43375663436795,residential,Data Street,False,40.0,Uncategorized,2
2454976118,428744339,203.21390614061295,residential,Data Street,False,40.0,Uncategorized,2
2454976118,2454976125,37.96495491082387,path,Unnamed,False,30.0,private,
2454976125,2454976118,37.96495491082387,path,Unnamed,False,30.0,private,
2455278972,2455278976,126.19812610572234,residential,Inclineville,False,30.0,Uncategorized,
2455278976,454088572,109.34414269102174,secondary,Jose R. Velasco Avenue,False,30.0,Uncategorized,2
2455278976,454088568,41.63340898058922,secondary,Jose R. Velasco Avenue,False,30.0,Uncategorized,2
2455278976,2455278972,126.19812610572234,residential,Inclineville,False,30.0,Uncategorized,
2462899399,12309806555,5.028147357451216,footway,Unnamed,False,30.0,Uncategorized,
2462899399,12186673234,2.945869528110165,footway,Unnamed,False,30.0,Uncategorized,
2462899399,436197709,15.842608269962685,secondary,Lopez Avenue,False,30.0,Uncategorized,2
2462899399,6497035732,48.495404086954416,secondary,Lopez Avenue,False,30.0,Uncategorized,2
2462899404,12309592232,21.472273868967413,footway,Unnamed,False,30.0,Uncategorized,
2465278895,2465278896,34.490881348282194,residential,Unnamed,False,31.86,Uncategorized,
2465278896,3730080058,30.575422313831414,residential,Unnamed,False,31.86,Uncategorized,
2465278896,2465278895,34.490881348282194,residential,Unnamed,False,31.86,Uncategorized,
2465278896,8386148467,48.58542038551835,residential,Unnamed,False,31.86,Uncategorized,
2467238651,12186673224,12.38203509369421,service,Unnamed,False,25.85,Uncategorized,
2467238657,12186673224,4.394070047225769,service,Unnamed,False,25.85,Uncategorized,
2467238657,436196526,13.781321960022446,secondary,Lopez Avenue,False,30.0,Uncategorized,2
2467238657,437207220,28.9314732379302,secondary,Lopez Avenue,False,30.0,Uncategorized,2
2477259512,12254049921,56.864103101071166,service,Unnamed,False,25.85,private,
2477266006,573285860,2.693740034868764,footway,Unnamed,False,30.0,Uncategorized,
2477266006,573003590,2.9280303351202797,footway,Unnamed,False,30.0,Uncategorized,
2477266006,2477266007,0.8924956370535082,footway,Unnamed,False,30.0,Uncategorized,
2477266007,2477266006,0.8924956370535082,footway,Unnamed,False,30.0,Uncategorized,
2483173280,2483173281,3.511531692387875,footway,Unnamed,False,30.0,Uncategorized,
2483173280,1252052127,26.89537057655493,service,Unnamed,False,25.85,Uncategorized,
2483173280,1252052127,37.38438859756043,service,Unnamed,False,25.85,Uncategorized,
2483173281,2483173280,3.511531692387875,footway,Unnamed,False,30.0,Uncategorized,
2488921574,1244163589,29.04474881451526,service,Unnamed,False,25.85,Uncategorized,
2494568395,2494568397,52.254206238422576,service,Unnamed,False,25.85,Uncategorized,
2494568397,1119827808,127.86847320470996,unclassified,Unnamed,False,33.07,Uncategorized,2
2494568397,1119827779,88.21910194413277,unclassified,Unnamed,False,33.07,Uncategorized,2
2494568397,2494568395,52.254206238422576,service,Unnamed,False,25.85,Uncategorized,
2496156027,8315144226,68.38110888793751,service,Unnamed,False,25.85,Uncategorized,
2496156054,1252235677,64.08139932662351,unclassified,Unnamed,False,33.07,Uncategorized,2
2496156054,8315144230,39.46994533721214,service,Unnamed,False,25.85,Uncategorized,
2496156054,1201062163,223.50378926786723,unclassified,Unnamed,False,33.07,Uncategorized,2
2496156054,8315144232,43.94152459777587,service,Unnamed,False,25.85,Uncategorized,
2496156114,638901520,219.16633266524573,service,Unnamed,False,25.85,private,
2496156114,1492183674,131.06260815310532,service,Unnamed,False,25.85,private,
2496156114,6950341049,274.9945557240117,track,Unnamed,False,30.0,Uncategorized,
2502444222,452997605,14.86630201614758,footway,Unnamed,False,30.0,Uncategorized,
2508244400,454088665,112.60574773673284,service,Unnamed,False,25.85,Uncategorized,
2508244453,253501388,4.227690529115208,service,Unnamed,False,25.85,Uncategorized,
2508244453,454088232,50.58994148822247,service,Unnamed,False,25.85,Uncategorized,
2508244453,454088466,255.69917657168784,path,Unnamed,False,30.0,Uncategorized,
2508244534,454088466,63.54216078913025,tertiary,Unnamed,False,33.15,Uncategorized,
2508244534,253501388,333.8610408897203,tertiary,Unnamed,False,33.15,Uncategorized,
2508244534,2508244753,574.271475830436,track,Unnamed,False,30.0,Uncategorized,
2508244662,454088568,50.20064917377204,service,Unnamed,False,25.85,private,
2508244753,2508244534,574.2714758304361,track,Unnamed,False,30.0,Uncategorized,
2508997840,813543519,88.87580306448186,service,Unnamed,False,25.85,Uncategorized,
2508997896,813543553,85.42248720427844,residential,Unnamed,False,31.86,Uncategorized,
2508998020,813550051,146.77152273345638,service,Unnamed,False,25.85,Uncategorized,
2508998246,813550059,12.782475487885703,residential,Doña Aurora,False,31.86,Uncategorized,2
2508998246,2508998259,65.75444083551736,service,Unnamed,False,25.85,Uncategorized,
2508998246,813550006,21.25518903718374,residential,Doña Aurora,False,31.86,Uncategorized,2
2508998259,2508998246,65.75444083551736,service,Unnamed,False,25.85,Uncategorized,
2508998260,1329078926,19.357728675672178,secondary,Jose R. Velasco Avenue,False,30.0,Uncategorized,2
2508998260,2508998262,20.134549580254408,service,Unnamed,False,25.85,Uncategorized,
2508998260,527821247,202.2066789607764,secondary,Jose R. Velasco Avenue,False,30.0,Uncategorized,2
2508998262,2508998260,20.134549580254408,service,Unnamed,False,25.85,Uncategorized,
2509149149,1252235755,165.8408130292716,residential,Unnamed,False,31.86,destination,
2509149183,1252235273,85.87363517369567,residential,Unnamed,False,31.86,destination,
2522033277,2522033280,9.501532213233903,service,Unnamed,False,25.85,private,
2522033277,2522033278,35.97576797808704,service,Unnamed,False,25.85,private,
2522033277,2522033278,70.64541544099187,service,Unnamed,False,25.85,private,
2522033278,2522033277,35.97576797808704,service,Unnamed,False,25.85,private,
2522033278,2522033277,70.64541544099185,service,Unnamed,False,25.85,private,
2522033278,2522033283,9.033380746028458,service,Unnamed,False,25.85,private,
2522033280,2522033283,37.88119261640862,service,Unnamed,False,25.85,private,
2522033280,2522033277,9.501532213233903,service,Unnamed,False,25.85,private,
2522033280,2522033292,30.292154153347784,service,Unnamed,False,25.85,private,
2522033283,2522033280,37.88119261640862,service,Unnamed,False,25.85,private,
2522033283,2522033286,19.33344207047772,service,Unnamed,False,25.85,private,
2522033283,2522033278,9.033380746028458,service,Unnamed,False,25.85,private,
2522033286,2522033283,19.33344207047772,service,Unnamed,False,25.85,private,
2522033292,4556595093,10.537285301234103,primary,National Highway,False,30.49,Uncategorized,4
2522033292,1143691223,91.2063052031945,primary,National Highway,False,30.49,Uncategorized,4
2522033292,2522033280,30.292154153347784,service,Unnamed,False,25.85,private,
2522045476,8894387871,221.1621295678745,service,Unnamed,False,25.85,private,
2579539577,8893838519,19.496645111669924,primary,National Highway,False,30.49,Uncategorized,4
2579539577,8893795669,15.034602697660622,primary,National Highway,False,30.49,Uncategorized,4
2579539577,5246736392,240.7360664418568,footway,Unnamed,False,30.0,Uncategorized,
2579539577,12555071315,101.17068396223104,service,Unnamed,False,25.85,Uncategorized,
2579539584,5246736392,59.137147288216475,footway,Unnamed,False,30.0,Uncategorized,
2596830708,2596830723,17.211408729178842,service,Unnamed,False,25.85,Uncategorized,
2596830708,1302792358,228.22275844655672,primary,National Highway,False,30.49,Uncategorized,4
2596830708,316156831,54.484596602271424,primary,National Highway,False,30.49,Uncategorized,4
2596830723,2596830725,22.888379792524614,service,Unnamed,False,25.85,Uncategorized,
2596830723,5731410889,13.487264310163818,service,Unnamed,False,25.85,Uncategorized,
2596830723,2596830708,17.211408729178842,service,Unnamed,False,25.85,Uncategorized,
2596830725,2596830723,22.888379792524614,service,Unnamed,False,25.85,Uncategorized,
2596830725,2596830817,304.03836492111293,service,Unnamed,False,25.85,permissive,
2596830725,5731410889,42.35441249387171,service,Unnamed,False,25.85,Uncategorized,
2596830763,2596830763,137.07925322489785,service,Unnamed,False,25.85,permissive,
2596830763,2596830763,137.07925322489785,service,Unnamed,False,25.85,permissive,
2596830763,2596830817,24.620676193355298,service,Unnamed,False,25.85,permissive,
2596830817,2596830871,105.51968540776079,service,Unnamed,False,25.85,permissive,
2596830817,2596830725,304.03836492111293,service,Unnamed,False,25.85,permissive,
2596830817,2596830763,24.620676193355298,service,Unnamed,False,25.85,permissive,
2596830850,8705310059,9.224015828305618,residential,Unnamed,False,31.86,Uncategorized,
2596830850,425129632,163.78381023819796,service,Unnamed,False,25.85,private,
2596830850,1256325146,146.99472955080387,residential,Unnamed,False,31.86,Uncategorized,
2596830850,2596830882,79.95336475511408,residential,Unnamed,False,31.86,Uncategorized,
2596830871,2596830817,105.51968540776079,service,Unnamed,False,25.85,permissive,
2596830882,1302792418,60.35057963271214,residential,Unnamed,False,31.86,Uncategorized,
2596830882,2596830888,75.65057278344975,residential,Unnamed,False,31.86,Uncategorized,
2596830882,2596830850,79.95336475511408,residential,Unnamed,False,31.86,Uncategorized,
2596830888,2596830920,56.47690896027253,residential,Unnamed,False,31.86,Uncategorized,
2596830888,8705310059,97.11133322745091,residential,Unnamed,False,31.86,Uncategorized,
2596830888,2596830882,75.65057278344975,residential,Unnamed,False,31.86,Uncategorized,
2596830920,2596830888,56.47690896027253,residential,Unnamed,False,31.86,Uncategorized,
2649266818,2649266849,25.838032400260868,service,Unnamed,False,25.85,private,
2649266849,2649266818,25.838032400260868,service,Unnamed,False,25.85,private,
2649266849,3084469134,178.84418298283032,service,Unnamed,False,15.0,private,2
2649266849,1285602667,57.35766116166524,service,Unnamed,False,15.0,private,2
2676750620,527820389,40.688770414722136,residential,Palm Drive,False,30.0,Uncategorized,2
2676750620,452998512,44.82790727574736,residential,Palm Drive,False,30.0,Uncategorized,2
2676750620,2676750641,43.6547961397295,service,Unnamed,False,25.85,private,
2676750641,2676750620,43.6547961397295,service,Unnamed,False,25.85,private,
2676750655,527820389,44.23103332763178,service,Unnamed,False,25.85,private,
2676750658,4590841882,124.89115538415469,residential,Palm Drive,False,30.0,Uncategorized,2
2676750658,527820389,49.36809102245904,residential,Palm Drive,False,30.0,Uncategorized,2
2676750658,4590841854,54.98112705538637,service,Unnamed,False,25.85,private,1
2706774742,12309592225,134.1369679764122,residential,Unnamed,False,31.86,Uncategorized,
2706774839,12309592241,26.68373951544367,footway,Unnamed,False,30.0,private,
2706774873,8887110280,42.84916505982416,primary,National Highway,False,30.49,Uncategorized,4
2706774873,10923332676,11.305296316672376,primary,National Highway,False,30.49,Uncategorized,4
2706774873,12309592241,5.587539249256362,footway,Unnamed,False,30.0,private,
2719143374,1344056000,8.127903312357443,residential,Unnamed,False,31.86,Uncategorized,
2719143374,1344055993,27.84107009433652,residential,Unnamed,True,31.86,Uncategorized,
2719143417,8317776671,30.574206848398372,service,Unnamed,False,25.85,private,
2719143430,1127153809,79.64762713963835,footway,Unnamed,False,30.0,Uncategorized,
2719143454,5305200812,67.8476033580832,service,Unnamed,False,25.85,private,
2719143454,5305200812,376.7456178230333,path,Unnamed,False,30.0,Uncategorized,
2719143454,1119827683,108.19464209115694,service,Unnamed,False,25.85,private,
2719143495,1127153795,29.738843129205016,footway,Unnamed,False,30.0,Uncategorized,
2719143668,638899752,37.65386293283526,tertiary,Governor F. San Luis Street,False,33.15,Uncategorized,
2719143668,1120694777,55.1978254273018,tertiary,Governor F. San Luis Street,False,33.15,Uncategorized,
2719143668,2719143692,61.67962136149444,service,Unnamed,False,25.85,private,
2719143692,2719143668,61.67962136149444,service,Unnamed,False,25.85,private,
2719143705,1120694777,65.85051717847256,tertiary,Governor F. San Luis Street,False,33.15,Uncategorized,
2719143705,2719143732,17.76872756530967,tertiary,Governor F. San Luis Street,False,33.15,Uncategorized,
2719143705,2719143755,25.731423948977753,service,Unnamed,False,25.85,Uncategorized,
2719143732,2719143705,17.76872756530967,tertiary,Governor F. San Luis Street,False,33.15,Uncategorized,
2719143732,2719143800,50.89956504054819,residential,Unnamed,False,31.86,Uncategorized,
2719143732,638900255,42.79831076764462,tertiary,Governor F. San Luis Street,False,33.15,Uncategorized,
2719143755,2719143705,25.731423948977753,service,Unnamed,False,25.85,Uncategorized,
2719143800,2719143732,50.89956504054819,residential,Unnamed,False,31.86,Uncategorized,
2719143802,638900255,28.34479091338736,tertiary,Governor F. San Luis Street,False,33.15,Uncategorized,
2719143802,638900257,112.70131500991151,tertiary,Governor F. San Luis Street,False,33.15,Uncategorized,
2719143802,1120694777,297.6239002308149,residential,Unnamed,False,31.86,Uncategorized,
2719143855,1120694220,14.587845650923645,residential,Unnamed,False,30.0,Uncategorized,
2719143864,1120694760,22.33565654929188,residential,Sanggumay,False,30.0,Uncategorized,
2719143866,2719143869,29.67079501430775,residential,Unnamed,False,31.86,Uncategorized,
2719143869,2719143873,27.7278948210303,residential,Unnamed,False,31.86,Uncategorized,
2719143869,2719143866,29.67079501430775,residential,Unnamed,False,31.86,Uncategorized,
2719143869,2719143874,18.859150777152006,residential,Unnamed,False,31.86,Uncategorized,
2719143871,2719143874,45.77935555264093,service,Unnamed,False,25.85,private,
2719143873,2719143869,27.7278948210303,residential,Unnamed,False,31.86,Uncategorized,
2719143874,2719143871,45.77935555264093,service,Unnamed,False,25.85,private,
2719143874,2719143869,18.859150777152006,residential,Unnamed,False,31.86,Uncategorized,
2719143874,1532188345,163.18496649573837,residential,Unnamed,False,31.86,Uncategorized,
2719143944,4006888617,31.86998106745332,residential,Unnamed,False,31.86,Uncategorized,
2719143944,1120694391,173.49291393756704,residential,Unnamed,False,31.86,Uncategorized,
2719143944,1120694494,43.74661913170635,residential,Unnamed,False,31.86,Uncategorized,
2719143977,8893825398,290.9059237712806,tertiary,IPB Road,False,33.15,Uncategorized,"['2', '4']"
2719143977,9031117681,114.08625486155071,tertiary,IPB Road,False,33.15,Uncategorized,4
2719143977,3429855303,494.7453301382404,service,Unnamed,False,25.85,Uncategorized,
2720148628,8893749298,22.854669092257577,residential,Kamagong Street,False,30.0,Uncategorized,
2785682422,2021099178,45.78412281651757,primary,National Highway,False,30.49,Uncategorized,4
2785682422,1256325146,48.39814829621321,primary,National Highway,False,30.49,Uncategorized,4
2785682422,11280586771,629.9016678134853,footway,Unnamed,False,30.0,Uncategorized,
2785682448,2785682455,18.626459534576146,residential,Unnamed,False,31.86,Uncategorized,
2785682448,13301297845,40.95546607029625,residential,Unnamed,False,31.86,Uncategorized,
2785682448,1302792231,360.89676562525517,service,Unnamed,False,25.85,Uncategorized,
2785682455,2785682448,18.626459534576146,residential,Unnamed,False,31.86,Uncategorized,
2785682455,1302792231,310.1046497326061,residential,Unnamed,False,31.86,Uncategorized,
2785682455,2785700045,46.30908120415724,residential,Unnamed,False,31.86,Uncategorized,
2785700010,2785700012,24.68447080916974,service,Unnamed,False,25.85,Uncategorized,
2785700012,2785700010,24.68447080916974,service,Unnamed,False,25.85,Uncategorized,
2785700012,13301297916,64.69296990801521,service,Unnamed,False,25.85,Uncategorized,
2785700012,13301297845,124.34740336833443,service,Unnamed,False,25.85,Uncategorized,
2785700018,13301297916,7.126896914897416,residential,Unnamed,False,31.86,Uncategorized,
2785700018,28997173,300.91564552723605,residential,Unnamed,False,31.86,Uncategorized,
2785700018,13333828270,62.381473335799384,residential,Unnamed,False,31.86,Uncategorized,
2785700026,13301297845,4.387820509133321,residential,Unnamed,False,31.86,Uncategorized,
2785700026,13301297916,64.22730726045073,residential,Unnamed,False,31.86,Uncategorized,
2785700026,13333828268,66.57302536560208,residential,Unnamed,False,31.86,Uncategorized,
2785700045,2785682455,46.30908120415724,residential,Unnamed,False,31.86,Uncategorized,
2788133214,2788133216,28.580703132502027,unclassified,Unnamed,False,33.07,Uncategorized,
2788133214,945031147,183.30572767932028,unclassified,Unnamed,False,33.07,Uncategorized,
2788133214,8896822637,32.976719381162766,service,Unnamed,False,25.85,Uncategorized,
2788133216,2788133214,28.580703132502027,unclassified,Unnamed,False,33.07,Uncategorized,
2788133417,1300391111,12.30718325531135,service,Unnamed,False,30.0,destination,
2788133417,8289426900,15.460116994269839,service,Unnamed,False,30.0,destination,
2788133417,8289426902,39.93463596869411,service,Unnamed,False,25.85,destination,
2788133417,8289426905,12.794891686443188,service,Unnamed,False,25.85,destination,
2820863016,1285602551,27.394580322868496,service,Unnamed,False,25.85,private,
2820863016,995847425,43.175083012507656,service,Unnamed,False,25.85,private,
2820863016,1285602660,98.55801756550623,service,Unnamed,False,25.85,private,
2846145178,12254040060,79.45905031338424,footway,Unnamed,False,30.0,Uncategorized,
2846145178,5499087293,146.0564629594002,footway,Unnamed,False,30.0,Uncategorized,
2846145178,2846145192,88.13877309751567,steps,Unnamed,False,30.49,Uncategorized,
2846145191,435136059,10.26382311856841,footway,Unnamed,False,30.0,Uncategorized,
2846145191,1252052260,19.526359737375046,footway,Unnamed,False,30.0,Uncategorized,
2846145191,2179918609,7.825607491827793,footway,Unnamed,False,30.0,Uncategorized,
2846145192,12254040060,23.260081913197936,footway,Unnamed,False,30.0,Uncategorized,
2846145192,2846145178,88.13877309751568,steps,Unnamed,False,30.49,Uncategorized,
2846145192,1126043025,37.29965767560209,footway,Unnamed,False,30.0,Uncategorized,
2921809165,316156826,99.36574648038803,primary,National Highway,False,30.49,Uncategorized,4
2921809165,3101376765,183.67115373671578,primary,National Highway,False,30.49,Uncategorized,4
2921809165,1342065717,321.03282369367093,residential,Unnamed,False,31.86,Uncategorized,
3008540888,1246493209,108.84790403714736,residential,Unnamed,False,31.86,private,
3008540888,1246493209,140.51287692811337,residential,Unnamed,False,31.86,private,
3008540888,12254024672,139.34873049484628,residential,Unnamed,False,31.86,private,
3049478671,1136874685,166.1690417242732,path,Unnamed,False,30.0,Uncategorized,
3049478671,8897386845,78.22019970293722,residential,Unnamed,False,31.86,Uncategorized,
3049478671,253800336,135.38983286913785,residential,Unnamed,False,31.86,Uncategorized,
3071833985,431351067,12.988208316731896,path,Unnamed,False,30.0,Uncategorized,
3081686433,28997182,11.942905046889166,primary,National Highway,False,30.49,Uncategorized,4
3081686433,28997724,65.02757105404967,primary,National Highway,False,30.49,Uncategorized,4
3081686433,417266475,39.07861609872858,steps,Unnamed,False,30.49,Uncategorized,
3084468904,7682420263,40.47537269081821,service,Unnamed,False,25.85,private,2
3084468908,1285602667,41.2442133982598,service,Unnamed,False,15.0,private,2
3084468908,1532188401,14.435757952821898,service,Unnamed,False,15.0,private,2
3084468908,3084468927,110.62508226172505,service,Unnamed,False,15.0,private,
3084468927,3084468908,110.62508226172505,service,Unnamed,False,15.0,private,
3084468927,8293336147,13.87065474895922,service,Unnamed,False,25.85,private,
3084468927,3084469134,34.561884257844575,service,Unnamed,False,15.0,private,
3084469134,1285602599,17.327768624383495,service,Unnamed,False,15.0,private,2
3084469134,2649266849,178.84418298283032,service,Unnamed,False,15.0,private,2
3084469134,3084468927,34.561884257844575,service,Unnamed,False,15.0,private,
3084469144,2352985688,43.41868805985497,unclassified,Pili Drive,False,40.0,destination,2
3084469144,1532188467,46.31782061227804,unclassified,Pili Drive,False,40.0,destination,2
3084469144,3084469148,51.98360635870367,service,Unnamed,False,15.0,private,
3084469148,3084469144,51.98360635870367,service,Unnamed,False,15.0,private,
3101376765,1302792265,53.03997256006859,residential,Unnamed,False,31.86,Uncategorized,
3101376765,28997173,35.23468745858642,primary,National Highway,False,30.49,Uncategorized,4
3101376765,2921809165,183.67115373671578,primary,National Highway,False,30.49,Uncategorized,4
3122261102,3122261112,10.8052174847996,service,Unnamed,False,25.85,private,
3122261112,3122261102,10.8052174847996,service,Unnamed,False,25.85,private,
3122261112,439222150,39.19327411220008,service,Unnamed,False,25.85,private,
3122261112,3122261232,32.7607147988641,service,Unnamed,False,25.85,private,
3122261232,439222156,100.39976189406013,unclassified,Maya,True,40.0,Uncategorized,
3122261232,3122261112,32.7607147988641,service,Unnamed,False,25.85,private,
3123418076,8897393692,30.87353217648318,service,Unnamed,False,25.85,Uncategorized,
3123418076,8887041601,62.030347774774505,unclassified,V. Menguito,False,33.07,Uncategorized,
3123418076,1342055447,99.3810709570871,unclassified,V. Menguito,False,33.07,Uncategorized,
3123418078,1342055509,80.55488483106485,unclassified,V. Menguito,False,33.07,Uncategorized,
3123418078,8897393695,60.416140997482565,unclassified,V. Menguito,False,33.07,Uncategorized,
3123418078,8897393693,48.25835452396473,residential,Unnamed,False,31.86,Uncategorized,
3136212243,3136212246,6.423152684363874,steps,Unnamed,False,30.49,Uncategorized,
3136212246,6361461428,23.201428760153888,service,Unnamed,False,25.85,Uncategorized,
3136212246,696426315,38.56169271164516,service,Unnamed,False,25.85,Uncategorized,
3136212246,3136212243,6.423152684363874,steps,Unnamed,False,30.49,Uncategorized,
3136212250,696426315,20.264139111832137,footway,Unnamed,False,30.0,Uncategorized,
3164540371,995847451,4.461859955131884,service,Unnamed,True,25.85,private,1
3164540371,3164540376,10.132337097110325,footway,Unnamed,False,30.0,Uncategorized,
3164540371,4394335195,142.39717653590782,footway,Unnamed,False,30.0,Uncategorized,
3164540376,5310604313,31.822291075345962,service,Unnamed,True,25.85,private,1
3164540376,3164540371,10.132337097110325,footway,Unnamed,False,30.0,Uncategorized,
3164540376,1285602578,169.39852084268313,footway,Unnamed,False,30.0,Uncategorized,
3172043397,391720939,37.84471744517938,secondary,Victoria M. Ela Avenue,False,30.0,Uncategorized,4
3172043397,12188365852,8.401496579518943,footway,Unnamed,False,30.0,Uncategorized,
3172043397,12186673159,7.825748712672562,footway,Unnamed,False,30.0,Uncategorized,
3172043397,391721723,49.637051095094826,secondary,Victoria M. Ela Avenue,False,30.0,Uncategorized,4
3172043400,12254040090,1.585203171959252,path,Unnamed,False,30.0,Uncategorized,
3172043400,435135692,20.918395395437262,path,Unnamed,False,30.0,Uncategorized,
3172043400,584703089,36.3323649351921,path,Unnamed,False,30.0,Uncategorized,
3184357213,12186673227,16.282625415359256,service,Unnamed,False,25.85,private,
3184357215,12186673227,4.811460027459648,service,Unnamed,False,25.85,private,
3184357215,436196714,8.945357510801454,secondary,Lopez Avenue,False,30.0,Uncategorized,2
3184357215,436196841,4.779906568695019,secondary,Lopez Avenue,False,30.0,Uncategorized,2
3186167613,573342295,1.091648340693513,footway,Unnamed,False,30.0,Uncategorized,
3186167614,3186167633,18.78602648730615,footway,Unnamed,False,30.0,Uncategorized,
3186167614,1135075203,2.6502386224254826,footway,Unnamed,False,30.0,Uncategorized,
3186167614,3186167616,19.183303216453417,footway,Unnamed,False,30.0,Uncategorized,
3186167616,573360638,5.810468033715338,footway,Unnamed,False,30.0,Uncategorized,
3186167616,431156366,28.372061446642142,footway,Unnamed,False,30.0,Uncategorized,
3186167616,3186167614,19.183303216453417,footway,Unnamed,False,30.0,Uncategorized,
3186167623,431156366,22.9785332084022,service,Unnamed,False,20.0,Uncategorized,
3186167623,567882259,12.010375796778543,service,Unnamed,False,20.0,Uncategorized,
3186167623,3186167624,10.354642148433815,footway,Unnamed,False,30.0,Uncategorized,
3186167624,3186167623,10.354642148433815,footway,Unnamed,False,30.0,Uncategorized,
3186167633,3186167614,18.78602648730615,footway,Unnamed,False,30.0,Uncategorized,
3186167633,573341800,14.715829060010378,path,Unnamed,False,30.0,Uncategorized,
3186167633,573342295,28.526882093249426,steps,Unnamed,False,30.49,Uncategorized,
3186810981,3186810982,0.9356687236741065,footway,Unnamed,False,30.0,Uncategorized,
3186810982,3186810981,0.9356687236741065,footway,Unnamed,False,30.0,Uncategorized,
3186810982,573341800,6.25698368320855,footway,Unnamed,False,30.0,Uncategorized,
3186810982,3186810990,49.582453021492285,footway,Unnamed,False,30.0,Uncategorized,
3186810990,3186810982,49.582453021492285,footway,Unnamed,False,30.0,Uncategorized,
3249296264,3249296265,26.526077939154828,service,Unnamed,False,25.85,Uncategorized,
3249296264,453009415,97.42984764105856,service,De Pasupil,False,25.85,Uncategorized,
3249296264,3249296269,59.84434258798245,footway,Unnamed,False,30.0,Uncategorized,
3249296265,3249296264,26.526077939154828,service,Unnamed,False,25.85,Uncategorized,
3249296269,453009415,30.631551475521736,residential,Villegas,False,31.86,Uncategorized,
3249296269,453009414,33.937336687349784,residential,Villegas,False,31.86,Uncategorized,
3249296269,3249296264,59.84434258798245,footway,Unnamed,False,30.0,Uncategorized,
3329860340,3329860345,26.502661478801397,footway,Unnamed,False,30.0,Uncategorized,
3329860345,2169865073,29.90289906718504,footway,Unnamed,False,30.0,Uncategorized,
3329860345,2169865058,4.680570289940677,footway,Unnamed,False,30.0,Uncategorized,
3329860345,3329860340,26.502661478801397,footway,Unnamed,False,30.0,Uncategorized,
3345224316,454087611,75.16168442295765,residential,Unnamed,False,30.0,Uncategorized,
3367824218,1430814613,3.8857787667469514,footway,Unnamed,False,30.0,Uncategorized,
3367824218,573346120,17.122825812205477,footway,Unnamed,False,30.0,Uncategorized,
3367824218,769875592,9.915512882988601,steps,Unnamed,False,30.49,Uncategorized,
3367824259,573346120,15.052249205543717,footway,Unnamed,False,30.0,Uncategorized,
3367824259,382802729,5.159395637737869,footway,Unnamed,False,30.0,Uncategorized,
3367824259,382807872,3.4772181916415175,footway,Unnamed,False,30.0,Uncategorized,
3367824259,1430814613,20.529245050190468,footway,Unnamed,False,30.0,Uncategorized,
3377882300,253496358,14.96289364951816,unclassified,Agapita Road,False,30.0,destination,2
3377882300,418623813,82.45424241917301,unclassified,Agapita Road,False,30.0,destination,2
3377882300,4601270065,59.19002330769542,service,Unnamed,False,25.85,private,
3398354544,8893832483,114.90929309914253,residential,Unnamed,False,35.0,Uncategorized,2
3423270702,3423270710,10.850915024712258,residential,Unnamed,False,31.86,destination,
3423270702,1302792219,26.364606168416408,residential,Unnamed,False,31.86,destination,
3423270707,8894019401,17.033007744306147,residential,Unnamed,False,31.86,destination,
3423270707,3423270702,18.416935333156886,residential,Unnamed,True,31.86,destination,
3423270710,1302792249,37.94925701545029,residential,Unnamed,False,31.86,destination,
3423270710,3423270702,10.850915024712258,residential,Unnamed,False,31.86,destination,
3423270710,3423270707,19.174846463178973,residential,Unnamed,True,31.86,destination,
3429855273,6372174252,22.746872275049284,footway,Unnamed,False,30.0,Uncategorized,
3429855273,2170279634,28.403211201009697,footway,Unnamed,False,30.0,Uncategorized,
3429855273,995847536,41.00833596833372,service,Unnamed,False,25.85,Uncategorized,
3429855301,5507328932,80.4079219073749,service,Unnamed,False,25.85,Uncategorized,
3429855303,2719143977,494.7453301382404,service,Unnamed,False,25.85,Uncategorized,
3429855330,1532188351,22.48977512643884,tertiary,IPB Road,False,33.15,Uncategorized,2
3429855330,8893825398,53.42514753352333,tertiary,IPB Road,False,33.15,Uncategorized,2
3429855330,1120694413,152.79341962553806,residential,Unnamed,False,31.86,Uncategorized,
3431739645,3431739647,15.920331837665028,residential,Narra Street,False,20.0,private,
3431739647,3431739645,15.920331837665028,residential,Narra Street,False,20.0,private,
3431739647,3431739649,38.271565452221935,residential,Narra Street,False,20.0,private,
3431739647,2249819371,85.99619012190466,residential,Unnamed,False,20.0,private,
3431739649,3431739647,38.271565452221935,residential,Narra Street,False,20.0,private,
3431739649,2249819367,34.25553093664421,residential,Narra Street,False,20.0,private,
3431739649,2249819371,49.95294499067387,residential,Unnamed,False,20.0,private,
3568091600,253508843,82.05359244216562,residential,Unnamed,False,31.86,Uncategorized,
3568091602,8386122131,44.98323738792697,residential,Unnamed,False,31.86,Uncategorized,
3568091602,253503613,83.37429232055955,residential,Unnamed,False,31.86,Uncategorized,
3568091602,8305455288,256.0266736626065,residential,Unnamed,False,31.86,Uncategorized,
3568091604,1136874166,113.89342328388624,residential,Unnamed,False,31.86,Uncategorized,
3568091607,1252148447,69.12770767918113,unclassified,V. Menguito,False,33.07,Uncategorized,
3568091607,8386499009,26.311772952674485,unclassified,V. Menguito,False,33.07,Uncategorized,
3568091607,8386122131,144.72052375938244,residential,Unnamed,False,31.86,Uncategorized,
3604596763,5310623326,54.399150288933626,service,Unnamed,True,25.85,private,2
3604596763,1285602673,70.91962563035248,service,Unnamed,False,25.85,private,
3604596765,2352985632,30.66111009847336,service,Unnamed,False,25.85,private,
3604596765,2352985603,22.875189706239322,service,Unnamed,False,25.85,private,
3604596765,3604596767,36.6943663120275,service,Unnamed,False,25.85,private,
3604596767,2352985603,29.48418832807007,service,Unnamed,False,25.85,private,
3604596767,2352985509,72.6827749355069,service,Unnamed,False,25.85,private,
3604596767,3604596765,36.6943663120275,service,Unnamed,False,25.85,private,
3604596784,11068654854,43.74923357218186,service,Unnamed,False,25.85,private,2
3604596784,11068654866,15.27681188861629,service,Unnamed,False,25.85,private,
3604596784,8893797447,94.52765613783,service,Unnamed,False,25.85,private,2
3604596784,3604596786,29.295401659786044,service,Unnamed,False,25.85,private,
3604596786,3604596784,29.295401659786044,service,Unnamed,False,25.85,private,
3604596787,2352985489,46.99144293028629,service,Unnamed,False,25.85,private,2
3604596787,2352985509,36.23237579661516,service,Unnamed,False,25.85,private,2
3604596787,3604596788,8.664428309131562,service,Unnamed,False,25.85,private,
3604596788,3604596787,8.664428309131562,service,Unnamed,False,25.85,private,
3604596789,2352985492,18.039643034374752,service,Unnamed,False,25.85,private,
3683307056,10908633096,6.921018538991224,primary,National Highway,False,30.49,Uncategorized,4
3683307056,10915438074,7.024790515196857,primary,National Highway,False,30.49,Uncategorized,4
3683307056,12309592266,5.079597396291421,service,Unnamed,True,25.85,Uncategorized,
3699784769,3699784770,31.516944141779494,residential,Pantua Extension,False,31.86,Uncategorized,
3699784769,1342895793,80.3791498116796,residential,Pantua Extension,False,31.86,Uncategorized,
3699784769,3747656145,67.05273461838675,service,Unnamed,False,30.0,private,
3699784770,3699784769,31.516944141779494,residential,Pantua Extension,False,31.86,Uncategorized,
3723252202,3723252204,34.652889934370904,service,Unnamed,False,25.85,Uncategorized,
3723252202,454087633,73.87895610336295,residential,Valentin Sajor,False,30.0,Uncategorized,1
3723252202,12186673119,65.83563025655312,residential,Valentin Sajor,False,30.0,Uncategorized,1
3723252204,3723252202,34.652889934370904,service,Unnamed,False,25.85,Uncategorized,
3723252208,12186673109,24.07744462251827,service,Unnamed,False,25.85,Uncategorized,
3723252208,585912216,98.7141548290652,service,Unnamed,False,25.85,Uncategorized,
3723252208,1119842256,31.03336099330319,service,Unnamed,False,25.85,Uncategorized,
3723311990,3723311994,23.29984575767775,service,Unnamed,False,25.85,private,
3723311994,428744700,6.547759726583547,residential,Raymundo Street,False,30.0,Uncategorized,1
3723311994,428744696,9.112971784650785,residential,Raymundo Street,False,30.0,Uncategorized,1
3723311994,3723311990,23.29984575767775,service,Unnamed,False,25.85,private,
3727196425,5499087273,35.3029417698039,service,Unnamed,False,25.85,private,
3730080055,1252148178,29.28284751996887,residential,Unnamed,False,31.86,private,
3730080055,1252148356,34.43319915092655,residential,Unnamed,False,31.86,private,
3730080055,1252148254,52.27726886299956,residential,Unnamed,False,31.86,private,
3730080056,3730080058,40.763243225055035,path,Unnamed,False,30.0,Uncategorized,
3730080058,3730080059,20.092599816160227,residential,Unnamed,False,31.86,Uncategorized,
3730080058,2465278896,30.575422313831414,residential,Unnamed,False,31.86,Uncategorized,
3730080058,3730080056,40.763243225055035,path,Unnamed,False,30.0,Uncategorized,
3730080059,3730080058,20.092599816160227,residential,Unnamed,False,31.86,Uncategorized,
3730080060,253508880,78.15428658736873,residential,Lajarca,False,31.86,Uncategorized,
3730080060,253784430,51.835792082936685,residential,Lajarca,False,31.86,Uncategorized,
3730080060,3730080067,217.77917543481334,service,Unnamed,False,25.85,Uncategorized,
3730080061,253784430,114.26134471181348,residential,Unnamed,False,31.86,Uncategorized,
3730080062,3730080063,54.845661375532025,residential,Unnamed,False,31.86,Uncategorized,
3730080063,3730080062,54.845661375532025,residential,Unnamed,False,31.86,Uncategorized,
3730080063,8887165460,23.518957309983502,residential,Unnamed,False,31.86,Uncategorized,
3730080063,253508880,99.3766654245625,residential,Unnamed,False,31.86,Uncategorized,
3730080067,3730080060,217.7791754348133,service,Unnamed,False,25.85,Uncategorized,
3730080094,1136874553,46.568853649104945,unclassified,Unnamed,False,33.07,Uncategorized,
3730080094,8903861289,41.864247278764005,service,Unnamed,False,25.85,Uncategorized,
3730080094,8065890738,293.8935617353328,unclassified,Unnamed,False,33.07,Uncategorized,
3730113441,291562916,42.70650719706124,residential,Unnamed,False,31.86,Uncategorized,
3730113471,443159976,133.65882331588097,footway,Unnamed,False,30.0,Uncategorized,
3740038574,12186673210,5.643345521203503,footway,Unnamed,False,30.0,Uncategorized,
3740038574,2385949410,25.786453046934607,secondary,Lopez Avenue,False,30.0,Uncategorized,2
3740038574,253493171,19.075457032052203,secondary,Lopez Avenue,False,30.0,Uncategorized,2
3740038576,417266206,13.63418501044242,primary,National Highway,False,30.49,Uncategorized,4
3740038576,12309592255,5.937281766788119,footway,Unnamed,False,30.0,Uncategorized,
3740038576,292203273,13.21705244591013,primary,National Highway,False,30.49,Uncategorized,4
3747656145,3699784769,67.05273461838675,service,Unnamed,False,30.0,private,
3750245606,431154378,65.18974369886357,service,Unnamed,False,25.85,private,
3751483239,2352985610,28.055049790886518,service,Road 26 North,False,25.85,private,2
3751483239,253781351,114.90798029656453,service,Road 26 North,False,25.85,private,2
3751483239,8893797473,208.02436675793842,service,Unnamed,False,25.85,private,
3782846327,453014495,66.97016260650973,residential,Bambang,False,31.86,Uncategorized,
3866495509,3866495510,83.16399409857758,track,Unnamed,False,30.0,Uncategorized,
3866495510,3866495509,83.16399409857758,track,Unnamed,False,30.0,Uncategorized,
3866495510,3866495513,141.65099366110314,track,Unnamed,False,30.0,Uncategorized,
3866495510,3866495512,35.0260211091575,residential,Unnamed,False,31.86,Uncategorized,
3866495511,3866495512,61.47183475982939,track,Unnamed,False,30.0,Uncategorized,
3866495512,3866495511,61.47183475982939,track,Unnamed,False,30.0,Uncategorized,
3866495512,3866495515,168.08180128172123,track,Unnamed,False,30.0,Uncategorized,
3866495512,3866495510,35.0260211091575,residential,Unnamed,False,31.86,Uncategorized,
3866495512,1119866444,375.3604512424625,residential,Unnamed,False,31.86,Uncategorized,
3866495513,3866495510,141.65099366110314,track,Unnamed,False,30.0,Uncategorized,
3866495515,3866495512,168.08180128172123,track,Unnamed,False,30.0,Uncategorized,
3867172345,1300391302,44.51645898555516,service,Unnamed,False,30.0,destination,
3867172345,1300391187,57.08521194056875,unclassified,Unnamed,False,30.0,destination,
3867172345,1127245998,153.039041851275,unclassified,Unnamed,False,30.0,destination,
3872271264,1119886509,51.36934206706587,footway,Unnamed,False,30.0,Uncategorized,
3872271266,428744157,44.76736208352696,residential,Cordillera Street,False,30.0,Uncategorized,1
3872271266,435133797,187.25276216622598,service,Cordillera Street,False,30.0,private,"['2', '1']"
3872271266,3872271282,45.63377223108574,service,Unnamed,False,25.85,Uncategorized,
3872271282,3872271266,45.633772231085736,service,Unnamed,False,25.85,Uncategorized,
3872271291,428744157,39.726205395235695,service,Unnamed,False,25.85,Uncategorized,
3896584242,3896584252,68.44387251702217,service,Unnamed,False,25.85,Uncategorized,
3896584252,3896584242,68.44387251702217,service,Unnamed,False,25.85,Uncategorized,
3896584252,594360402,19.976065342960645,service,Unnamed,False,25.85,Uncategorized,
3896584252,594360407,18.196557741948435,service,Unnamed,False,25.85,Uncategorized,
3896584579,594360378,52.31839274356206,residential,Unnamed,False,31.86,Uncategorized,
3911982324,3911992997,18.844098836700944,service,Unnamed,False,25.85,Uncategorized,
3911982324,12718893578,36.51613841168088,service,Unnamed,True,25.85,Uncategorized,
3911982325,3911982326,38.27951635621809,service,Unnamed,False,25.85,Uncategorized,
3911982325,3911992997,50.45895259616514,service,Unnamed,False,25.85,Uncategorized,
3911982325,3912328983,29.291050326599,steps,Unnamed,False,30.49,Uncategorized,
3911982326,3911982325,38.27951635621809,service,Unnamed,False,25.85,Uncategorized,
3911982326,3911982331,22.9357936544869,service,Unnamed,True,25.85,Uncategorized,
3911982331,3911982332,10.059737807429354,service,Unnamed,True,25.85,Uncategorized,
3911982331,3911993000,40.70793811102202,service,Unnamed,False,25.85,Uncategorized,
3911982332,3912328989,15.512694373197148,steps,Unnamed,False,30.49,Uncategorized,
3911982332,3911982326,12.659543508206273,service,Unnamed,True,25.85,Uncategorized,
3911983528,3911993003,80.76628266293255,steps,Unnamed,False,30.49,Uncategorized,
3911983528,3912033953,19.842187581419847,service,Unnamed,False,25.85,Uncategorized,
3911983528,3912033953,21.904257778974625,service,Unnamed,False,25.85,Uncategorized,
3911992995,3911993001,24.085611137999503,steps,Unnamed,False,30.49,Uncategorized,
3911992995,3911993003,32.387655720122574,steps,Unnamed,False,30.49,Uncategorized,
3911992995,3912328985,27.65079860313506,steps,Unnamed,False,30.49,Uncategorized,
3911992997,3911982325,50.45895259616514,service,Unnamed,False,25.85,Uncategorized,
3911992997,3911982324,18.844098836700944,service,Unnamed,False,25.85,Uncategorized,
3911992997,3912328982,18.58542618814859,steps,Unnamed,False,30.49,Uncategorized,
3911992998,3911992999,50.232010823543,steps,Unnamed,False,30.49,Uncategorized,
3911992998,3912328983,3.86203127853759,steps,Unnamed,False,30.49,Uncategorized,
3911992998,3912328982,53.87111205174195,steps,Unnamed,False,30.49,Uncategorized,
3911992999,3911992998,50.232010823543,steps,Unnamed,False,30.49,Uncategorized,
3911992999,3911993001,41.61794055725094,steps,Unnamed,False,30.49,Uncategorized,
3911992999,3912328984,3.8042628754755587,steps,Unnamed,False,30.49,Uncategorized,
3911993000,3912393759,25.256014335584762,steps,Unnamed,False,30.49,Uncategorized,
3911993000,3911993002,53.53540833508717,service,Unnamed,False,25.85,Uncategorized,
3911993000,3911982331,40.70793811102202,service,Unnamed,False,25.85,Uncategorized,
3911993001,3911992999,41.61794055725094,steps,Unnamed,False,30.49,Uncategorized,
3911993001,3911992995,24.085611137999503,steps,Unnamed,False,30.49,Uncategorized,
3911993001,3912328985,4.079390931829376,steps,Unnamed,False,30.49,Uncategorized,
3911993002,3911993003,40.85957331610813,steps,Unnamed,False,30.49,Uncategorized,
3911993002,3912033953,17.145169708674967,service,Unnamed,False,25.85,Uncategorized,
3911993002,3911993000,53.53540833508717,service,Unnamed,False,25.85,Uncategorized,
3911993003,3911993002,40.85957331610813,steps,Unnamed,False,30.49,Uncategorized,
3911993003,3911992995,32.38765572012257,steps,Unnamed,False,30.49,Uncategorized,
3911993003,3911983528,80.76628266293255,steps,Unnamed,False,30.49,Uncategorized,
3911994292,3911994293,8.194765452756965,primary,National Highway,False,30.49,Uncategorized,4
3911994292,13526741046,136.8709497184127,primary,National Highway,False,30.49,Uncategorized,4
3911994293,3911994292,8.194765452756965,primary,National Highway,False,30.49,Uncategorized,4
3911994293,12718893579,7.8837388068650025,service,Unnamed,True,25.85,Uncategorized,
3911994293,425124779,161.39232870231228,primary,National Highway,False,30.49,Uncategorized,4
3912033953,3911993002,17.145169708674967,service,Unnamed,False,25.85,Uncategorized,
3912033953,3911983528,21.90425777897462,service,Unnamed,False,25.85,Uncategorized,
3912033953,3911983528,19.842187581419847,service,Unnamed,False,25.85,Uncategorized,
3912328982,3912328983,50.25075835915007,steps,Unnamed,False,30.49,Uncategorized,
3912328982,3911992997,18.58542618814859,steps,Unnamed,False,30.49,Uncategorized,
3912328982,3911992998,53.87111205174195,steps,Unnamed,False,30.49,Uncategorized,
3912328983,3911992998,3.86203127853759,steps,Unnamed,False,30.49,Uncategorized,
3912328983,3912328982,50.25075835915007,steps,Unnamed,False,30.49,Uncategorized,
3912328983,3912328984,50.30922536009106,steps,Unnamed,False,30.49,Uncategorized,
3912328983,3911982325,29.291050326599,steps,Unnamed,False,30.49,Uncategorized,
3912328984,3911992999,3.8042628754755587,steps,Unnamed,False,30.49,Uncategorized,
3912328984,3912328983,50.30922536009106,steps,Unnamed,False,30.49,Uncategorized,
3912328984,3912328989,7.899417039427766,steps,Unnamed,False,30.49,Uncategorized,
3912328985,3911993001,4.079390931829376,steps,Unnamed,False,30.49,Uncategorized,
3912328985,3912393759,8.06988176123502,steps,Unnamed,False,30.49,Uncategorized,
3912328985,3911992995,27.65079860313506,steps,Unnamed,False,30.49,Uncategorized,
3912328989,3911982332,15.512694373197148,steps,Unnamed,False,30.49,Uncategorized,
3912328989,3912393759,41.98268540424033,steps,Unnamed,False,30.49,Uncategorized,
3912328989,3912328984,7.899417039427766,steps,Unnamed,False,30.49,Uncategorized,
3912393759,3911993000,25.256014335584762,steps,Unnamed,False,30.49,Uncategorized,
3912393759,3912328989,41.98268540424033,steps,Unnamed,False,30.49,Uncategorized,
3912393759,3912328985,8.06988176123502,steps,Unnamed,False,30.49,Uncategorized,
3970310346,3970334268,157.23000665342386,service,Unnamed,False,25.85,Uncategorized,
3970334268,10595629656,692.6608768031274,secondary,Jamboree Road,False,30.0,Uncategorized,"['2', '4']"
3970334268,3970334279,66.96330093224853,secondary,Jamboree Road,False,30.0,Uncategorized,2
3970334268,3970310346,157.23000665342383,service,Unnamed,False,25.85,Uncategorized,
3970334277,1300391165,41.91544607537521,residential,Unnamed,False,31.86,private,
3970334277,500066114,80.61552056566728,residential,Unnamed,False,31.86,private,
3970334277,3970334279,43.479083285306345,footway,Unnamed,False,30.0,private,
3970334279,500066114,54.5474699584006,secondary,Jamboree Road,False,30.0,Uncategorized,2
3970334279,3970334268,66.96330093224853,secondary,Jamboree Road,False,30.0,Uncategorized,2
3970334279,3970334277,43.479083285306345,footway,Unnamed,False,30.0,private,
3970334280,1300391365,268.0634842340625,residential,Unnamed,False,30.0,destination,
3970334285,500066109,29.192997498487678,secondary,Jamboree Road,False,30.0,Uncategorized,2
3970334285,1300391127,91.45929879622172,residential,Unnamed,False,31.86,Uncategorized,
3970334285,1300391214,40.57493372353192,secondary,Jamboree Road,False,30.0,Uncategorized,2
3970334288,3970334291,111.23644863356756,footway,Unnamed,False,30.0,Uncategorized,
3970334288,8894367136,43.32699212629829,residential,Unnamed,False,31.86,Uncategorized,
3970334288,1300391284,67.70650297523912,residential,Unnamed,False,30.0,Uncategorized,
3970334291,1300391233,7.215925718824607,secondary,Jamboree Road,False,30.0,Uncategorized,2
3970334291,1300391161,64.88091401980499,secondary,Jamboree Road,False,30.0,Uncategorized,2
3970334291,3970334288,111.23644863356756,footway,Unnamed,False,30.0,Uncategorized,
3970334301,2021099182,36.59054914191735,footway,Unnamed,False,30.0,Uncategorized,
3970334305,500063546,12.268368527626087,secondary,Jamboree Road,False,30.0,Uncategorized,2
3970334305,5731400928,75.46933404082424,secondary,Jamboree Road,False,30.0,Uncategorized,2
3970334305,3970334311,55.24974142122363,service,Unnamed,False,25.85,private,
3970334311,3970334305,55.24974142122363,service,Unnamed,False,25.85,private,
4006888617,2719143944,31.86998106745332,residential,Unnamed,False,31.86,Uncategorized,
4006910527,689735687,10.580177842006695,steps,Unnamed,False,30.49,Uncategorized,
4006910529,527828318,43.84049886602233,footway,Unnamed,False,30.0,Uncategorized,
4006910531,4006910536,4.293768457225677,footway,Unnamed,False,30.0,Uncategorized,
4006910531,5507328827,5.489437890699292,footway,Unnamed,False,30.0,Uncategorized,
4006910531,5507328608,32.229307628528126,footway,Unnamed,False,30.0,Uncategorized,
4006910531,2169901372,37.39974919877028,footway,Unnamed,False,30.0,Uncategorized,
4006910536,4006910531,4.293768457225677,footway,Unnamed,False,30.0,Uncategorized,
4006910536,687360317,29.72888621674904,footway,Unnamed,False,30.0,Uncategorized,
4006910536,4006910540,14.706294224993275,footway,Unnamed,False,30.0,Uncategorized,
4006910540,894120160,16.111318208293024,footway,Unnamed,False,30.0,Uncategorized,
4006910540,4006910536,14.706294224993275,footway,Unnamed,False,30.0,Uncategorized,
4006910540,4006910542,13.279857015165618,footway,Unnamed,False,30.0,Uncategorized,
4006910542,5507328608,4.7862731018659925,footway,Unnamed,False,30.0,Uncategorized,
4006910542,4006910540,13.279857015165618,footway,Unnamed,False,30.0,Uncategorized,
4006910542,4006910551,15.854123525861253,footway,Unnamed,False,30.0,Uncategorized,
4006910547,5507328618,6.109514345816224,footway,Unnamed,False,30.0,Uncategorized,
4006910547,4006910551,5.994852646640137,footway,Unnamed,False,30.0,Uncategorized,
4006910547,5507328608,13.45897012414616,footway,Unnamed,False,30.0,Uncategorized,
4006910551,4006910547,5.994852646640137,footway,Unnamed,False,30.0,Uncategorized,
4006910551,4006910558,12.21454454867809,footway,Unnamed,False,30.0,Uncategorized,
4006910551,4006910542,15.854123525861251,footway,Unnamed,False,30.0,Uncategorized,
4006910552,4006910558,5.396278920886468,footway,Unnamed,False,30.0,Uncategorized,
4006910552,5507328617,6.941131219086073,footway,Unnamed,False,30.0,Uncategorized,
4006910552,4006910559,9.572323086170668,footway,Unnamed,False,30.0,Uncategorized,
4006910558,4006910551,12.214544548678091,footway,Unnamed,False,30.0,Uncategorized,
4006910558,4006910552,5.396278920886468,footway,Unnamed,False,30.0,Uncategorized,
4006910558,4006910576,29.003194305753688,footway,Unnamed,False,30.0,Uncategorized,
4006910559,5507328597,48.88629799822623,footway,Unnamed,False,30.0,Uncategorized,
4006910559,4006910575,22.425549001116625,footway,Unnamed,False,30.0,Uncategorized,
4006910559,4006910552,9.572323086170668,footway,Unnamed,False,30.0,Uncategorized,
4006910575,4006910796,27.524644292168155,footway,Unnamed,False,30.0,Uncategorized,
4006910575,4006910576,5.01474835866583,footway,Unnamed,False,30.0,Uncategorized,
4006910575,4006910559,22.42554900111662,footway,Unnamed,False,30.0,Uncategorized,
4006910576,4006910575,5.01474835866583,footway,Unnamed,False,30.0,Uncategorized,
4006910576,4006910799,40.65655836536642,footway,Unnamed,False,30.0,Uncategorized,
4006910576,4006910558,29.003194305753688,footway,Unnamed,False,30.0,Uncategorized,
4006910796,4006910799,2.376140748618987,footway,Unnamed,False,30.0,Uncategorized,
4006910796,4006910575,27.524644292168155,footway,Unnamed,False,30.0,Uncategorized,
4006910796,6363688925,18.261256502443423,steps,Unnamed,False,30.49,Uncategorized,
4006910799,6363688926,11.432688665741326,steps,Unnamed,False,30.49,Uncategorized,
4006910799,4006910796,2.376140748618987,footway,Unnamed,False,30.0,Uncategorized,
4006910799,4006910576,40.65655836536643,footway,Unnamed,False,30.0,Uncategorized,
4049493447,12718893543,17.846525367759988,footway,Unnamed,False,30.0,Uncategorized,
4056042892,4056042894,25.320324522112962,service,Unnamed,False,25.85,private,
4056042892,4056042897,21.707860226792636,service,Unnamed,False,25.85,private,
4056042892,813543591,7.962710069880301,service,Unnamed,False,25.85,private,
4056042894,4056042892,25.320324522112962,service,Unnamed,False,25.85,private,
4056042897,4056042892,21.707860226792636,service,Unnamed,False,25.85,private,
4056042899,813550006,30.400212439037922,service,Unnamed,False,25.85,Uncategorized,
4271482700,4271509038,22.823588265135918,footway,Unnamed,False,30.0,Uncategorized,
4271509038,573362721,6.2986294687593976,footway,Unnamed,False,30.0,Uncategorized,
4271509038,10079015060,27.898833709351827,footway,Unnamed,False,30.0,Uncategorized,
4271509038,4271482700,22.823588265135918,footway,Unnamed,False,30.0,Uncategorized,
4394335195,995847437,199.00757844049855,footway,Unnamed,False,30.0,Uncategorized,
4394335195,6361461394,35.33448961601917,footway,Unnamed,False,30.0,Uncategorized,
4394335195,3164540371,142.39717653590782,footway,Unnamed,False,30.0,Uncategorized,
4411399789,12309592210,37.05173989629637,footway,Unnamed,False,30.0,Uncategorized,
4430445787,1256324644,141.82176188489518,residential,Hill Drive,False,30.0,private,2
4430445787,1256324644,160.34919626044854,residential,Summit Avenue,False,30.0,private,2
4430445787,4430445790,146.55563695811082,residential,Unnamed,False,30.0,private,2
4430445790,1256324889,72.49913165134662,residential,Summit Place,False,30.0,private,2
4430445790,4430445787,146.55563695811082,residential,Unnamed,False,30.0,private,2
4430445790,1256324765,73.52221190063699,residential,Summit Place,False,30.0,private,2
4556595091,4556595092,76.32901121477518,service,Unnamed,False,25.85,Uncategorized,
4556595091,382043493,34.20406418471846,unclassified,Unnamed,True,40.0,destination,2
4556595092,4556595091,76.32901121477518,service,Unnamed,False,25.85,Uncategorized,
4556595092,4556595093,23.456882227527313,service,Unnamed,False,25.85,Uncategorized,
4556595092,4556595095,50.10467149826685,service,Unnamed,False,25.85,Uncategorized,
4556595093,28997193,48.54989906747059,primary,National Highway,False,30.49,Uncategorized,4
4556595093,2522033292,10.537285301234103,primary,National Highway,False,30.49,Uncategorized,4
4556595093,4556595092,23.456882227527313,service,Unnamed,False,25.85,Uncategorized,
4556595095,4556595092,50.10467149826685,service,Unnamed,False,25.85,Uncategorized,
4556595636,1143689882,5.085553830482954,service,Unnamed,False,25.85,private,
4556595636,1143689913,32.249245533205546,service,Unnamed,False,25.85,private,
4556595636,1143689931,45.08624323174282,service,Unnamed,False,25.85,private,
4590841838,6243255828,113.62107295105024,service,Downhill Drive,False,30.0,private,
4590841854,2676750658,54.98112705538637,service,Unnamed,False,25.85,private,1
4590841876,4590841882,54.93840475651932,service,Unnamed,False,25.85,private,1
4590841882,2400088638,40.10114094471264,residential,Palm Drive,False,30.0,Uncategorized,2
4590841882,2676750658,124.89115538415467,residential,Palm Drive,False,30.0,Uncategorized,2
4590841882,4590841876,54.93840475651932,service,Unnamed,False,25.85,private,1
4601270065,3377882300,59.19002330769541,service,Unnamed,False,25.85,private,
4611760495,949482705,9.111754060585861,service,Unnamed,False,25.85,private,
4611760499,949482705,19.11212930752193,service,Unnamed,False,25.85,private,
4727674090,1256302437,67.1963587171922,service,Unnamed,False,25.85,Uncategorized,
4737366520,12186673190,29.574672230787154,service,Unnamed,False,25.85,Uncategorized,
4737366923,12186673190,5.000498680764321,service,Unnamed,False,25.85,Uncategorized,
4737366923,253805017,18.238171280183437,secondary,Lopez Avenue,False,30.0,Uncategorized,2
4737366923,253503657,13.620809193392079,secondary,Lopez Avenue,False,30.0,Uncategorized,2
4791055563,382802365,3.709486028940549,footway,Unnamed,False,30.0,Uncategorized,
4791055563,432493375,30.59933564391073,footway,Unnamed,False,30.0,Uncategorized,
4791055563,12186673189,8.008479327475051,footway,Unnamed,False,30.0,Uncategorized,
4791055608,12186673157,2.7991369360768212,footway,Unnamed,False,30.0,Uncategorized,
4791055608,848318671,12.182846665854807,footway,Unnamed,False,30.0,Uncategorized,
4791055608,582443495,40.721892593511676,footway,Unnamed,False,30.0,Uncategorized,
4791055615,428740878,4.434488212090353,residential,Ruby Street,False,40.0,Uncategorized,2
4791055615,5509654203,2.495121744040588,footway,Unnamed,False,30.0,Uncategorized,
4791055615,790708795,40.63008445292471,residential,Ruby Street,False,40.0,Uncategorized,2
4791055615,12256481422,65.20583935346674,footway,Unnamed,False,30.0,Uncategorized,
4791055616,5509654202,26.41315229143115,footway,Unnamed,False,30.0,Uncategorized,
4791055616,8336844878,91.56639717098734,steps,Unnamed,False,30.49,Uncategorized,
4791055616,4791056628,165.32551973120732,footway,Unnamed,False,30.0,Uncategorized,
4791056628,5512649828,6.1146389477931775,footway,Unnamed,False,30.0,Uncategorized,
4791056628,848318672,15.48666698788955,footway,Unnamed,False,30.0,Uncategorized,
4791056628,4791055616,165.32551973120735,footway,Unnamed,False,30.0,Uncategorized,
4791056633,382802709,4.991691526663709,unclassified,Pedro R. Sandoval Avenue,True,30.0,Uncategorized,2
4791056633,4791056634,11.298166835538053,footway,Unnamed,False,30.0,Uncategorized,
4791056633,12188365824,3.7872720436865808,footway,Unnamed,False,30.0,Uncategorized,
4791056634,432493334,96.61859206093506,footway,Unnamed,False,30.0,Uncategorized,
4791056634,4791056633,11.298166835538053,footway,Unnamed,False,30.0,Uncategorized,
4791056634,12973739499,34.234639706158106,footway,Unnamed,False,30.0,Uncategorized,
4791412131,1532125316,22.896351188179374,tertiary,Pili Drive,False,33.15,Uncategorized,2
4791412131,790108617,25.20539453169049,tertiary,Pili Drive,False,33.15,Uncategorized,2
4791412131,4791412331,22.565896117848794,service,Unnamed,False,25.85,Uncategorized,
4791412177,1252052255,8.785927555691831,service,Unnamed,False,25.85,Uncategorized,
4791412177,4791412194,23.985946282218105,service,Unnamed,False,25.85,Uncategorized,
4791412177,12256478675,31.74459055504613,footway,Unnamed,False,30.0,Uncategorized,
4791412177,4791412337,19.99066623249673,footway,Unnamed,False,30.0,Uncategorized,
4791412187,790108463,59.19894260519232,footway,Unnamed,False,30.0,Uncategorized,
4791412187,12256478675,18.273920963234783,footway,Unnamed,False,30.0,Uncategorized,
4791412187,790108456,31.55343061028734,footway,Unnamed,False,30.0,Uncategorized,
4791412189,790108391,13.035854012658218,footway,Unnamed,False,30.0,Uncategorized,
4791412189,4791412192,12.978309196691844,footway,Unnamed,False,30.0,Uncategorized,
4791412189,790108456,53.51032228618043,footway,Unnamed,False,30.0,Uncategorized,
4791412189,5506875539,41.073333951906534,footway,Unnamed,False,30.0,Uncategorized,
4791412192,4791412193,6.706366260349245,footway,Unnamed,False,30.0,Uncategorized,
4791412192,4791412189,12.978309196691844,footway,Unnamed,False,30.0,Uncategorized,
4791412192,5506875539,35.40554900983355,footway,Unnamed,False,30.0,Uncategorized,
4791412193,4791412192,6.706366260349245,footway,Unnamed,False,30.0,Uncategorized,
4791412193,790108456,33.629577965326796,footway,Unnamed,False,30.0,Uncategorized,
4791412193,4791412194,18.762740925135038,footway,Unnamed,False,30.0,Uncategorized,
4791412194,4791412177,23.985946282218105,service,Unnamed,False,25.85,Uncategorized,
4791412194,8323153374,9.364960607248932,service,Unnamed,False,25.85,Uncategorized,
4791412194,4791412193,18.762740925135038,footway,Unnamed,False,30.0,Uncategorized,
4791412219,1532125318,38.763428563660916,tertiary,Andres P. Aglibut Avenue,False,33.15,Uncategorized,2
4791412219,1532125341,3.2420341290143053,tertiary,Andres P. Aglibut Avenue,False,33.15,Uncategorized,2
4791412219,6361461471,4.430767536664146,service,Unnamed,False,25.85,Uncategorized,
4791412331,4791412337,2.1150873448467777,footway,Unnamed,False,30.0,Uncategorized,
4791412331,790108617,16.251500621699535,service,Unnamed,False,25.85,Uncategorized,
4791412331,4791412131,22.565896117848794,service,Unnamed,False,25.85,Uncategorized,
4791412337,5506875548,4.326916457501003,footway,Unnamed,False,30.0,Uncategorized,
4791412337,4791412331,2.1150873448467777,footway,Unnamed,False,30.0,Uncategorized,
4791412337,4791412177,19.99066623249673,footway,Unnamed,False,30.0,Uncategorized,
4791412337,5506875544,28.341430895718588,footway,Unnamed,False,30.0,Uncategorized,
4791748343,438048439,2.9136679479249916,tertiary,Jose M. Capinpin Street,True,33.15,Uncategorized,2
4791748343,4791748371,5.308316749060599,service,Unnamed,False,25.85,Uncategorized,
4791748352,4791748343,29.823701189031706,tertiary,Jose M. Capinpin Street,True,33.15,Uncategorized,2
4791748352,4791748370,4.9386902806024136,service,Unnamed,False,25.85,Uncategorized,
4791748359,438064253,25.84618187560838,service,Unnamed,False,25.85,Uncategorized,
4791748367,4791748380,6.58918210642614,footway,Unnamed,False,30.0,Uncategorized,
4791748367,818892896,25.329347118637692,tertiary,Jose M. Capinpin Street,True,33.15,Uncategorized,2
4791748367,12254040080,5.24873500420357,steps,Unnamed,False,30.49,Uncategorized,
4791748369,382802703,4.584603495847514,footway,Unnamed,False,30.0,Uncategorized,
4791748369,4791748370,16.729672174662976,footway,Unnamed,False,30.0,Uncategorized,
4791748369,382803329,66.74314672197487,footway,Unnamed,False,30.0,Uncategorized,
4791748370,4791748352,4.9386902806024136,service,Unnamed,False,25.85,Uncategorized,
4791748370,4791748371,29.609582373118133,footway,Unnamed,False,30.0,Uncategorized,
4791748370,4791748371,42.87512106707812,service,Unnamed,False,25.85,Uncategorized,
4791748370,4791748369,16.729672174662976,footway,Unnamed,False,30.0,Uncategorized,
4791748371,4791748343,5.308316749060599,service,Unnamed,False,25.85,Uncategorized,
4791748371,4791748372,4.111612838009736,footway,Unnamed,False,30.0,Uncategorized,
4791748371,4791748370,29.609582373118133,footway,Unnamed,False,30.0,Uncategorized,
4791748371,4791748370,42.87512106707811,service,Unnamed,False,25.85,Uncategorized,
4791748372,438048439,5.513304589566341,footway,Unnamed,False,30.0,Uncategorized,
4791748372,816649734,28.73469193217025,footway,Unnamed,False,30.0,Uncategorized,
4791748372,4791748371,4.111612838009736,footway,Unnamed,False,30.0,Uncategorized,
4791748372,438048436,20.300435946430603,footway,Unnamed,False,30.0,Uncategorized,
4791748373,438048413,6.661776324140468,footway,Unnamed,False,30.0,Uncategorized,
4791748373,816649734,12.811139384091566,footway,Unnamed,False,30.0,Uncategorized,
4791748373,600741080,57.709849614506396,footway,Unnamed,False,30.0,Uncategorized,
4791748373,4791748380,56.39625161412289,footway,Unnamed,False,30.0,Uncategorized,
4791748380,4791748367,6.58918210642614,footway,Unnamed,False,30.0,Uncategorized,
4791748380,600741080,31.736271506224057,footway,Unnamed,False,30.0,Uncategorized,
4791748380,4791748385,45.87210346292122,footway,Unnamed,False,30.0,Uncategorized,
4791748380,4791748373,56.39625161412289,footway,Unnamed,False,30.0,Uncategorized,
4791748385,600741080,25.2178116167551,footway,Unnamed,False,30.0,Uncategorized,
4791748385,8314748102,6.723089399301889,footway,Unnamed,False,30.0,Uncategorized,
4791748385,9085381484,9.185016404425129,footway,Unnamed,False,30.0,Uncategorized,
4791748385,4791748380,45.87210346292121,footway,Unnamed,False,30.0,Uncategorized,
4792449593,4792449605,15.214642402564541,footway,Unnamed,False,30.0,Uncategorized,
4792449593,382807880,37.08264304773531,footway,Unnamed,False,30.0,Uncategorized,
4792449593,12188365821,11.18595110222757,footway,Unnamed,False,30.0,Uncategorized,
4792449595,4792449598,6.200174085441414,footway,Unnamed,False,30.0,Uncategorized,
4792449595,4792449600,5.651810231532211,footway,Unnamed,False,30.0,Uncategorized,
4792449595,4792449622,14.637051364113123,footway,Unnamed,False,30.0,Uncategorized,
4792449597,382803329,26.561286316131397,path,Unnamed,False,30.0,Uncategorized,
4792449597,438048678,24.15229233655528,path,Unnamed,False,30.0,Uncategorized,
4792449597,4792449598,29.45280214387767,footway,Unnamed,False,30.0,Uncategorized,
4792449598,4792449595,6.200174085441414,footway,Unnamed,False,30.0,Uncategorized,
4792449598,4792449599,11.098448474474475,footway,Unnamed,False,30.0,Uncategorized,
4792449598,4792449597,29.45280214387767,footway,Unnamed,False,30.0,Uncategorized,
4792449599,4792449598,11.098448474474475,footway,Unnamed,False,30.0,Uncategorized,
4792449600,4792449595,5.651810231532211,footway,Unnamed,False,30.0,Uncategorized,
4792449600,4792449602,3.5512031847791627,footway,Unnamed,False,30.0,Uncategorized,
4792449600,4792449601,10.980129708188112,footway,Unnamed,False,30.0,Uncategorized,
4792449601,4792449600,10.980129708188112,footway,Unnamed,False,30.0,Uncategorized,
4792449602,4792449600,3.5512031847791627,footway,Unnamed,False,30.0,Uncategorized,
4792449602,530609699,21.57833766211032,footway,Unnamed,False,30.0,Uncategorized,
4792449602,4792449603,24.916861592079975,footway,Unnamed,False,30.0,Uncategorized,
4792449603,811028743,19.559443660945096,footway,Unnamed,False,30.0,Uncategorized,
4792449603,530609701,18.4505158173799,footway,Unnamed,False,30.0,Uncategorized,
4792449603,4792449602,24.916861592079975,footway,Unnamed,False,30.0,Uncategorized,
4792449605,4792449619,2.688132003925494,footway,Unnamed,False,30.0,Uncategorized,
4792449605,4792449593,15.214642402564541,footway,Unnamed,False,30.0,Uncategorized,
4792449605,8701333231,35.08686604140494,footway,Unnamed,False,30.0,Uncategorized,
4792449619,4792449605,2.688132003925494,footway,Unnamed,False,30.0,Uncategorized,
4792449619,4792449622,2.4558940708302077,steps,Unnamed,False,30.49,Uncategorized,
4792449619,4792449622,8.578442464357535,footway,Unnamed,False,30.0,Uncategorized,
4792449622,4792449619,2.4558940708302077,steps,Unnamed,False,30.49,Uncategorized,
4792449622,4792449619,8.578442464357536,footway,Unnamed,False,30.0,Uncategorized,
4792449622,4792449595,14.637051364113123,footway,Unnamed,False,30.0,Uncategorized,
4793258722,2170279575,4.057457430816559,footway,Unnamed,False,30.0,Uncategorized,
4793258722,1187299803,19.2178619173817,service,Unnamed,False,25.85,Uncategorized,
4793258722,1187299465,26.000369156193315,service,Unnamed,False,25.85,Uncategorized,
4793258722,775988694,30.236884007108824,footway,Unnamed,False,30.0,Uncategorized,
4793258727,4793258732,35.45748048694682,service,Unnamed,False,25.85,Uncategorized,
4793258727,1187299803,98.28523357635042,service,Unnamed,False,25.85,Uncategorized,
4793258727,4793258730,16.546299545997552,service,Unnamed,False,25.85,Uncategorized,
4793258728,4793258732,13.90565074956025,service,Unnamed,False,25.85,Uncategorized,
4793258729,1268348775,22.97772381407834,service,Unnamed,False,25.85,Uncategorized,
4793258729,1120694492,34.8094411873066,service,Unnamed,False,25.85,Uncategorized,
4793258729,2112402453,9.72622042015331,service,Unnamed,False,25.85,Uncategorized,
4793258730,4793258727,16.546299545997552,service,Unnamed,False,25.85,Uncategorized,
4793258730,2112402454,43.47302227083054,service,Unnamed,False,25.85,Uncategorized,
4793258730,4793258789,35.409178032878586,service,Unnamed,False,25.85,Uncategorized,
4793258732,4793258728,13.90565074956025,service,Unnamed,False,25.85,Uncategorized,
4793258732,4793258727,35.45748048694682,service,Unnamed,False,25.85,Uncategorized,
4793258732,4793258789,14.241822260019278,service,Unnamed,False,25.85,Uncategorized,
4793258788,4793258789,2.5209019788098286,footway,Unnamed,False,30.0,Uncategorized,
4793258789,4793258732,14.241822260019278,service,Unnamed,False,25.85,Uncategorized,
4793258789,4793258788,2.5209019788098286,footway,Unnamed,False,30.0,Uncategorized,
4793258789,4793258730,35.409178032878586,service,Unnamed,False,25.85,Uncategorized,
5104311621,13293895312,36.61098922355703,residential,Unnamed,False,31.86,Uncategorized,
5104436190,949612171,17.464838338953406,primary,National Highway,False,30.49,Uncategorized,4
5104436190,1342899158,137.55905487392897,primary,National Highway,False,30.49,Uncategorized,4
5104436190,5104436195,147.94865978299634,residential,Unnamed,False,31.86,Uncategorized,2
5104436191,5224489327,112.96388426172365,residential,Unnamed,False,31.86,Uncategorized,2
5104436191,6677260128,36.03729241902141,residential,Unnamed,False,31.86,Uncategorized,2
5104436191,6677260122,39.47528269777748,residential,Unnamed,False,31.86,Uncategorized,2
5104436191,1302792177,48.183036880461906,residential,Unnamed,False,30.0,private,2
5104436195,5224482966,124.86335803092778,residential,Unnamed,False,31.86,Uncategorized,2
5104436195,5224482965,105.63844762830334,residential,Unnamed,False,31.86,Uncategorized,2
5104436195,5224489326,86.14960642277764,residential,Unnamed,False,31.86,Uncategorized,2
5104436195,5104436190,147.94865978299634,residential,Unnamed,False,31.86,Uncategorized,2
5104436198,6677260115,102.05744820858614,residential,Unnamed,False,31.86,Uncategorized,2
5104436198,5104436199,37.58578259879901,residential,Unnamed,False,31.86,Uncategorized,2
5104436198,6677260114,42.14734663568853,residential,Unnamed,False,31.86,Uncategorized,2
5104436199,6677260142,39.612831979018004,residential,Unnamed,False,31.86,Uncategorized,2
5104436199,5104436198,37.58578259879901,residential,Unnamed,False,31.86,Uncategorized,2
5104436199,5224482965,216.71143302689853,residential,Unnamed,False,31.86,Uncategorized,2
5188111855,10905848435,16.28597266340812,service,Unnamed,True,25.85,Uncategorized,
5188111855,10908633100,13.050542843014167,service,Unnamed,False,25.85,no,
5188111855,12309592265,46.40967840814325,service,Unnamed,False,25.85,no,
5224482965,5104436195,105.63844762830334,residential,Unnamed,False,31.86,Uncategorized,2
5224482965,6677260142,148.73358852796312,residential,Unnamed,False,31.86,Uncategorized,2
5224482965,5104436199,216.71143302689853,residential,Unnamed,False,31.86,Uncategorized,2
5224482966,5104436195,124.86335803092778,residential,Unnamed,False,31.86,Uncategorized,2
5224482966,6677260124,90.95897655176014,residential,Unnamed,False,31.86,Uncategorized,2
5224482966,6677260139,52.2291366953466,residential,Unnamed,False,31.86,Uncategorized,2
5224489326,5224489327,112.64118363696649,residential,Unnamed,False,31.86,Uncategorized,2
5224489326,6677260124,35.57837720647725,residential,Unnamed,False,31.86,Uncategorized,2
5224489326,6677260129,43.5239127873186,residential,Unnamed,False,31.86,Uncategorized,2
5224489326,5104436195,86.14960642277764,residential,Unnamed,False,31.86,Uncategorized,2
5224489327,5104436191,112.96388426172365,residential,Unnamed,False,31.86,Uncategorized,2
5224489327,5224489326,112.64118363696649,residential,Unnamed,False,31.86,Uncategorized,2
5224489327,6677260123,38.11575808352176,residential,Unnamed,False,31.86,Uncategorized,2
5224489327,6677260126,39.199851290147585,residential,Unnamed,False,31.86,Uncategorized,2
5225656591,812852741,270.09841215665875,service,Unnamed,False,25.85,Uncategorized,
5225656620,812852741,37.76210413722449,residential,Unnamed,False,31.86,Uncategorized,
5225656620,323077145,330.2607850403115,residential,Unnamed,False,31.86,Uncategorized,
5225656620,5225656724,123.81588884057093,residential,Unnamed,False,31.86,Uncategorized,
5225656724,5225656620,123.81588884057095,residential,Unnamed,False,31.86,Uncategorized,
5246668343,5246668344,102.13099144217736,residential,Unnamed,False,31.86,Uncategorized,
5246668344,474857214,33.31179189691895,residential,Unnamed,False,31.86,Uncategorized,
5246668344,5246668343,102.13099144217736,residential,Unnamed,False,31.86,Uncategorized,
5246668344,6810318449,102.18091021610718,residential,Unnamed,False,31.86,Uncategorized,
5246675713,945031132,60.11184275118829,unclassified,Ibarang Road,False,33.07,Uncategorized,2
5246675713,945031114,1027.547082152973,unclassified,Ibarang Road,False,33.07,Uncategorized,2
5246675713,5246689241,151.5659460516141,service,Unnamed,False,25.85,Uncategorized,
5246689241,5246675713,151.56594605161413,service,Unnamed,False,25.85,Uncategorized,
5246724750,434804482,50.31328359631406,residential,Unnamed,False,30.0,Uncategorized,2
5246724750,425117628,167.2014160273888,residential,Jade Street,False,40.0,Uncategorized,2
5246724750,434804892,42.40619933452768,residential,Unnamed,False,30.0,Uncategorized,2
5246724753,431154284,40.35487958397351,residential,Diamond Street,False,40.0,Uncategorized,2
5246724753,434804482,50.18229686951089,residential,Unnamed,False,30.0,Uncategorized,2
5246724753,7699734024,101.68622925809794,residential,Diamond Street,False,40.0,Uncategorized,2
5246736391,5246736392,13.872235904957815,service,Unnamed,False,25.85,Uncategorized,
5246736392,2579539584,59.137147288216475,footway,Unnamed,False,30.0,Uncategorized,
5246736392,5246736391,13.872235904957815,service,Unnamed,False,25.85,Uncategorized,
5246736392,2579539577,240.7360664418568,footway,Unnamed,False,30.0,Uncategorized,
5246736392,8292598287,94.94110125640863,service,Unnamed,False,25.85,Uncategorized,
5246749827,5246749828,42.78970251389528,residential,Unnamed,False,31.86,Uncategorized,
5246749828,5246749827,42.78970251389528,residential,Unnamed,False,31.86,Uncategorized,
5246749828,460203561,36.71488102547228,residential,Unnamed,False,30.0,Uncategorized,
5246749828,8334090089,24.37133008860689,residential,Unnamed,False,30.0,Uncategorized,
5246749952,474857214,56.837943702333554,residential,Unnamed,False,31.86,Uncategorized,
5246749952,427966268,16.846419543772615,residential,Unnamed,False,30.0,Uncategorized,
5246749952,474857174,23.662745776456006,residential,Unnamed,False,30.0,Uncategorized,
5246779339,1300391195,21.721175541836388,residential,Unnamed,False,31.86,Uncategorized,
5263092708,5263092710,24.906483051495297,path,Unnamed,False,30.0,Uncategorized,
5263092709,5633906931,18.26534635442421,residential,Unnamed,False,31.86,Uncategorized,
5263092709,5263092710,59.95378576116019,path,Unnamed,False,30.0,Uncategorized,
5263092709,11783451968,71.53231308155716,path,Unnamed,False,30.0,Uncategorized,
5263092709,12208656334,49.56222421663111,residential,Unnamed,False,31.86,Uncategorized,
5263092710,5263092708,24.906483051495297,path,Unnamed,False,30.0,Uncategorized,
5263092710,5263092711,19.711667142639424,path,Unnamed,False,30.0,Uncategorized,
5263092710,5263092709,59.95378576116019,path,Unnamed,False,30.0,Uncategorized,
5263092711,5263092710,19.711667142639424,path,Unnamed,False,30.0,Uncategorized,
5305200807,253778898,135.61280920297924,path,Unnamed,False,30.0,Uncategorized,
5305200812,2719143454,67.8476033580832,service,Unnamed,False,25.85,private,
5305200812,2719143454,376.7456178230333,path,Unnamed,False,30.0,Uncategorized,
5305200812,1119827716,308.5881630487455,service,Unnamed,False,25.85,private,
5305200817,5305200818,114.18186038246192,path,Unnamed,False,30.0,Uncategorized,
5305200818,5305200817,114.1818603824619,path,Unnamed,False,30.0,Uncategorized,
5305200818,1119827683,99.45111267722545,service,Unnamed,False,25.85,private,
5305200818,5305200929,320.6541716767019,path,Unnamed,False,30.0,Uncategorized,
5305200929,5305200818,320.6541716767019,path,Unnamed,False,30.0,Uncategorized,
5305256038,8894303948,221.76140761241714,track,Unnamed,False,30.0,Uncategorized,
5305256038,1492183674,111.58260431904881,track,Unnamed,False,30.0,private,
5305256038,1252235509,104.89469283638975,track,Unnamed,False,30.0,private,
5305256039,1143683906,127.3464001705844,unclassified,Unnamed,False,33.07,private,
5305256039,1119827773,108.64767450577929,unclassified,Unnamed,False,33.07,private,
5305256039,5305256042,252.9849326311547,track,Unnamed,False,30.0,private,
5305256042,1143683928,9.281099000817147,unclassified,Unnamed,False,33.07,private,
5305256042,1143684168,105.88647335871596,unclassified,Unnamed,False,33.07,private,
5305256042,5305256039,252.9849326311547,track,Unnamed,False,30.0,private,
5310604312,3164540371,32.24504831225139,service,Unnamed,True,25.85,private,1
5310604312,5310604313,9.129579820763158,service,Unnamed,True,25.85,private,2
5310604313,995847434,49.54502769687389,service,Unnamed,True,25.85,private,2
5310623326,1143683855,12.841656465779067,service,Unnamed,True,25.85,private,2
5310623326,5310623328,39.30851920791612,service,Unnamed,False,25.85,private,1
5310623328,5310623326,39.30851920791612,service,Unnamed,False,25.85,private,1
5310623333,2352985611,47.04077485137377,service,Unnamed,False,25.85,private,
5310623333,3604596763,19.850141475246588,service,Unnamed,True,25.85,private,2
5442033710,428743437,33.95063720234223,footway,Unnamed,False,30.0,Uncategorized,
5499087138,12186657978,18.25845374371753,footway,Unnamed,False,30.0,Uncategorized,
5499087138,5499087139,9.934420758174838,footway,Unnamed,False,30.0,Uncategorized,
5499087138,5499087141,15.149440742416145,footway,Unnamed,False,30.0,Uncategorized,
5499087139,5499087138,9.934420758174838,footway,Unnamed,False,30.0,Uncategorized,
5499087140,5499087141,4.695020604029042,footway,Unnamed,False,30.0,Uncategorized,
5499087141,5499087140,4.695020604029042,footway,Unnamed,False,30.0,Uncategorized,
5499087141,5499087138,15.149440742416143,footway,Unnamed,False,30.0,Uncategorized,
5499087141,438062957,43.1343645195453,footway,Unnamed,False,30.0,Uncategorized,
5499087143,12186657978,3.683206915964971,footway,Unnamed,False,30.0,Uncategorized,
5499087143,438060717,35.29515157077107,residential,Jose B. Juliano Avenue,False,30.0,Uncategorized,2
5499087143,689737390,20.604903815870387,residential,Jose B. Juliano Avenue,False,30.0,Uncategorized,2
5499087158,1445273656,9.753446981273092,footway,Unnamed,False,30.0,Uncategorized,
5499087161,1445273656,11.900927727616292,footway,Unnamed,False,30.0,Uncategorized,
5499087162,1445273660,14.402901361880309,footway,Unnamed,False,30.0,Uncategorized,
5499087163,1444585933,10.44635833833366,footway,Unnamed,False,30.0,Uncategorized,
5499087238,5499087245,28.455966980127315,service,Unnamed,False,25.85,Uncategorized,
5499087245,5499087248,12.26224246805621,service,Unnamed,False,25.85,Uncategorized,
5499087245,5499087293,19.3112643008017,footway,Unnamed,False,30.0,Uncategorized,
5499087245,5499087273,276.5976589272345,footway,Unnamed,False,30.0,Uncategorized,
5499087245,5499087238,28.455966980127315,service,Unnamed,False,25.85,Uncategorized,
5499087248,454086837,6.402123267700757,unclassified,Domingo M. Lantican Avenue,False,40.0,Uncategorized,2
5499087248,5499087245,12.26224246805621,service,Unnamed,False,25.85,Uncategorized,
5499087248,791219118,25.356069288951492,unclassified,Domingo M. Lantican Avenue,False,40.0,Uncategorized,2
5499087273,1411812861,11.023604208830482,service,Unnamed,False,25.85,private,
5499087273,3727196425,35.3029417698039,service,Unnamed,False,25.85,private,
5499087273,5499087245,276.59765892723453,footway,Unnamed,False,30.0,Uncategorized,
5499087273,12186673101,136.0938604862346,footway,Unnamed,False,30.0,Uncategorized,
5499087293,454086837,11.17252253144743,service,Unnamed,False,25.85,Uncategorized,
5499087293,2846145178,146.0564629594002,footway,Unnamed,False,30.0,Uncategorized,
5499087293,5499087245,19.3112643008017,footway,Unnamed,False,30.0,Uncategorized,
5499087293,1411812898,52.01894423472355,service,Unnamed,False,25.85,Uncategorized,
5499087310,453004735,76.48075600765853,service,Unnamed,False,25.85,Uncategorized,
5506875539,4791412192,35.40554900983355,footway,Unnamed,False,30.0,Uncategorized,
5506875539,5506875544,13.776791665187572,footway,Unnamed,False,30.0,Uncategorized,
5506875539,4791412189,41.07333395190654,footway,Unnamed,False,30.0,Uncategorized,
5506875544,4791412337,28.341430895718588,footway,Unnamed,False,30.0,Uncategorized,
5506875544,5506875548,22.63064505004539,footway,Unnamed,False,30.0,Uncategorized,
5506875544,5506875539,13.776791665187572,footway,Unnamed,False,30.0,Uncategorized,
5506875548,4791412337,4.326916457501003,footway,Unnamed,False,30.0,Uncategorized,
5506875548,5506875544,22.63064505004539,footway,Unnamed,False,30.0,Uncategorized,
5506875548,6948369176,41.73502848471142,footway,Unnamed,False,30.0,Uncategorized,
5506875582,760820324,19.190077766906143,footway,Unnamed,False,30.0,Uncategorized,
5506875594,12254049938,4.4761005460766565,footway,Unnamed,False,30.0,Uncategorized,
5506875594,12186673175,7.814239189973149,footway,Unnamed,False,30.0,Uncategorized,
5506875594,438051763,94.64488366838935,unclassified,Mariano M. Mondoñedo Avenue,False,30.0,Uncategorized,2
5506875594,438051749,46.5882161129813,unclassified,Mariano M. Mondoñedo Avenue,False,30.0,Uncategorized,2
5507043115,438062948,28.1072396970423,path,Unnamed,False,30.0,Uncategorized,
5507043115,6363688935,48.30072675492755,path,Unnamed,False,30.0,Uncategorized,
5507043115,12186657980,15.734418947900238,footway,Unnamed,False,30.0,Uncategorized,
5507052327,453000375,10.983778091595903,service,Unnamed,False,25.85,Uncategorized,
5507052327,5507052333,10.798456211146188,service,Unnamed,False,25.85,Uncategorized,
5507052327,5507052329,47.43309719209283,tertiary,Unnamed,True,33.15,Uncategorized,2
5507052329,5507052336,11.564086368025464,service,Unnamed,False,25.85,Uncategorized,
5507052329,1532125384,11.661265291989457,service,Unnamed,False,25.85,Uncategorized,
5507052329,12254049933,217.4508588263161,tertiary,Unnamed,True,33.15,Uncategorized,2
5507052330,5507052337,8.484696374162107,tertiary,Unnamed,False,33.15,Uncategorized,
5507052330,8345159617,13.148684499449095,tertiary,Unnamed,False,33.15,Uncategorized,
5507052330,6361461407,23.98666870088858,tertiary,Unnamed,False,33.15,Uncategorized,
5507052333,5507052327,10.798456211146188,service,Unnamed,False,25.85,Uncategorized,
5507052333,5507052336,47.38592324370027,tertiary,Unnamed,False,33.15,Uncategorized,3
5507052333,6372174197,57.94105328563747,tertiary,Unnamed,False,33.15,Uncategorized,3
5507052336,5507052329,11.564086368025464,service,Unnamed,False,25.85,Uncategorized,
5507052336,6372174190,10.210882656145852,service,Unnamed,False,25.85,Uncategorized,2
5507052336,12254040049,214.96903507303188,tertiary,Unnamed,False,33.15,no,3
5507052336,5507052333,47.38592324370027,tertiary,Unnamed,False,33.15,Uncategorized,3
5507052337,12256478680,5.140657940262273,tertiary,Unnamed,False,33.15,Uncategorized,
5507052337,5507052330,8.484696374162107,tertiary,Unnamed,False,33.15,Uncategorized,
5507052337,6948369162,3.6803704625307847,tertiary,Unnamed,False,33.15,no,3
5507052377,6363688943,2.412341084160254,footway,Unnamed,False,30.0,Uncategorized,
5507052377,1393350850,119.78580323969231,footway,Unnamed,False,30.0,Uncategorized,
5507052377,6363688934,16.3390916431556,footway,Unnamed,False,30.0,Uncategorized,
5507052383,453004738,7.942695253605692,footway,Unnamed,False,30.0,Uncategorized,
5507052383,791219083,21.541995951108422,footway,Unnamed,False,30.0,Uncategorized,
5507052383,5507052385,5.325902166234943,footway,Unnamed,False,30.0,Uncategorized,
5507052385,12188365849,12.941827365250068,footway,Unnamed,False,30.0,Uncategorized,
5507052385,5507052383,5.325902166234943,footway,Unnamed,False,30.0,Uncategorized,
5507052385,5507052388,18.90296408541363,footway,Unnamed,False,30.0,Uncategorized,
5507052388,791219085,3.285627691087973,steps,Unnamed,False,30.49,Uncategorized,
5507052388,791219083,7.983203827158367,steps,Unnamed,False,30.49,Uncategorized,
5507052388,5507052392,16.322629102360313,footway,Unnamed,False,30.0,Uncategorized,
5507052388,5507052385,18.90296408541363,footway,Unnamed,False,30.0,Uncategorized,
5507052389,382824760,6.112479763266919,tertiary,Jose B. Juliano Avenue,False,33.15,Uncategorized,2
5507052389,382839766,11.771569072748441,tertiary,Jose B. Juliano Avenue,False,33.15,Uncategorized,2
5507052389,382802444,7.134355423569147,footway,Unnamed,False,30.0,Uncategorized,
5507052389,12186657989,4.744672177084983,footway,Unnamed,False,30.0,Uncategorized,
5507052392,5507052388,16.322629102360313,footway,Unnamed,False,30.0,Uncategorized,
5507052392,12186657989,97.40807000479954,footway,Unnamed,False,30.0,Uncategorized,
5507052392,791219083,27.389892173051024,footway,Unnamed,False,30.0,Uncategorized,
5507052399,382802478,23.78143263975403,footway,Unnamed,False,30.0,Uncategorized,
5507052399,382802478,28.69674849440918,footway,Unnamed,False,30.0,Uncategorized,
5507052399,1393350945,110.33295102709003,footway,Unnamed,False,30.0,Uncategorized,
5507052418,2361575026,9.028169421700328,tertiary,Jose B. Juliano Avenue,False,33.15,Uncategorized,2
5507052418,382823527,3.728157086334837,tertiary,Jose B. Juliano Avenue,False,33.15,Uncategorized,2
5507052418,1126043016,5.221179527476159,service,Unnamed,False,25.85,Uncategorized,1
5507052434,5507052435,1.705067528676708,unclassified,Mariano M. Mondoñedo Avenue,False,30.0,Uncategorized,2
5507052434,1393350949,8.731810816351434,footway,Unnamed,False,30.0,Uncategorized,
5507052434,1393350945,2.643016472321431,footway,Unnamed,False,30.0,Uncategorized,
5507052434,382823208,24.722255616386626,unclassified,Mariano M. Mondoñedo Avenue,False,30.0,Uncategorized,2
5507052435,438049140,7.089024169286225,service,Unnamed,False,25.85,Uncategorized,
5507052435,5507052434,1.705067528676708,unclassified,Mariano M. Mondoñedo Avenue,False,30.0,Uncategorized,2
5507052435,438051764,67.29425676535422,unclassified,Mariano M. Mondoñedo Avenue,False,30.0,Uncategorized,2
5507052448,12256481413,31.19201661624761,footway,Unnamed,False,30.0,Uncategorized,
5507052448,12186657965,10.427206517710733,footway,Unnamed,False,30.0,Uncategorized,
5507052448,1393350945,71.60687103670304,footway,Unnamed,False,30.0,Uncategorized,
5507052478,438049139,19.86779775577815,service,Unnamed,False,25.85,Uncategorized,
5507052537,13123749428,4.056130241954115,tertiary,Mariano M. Mondoñedo Avenue,False,33.15,Uncategorized,2
5507052537,582439700,16.296378779440417,tertiary,"['Pili Drive', 'Mariano M. Mondoñedo Avenue']",False,33.15,Uncategorized,2
5507052537,13123750554,32.25022458606618,tertiary,Mariano M. Mondoñedo Avenue,False,35.0,Uncategorized,2
5507328571,12254040021,41.26407265927377,footway,Unnamed,False,30.0,Uncategorized,
5507328571,382802444,18.139586548757794,footway,Unnamed,False,30.0,Uncategorized,
5507328571,1445273674,10.695214521486113,footway,Unnamed,False,30.0,Uncategorized,
5507328597,4006910559,48.88629799822623,footway,Unnamed,False,30.0,Uncategorized,
5507328608,4006910542,4.7862731018659925,footway,Unnamed,False,30.0,Uncategorized,
5507328608,4006910547,13.458970124146163,footway,Unnamed,False,30.0,Uncategorized,
5507328608,4006910531,32.22930762852812,footway,Unnamed,False,30.0,Uncategorized,
5507328616,5507328617,7.827743946148426,footway,Unnamed,False,30.0,Uncategorized,
5507328616,5507328826,4.991516644322727,footway,Unnamed,False,30.0,Uncategorized,
5507328616,5507328828,50.206333760024435,footway,Unnamed,False,30.0,Uncategorized,
5507328617,5507328616,7.827743946148426,footway,Unnamed,False,30.0,Uncategorized,
5507328617,4006910552,6.941131219086072,footway,Unnamed,False,30.0,Uncategorized,
5507328617,5507328618,4.762447166256964,footway,Unnamed,False,30.0,Uncategorized,
5507328618,5507328826,7.190474483525022,footway,Unnamed,False,30.0,Uncategorized,
5507328618,5507328617,4.762447166256964,footway,Unnamed,False,30.0,Uncategorized,
5507328618,4006910547,6.109514345816224,footway,Unnamed,False,30.0,Uncategorized,
5507328826,5507328618,7.190474483525022,footway,Unnamed,False,30.0,Uncategorized,
5507328826,5507328616,4.991516644322727,footway,Unnamed,False,30.0,Uncategorized,
5507328826,5507328827,46.553596529955435,footway,Unnamed,False,30.0,Uncategorized,
5507328827,4006910531,5.489437890699292,footway,Unnamed,False,30.0,Uncategorized,
5507328827,453004178,1.7297674641696055,footway,Unnamed,False,30.0,Uncategorized,
5507328827,5507328826,46.553596529955435,footway,Unnamed,False,30.0,Uncategorized,
5507328827,5507328829,60.732754902012964,footway,Unnamed,False,30.0,Uncategorized,
5507328828,12254040041,2.018619624144534,footway,Unnamed,False,30.0,Uncategorized,
5507328828,13123749427,29.294371723770098,path,Unnamed,False,30.0,Uncategorized,
5507328828,13123750554,5.786964476366832,footway,Unnamed,False,30.0,Uncategorized,
5507328828,5507328616,50.206333760024435,footway,Unnamed,False,30.0,Uncategorized,
5507328829,5507328827,60.732754902012964,footway,Unnamed,False,30.0,Uncategorized,
5507328829,5507328843,35.411015127273494,footway,Unnamed,False,30.0,Uncategorized,
5507328829,6363688964,2.322531015953514,footway,Unnamed,False,30.0,Uncategorized,
5507328842,816417552,5.456307817079788,footway,Unnamed,False,30.0,Uncategorized,
5507328842,12254040019,23.07712988420311,footway,Unnamed,False,30.0,Uncategorized,
5507328842,6363688936,2.762783890992623,footway,Unnamed,False,30.0,Uncategorized,
5507328843,687360393,9.283139187799893,footway,Unnamed,False,30.0,Uncategorized,
5507328843,687360390,12.687332906656058,footway,Unnamed,False,30.0,Uncategorized,
5507328843,6363688965,123.5547101673432,footway,Unnamed,False,30.0,Uncategorized,
5507328843,5507328829,35.411015127273494,footway,Unnamed,False,30.0,Uncategorized,
5507328856,452997261,32.912999876762804,residential,Joseph C. Madamba,False,35.0,Uncategorized,2
5507328856,12254040025,31.809351647810267,residential,Joseph C. Madamba,False,35.0,Uncategorized,2
5507328856,2081049156,25.6832283399006,service,Unnamed,False,25.85,Uncategorized,
5507328884,687399432,50.92015243060782,service,Unnamed,False,25.0,Uncategorized,1
5507328931,5507328932,51.72221162331274,footway,Unnamed,False,30.0,Uncategorized,
5507328932,5507328931,51.72221162331274,footway,Unnamed,False,30.0,Uncategorized,
5507328932,1532125448,5.855955868397607,service,Unnamed,False,25.85,Uncategorized,
5507328932,5507328935,182.29348365902305,footway,Unnamed,False,30.0,Uncategorized,
5507328932,3429855301,80.4079219073749,service,Unnamed,False,25.85,Uncategorized,
5507328935,453000375,5.766152963365703,service,Unnamed,False,25.85,Uncategorized,2
5507328935,2170279713,16.535561027170868,service,Unnamed,False,25.85,Uncategorized,2
5507328935,5507328932,182.29348365902302,footway,Unnamed,False,30.0,Uncategorized,
5507328935,2170279704,28.471207520020172,footway,Unnamed,False,30.0,Uncategorized,
5507328938,5507328950,25.968646101392274,footway,Unnamed,False,30.0,Uncategorized,
5507328938,2170279599,5.713812697801611,footway,Unnamed,False,30.0,Uncategorized,
5507328938,5507328944,18.01852135695073,footway,Unnamed,False,30.0,Uncategorized,
5507328941,5507328942,14.933126229427852,footway,Unnamed,False,30.0,Uncategorized,
5507328942,5507328941,14.933126229427852,footway,Unnamed,False,30.0,Uncategorized,
5507328942,5507328944,22.965748205838455,footway,Unnamed,False,30.0,Uncategorized,
5507328942,6372174250,19.95785884897841,footway,Unnamed,False,30.0,Uncategorized,
5507328943,5507328944,13.980461366508125,footway,Unnamed,False,30.0,Uncategorized,
5507328944,5507328943,13.980461366508125,footway,Unnamed,False,30.0,Uncategorized,
5507328944,5507328942,22.965748205838455,footway,Unnamed,False,30.0,Uncategorized,
5507328944,5507328938,18.018521356950725,footway,Unnamed,False,30.0,Uncategorized,
5507328949,5507328950,29.385895132968223,footway,Unnamed,False,30.0,Uncategorized,
5507328950,5507328938,25.968646101392274,footway,Unnamed,False,30.0,Uncategorized,
5507328950,2170279575,3.938687373200779,steps,Unnamed,False,30.49,Uncategorized,
5507328950,5507328949,29.385895132968223,footway,Unnamed,False,30.0,Uncategorized,
5507391066,2112402522,15.700708745191502,footway,Unnamed,False,30.0,Uncategorized,
5507391066,2108118045,10.126128179248692,footway,Unnamed,False,30.0,Uncategorized,
5507391066,5507391067,13.325025099482069,footway,Unnamed,False,30.0,Uncategorized,
5507391067,5507391066,13.325025099482069,footway,Unnamed,False,30.0,Uncategorized,
5507391067,5507391069,15.553398848384576,footway,Unnamed,False,30.0,Uncategorized,
5507391067,5507391069,112.26328005610884,footway,Unnamed,False,30.0,Uncategorized,
5507391069,5507391067,15.553398848384576,footway,Unnamed,False,30.0,Uncategorized,
5507391069,5507391067,112.26328005610884,footway,Unnamed,False,30.0,Uncategorized,
5507391069,2209721726,25.790480410718366,footway,Unnamed,False,30.0,Uncategorized,
5507391069,2112402522,13.859232154351652,footway,Unnamed,False,30.0,Uncategorized,
5507391089,1445225035,22.7751794796192,footway,Unnamed,False,30.0,Uncategorized,
5507391089,1445225035,9.983268791467221,footway,Unnamed,False,30.0,Uncategorized,
5507391089,2209721726,94.51122866634779,footway,Unnamed,False,30.0,Uncategorized,
5509654202,4791055616,26.41315229143115,footway,Unnamed,False,30.0,Uncategorized,
5509654202,786430086,2.5458807499757525,footway,Unnamed,False,30.0,Uncategorized,
5509654202,1497254770,5.016099514097544,footway,Unnamed,False,30.0,Uncategorized,
5509654203,1497254770,4.463640379116083,footway,Unnamed,False,30.0,Uncategorized,
5509654203,4791055615,2.495121744040588,footway,Unnamed,False,30.0,Uncategorized,
5509654203,8337294663,99.83918594323892,footway,Unnamed,False,30.0,Uncategorized,
5512649828,4791056628,6.1146389477931775,footway,Unnamed,False,30.0,Uncategorized,
5512649828,848374853,7.983919931735,footway,Unnamed,False,30.0,Uncategorized,
5512649828,11343523644,6.652121723136083,secondary,Jose R. Velasco Avenue,False,30.0,Uncategorized,2
5512649828,428740875,104.7690944479419,secondary,Jose R. Velasco Avenue,False,30.0,Uncategorized,2
5512649829,1252052119,6.373112085039741,footway,Unnamed,False,30.0,Uncategorized,
5594610893,11783482765,28.4948183908316,path,Unnamed,False,30.0,Uncategorized,
5594610893,8273377402,382.26123920442836,path,Unnamed,False,30.0,Uncategorized,
5594610893,5613542921,166.20797135739357,path,Unnamed,False,30.0,Uncategorized,
5594639164,12208656334,39.334078640551475,residential,Unnamed,False,31.86,Uncategorized,
5594639164,5594639165,45.39488485540098,path,Unnamed,False,30.0,Uncategorized,
5594639164,5594642375,68.95710482955738,residential,Unnamed,False,31.86,Uncategorized,
5594639165,5594639164,45.39488485540098,path,Unnamed,False,30.0,Uncategorized,
5594642375,1342057812,29.913524754491352,residential,Unnamed,False,31.86,Uncategorized,
5594642375,1342057804,83.14862852247492,residential,Unnamed,False,31.86,Uncategorized,
5594642375,5594639164,68.9571048295574,residential,Unnamed,False,31.86,Uncategorized,
5594681869,5613542819,166.7897395986514,path,Unnamed,False,30.0,Uncategorized,
5594681869,5633907709,202.9934564838031,path,Unnamed,False,30.0,Uncategorized,
5594681869,5613542818,30.404151678555166,path,Unnamed,False,30.0,Uncategorized,
5613542816,5613542818,24.613368474447,path,Unnamed,False,30.0,Uncategorized,
5613542817,5613542818,38.883367037602945,path,Unnamed,False,30.0,Uncategorized,
5613542818,5613542816,24.613368474447,path,Unnamed,False,30.0,Uncategorized,
5613542818,5613542817,38.883367037602945,path,Unnamed,False,30.0,Uncategorized,
5613542818,5594681869,30.404151678555166,path,Unnamed,False,30.0,Uncategorized,
5613542819,7155474356,23.866538959944585,path,Unnamed,False,30.0,Uncategorized,
5613542819,5594681869,166.7897395986514,path,Unnamed,False,30.0,Uncategorized,
5613542819,5613542921,184.7764372702963,path,Unnamed,False,30.0,Uncategorized,
5613542921,5613542819,184.7764372702963,path,Unnamed,False,30.0,Uncategorized,
5613542921,2449173383,260.3677267091863,path,Unnamed,False,30.0,Uncategorized,
5613542921,5594610893,166.20797135739357,path,Unnamed,False,30.0,Uncategorized,
5618912007,8383598842,173.06784979080126,path,Unnamed,False,30.0,Uncategorized,
5618912007,12208656335,95.06076093016041,tertiary,Hilario T. Apolinario,False,33.15,Uncategorized,
5618912007,5633907705,59.16038233890066,tertiary,Hilario T. Apolinario,False,33.15,Uncategorized,
5618936900,253767765,65.02078141572765,residential,Unnamed,False,31.86,Uncategorized,
5618944078,253767765,43.66461560772935,tertiary,Hilario T. Apolinario,False,33.15,Uncategorized,
5618944078,5618944079,66.67662511044479,path,Unnamed,False,30.0,Uncategorized,
5618944078,253495863,71.02636844820296,tertiary,Hilario T. Apolinario,False,33.15,Uncategorized,
5618944079,5618944078,66.67662511044479,path,Unnamed,False,30.0,Uncategorized,
5618970838,5618975639,37.081766710510685,tertiary,B. A. Villanueva,False,33.15,Uncategorized,
5618970838,8897379472,53.41816876095049,tertiary,B. A. Villanueva,False,33.15,Uncategorized,
5618970838,5618970841,67.62147689303173,residential,Unnamed,False,31.86,Uncategorized,
5618970841,8305403549,79.2875603758909,residential,Unnamed,False,31.86,Uncategorized,
5618970841,5618970838,67.62147689303174,residential,Unnamed,False,31.86,Uncategorized,
5618970841,5618970845,73.96328365200826,path,Unnamed,False,30.0,Uncategorized,
5618970845,5618970841,73.96328365200824,path,Unnamed,False,30.0,Uncategorized,
5618975639,8897393691,65.35796946216102,residential,Unnamed,False,31.86,Uncategorized,
5618975639,8897379467,98.95119874714283,tertiary,B. A. Villanueva,False,33.15,Uncategorized,
5618975639,5618970838,37.081766710510685,tertiary,B. A. Villanueva,False,33.15,Uncategorized,
5618975640,8897393691,18.849717900171804,residential,Unnamed,False,31.86,Uncategorized,
5619395136,5695029642,11.08529828691764,service,Unnamed,False,25.85,Uncategorized,
5619395136,1252235314,74.97386548979517,service,Unnamed,False,25.85,Uncategorized,
5619395136,5695029638,171.65172806606267,service,Unnamed,False,25.85,Uncategorized,
5633904505,5633904509,36.481926035080036,path,Unnamed,False,30.0,Uncategorized,
5633904505,5633904507,26.384791093204857,residential,Unnamed,False,31.86,Uncategorized,
5633904505,5633906931,58.482425422859116,residential,Unnamed,False,31.86,Uncategorized,
5633904506,5633904509,46.83442040730673,path,Unnamed,False,30.0,Uncategorized,
5633904507,5633904510,43.52323522810993,residential,Unnamed,False,31.86,Uncategorized,
5633904507,5633904505,26.384791093204857,residential,Unnamed,False,31.86,Uncategorized,
5633904507,5633904509,61.672013800199935,path,Unnamed,False,30.0,Uncategorized,
5633904509,5633904505,36.481926035080036,path,Unnamed,False,30.0,Uncategorized,
5633904509,5633904506,46.83442040730672,path,Unnamed,False,30.0,Uncategorized,
5633904509,5633904507,61.67201380019993,path,Unnamed,False,30.0,Uncategorized,
5633904510,12208656335,29.10772358863315,residential,Unnamed,False,31.86,Uncategorized,
5633904510,5633904507,43.52323522810993,residential,Unnamed,False,31.86,Uncategorized,
5633904510,5633904511,49.81273902953067,path,Unnamed,False,30.0,Uncategorized,
5633904511,5633904510,49.81273902953067,path,Unnamed,False,30.0,Uncategorized,
5633906931,5263092709,18.26534635442421,residential,Unnamed,False,31.86,Uncategorized,
5633906931,5633906932,46.201183776359066,service,Unnamed,False,25.85,Uncategorized,
5633906931,5633904505,58.482425422859116,residential,Unnamed,False,31.86,Uncategorized,
5633906932,5633906931,46.201183776359066,service,Unnamed,False,25.85,Uncategorized,
5633907705,5618912007,59.16038233890066,tertiary,Hilario T. Apolinario,False,33.15,Uncategorized,
5633907705,253502318,249.95522341397918,tertiary,Hilario T. Apolinario,False,33.15,Uncategorized,
5633907705,5633907708,132.357768789962,path,Unnamed,False,30.0,Uncategorized,
5633907708,5633907705,132.357768789962,path,Unnamed,False,30.0,Uncategorized,
5633907709,5633907710,26.405663307787517,path,Unnamed,False,30.0,Uncategorized,
5633907709,12208656334,26.006405972275484,residential,Unnamed,False,31.86,Uncategorized,
5633907709,5594681869,202.9934564838031,path,Unnamed,False,30.0,Uncategorized,
5633907710,5633907709,26.405663307787517,path,Unnamed,False,30.0,Uncategorized,
5695029636,5695029642,191.33533835380445,service,Unnamed,False,25.85,Uncategorized,
5695029638,5619395136,171.65172806606267,service,Unnamed,False,25.85,Uncategorized,
5695029640,5695029642,74.46687960222918,service,Unnamed,False,25.85,Uncategorized,
5695029642,5695029640,74.46687960222918,service,Unnamed,False,25.85,Uncategorized,
5695029642,5619395136,11.08529828691764,service,Unnamed,False,25.85,Uncategorized,
5695029642,5695029636,191.33533835380445,service,Unnamed,False,25.85,Uncategorized,
5731390173,8893832480,9.676611172130567,tertiary,Governor F. San Luis Street,False,33.15,Uncategorized,
5731390173,1532188345,48.70523242404978,tertiary,Governor F. San Luis Street,False,33.15,Uncategorized,
5731390173,5731390177,85.01508865430844,service,Unnamed,False,25.85,Uncategorized,
5731390177,5731390173,85.01508865430844,service,Unnamed,False,25.85,Uncategorized,
5731390180,687323383,220.38214168215688,service,Unnamed,False,25.85,Uncategorized,
5731400600,1127246089,16.863334756138855,secondary,Jamboree Road,False,30.0,Uncategorized,2
5731400600,5731400928,107.48589286625372,secondary,Jamboree Road,False,30.0,Uncategorized,2
5731400600,5731400602,16.898366399349694,service,Unnamed,False,25.85,Uncategorized,
5731400602,5731400604,15.982477178548683,service,Unnamed,False,25.85,Uncategorized,
5731400602,5731400611,27.756750059622284,service,Unnamed,False,25.85,Uncategorized,
5731400602,5731400600,16.898366399349694,service,Unnamed,False,25.85,Uncategorized,
5731400604,5731400611,32.67843204105925,service,Unnamed,False,25.85,Uncategorized,
5731400604,5731400602,15.982477178548683,service,Unnamed,False,25.85,Uncategorized,
5731400604,5731400928,156.07745018712927,service,Unnamed,False,25.85,Uncategorized,
5731400611,2069394980,4.23223949142201,footway,Unnamed,False,30.0,Uncategorized,
5731400611,2069394999,25.151138179436813,footway,Unnamed,False,30.0,Uncategorized,
5731400611,5731400604,32.67843204105925,service,Unnamed,False,25.85,Uncategorized,
5731400611,5731400602,27.756750059622288,service,Unnamed,False,25.85,Uncategorized,
5731400928,3970334305,75.46933404082424,secondary,Jamboree Road,False,30.0,Uncategorized,2
5731400928,5731400600,107.48589286625372,secondary,Jamboree Road,False,30.0,Uncategorized,2
5731400928,5731400604,156.07745018712927,service,Unnamed,False,25.85,Uncategorized,
5731409792,8894339469,30.490220161639943,service,Unnamed,False,25.85,Uncategorized,
5731409792,5731409805,78.92693965955353,service,Unnamed,False,25.85,Uncategorized,
5731409792,5731409808,70.35797447687776,service,Unnamed,False,25.85,Uncategorized,
5731409805,5731410844,63.10627240319432,service,Unnamed,False,25.85,Uncategorized,
5731409805,1394471636,82.60729312554082,service,Unnamed,False,25.85,Uncategorized,
5731409805,5731409792,78.92693965955353,service,Unnamed,False,25.85,Uncategorized,
5731409808,5731409792,70.35797447687776,service,Unnamed,False,25.85,Uncategorized,
5731409808,5731410844,38.47169078289825,service,Unnamed,False,25.85,Uncategorized,
5731409808,10687441787,111.47115844233478,path,Unnamed,False,30.0,Uncategorized,
5731410833,5731410837,12.081311951759364,service,Unnamed,False,25.85,Uncategorized,
5731410833,5731410837,26.315456781546395,service,Unnamed,False,25.85,Uncategorized,
5731410833,10687441794,37.73165289411808,path,Unnamed,False,30.0,Uncategorized,
5731410837,5731410844,8.440583673879035,service,Unnamed,False,25.85,Uncategorized,
5731410837,5731410833,26.3154567815464,service,Unnamed,False,25.85,Uncategorized,
5731410837,5731410833,12.081311951759364,service,Unnamed,False,25.85,Uncategorized,
5731410844,5731410837,8.440583673879035,service,Unnamed,False,25.85,Uncategorized,
5731410844,5731409808,38.47169078289825,service,Unnamed,False,25.85,Uncategorized,
5731410844,5731409805,63.106272403194325,service,Unnamed,False,25.85,Uncategorized,
5731410887,5731410889,23.003903881460953,service,Unnamed,False,25.85,Uncategorized,
5731410887,5731410888,23.136427803947488,service,Unnamed,False,25.85,Uncategorized,
5731410887,316156831,33.24807710247583,service,Unnamed,False,25.85,Uncategorized,
5731410888,5731410887,23.136427803947488,service,Unnamed,False,25.85,Uncategorized,
5731410889,5731410887,23.003903881460953,service,Unnamed,False,25.85,Uncategorized,
5731410889,2596830723,13.487264310163818,service,Unnamed,False,25.85,Uncategorized,
5731410889,2596830725,42.35441249387171,service,Unnamed,False,25.85,Uncategorized,
6138520593,12309592332,68.26380381570266,residential,Unnamed,False,31.86,Uncategorized,
6138520594,10910516506,12.252486835315548,tertiary,J. Aquino Street,False,33.15,Uncategorized,
6138520594,10910665658,4.878726520773445,tertiary,J. Aquino Street,False,33.15,Uncategorized,
6138520594,12309592332,4.210971901638356,residential,Unnamed,False,31.86,Uncategorized,
6243232980,1252148340,29.463279391704855,residential,Unnamed,False,31.86,private,
6243232980,7874284302,159.83881333738697,residential,Unnamed,False,31.86,private,
6243232980,6243232981,100.68139143483084,residential,Unnamed,False,31.86,private,
6243232981,6243232980,100.68139143483086,residential,Unnamed,False,31.86,private,
6243233288,10915605689,4.4576636225068125,residential,Unnamed,False,31.86,Uncategorized,
6243233288,12986041227,39.95246835950962,residential,Unnamed,False,31.86,Uncategorized,
6243233288,6243233294,64.16004840988317,residential,Unnamed,False,31.86,Uncategorized,
6243233294,6243233288,64.16004840988317,residential,Unnamed,False,31.86,Uncategorized,
6243245790,425124779,29.790016990017186,primary,National Highway,False,30.49,Uncategorized,4
6243245790,6243245793,18.881717786876166,primary,National Highway,False,30.49,Uncategorized,4
6243245790,12718893552,4.988825229427187,service,Unnamed,False,25.85,Uncategorized,
6243245793,6243245790,18.881717786876166,primary,National Highway,False,30.49,Uncategorized,4
6243245793,12718893553,5.7029889019879745,service,Unnamed,False,25.85,Uncategorized,
6243245793,8896995121,82.9726371219846,primary,National Highway,False,30.49,Uncategorized,4
6243255828,6300517844,30.274302468317682,residential,Unnamed,False,31.86,Uncategorized,
6243255828,4590841838,113.62107295105024,service,Downhill Drive,False,30.0,private,
6243255828,527821247,56.3925365493108,residential,Downhill Drive,False,30.0,Uncategorized,
6243255830,6300517844,98.32525611799309,residential,Unnamed,False,31.86,Uncategorized,
6300517844,6243255828,30.274302468317682,residential,Unnamed,False,31.86,Uncategorized,
6300517844,6300517845,40.098599633400255,service,Unnamed,False,25.85,Uncategorized,
6300517844,6243255830,98.32525611799309,residential,Unnamed,False,31.86,Uncategorized,
6300517845,6300517844,40.098599633400255,service,Unnamed,False,25.85,Uncategorized,
6300812081,6300812082,69.51682664206263,footway,Unnamed,False,30.0,Uncategorized,
6300812082,2394959700,23.93883067378146,footway,Unnamed,False,30.0,Uncategorized,
6300812082,6300812081,69.51682664206263,footway,Unnamed,False,30.0,Uncategorized,
6300812082,12718893577,73.21214137165443,footway,Unnamed,False,30.0,Uncategorized,
6303500120,8065890739,160.08000537052862,residential,Unnamed,False,31.86,Uncategorized,
6303500124,8305266276,33.78883671222187,residential,Unnamed,False,31.86,Uncategorized,
6303500124,6303500125,24.174271130294944,residential,Unnamed,False,31.86,Uncategorized,
6303500124,6303500126,140.94132039758185,residential,Unnamed,False,31.86,Uncategorized,
6303500125,6303500126,93.69245522779588,residential,Unnamed,False,31.86,Uncategorized,
6303500125,6303500124,24.174271130294944,residential,Unnamed,False,31.86,Uncategorized,
6303500125,6303500127,21.656070075939873,residential,Unnamed,False,31.86,Uncategorized,
6303500126,6303500125,93.69245522779588,residential,Unnamed,False,31.86,Uncategorized,
6303500126,6303500128,34.629537807163935,residential,Unnamed,False,31.86,Uncategorized,
6303500126,6303500124,140.94132039758185,residential,Unnamed,False,31.86,Uncategorized,
6303500127,6303500128,74.32628569010483,residential,Unnamed,False,31.86,Uncategorized,
6303500127,6303500128,113.59952687749094,residential,Unnamed,False,31.86,Uncategorized,
6303500127,6303500125,21.656070075939873,residential,Unnamed,False,31.86,Uncategorized,
6303500128,6303500127,74.32628569010483,residential,Unnamed,False,31.86,Uncategorized,
6303500128,6303500127,113.59952687749094,residential,Unnamed,False,31.86,Uncategorized,
6303500128,6303500126,34.629537807163935,residential,Unnamed,False,31.86,Uncategorized,
6303500133,8305266276,30.72257984582593,residential,Unnamed,False,31.86,Uncategorized,
6303500133,8896529796,63.4733348852339,residential,Unnamed,False,31.86,Uncategorized,
6303500133,8065890747,11.329378684310749,residential,Unnamed,False,31.86,Uncategorized,
6303500134,10915605663,25.42727138978813,residential,Unnamed,False,31.86,Uncategorized,
6303500134,8065890772,22.54548591688478,residential,Unnamed,False,31.86,Uncategorized,
6303500134,8065890766,75.49028408411692,residential,Unnamed,False,31.86,Uncategorized,
6351485279,425123671,11.389859622239715,primary,National Highway,False,30.49,Uncategorized,4
6351485279,7271009981,30.875238673349962,primary,National Highway,False,30.49,Uncategorized,4
6351485279,12309592260,7.361084736065282,footway,Unnamed,False,30.0,Uncategorized,
6351485280,12309592260,62.625253926583376,footway,Unnamed,False,30.0,Uncategorized,
6351485280,6351485283,24.576005473595426,footway,Unnamed,False,30.0,Uncategorized,
6351485280,6351485282,50.642919703227506,footway,Unnamed,False,30.0,Uncategorized,
6351485282,6351485280,50.642919703227506,footway,Unnamed,False,30.0,Uncategorized,
6351485283,6351485280,24.576005473595426,footway,Unnamed,False,30.0,Uncategorized,
6361461394,9031117676,11.861606648104804,tertiary,Unnamed,True,33.15,Uncategorized,2
6361461394,4394335195,35.33448961601917,footway,Unnamed,False,30.0,Uncategorized,
6361461395,6361461396,9.922157246138493,track,Unnamed,False,30.0,Uncategorized,
6361461395,452999638,117.35291557324663,tertiary,Unnamed,False,33.15,Uncategorized,3
6361461395,6361461467,163.18383664483713,tertiary,Unnamed,False,33.15,Uncategorized,3
6361461395,1120694738,255.26505273221068,track,Unnamed,False,30.0,Uncategorized,
6361461396,6361461398,117.84799839146537,tertiary,Unnamed,True,33.15,Uncategorized,2
6361461396,492081665,13.012952137231425,track,Unnamed,False,30.0,Uncategorized,
6361461396,6361461395,9.922157246138493,track,Unnamed,False,30.0,Uncategorized,
6361461397,6361461398,11.426392612579228,service,Unnamed,False,25.85,Uncategorized,
6361461397,1532125448,73.54390520045492,tertiary,Pili Drive,True,33.15,Uncategorized,2
6361461398,6372174204,49.239478976820415,tertiary,Unnamed,True,33.15,Uncategorized,2
6361461398,6361461397,11.426392612579228,service,Unnamed,False,25.85,Uncategorized,
6361461398,452999638,10.635979459809564,service,Unnamed,False,25.85,Uncategorized,
6361461407,12256478683,12.033092827636075,tertiary,Pili Drive,False,33.15,Uncategorized,2
6361461407,8323902317,10.518332435616324,tertiary,Pili Drive,False,33.15,Uncategorized,2
6361461407,5507052330,23.98666870088858,tertiary,Unnamed,False,33.15,Uncategorized,
6361461412,761879555,5.262677042324814,footway,Unnamed,False,30.0,Uncategorized,
6361461412,6361461413,62.53677219044634,footway,Unnamed,False,30.0,Uncategorized,
6361461412,12254049938,90.88112235362131,footway,Unnamed,False,30.0,Uncategorized,
6361461412,1126042993,17.099026786535134,steps,Unnamed,False,30.49,Uncategorized,
6361461413,6363688955,22.43965204910827,footway,Unnamed,False,30.0,private,
6361461413,6361461414,17.459542153740657,footway,Unnamed,False,30.0,Uncategorized,
6361461413,6361461412,62.53677219044634,footway,Unnamed,False,30.0,Uncategorized,
6361461414,438051743,5.669215508677545,service,Unnamed,False,25.85,Uncategorized,
6361461414,13231805455,11.76715219667194,footway,Unnamed,False,30.0,Uncategorized,
6361461414,6361461413,17.459542153740657,footway,Unnamed,False,30.0,Uncategorized,
6361461414,447626748,17.204466483737672,service,Unnamed,False,25.85,Uncategorized,
6361461415,438051741,5.8491035367851865,service,Unnamed,False,25.85,Uncategorized,
6361461415,13231805455,15.878525762313469,footway,Unnamed,False,30.0,Uncategorized,
6361461415,447626748,20.25735650975158,service,Unnamed,False,25.85,Uncategorized,
6361461415,6361461420,69.04150081504763,footway,Unnamed,False,30.0,Uncategorized,
6361461420,13123749428,5.797534056272508,footway,Unnamed,False,30.0,Uncategorized,
6361461420,6361461423,14.906994811846026,footway,Unnamed,False,30.0,Uncategorized,
6361461420,6361461415,69.04150081504761,footway,Unnamed,False,30.0,Uncategorized,
6361461423,582439700,6.149735656783929,footway,Unnamed,False,30.0,Uncategorized,
6361461423,6361461427,67.67122457467616,footway,Unnamed,False,30.0,Uncategorized,
6361461423,6361461420,14.906994811846026,footway,Unnamed,False,30.0,Uncategorized,
6361461427,1532125217,4.374507197996284,footway,Unnamed,False,30.0,Uncategorized,
6361461427,6361461428,31.631643171161503,footway,Unnamed,False,30.0,Uncategorized,
6361461427,1891630724,9.562625546936939,footway,Unnamed,False,30.0,Uncategorized,
6361461427,6361461423,67.67122457467617,footway,Unnamed,False,30.0,Uncategorized,
6361461428,696425324,3.8401012555598713,service,Unnamed,False,25.85,Uncategorized,
6361461428,3136212246,23.201428760153888,service,Unnamed,False,25.85,Uncategorized,
6361461428,6361461445,19.089273812360414,footway,Unnamed,False,30.0,Uncategorized,
6361461428,6361461427,31.631643171161503,footway,Unnamed,False,30.0,Uncategorized,
6361461429,6361461445,42.18681537720472,footway,Unnamed,False,30.0,Uncategorized,
6361461429,12256478674,3.476420089558218,footway,Unnamed,False,30.0,Uncategorized,
6361461429,6361461444,47.49450094912765,footway,Unnamed,False,30.0,Uncategorized,
6361461439,1532125318,2.991295374059804,service,Unnamed,False,25.85,Uncategorized,
6361461439,1891630728,46.55033492069062,service,Unnamed,False,25.85,Uncategorized,
6361461439,6361461440,42.28248545844572,footway,Unnamed,False,30.0,Uncategorized,
6361461439,6361461444,37.9882237056976,footway,Unnamed,False,30.0,Uncategorized,
6361461440,1532125341,5.056746544145878,service,Unnamed,False,25.85,Uncategorized,
6361461440,6361461439,42.28248545844572,footway,Unnamed,False,30.0,Uncategorized,
6361461440,696423617,72.89656678907055,service,Unnamed,False,25.85,Uncategorized,
6361461440,6361461442,147.17951050962546,footway,Unnamed,False,30.0,Uncategorized,
6361461442,8834923850,1.3831881227549798,footway,Unnamed,False,30.0,Uncategorized,
6361461442,12186673174,19.916663961574663,footway,Unnamed,False,30.0,Uncategorized,
6361461442,6361461440,147.17951050962546,footway,Unnamed,False,30.0,Uncategorized,
6361461444,497687339,4.113320979461287,footway,Unnamed,False,30.0,Uncategorized,
6361461444,6361461439,37.9882237056976,footway,Unnamed,False,30.0,Uncategorized,
6361461444,6361461429,47.49450094912765,footway,Unnamed,False,30.0,Uncategorized,
6361461445,6361461429,42.18681537720472,footway,Unnamed,False,30.0,Uncategorized,
6361461445,6361461428,19.089273812360414,footway,Unnamed,False,30.0,Uncategorized,
6361461445,696422859,4.313769253809589,footway,Unnamed,False,30.0,Uncategorized,
6361461467,6361461468,10.271905003590929,track,Unnamed,False,30.0,Uncategorized,
6361461467,6361461395,163.18383664483713,tertiary,Unnamed,False,33.15,Uncategorized,3
6361461467,1510885934,272.10753935206947,track,Unnamed,False,30.0,Uncategorized,
6361461467,9031117673,374.8903474417317,tertiary,Unnamed,False,33.15,Uncategorized,3
6361461468,6361461467,10.271905003590929,track,Unnamed,False,30.0,Uncategorized,
6361461468,452999639,10.35440721689735,track,Unnamed,False,30.0,Uncategorized,
6361461468,6361461396,162.76747973963572,tertiary,Unnamed,True,33.15,Uncategorized,2
6361461471,790108642,38.718238172068936,footway,Unnamed,False,30.0,Uncategorized,
6361461471,4791412219,4.430767536664146,service,Unnamed,False,25.85,Uncategorized,
6361461471,790108669,6.570831492876396,service,Unnamed,False,25.85,Uncategorized,
6361461471,1102056955,130.21011990388698,footway,Unnamed,False,30.0,Uncategorized,
6361462005,775988694,1.1399415428361808,footway,Unnamed,False,30.0,Uncategorized,
6361462005,2112402466,58.03971984811973,footway,Unnamed,False,30.0,Uncategorized,
6361462005,1187299803,12.210496018125932,service,Unnamed,False,25.85,Uncategorized,
6361462005,6361462006,5.70266498574053,service,Unnamed,False,25.85,Uncategorized,
6361462006,6361462005,5.70266498574053,service,Unnamed,False,25.85,Uncategorized,
6361462006,1187299452,89.25533821832671,tertiary,Pili Drive,True,33.15,Uncategorized,2
6363688925,6363688926,2.946488495555515,footway,Unnamed,False,30.0,Uncategorized,
6363688925,4006910796,18.261256502443423,steps,Unnamed,False,30.49,Uncategorized,
6363688925,13123749427,29.698401808044352,path,Unnamed,False,30.0,Uncategorized,
6363688926,4006910799,11.432688665741326,steps,Unnamed,False,30.49,Uncategorized,
6363688926,6363688925,2.946488495555515,footway,Unnamed,False,30.0,Uncategorized,
6363688926,6363688959,152.55160992558373,footway,Unnamed,False,30.0,Uncategorized,
6363688933,12254049936,9.362883908762717,footway,Unnamed,False,30.0,Uncategorized,
6363688933,6363688944,121.4803678285742,footway,Unnamed,False,30.0,Uncategorized,
6363688933,6363688959,34.65205004227698,footway,Unnamed,False,30.0,Uncategorized,
6363688934,12254040021,61.41306007251987,footway,Unnamed,False,30.0,Uncategorized,
6363688934,816417552,3.2809112052139824,footway,Unnamed,False,30.0,Uncategorized,
6363688934,5507052377,16.3390916431556,footway,Unnamed,False,30.0,Uncategorized,
6363688935,12777010086,2.011614353711408,path,Unnamed,False,30.0,Uncategorized,
6363688935,6363688936,6.644350773496481,footway,Unnamed,False,30.0,Uncategorized,
6363688935,5507043115,48.300726754927545,path,Unnamed,False,30.0,Uncategorized,
6363688936,5507328842,2.762783890992623,footway,Unnamed,False,30.0,Uncategorized,
6363688936,6363688935,6.644350773496481,footway,Unnamed,False,30.0,Uncategorized,
6363688936,12186657982,6.8154573202560185,footway,Unnamed,False,30.0,Uncategorized,
6363688943,382839764,14.631002719549882,tertiary,Romeo C. Espino Street,False,33.15,Uncategorized,2
6363688943,6363688944,2.8973437310778514,footway,Unnamed,False,30.0,Uncategorized,
6363688943,5507052377,2.412341084160254,footway,Unnamed,False,30.0,Uncategorized,
6363688943,12254049936,119.44656734681251,tertiary,Romeo C. Espino Street,False,33.15,Uncategorized,2
6363688944,6363688943,2.8973437310778514,footway,Unnamed,False,30.0,Uncategorized,
6363688944,1393350827,16.80907864684248,footway,Unnamed,False,30.0,Uncategorized,
6363688944,6363688933,121.48036782857419,footway,Unnamed,False,30.0,Uncategorized,
6363688955,687404151,21.04024047276524,footway,Unnamed,False,30.0,private,
6363688955,6361461413,22.43965204910827,footway,Unnamed,False,30.0,private,
6363688955,447626748,42.33710054139359,footway,Unnamed,False,30.0,Uncategorized,
6363688959,761879555,6.266280398401459,footway,Unnamed,False,30.0,Uncategorized,
6363688959,497688457,34.659548231249076,footway,Unnamed,False,30.0,Uncategorized,
6363688959,6363688933,34.65205004227698,footway,Unnamed,False,30.0,Uncategorized,
6363688959,6363688926,152.55160992558373,footway,Unnamed,False,30.0,Uncategorized,
6363688960,1316698811,4.018008157465167,service,Unnamed,False,25.0,Uncategorized,
6363688960,1316698823,32.23194420009336,service,Unnamed,False,25.0,Uncategorized,
6363688960,12254040024,20.875260053717135,footway,Unnamed,False,30.0,Uncategorized,
6363688960,6363688961,46.209096422342526,footway,Unnamed,False,30.0,Uncategorized,
6363688961,687399432,2.0472597556789007,service,Unnamed,False,25.0,Uncategorized,
6363688961,6363688962,13.250036729875553,footway,Unnamed,False,30.0,Uncategorized,
6363688961,1316698823,9.033904463799153,service,Unnamed,False,25.0,Uncategorized,
6363688961,6363688960,46.209096422342526,footway,Unnamed,False,30.0,Uncategorized,
6363688962,6363688961,13.250036729875553,footway,Unnamed,False,30.0,Uncategorized,
6363688962,1316698823,17.019014085642613,service,Unnamed,False,25.0,Uncategorized,
6363688962,687389189,48.090538357247276,footway,Unnamed,False,30.0,Uncategorized,
6363688964,453004181,4.916838988489609,service,Manuel L. Roxas,False,25.0,Uncategorized,2
6363688964,696417727,19.507077532421455,service,Manuel L. Roxas,False,25.0,Uncategorized,2
6363688964,5507328829,2.322531015953514,footway,Unnamed,False,30.0,Uncategorized,
6363688964,12254040024,57.27975144893079,footway,Unnamed,False,30.0,Uncategorized,
6363688965,689737390,4.348451195384237,steps,Unnamed,False,30.49,Uncategorized,
6363688965,1393350827,73.83353994037553,footway,Unnamed,False,30.0,Uncategorized,
6363688965,5507328843,123.5547101673432,footway,Unnamed,False,30.0,Uncategorized,
6363688965,689737870,24.58185075829691,steps,Unnamed,False,30.49,Uncategorized,
6372174190,5507052336,10.210882656145852,service,Unnamed,False,25.85,Uncategorized,2
6372174190,453000231,28.471691600775735,service,Unnamed,False,25.85,Uncategorized,2
6372174190,6372174201,65.67713438016695,service,Unnamed,False,25.85,Uncategorized,
6372174197,6372174204,10.127768357048764,service,Unnamed,False,25.85,Uncategorized,
6372174197,452999638,49.43027643841386,tertiary,Unnamed,False,33.15,Uncategorized,3
6372174197,5507052333,57.94105328563747,tertiary,Unnamed,False,33.15,Uncategorized,3
6372174197,6372174201,51.42244430981661,service,Unnamed,False,25.85,Uncategorized,
6372174201,6372174197,51.422444309816626,service,Unnamed,False,25.85,Uncategorized,
6372174201,6372174190,65.67713438016695,service,Unnamed,False,25.85,Uncategorized,
6372174201,453000231,97.38952764862918,service,Unnamed,False,25.85,Uncategorized,
6372174204,6372174197,10.127768357048764,service,Unnamed,False,25.85,Uncategorized,
6372174204,5507052327,57.84770481586885,tertiary,Unnamed,True,33.15,Uncategorized,2
6372174224,6372174233,3.9111809151851933,service,Unnamed,False,25.85,Uncategorized,
6372174225,2201116202,54.88391580717664,footway,Unnamed,False,30.0,Uncategorized,
6372174225,1187299696,13.939566851399807,footway,Unnamed,False,30.0,Uncategorized,
6372174225,6372174242,22.18881278637445,footway,Unnamed,False,30.0,Uncategorized,
6372174232,6372174250,3.113168177191438,service,Unnamed,False,25.85,Uncategorized,
6372174232,1187299794,19.59725478329037,service,Unnamed,False,25.85,Uncategorized,
6372174232,6372174242,13.04017711699904,footway,Unnamed,False,30.0,Uncategorized,
6372174233,6372174224,3.9111809151851933,service,Unnamed,False,25.85,Uncategorized,
6372174233,2170279649,17.857615514225092,service,Unnamed,False,25.85,Uncategorized,
6372174233,6372174242,40.58790537367762,footway,Unnamed,False,30.0,Uncategorized,
6372174242,6372174232,13.04017711699904,footway,Unnamed,False,30.0,Uncategorized,
6372174242,6372174225,22.18881278637445,footway,Unnamed,False,30.0,Uncategorized,
6372174242,6372174233,40.58790537367763,footway,Unnamed,False,30.0,Uncategorized,
6372174249,6372174258,24.170885105996597,footway,Unnamed,False,30.0,Uncategorized,
6372174250,6372174232,3.113168177191438,service,Unnamed,False,25.85,Uncategorized,
6372174250,6372174258,92.07434296876664,service,Unnamed,False,25.85,Uncategorized,
6372174250,5507328942,19.95785884897841,footway,Unnamed,False,30.0,Uncategorized,
6372174252,995847536,73.02350768694706,service,Unnamed,False,25.85,Uncategorized,2
6372174252,6372174258,78.71977660045854,footway,Unnamed,False,30.0,Uncategorized,
6372174252,3429855273,22.746872275049284,footway,Unnamed,False,30.0,Uncategorized,
6372174258,6372174249,24.170885105996597,footway,Unnamed,False,30.0,Uncategorized,
6372174258,6372174252,78.71977660045854,footway,Unnamed,False,30.0,Uncategorized,
6372174258,6372174250,92.07434296876663,service,Unnamed,False,25.85,Uncategorized,
6497034491,437207626,60.718541494536794,footway,Unnamed,False,30.0,Uncategorized,
6497035061,385706591,2.605453293637025,residential,Halcon Street,False,40.0,Uncategorized,2
6497035061,1059095305,29.04595666258292,service,Unnamed,False,25.85,Uncategorized,
6497035061,418625258,50.49562359622155,residential,Halcon Street,False,40.0,Uncategorized,2
6497035133,435140266,56.2917870409277,service,Unnamed,False,25.85,Uncategorized,
6497035133,435140265,26.056611326828765,service,Unnamed,False,25.85,Uncategorized,
6497035133,1272671946,44.52856426117836,service,Unnamed,False,25.85,private,
6497035538,435142166,67.73853827605686,residential,Unnamed,False,30.0,Uncategorized,2
6497035732,12186673230,2.3081670342307166,residential,El Danda Street,False,40.0,Uncategorized,2
6497035732,12309806558,21.423554891156193,secondary,Lopez Avenue,False,30.0,Uncategorized,2
6497035732,2462899399,48.495404086954416,secondary,Lopez Avenue,False,30.0,Uncategorized,2
6572674783,10866680870,0.4150961089840321,footway,Unnamed,False,30.0,Uncategorized,
6677260111,6677260132,145.3641036709666,residential,Unnamed,False,31.86,Uncategorized,2
6677260111,6677260128,35.93218158823829,residential,Unnamed,False,31.86,Uncategorized,2
6677260111,6677260112,40.985540386371,residential,Unnamed,False,31.86,Uncategorized,2
6677260112,6677260130,140.41908298199297,residential,Unnamed,False,31.86,Uncategorized,2
6677260112,6677260111,40.985540386371,residential,Unnamed,False,31.86,Uncategorized,2
6677260112,6677260126,35.96289051899214,residential,Unnamed,False,31.86,Uncategorized,2
6677260113,6677260114,115.62430778769776,residential,Unnamed,False,31.86,Uncategorized,2
6677260113,6677260126,37.7314119018289,residential,Unnamed,False,31.86,Uncategorized,2
6677260113,6677260115,37.73824727460762,residential,Unnamed,False,31.86,Uncategorized,2
6677260114,6677260113,115.62430778769776,residential,Unnamed,False,31.86,Uncategorized,2
6677260114,5104436198,42.14734663568853,residential,Unnamed,False,31.86,Uncategorized,2
6677260114,6677260127,40.430121744266685,residential,Unnamed,False,31.86,Uncategorized,2
6677260115,5104436198,102.05744820858614,residential,Unnamed,False,31.86,Uncategorized,2
6677260115,6677260113,37.73824727460762,residential,Unnamed,False,31.86,Uncategorized,2
6677260115,6677260129,37.53552147779814,residential,Unnamed,False,31.86,Uncategorized,2
6677260116,6677260139,126.31129590266542,residential,Unnamed,False,31.86,Uncategorized,2
6677260116,6677260117,34.77647999916952,residential,Unnamed,False,31.86,Uncategorized,2
6677260116,6677260124,38.57957626454231,residential,Unnamed,False,31.86,Uncategorized,2
6677260117,6677260138,135.71701311827124,residential,Unnamed,False,31.86,Uncategorized,2
6677260117,6677260123,38.548801750110684,residential,Unnamed,False,31.86,Uncategorized,2
6677260117,6677260116,34.77647999916952,residential,Unnamed,False,31.86,Uncategorized,2
6677260118,6677260120,39.342983063010685,residential,Unnamed,False,31.86,Uncategorized,2
6677260118,6677260125,40.915211926390015,residential,Unnamed,False,31.86,Uncategorized,2
6677260118,6677260119,154.45123471339645,residential,Unnamed,False,31.86,Uncategorized,2
6677260119,6677260118,154.45123471339645,residential,Unnamed,False,31.86,Uncategorized,2
6677260119,6677260121,37.49070346723939,residential,Unnamed,False,31.86,Uncategorized,2
6677260119,6677260123,36.68145247349896,residential,Unnamed,False,31.86,Uncategorized,2
6677260120,6677260118,39.342983063010685,residential,Unnamed,False,31.86,Uncategorized,2
6677260120,6677260121,164.04156256766984,residential,Unnamed,False,31.86,Uncategorized,2
6677260120,6677260122,211.23299326427815,residential,Unnamed,False,31.86,Uncategorized,2
6677260121,6677260120,164.04156256766984,residential,Unnamed,False,31.86,Uncategorized,2
6677260121,6677260122,39.1300834425155,residential,Unnamed,False,31.86,Uncategorized,2
6677260121,6677260119,37.49070346723939,residential,Unnamed,False,31.86,Uncategorized,2
6677260122,6677260121,39.1300834425155,residential,Unnamed,False,31.86,Uncategorized,2
6677260122,5104436191,39.47528269777748,residential,Unnamed,False,31.86,Uncategorized,2
6677260122,6677260120,211.23299326427815,residential,Unnamed,False,31.86,Uncategorized,2
6677260123,6677260119,36.68145247349896,residential,Unnamed,False,31.86,Uncategorized,2
6677260123,6677260117,38.548801750110684,residential,Unnamed,False,31.86,Uncategorized,2
6677260123,6677260125,144.46122513703355,residential,Unnamed,False,31.86,Uncategorized,2
6677260123,5224489327,38.11575808352176,residential,Unnamed,False,31.86,Uncategorized,2
6677260124,6677260116,38.57957626454231,residential,Unnamed,False,31.86,Uncategorized,2
6677260124,5224482966,90.95897655176014,residential,Unnamed,False,31.86,Uncategorized,2
6677260124,5224489326,35.57837720647725,residential,Unnamed,False,31.86,Uncategorized,2
6677260125,6677260118,40.915211926390015,residential,Unnamed,False,31.86,Uncategorized,2
6677260125,6677260138,36.02434518762329,residential,Unnamed,False,31.86,Uncategorized,2
6677260125,6677260123,144.46122513703355,residential,Unnamed,False,31.86,Uncategorized,2
6677260126,5224489327,39.199851290147585,residential,Unnamed,False,31.86,Uncategorized,2
6677260126,6677260127,128.68419826062058,residential,Unnamed,False,31.86,Uncategorized,2
6677260126,6677260112,35.96289051899214,residential,Unnamed,False,31.86,Uncategorized,2
6677260126,6677260113,37.7314119018289,residential,Unnamed,False,31.86,Uncategorized,2
6677260127,6677260126,128.68419826062058,residential,Unnamed,False,31.86,Uncategorized,2
6677260127,6677260114,40.430121744266685,residential,Unnamed,False,31.86,Uncategorized,2
6677260127,6677260130,36.169123231648314,residential,Unnamed,False,31.86,Uncategorized,2
6677260128,6677260111,35.93218158823829,residential,Unnamed,False,31.86,Uncategorized,2
6677260128,5104436191,36.03729241902141,residential,Unnamed,False,31.86,Uncategorized,2
6677260128,6677260132,161.54025807923367,residential,Unnamed,False,31.86,Uncategorized,2
6677260129,6677260115,37.53552147779814,residential,Unnamed,False,31.86,Uncategorized,2
6677260129,5224489326,43.5239127873186,residential,Unnamed,False,31.86,Uncategorized,2
6677260129,6677260142,51.2601844289844,residential,Unnamed,False,31.86,Uncategorized,2
6677260130,6677260112,140.41908298199297,residential,Unnamed,False,31.86,Uncategorized,2
6677260130,6677260127,36.169123231648314,residential,Unnamed,False,31.86,Uncategorized,2
6677260130,6677260132,44.660346803591096,residential,Unnamed,False,31.86,Uncategorized,2
6677260132,6677260111,145.3641036709666,residential,Unnamed,False,31.86,Uncategorized,2
6677260132,6677260130,44.660346803591096,residential,Unnamed,False,31.86,Uncategorized,2
6677260132,6677260128,161.54025807923367,residential,Unnamed,False,31.86,Uncategorized,2
6677260138,6677260125,36.02434518762329,residential,Unnamed,False,31.86,Uncategorized,2
6677260138,6677260139,39.19885979272386,residential,Unnamed,False,31.86,Uncategorized,2
6677260138,6677260117,135.71701311827124,residential,Unnamed,False,31.86,Uncategorized,2
6677260139,6677260138,39.19885979272386,residential,Unnamed,False,31.86,Uncategorized,2
6677260139,6677260116,126.31129590266542,residential,Unnamed,False,31.86,Uncategorized,2
6677260139,5224482966,52.2291366953466,residential,Unnamed,False,31.86,Uncategorized,2
6677260142,6677260129,51.2601844289844,residential,Unnamed,False,31.86,Uncategorized,2
6677260142,5104436199,39.612831979018004,residential,Unnamed,False,31.86,Uncategorized,2
6677260142,5224482965,148.73358852796312,residential,Unnamed,False,31.86,Uncategorized,2
6810318449,5246668344,102.18091021610718,residential,Unnamed,False,31.86,Uncategorized,
6876763603,949612171,9.809728622269661,primary,National Highway,False,30.49,Uncategorized,4
6876763603,8295625916,86.58700938967219,residential,Unnamed,True,31.86,private,
6948369162,12256478679,4.1608607145951355,cycleway,Unnamed,False,30.49,Uncategorized,
6948369162,5507052337,3.6803704625307847,tertiary,Unnamed,False,33.15,no,3
6948369162,12254040049,15.316326257830623,tertiary,Unnamed,False,33.15,no,3
6948369163,12188365850,25.157397252877715,footway,Unnamed,False,30.0,Uncategorized,
6948369163,12254040018,5.18910769527519,footway,Unnamed,False,30.0,Uncategorized,
6948369163,1102056824,27.10212013113746,footway,Unnamed,False,30.0,Uncategorized,
6948369176,1532125316,3.925681103136858,service,Rambutan Street,False,25.85,Uncategorized,2
6948369176,12256478681,10.713361961114305,footway,Unnamed,False,30.0,Uncategorized,
6948369176,453003057,65.94262289281012,service,Rambutan Street,False,25.85,Uncategorized,2
6948369176,5506875548,41.73502848471143,footway,Unnamed,False,30.0,Uncategorized,
6948385989,6948385990,22.815463892601855,path,Unnamed,False,30.0,Uncategorized,
6948385989,8314762236,66.32762067692356,service,Unnamed,False,25.0,Uncategorized,
6948385989,790108487,36.78448264309915,service,Rambutan Street,False,25.0,Uncategorized,2
6948385990,6948385989,22.815463892601855,path,Unnamed,False,30.0,Uncategorized,
6948385990,12256478678,164.8831842071054,footway,Unnamed,False,30.0,Uncategorized,
6948385990,12254040014,169.53067773857623,footway,Unnamed,False,30.0,Uncategorized,
6948385993,560712416,46.138006963278485,footway,Unnamed,False,30.0,Uncategorized,
6948385993,790709119,8.247520529631606,service,Unnamed,False,25.85,Uncategorized,
6948385993,790709127,114.06649044083804,service,Unnamed,False,25.85,Uncategorized,
6948385993,12256478679,364.7979141878219,cycleway,Unnamed,False,30.49,Uncategorized,
6950024843,6950024845,64.05356880920326,residential,Unnamed,False,31.86,Uncategorized,
6950024845,762080334,10.08297640497321,residential,Unnamed,False,30.0,Uncategorized,
6950024845,382044812,93.78630992094652,residential,Unnamed,False,30.0,Uncategorized,
6950024845,6950024843,64.05356880920326,residential,Unnamed,False,31.86,Uncategorized,
6950341049,638901520,118.32852841137733,tertiary,IPB Road,False,33.15,Uncategorized,2
6950341049,638901298,261.16650312438196,tertiary,IPB Road,False,40.0,Uncategorized,2
6950341049,2496156114,274.9945557240117,track,Unnamed,False,30.0,Uncategorized,
7155474356,5613542819,23.866538959944585,path,Unnamed,False,30.0,Uncategorized,
7155474356,7155474357,105.24423761383117,footway,Unnamed,False,30.0,Uncategorized,
7155474356,2449173383,48.75723300840308,path,Unnamed,False,30.0,Uncategorized,
7155474357,7155474356,105.24423761383117,footway,Unnamed,False,30.0,Uncategorized,
7191355241,7191355243,46.07994067046956,residential,Long Lake,False,31.86,private,2
7191355243,1302792340,46.68014557707909,residential,Unnamed,False,30.0,private,2
7191355243,1302792276,57.378321930088816,residential,Unnamed,False,30.0,private,2
7191355243,7191355241,46.07994067046956,residential,Long Lake,False,31.86,private,2
7271009978,7271009979,8.194714457784467,footway,Unnamed,False,30.0,Uncategorized,
7271009978,7271009980,6.193922316463988,footway,Unnamed,False,30.0,Uncategorized,
7271009978,7271009981,16.106000006897908,primary,National Highway,False,30.49,Uncategorized,4
7271009978,454085708,102.90657064905997,primary,National Highway,False,30.49,Uncategorized,4
7271009979,7271009978,8.194714457784467,footway,Unnamed,False,30.0,Uncategorized,
7271009979,12309592203,15.067950112186146,footway,Unnamed,False,30.0,Uncategorized,
7271009979,12718893567,148.071224963306,footway,Unnamed,False,30.0,Uncategorized,
7271009980,7271009978,6.193922316463988,footway,Unnamed,False,30.0,Uncategorized,
7271009980,12309592261,104.219026389329,footway,Unnamed,False,30.0,Uncategorized,
7271009980,12309592260,43.35387122964202,footway,Unnamed,False,30.0,Uncategorized,
7271009981,6351485279,30.875238673349962,primary,National Highway,False,30.49,Uncategorized,4
7271009981,12309592203,8.796949051079256,residential,Gladiola Street,False,31.86,Uncategorized,
7271009981,7271009978,16.106000006897908,primary,National Highway,False,30.49,Uncategorized,4
7271108157,1300391274,5.229628244355775,residential,Rose Street,False,31.86,Uncategorized,
7271108157,1300391275,90.7395871108947,residential,Rose Street,False,31.86,Uncategorized,
7271108157,12718893567,134.8835856357897,footway,Unnamed,False,30.0,Uncategorized,
7283798185,813543512,25.336662504888437,steps,Unnamed,False,30.49,Uncategorized,
7283798187,813543513,26.99471465704143,service,Unnamed,False,25.85,private,
7617931621,7686452875,8.879986672893478,footway,Unnamed,False,30.0,Uncategorized,
7617931621,7686452839,17.557828471820578,footway,Unnamed,False,30.0,Uncategorized,
7617931621,10866680870,30.54444452902598,footway,Unnamed,False,30.0,Uncategorized,
7617931623,7686452875,27.55930335995468,footway,Unnamed,False,30.0,Uncategorized,
7617931664,434806709,21.213328945064756,primary,National Highway,False,30.49,Uncategorized,4
7617931664,291689961,24.078081882178477,primary,National Highway,False,30.49,Uncategorized,4
7617931664,12309592294,5.659870831683586,footway,Unnamed,False,30.0,Uncategorized,
7617931664,12309592293,4.859811126261155,footway,Unnamed,False,30.0,Uncategorized,
7617940699,11379613362,5.360445260868057,residential,El Danda Street,False,40.0,Uncategorized,2
7617940699,8460991185,29.364963007170918,residential,El Danda Street,False,40.0,Uncategorized,2
7617940699,431154284,171.60283284341182,path,Unnamed,False,30.0,Uncategorized,
7673603982,10910536344,8.860937819361826,primary,National Highway,False,30.49,Uncategorized,4
7673603982,417265693,20.356596406871446,primary,National Highway,False,30.49,Uncategorized,4
7673603982,12309592212,7.686310118154386,footway,Unnamed,False,30.0,Uncategorized,
7682420263,995847437,103.7690947308706,service,Unnamed,False,25.85,private,2
7682420263,7682420264,28.452827700278647,service,Unnamed,False,25.85,private,2
7682420263,3084468904,40.47537269081821,service,Unnamed,False,25.85,private,2
7682420264,7682420263,28.452827700278647,service,Unnamed,False,25.85,private,2
7686452789,10945583521,18.53168078730658,primary,National Highway,False,30.49,Uncategorized,4
7686452789,12309592263,2.881243787405873,footway,Unnamed,False,30.0,Uncategorized,
7686452789,10915571530,34.08958092672927,primary,National Highway,False,30.49,Uncategorized,4
7686452839,7617931621,17.557828471820578,footway,Unnamed,False,30.0,Uncategorized,
7686452875,7617931621,8.879986672893478,footway,Unnamed,False,30.0,Uncategorized,
7686452875,7617931623,27.55930335995468,footway,Unnamed,False,30.0,Uncategorized,
7686452875,7686452877,11.633997898229913,footway,Unnamed,False,30.0,Uncategorized,
7686452877,7686452875,11.633997898229913,footway,Unnamed,False,30.0,Uncategorized,
7686486608,8460991187,5.0439925665348095,service,Unnamed,False,25.85,Uncategorized,
7686697995,715210778,30.74129074149444,footway,Unnamed,False,30.0,Uncategorized,
7686697996,12309592211,52.772119584604624,footway,Unnamed,False,30.0,Uncategorized,
7686697996,715210776,15.161978122331448,footway,Unnamed,False,30.0,Uncategorized,
7686697996,7686697998,23.270835257359376,footway,Unnamed,False,30.0,Uncategorized,
7686697998,7686697999,7.454222843244667,footway,Unnamed,False,30.0,Uncategorized,
7686697998,7686697996,23.270835257359376,footway,Unnamed,False,30.0,Uncategorized,
7686697998,7686698002,10.744448924855899,footway,Unnamed,False,30.0,Uncategorized,
7686697999,7686697998,7.454222843244667,footway,Unnamed,False,30.0,Uncategorized,
7686698001,7686698002,3.1826708638640477,footway,Unnamed,False,30.0,Uncategorized,
7686698002,7686698001,3.1826708638640477,footway,Unnamed,False,30.0,Uncategorized,
7686698002,7686698003,18.95292661384369,footway,Unnamed,False,30.0,Uncategorized,
7686698002,7686697998,10.744448924855899,footway,Unnamed,False,30.0,Uncategorized,
7686698003,7686698002,18.95292661384369,footway,Unnamed,False,30.0,Uncategorized,
7686698025,7686698026,28.79142575948863,service,Unnamed,False,25.85,Uncategorized,
7686698025,12399577039,77.23777008251602,residential,Traceville,False,30.0,Uncategorized,2
7686698025,12309592208,73.97695180862468,residential,Traceville,False,30.0,Uncategorized,2
7686698026,7686698025,28.79142575948863,service,Unnamed,False,25.85,Uncategorized,
7688586288,417267787,11.996707617680253,tertiary,Hilario T. Apolinario,False,33.15,Uncategorized,
7688586288,7688586315,124.44151670076536,tertiary,Hilario T. Apolinario,False,33.15,Uncategorized,
7688586288,7688586292,63.63590031389255,service,Unnamed,False,25.85,private,
7688586292,7688586288,63.63590031389255,service,Unnamed,False,25.85,private,
7688586302,417267598,3.809744831327442,tertiary,Hilario T. Apolinario,False,33.15,Uncategorized,
7688586302,12208656335,101.6583958850839,tertiary,Hilario T. Apolinario,False,33.15,Uncategorized,
7688586302,7688586303,16.59775000695166,service,Unnamed,False,25.85,Uncategorized,
7688586303,7688586302,16.59775000695166,service,Unnamed,False,25.85,Uncategorized,
7688586314,417266941,51.07379956444797,footway,Unnamed,False,30.0,Uncategorized,
7688586315,417266941,5.092962224529254,tertiary,Hilario T. Apolinario,False,33.15,Uncategorized,
7688586315,7688586288,124.44151670076535,tertiary,Hilario T. Apolinario,False,33.15,Uncategorized,
7688586315,7688586316,32.068097894430984,service,Unnamed,False,25.85,private,
7688586316,7688586315,32.06809789443098,service,Unnamed,False,25.85,private,
7688586331,417267537,112.91335353267327,service,Unnamed,False,25.85,Uncategorized,
7688586331,7688718333,1.926073123582047,footway,Unnamed,False,30.0,Uncategorized,
7688586331,417266939,14.774810249455758,service,Unnamed,False,25.85,Uncategorized,
7688718332,417266939,1.2711965072382672,tertiary,Hilario T. Apolinario,False,33.15,Uncategorized,
7688718332,417266917,75.9362403941594,tertiary,"['Hilario T. Apolinario', 'Villegas']",False,30.0,Uncategorized,
7688718332,7688718333,14.84873222604105,footway,Unnamed,False,30.0,Uncategorized,
7688718333,7688586331,1.926073123582047,footway,Unnamed,False,30.0,Uncategorized,
7688718333,7688718332,14.84873222604105,footway,Unnamed,False,30.0,Uncategorized,
7688718333,7688718337,106.7241208137115,footway,Unnamed,False,30.0,Uncategorized,
7688718337,7688718333,106.7241208137115,footway,Unnamed,False,30.0,Uncategorized,
7694272304,7694272309,36.93679351930697,primary,National Highway,False,30.49,Uncategorized,4
7694272304,7694272305,38.09794903202037,footway,Unnamed,False,30.0,Uncategorized,
7694272304,1256325131,263.60474894682727,primary,National Highway,False,30.49,Uncategorized,4
7694272305,7694272304,38.09794903202037,footway,Unnamed,False,30.0,Uncategorized,
7694272309,1300391234,30.888582618835464,primary,National Highway,False,30.49,Uncategorized,4
7694272309,7694272304,36.93679351930697,primary,National Highway,False,30.49,Uncategorized,4
7694272309,7694272310,16.381649243286255,service,Unnamed,False,25.85,Uncategorized,
7694272310,7694272309,16.381649243286255,service,Unnamed,False,25.85,Uncategorized,
7699734020,253492621,21.156235117531452,service,Unnamed,False,25.85,Uncategorized,
7699734024,253492621,26.066233148453726,residential,Diamond Street,False,40.0,Uncategorized,2
7699734024,5246724753,101.68622925809794,residential,Diamond Street,False,40.0,Uncategorized,2
7699734024,7699734025,12.74506500645698,service,Unnamed,False,25.85,Uncategorized,
7699734025,7699734024,12.74506500645698,service,Unnamed,False,25.85,Uncategorized,
7729310430,7729310433,40.977317362028614,service,Unnamed,False,25.85,Uncategorized,2
7729310430,7729310433,173.7645329273553,service,Unnamed,False,25.85,Uncategorized,
7729310430,1120694738,340.15082150826674,service,Unnamed,False,25.85,Uncategorized,2
7729310433,7729310430,40.977317362028614,service,Unnamed,False,25.85,Uncategorized,2
7729310433,7729310430,173.7645329273553,service,Unnamed,False,25.85,Uncategorized,
7729310433,453000231,131.60850644771045,service,Unnamed,False,25.85,Uncategorized,2
7729311805,7729311825,32.42273922000029,path,Unnamed,False,30.0,Uncategorized,
7729311805,7729311829,28.442349478273016,unclassified,Unnamed,False,33.07,private,2
7729311805,253804131,53.70546818216542,unclassified,Unnamed,False,33.07,private,2
7729311806,7729311807,20.415607791886142,path,Unnamed,False,30.0,Uncategorized,
7729311806,7729311809,24.76568401352399,path,Unnamed,False,30.0,Uncategorized,
7729311806,7729311808,50.27568258475286,path,Unnamed,False,30.0,Uncategorized,
7729311807,7729311815,19.930409953713173,service,Unnamed,False,25.85,private,
7729311807,7729311811,17.727860090681467,service,Unnamed,False,25.85,private,
7729311807,7729311806,20.415607791886142,path,Unnamed,False,30.0,Uncategorized,
7729311808,7729311814,20.839696040861195,service,Unnamed,False,25.85,private,
7729311808,7729311810,27.36142952273273,service,Unnamed,False,25.85,private,
7729311808,7729311806,50.27568258475286,path,Unnamed,False,30.0,Uncategorized,
7729311809,7729311806,24.76568401352399,path,Unnamed,False,30.0,Uncategorized,
7729311809,7729311823,13.896680550629233,path,Unnamed,False,30.0,Uncategorized,
7729311809,7729311810,50.464528841580226,path,Unnamed,False,30.0,Uncategorized,
7729311810,7729311808,27.36142952273273,service,Unnamed,False,25.85,private,
7729311810,253804131,69.73373750822736,service,Unnamed,False,25.85,private,
7729311810,7729311809,50.464528841580226,path,Unnamed,False,30.0,Uncategorized,
7729311811,7729311807,17.727860090681467,service,Unnamed,False,25.85,private,
7729311811,7729311821,47.53677811282822,service,Unnamed,False,25.85,private,
7729311811,7729311814,55.55856530355588,path,Unnamed,False,30.0,Uncategorized,
7729311814,7729311819,86.63540577862253,service,Unnamed,False,25.85,private,
7729311814,7729311808,20.839696040861195,service,Unnamed,False,25.85,private,
7729311814,7729311811,55.55856530355588,path,Unnamed,False,30.0,Uncategorized,
7729311815,7729311807,19.930409953713173,service,Unnamed,False,25.85,private,
7729311815,7729311820,74.6164716436001,path,Unnamed,False,30.0,Uncategorized,
7729311815,253509969,58.194262474977116,service,Unnamed,False,25.85,private,
7729311818,7729311819,19.364231185784693,path,Unnamed,False,30.0,Uncategorized,
7729311818,7729311821,47.31582647180789,service,Unnamed,False,25.85,private,
7729311818,253507774,30.18676312939089,service,Unnamed,False,25.85,private,
7729311818,7729311820,107.39175591310318,path,Unnamed,False,30.0,Uncategorized,
7729311819,253507774,35.485686207392185,service,Unnamed,False,25.85,private,
7729311819,7729311814,86.63540577862253,service,Unnamed,False,25.85,private,
7729311819,7729311818,19.364231185784693,path,Unnamed,False,30.0,Uncategorized,
7729311820,7729311815,74.6164716436001,path,Unnamed,False,30.0,Uncategorized,
7729311820,7729311821,45.609196537516915,path,Unnamed,False,30.0,Uncategorized,
7729311820,7729311818,107.39175591310317,path,Unnamed,False,30.0,Uncategorized,
7729311821,7729311820,45.609196537516915,path,Unnamed,False,30.0,Uncategorized,
7729311821,7729311811,47.53677811282823,service,Unnamed,False,25.85,private,
7729311821,7729311818,47.31582647180789,service,Unnamed,False,25.85,private,
7729311822,7729311824,34.401149289041825,service,Unnamed,False,25.85,private,
7729311822,253509969,3.0169897810731,service,Unnamed,False,25.85,private,
7729311822,7729311823,64.08870475681125,path,Unnamed,False,30.0,Uncategorized,
7729311823,7729311809,13.896680550629233,path,Unnamed,False,30.0,Uncategorized,
7729311823,7729311825,32.23538188606881,path,Unnamed,False,30.0,Uncategorized,
7729311823,7729311822,64.08870475681125,path,Unnamed,False,30.0,Uncategorized,
7729311824,8292705510,17.694654438094826,service,Unnamed,False,25.85,private,
7729311824,7729311822,34.401149289041825,service,Unnamed,False,25.85,private,
7729311824,7729311826,18.339578204544075,path,Unnamed,False,30.0,Uncategorized,
7729311825,7729311823,32.23538188606881,path,Unnamed,False,30.0,Uncategorized,
7729311825,7729311805,32.42273922000029,path,Unnamed,False,30.0,Uncategorized,
7729311825,7729311828,29.35669640796794,path,Unnamed,False,30.0,Uncategorized,
7729311826,7729311828,36.37975454283028,path,Unnamed,False,30.0,Uncategorized,
7729311826,7729311824,18.339578204544075,path,Unnamed,False,30.0,Uncategorized,
7729311826,7729311827,35.62686227716275,path,Unnamed,False,30.0,Uncategorized,
7729311827,7729311829,35.31888340521515,unclassified,Unnamed,False,33.07,private,2
7729311827,7729311826,35.62686227716275,path,Unnamed,False,30.0,Uncategorized,
7729311827,253799221,44.72765791271059,unclassified,Unnamed,False,33.07,private,2
7729311828,7729311825,29.35669640796794,path,Unnamed,False,30.0,Uncategorized,
7729311828,7729311826,36.37975454283028,path,Unnamed,False,30.0,Uncategorized,
7729311828,7729311829,33.711871180662435,path,Unnamed,False,30.0,Uncategorized,
7729311829,7729311827,35.31888340521515,unclassified,Unnamed,False,33.07,private,2
7729311829,7729311828,33.711871180662435,path,Unnamed,False,30.0,Uncategorized,
7729311829,7729311805,28.442349478273016,unclassified,Unnamed,False,33.07,private,2
7874284302,1252148587,91.71182007271409,residential,Unnamed,False,31.86,private,
7874284302,1252148340,143.17361869084885,residential,Unnamed,False,31.86,private,
7874284302,6243232980,159.83881333738697,residential,Unnamed,False,31.86,private,
7874284448,7874284449,25.91135433290713,service,Unnamed,False,25.85,private,
7874284448,1252148158,81.22059682437609,residential,3rd Street,False,31.86,private,
7874284448,1252148579,68.19051048707728,residential,3rd Street,False,31.86,private,
7874284449,7874284448,25.91135433290713,service,Unnamed,False,25.85,private,
7874284450,1252148158,112.33280729389679,residential,Main Street,False,31.86,private,
7874284450,1252148579,228.9261529536412,residential,4th Street,False,31.86,private,
7874284450,7874284454,41.76825145041725,path,Unnamed,False,30.0,Uncategorized,
7874284454,7874284455,10.878617445704162,path,Unnamed,False,30.0,Uncategorized,
7874284454,7874284456,14.073439570719723,path,Unnamed,False,30.0,Uncategorized,
7874284454,7874284450,41.76825145041727,path,Unnamed,False,30.0,Uncategorized,
7874284455,7874284454,10.878617445704162,path,Unnamed,False,30.0,Uncategorized,
7874284456,7874284454,14.073439570719723,path,Unnamed,False,30.0,Uncategorized,
7874284522,253801343,44.713769764717455,tertiary,B. A. Villanueva,False,33.15,Uncategorized,
7874284522,12309592313,5.2297775749230535,path,Unnamed,False,30.0,Uncategorized,
7874284522,1252148342,113.42565835002858,tertiary,B. A. Villanueva,False,33.15,Uncategorized,
7874284523,12309592313,108.161236469562,path,Unnamed,False,30.0,Uncategorized,
7874284526,7874284529,91.96593933145495,residential,Unnamed,False,31.86,Uncategorized,
7874284526,253508843,133.91541715234098,residential,Unnamed,False,31.86,Uncategorized,
7874284526,7874284528,90.35730817735792,service,Unnamed,False,25.85,Uncategorized,
7874284528,7874284526,90.35730817735792,service,Unnamed,False,25.85,Uncategorized,
7874284529,1252148762,45.674160961408745,residential,Unnamed,False,31.86,Uncategorized,
7874284529,7874284526,91.96593933145495,residential,Unnamed,False,31.86,Uncategorized,
7874284529,7874284530,51.42605050998355,service,Unnamed,False,25.85,Uncategorized,
7874284530,7874284529,51.42605050998355,service,Unnamed,False,25.85,Uncategorized,
7874284531,1252148342,129.29206688250872,residential,Unnamed,False,31.86,Uncategorized,
7874284531,1252148510,133.42058832619418,residential,Unnamed,False,31.86,Uncategorized,
7874284531,7874284532,57.58168444432326,service,Unnamed,False,25.85,Uncategorized,
7874284532,7874284531,57.58168444432326,service,Unnamed,False,25.85,Uncategorized,
7874284542,253779567,294.25540320317936,path,Unnamed,False,30.0,Uncategorized,
7874284543,8887041589,5.943380874653242,tertiary,B. A. Villanueva,False,33.15,Uncategorized,
7874284543,7874284544,82.93655350421226,service,Unnamed,False,25.85,Uncategorized,
7874284543,1342055467,69.7280835447945,tertiary,B. A. Villanueva,False,33.15,Uncategorized,
7874284544,7874284543,82.93655350421226,service,Unnamed,False,25.85,Uncategorized,
7874284569,1252148938,85.60846871259774,residential,Unnamed,False,31.86,Uncategorized,
7874284569,1342055489,47.87671780308765,residential,Unnamed,False,31.86,Uncategorized,
7874284569,7874284571,57.42473406442157,service,Unnamed,False,25.85,Uncategorized,
7874284571,7874284569,57.42473406442157,service,Unnamed,False,25.85,Uncategorized,
7874368795,253503451,2.9755148754722858,tertiary,J. Aquino Street,False,33.15,Uncategorized,
7874368795,742351411,15.090201379805233,tertiary,J. Aquino Street,False,33.15,Uncategorized,
7874368795,7874368796,52.78267519902576,service,Unnamed,False,25.85,Uncategorized,
7874368796,10905848460,8.172132898691672,service,Unnamed,False,25.85,Uncategorized,
7874368796,7874368797,24.21456671674458,service,Unnamed,False,25.85,Uncategorized,
7874368796,7874368795,52.78267519902576,service,Unnamed,False,25.85,Uncategorized,
7874368797,7874368796,24.21456671674458,service,Unnamed,False,25.85,Uncategorized,
7874368798,10905848460,18.6138545607089,service,Unnamed,False,25.85,Uncategorized,
8065869775,500066266,515.3355968481432,secondary,Jamboree Road,False,30.0,Uncategorized,2
8065869775,2021099165,160.0217964537231,secondary,Jamboree Road,False,30.0,Uncategorized,2
8065869775,8065890686,536.6057254248233,unclassified,Unnamed,False,33.07,Uncategorized,
8065890686,8065869775,536.6057254248233,unclassified,Unnamed,False,33.07,Uncategorized,
8065890687,8065890688,48.17326015227496,residential,Unnamed,False,31.86,Uncategorized,
8065890687,8897372019,45.53896262794601,tertiary,Kanluran Street,False,33.15,Uncategorized,
8065890687,253798376,292.81204127381767,tertiary,Kanluran Street,False,33.15,Uncategorized,
8065890688,8065890687,48.17326015227496,residential,Unnamed,False,31.86,Uncategorized,
8065890688,8897300680,150.00654146971488,residential,Unnamed,False,31.86,Uncategorized,
8065890688,8065890705,40.17396833599486,residential,Unnamed,False,31.86,Uncategorized,
8065890703,8065890706,63.95692205842793,residential,Unnamed,False,31.86,Uncategorized,
8065890705,8065890688,40.17396833599486,residential,Unnamed,False,31.86,Uncategorized,
8065890706,8065890710,20.365543284920278,residential,Unnamed,False,31.86,Uncategorized,
8065890706,8065890703,63.95692205842793,residential,Unnamed,False,31.86,Uncategorized,
8065890706,8897300675,80.25166853216628,residential,Unnamed,False,31.86,Uncategorized,
8065890709,8065890710,74.47505613060834,residential,Unnamed,False,31.86,Uncategorized,
8065890710,8065890706,20.365543284920278,residential,Unnamed,False,31.86,Uncategorized,
8065890710,8065890711,28.352282500551745,residential,Unnamed,False,31.86,Uncategorized,
8065890710,8065890709,74.47505613060834,residential,Unnamed,False,31.86,Uncategorized,
8065890711,8065890710,28.352282500551745,residential,Unnamed,False,31.86,Uncategorized,
8065890712,1136875300,5.232632364305799,tertiary,M. Simon Street,False,33.15,Uncategorized,
8065890712,8065890714,135.70629955902882,residential,Unnamed,False,31.86,Uncategorized,
8065890712,1136874685,402.6525090151497,tertiary,M. Simon Street,False,33.15,Uncategorized,
8065890714,8065890712,135.70629955902882,residential,Unnamed,False,31.86,Uncategorized,
8065890715,8386212654,3.212995247295684,tertiary,M. Simon Street,False,33.15,Uncategorized,
8065890715,8065890725,173.75219622304812,residential,Unnamed,False,31.86,Uncategorized,
8065890715,253798376,63.55853288694902,tertiary,M. Simon Street,False,33.15,Uncategorized,
8065890725,8065890715,173.7521962230481,residential,Unnamed,False,31.86,Uncategorized,
8065890732,253798376,190.8252889822005,residential,Unnamed,False,31.86,Uncategorized,
8065890738,3730080094,293.8935617353328,unclassified,Unnamed,False,33.07,Uncategorized,
8065890739,6303500120,160.08000537052862,residential,Unnamed,False,31.86,Uncategorized,
8065890739,8065890744,17.02330780547665,residential,Unnamed,False,31.86,Uncategorized,
8065890739,8065890764,88.69964313481123,residential,Unnamed,False,31.86,Uncategorized,
8065890740,8065890744,82.54166010596428,residential,Unnamed,False,31.86,Uncategorized,
8065890740,8065890744,126.27511704710086,residential,Unnamed,False,31.86,Uncategorized,
8065890740,8065890744,165.61961017909792,residential,Unnamed,False,31.86,Uncategorized,
8065890744,8065890740,82.54166010596428,residential,Unnamed,False,31.86,Uncategorized,
8065890744,8065890740,165.61961017909795,residential,Unnamed,False,31.86,Uncategorized,
8065890744,8065890740,126.27511704710086,residential,Unnamed,False,31.86,Uncategorized,
8065890744,8065890739,17.02330780547665,residential,Unnamed,False,31.86,Uncategorized,
8065890746,2249819761,49.18705322502609,residential,Unnamed,False,31.86,Uncategorized,
8065890747,6303500133,11.329378684310749,residential,Unnamed,False,31.86,Uncategorized,
8065890747,8065890766,8.177144441232864,residential,Unnamed,False,31.86,Uncategorized,
8065890747,8065890748,23.741585280415844,service,Unnamed,False,25.85,Uncategorized,
8065890748,8065890747,23.741585280415844,service,Unnamed,False,25.85,Uncategorized,
8065890748,10915605663,81.89819213473038,service,Unnamed,False,25.85,Uncategorized,
8065890748,8065890751,104.59767248733343,service,Unnamed,False,25.85,Uncategorized,
8065890751,8065890748,104.59767248733343,service,Unnamed,False,25.85,Uncategorized,
8065890764,8065890768,18.3407812796181,residential,Unnamed,False,31.86,Uncategorized,
8065890764,8065890739,88.69964313481123,residential,Unnamed,False,31.86,Uncategorized,
8065890764,8065890767,90.83067695126098,residential,Unnamed,False,31.86,Uncategorized,
8065890766,8065890747,8.177144441232864,residential,Unnamed,False,31.86,Uncategorized,
8065890766,6303500134,75.49028408411692,residential,Unnamed,False,31.86,Uncategorized,
8065890766,8065890769,64.79538042139129,residential,Unnamed,False,31.86,Uncategorized,
8065890767,8065890769,54.16972605165552,residential,Unnamed,False,31.86,Uncategorized,
8065890767,8065890768,69.68189576517301,residential,Unnamed,False,31.86,Uncategorized,
8065890767,8065890764,90.83067695126098,residential,Unnamed,False,31.86,Uncategorized,
8065890768,8065890764,18.3407812796181,residential,Unnamed,False,31.86,Uncategorized,
8065890768,8065890767,69.68189576517301,residential,Unnamed,False,31.86,Uncategorized,
8065890768,8065890770,47.88705090496097,residential,Unnamed,False,31.86,Uncategorized,
8065890769,8065890766,64.79538042139129,residential,Unnamed,False,31.86,Uncategorized,
8065890769,8065890767,54.16972605165552,residential,Unnamed,False,31.86,Uncategorized,
8065890769,8065890770,73.73468812302802,residential,Unnamed,False,31.86,Uncategorized,
8065890770,8065890772,43.52077643965741,residential,Unnamed,False,31.86,Uncategorized,
8065890770,8065890769,73.73468812302802,residential,Unnamed,False,31.86,Uncategorized,
8065890770,8065890768,47.88705090496097,residential,Unnamed,False,31.86,Uncategorized,
8065890771,8065890772,22.928226492646708,service,Unnamed,False,25.85,Uncategorized,
8065890772,8065890770,43.52077643965741,residential,Unnamed,False,31.86,Uncategorized,
8065890772,6303500134,22.54548591688478,residential,Unnamed,False,31.86,Uncategorized,
8065890772,8065890771,22.928226492646708,service,Unnamed,False,25.85,Uncategorized,
8205238781,8205238789,144.6500692427839,residential,Unnamed,False,31.86,Uncategorized,
8205238789,1136875273,85.95508607622554,tertiary,Silangan Street,False,33.15,Uncategorized,
8205238789,8205238781,144.65006924278387,residential,Unnamed,False,31.86,Uncategorized,
8205238790,8896486838,23.81935379181968,residential,Unnamed,False,31.86,Uncategorized,
8205238792,1256302589,136.74129869560983,residential,Unnamed,False,31.86,Uncategorized,1
8205238792,8896486822,22.272295936762912,residential,Unnamed,False,31.86,Uncategorized,
8205238792,8205238799,78.88416671001688,residential,Unnamed,False,31.86,Uncategorized,1
8205238799,1520576554,210.30000955956115,residential,Unnamed,False,31.86,Uncategorized,1
8205238799,8205238792,78.88416671001688,residential,Unnamed,False,31.86,Uncategorized,1
8205238799,8896486818,27.822964337516037,residential,Unnamed,False,31.86,Uncategorized,
8205484788,8896463313,189.15258669176012,residential,Unnamed,False,31.86,Uncategorized,
8205484788,8896486818,174.38875204761584,residential,Unnamed,False,31.86,Uncategorized,
8205484788,8896463315,153.65914060799616,residential,Unnamed,False,31.86,Uncategorized,
8205535060,1136875273,251.9597513325067,unclassified,Unnamed,False,33.07,Uncategorized,
8267041100,8267041102,18.275865149733995,residential,Unnamed,False,31.86,Uncategorized,
8267041101,8267041102,61.8963604331472,residential,Unnamed,False,31.86,Uncategorized,
8267041102,8267041100,18.275865149733995,residential,Unnamed,False,31.86,Uncategorized,
8267041102,8267041101,61.8963604331472,residential,Unnamed,False,31.86,Uncategorized,
8267041102,8267041106,157.67527847978718,residential,Unnamed,False,31.86,Uncategorized,
8267041106,1342057810,80.64212097169327,residential,Sitio Sampaguita,False,31.86,Uncategorized,
8267041106,1252148608,32.849838546827726,residential,Sitio Sampaguita,False,31.86,Uncategorized,
8267041106,8267041102,157.6752784797872,residential,Unnamed,False,31.86,Uncategorized,
8273377402,5594610893,382.2612392044283,path,Unnamed,False,30.0,Uncategorized,
8289262031,1300391226,39.377307455131,residential,Unnamed,False,31.86,destination,
8289262031,1300391281,9.330271090083732,residential,Unnamed,False,31.86,destination,
8289262031,2394959564,32.35447422794837,residential,Unnamed,False,31.86,destination,
8289287650,1300391201,3.9576476484193357,unclassified,Unnamed,False,33.07,Uncategorized,
8289287650,1300391187,593.2005945132063,unclassified,Unnamed,False,30.0,destination,
8289287650,1300391138,145.80008924245791,unclassified,Unnamed,False,33.07,Uncategorized,
8289287651,8289287653,46.90118495634627,service,Unnamed,False,25.85,Uncategorized,
8289287651,8894407200,210.36839178635955,residential,Unnamed,False,31.86,Uncategorized,
8289287651,1342891838,94.0940379603613,residential,Unnamed,False,31.86,Uncategorized,
8289287652,8289287653,56.758948393985555,service,Unnamed,False,25.85,Uncategorized,
8289287653,8289287652,56.758948393985555,service,Unnamed,False,25.85,Uncategorized,
8289287653,8289287651,46.90118495634627,service,Unnamed,False,25.85,Uncategorized,
8289287653,1342891838,75.16260596054529,service,Unnamed,False,25.85,Uncategorized,
8289287654,8386697352,88.37001410766023,residential,Unnamed,False,31.86,Uncategorized,
8289426900,2788133417,15.460116994269839,service,Unnamed,False,30.0,destination,
8289426900,1300391302,55.40716325596205,service,Unnamed,False,30.0,destination,
8289426900,8289426905,25.534837418120027,service,Unnamed,False,25.85,destination,
8289426902,8289426906,13.838547359752198,service,Unnamed,False,25.85,destination,
8289426902,2788133417,39.93463596869411,service,Unnamed,False,25.85,destination,
8289426902,8289426905,53.382540265141074,service,Unnamed,False,25.85,destination,
8289426905,2788133417,12.794891686443188,service,Unnamed,False,25.85,destination,
8289426905,8289426900,25.534837418120027,service,Unnamed,False,25.85,destination,
8289426905,8289426902,53.382540265141074,service,Unnamed,False,25.85,destination,
8289426906,1300391113,10.556559235472943,service,Unnamed,False,30.0,destination,
8289426906,8289426902,13.838547359752198,service,Unnamed,False,25.85,destination,
8289426906,11750543443,243.77523775073212,service,Unnamed,False,30.0,destination,
8292598274,1532188489,232.0629803629875,residential,Unnamed,False,31.86,Uncategorized,
8292598277,8292598278,36.169120439127425,residential,Unnamed,False,31.86,Uncategorized,
8292598278,8292598277,36.169120439127425,residential,Unnamed,False,31.86,Uncategorized,
8292598278,8292598279,11.954007872038433,residential,Unnamed,False,31.86,Uncategorized,
8292598278,8292598280,37.73729743805333,residential,Unnamed,False,31.86,Uncategorized,
8292598279,8292598278,11.954007872038433,residential,Unnamed,False,31.86,Uncategorized,
8292598280,8292598281,19.797198592660326,residential,Unnamed,False,31.86,Uncategorized,
8292598280,8292598278,37.73729743805333,residential,Unnamed,False,31.86,Uncategorized,
8292598280,1187299628,116.89164656399595,residential,Unnamed,False,31.86,Uncategorized,
8292598281,8292598280,19.797198592660326,residential,Unnamed,False,31.86,Uncategorized,
8292598286,1266474480,16.056686881667865,residential,Unnamed,False,31.86,Uncategorized,
8292598286,8893648557,13.20939316608598,residential,Unnamed,False,31.86,Uncategorized,
8292598286,8292598287,35.96749080366837,service,Unnamed,False,25.85,Uncategorized,
8292598287,1266474480,29.641021419810993,service,Unnamed,False,25.85,Uncategorized,
8292598287,8292598286,35.96749080366837,service,Unnamed,False,25.85,Uncategorized,
8292598287,5246736392,94.94110125640864,service,Unnamed,False,25.85,Uncategorized,
8292634233,1342019442,34.083076389746815,residential,Unnamed,False,31.86,Uncategorized,
8292705507,1492184014,609.5206188225314,track,Unnamed,False,30.0,private,
8292705507,8292705508,284.3929057784968,track,Unnamed,False,30.0,private,
8292705507,1143683868,33.85011519841109,track,Unnamed,False,30.0,private,
8292705508,8292705507,284.3929057784968,track,Unnamed,False,30.0,private,
8292705509,1492183836,18.792972351734583,track,Unnamed,False,30.0,private,
8292705509,1143684051,187.57936418046205,track,Unnamed,False,30.0,private,
8292705509,1492183765,246.09314987148142,track,Unnamed,False,30.0,private,
8292705510,253799221,32.52552365445247,service,Unnamed,False,25.85,private,
8292705510,7729311824,17.694654438094826,service,Unnamed,False,25.85,private,
8292705510,8292705513,82.25019683717898,service,Unnamed,False,25.85,private,
8292705513,8292796622,40.639147554956914,service,Unnamed,False,25.85,private,
8292705513,8894303983,43.87266253804084,service,Unnamed,False,25.85,private,
8292705513,8292705510,82.25019683717896,service,Unnamed,False,25.85,private,
8292705514,1120694782,115.66226296093546,residential,Unnamed,False,31.86,Uncategorized,
8292788810,253789150,174.73142069090667,service,Unnamed,False,25.85,private,1
8292788811,8292788815,32.24588516899283,service,Unnamed,False,25.85,private,
8292788811,8292788815,237.5820749586423,service,Unnamed,False,25.85,private,
8292788811,8292788816,47.464303677617046,service,Unnamed,False,25.85,private,
8292788815,8292788811,32.24588516899283,service,Unnamed,False,25.85,private,
8292788815,8292788811,237.58207495864224,service,Unnamed,False,25.85,private,
8292788815,8292796619,34.69899508839508,service,Unnamed,False,25.85,private,
8292788816,1143683922,131.7884346907516,service,Unnamed,False,25.85,private,1
8292788816,253782194,190.3307504230387,service,Unnamed,False,25.85,private,1
8292788816,8292788811,47.464303677617046,service,Unnamed,False,25.85,private,
8292796619,638901873,207.84919406324767,service,Unnamed,False,25.85,private,2
8292796619,253765458,192.5940147502381,service,Unnamed,False,25.85,private,2
8292796619,8292788815,34.69899508839508,service,Unnamed,False,25.85,private,
8292796620,8894304005,23.629001319297345,unclassified,Unnamed,False,33.07,private,2
8292796620,253799221,2.643667112013541,unclassified,Unnamed,False,33.07,private,2
8292796620,8292796622,46.042210497889975,service,Unnamed,False,25.85,private,
8292796622,8292705513,40.639147554956914,service,Unnamed,False,25.85,private,
8292796622,8894304004,26.44775603936187,service,Unnamed,False,25.85,private,
8292796622,8292796620,46.04221049788997,service,Unnamed,False,25.85,private,
8292796623,8894450483,67.70168671317002,service,Unnamed,False,25.85,private,
8292796623,253509969,1.7065297007145779,service,Unnamed,False,25.85,private,
8292796623,1492184010,138.20945618315233,service,Unnamed,False,25.85,private,
8293279327,8293279328,52.83217512141731,residential,Unnamed,False,31.86,Uncategorized,
8293279327,1532188489,36.07004309282862,residential,Unnamed,False,31.86,permissive,
8293279327,1285602497,109.20317580941793,residential,Unnamed,False,31.86,permissive,
8293279328,1285602691,19.173421614593362,residential,Unnamed,False,31.86,permissive,
8293279328,8293279327,52.83217512141731,residential,Unnamed,False,31.86,Uncategorized,
8293279328,1285602497,155.49560870537366,residential,Unnamed,False,31.86,permissive,
8293279329,8293279332,79.16765888948257,residential,Unnamed,False,31.86,Uncategorized,
8293279332,776002656,35.02279402036288,tertiary,Maahas Road,False,33.15,Uncategorized,2
8293279332,1532188489,46.02305596899132,tertiary,Maahas Road,False,33.15,Uncategorized,2
8293279332,8293279329,79.16765888948255,residential,Unnamed,False,31.86,Uncategorized,
8293279333,1532188546,116.76950708029905,residential,Unnamed,False,31.86,Uncategorized,
8293279333,1187299495,116.48955246261355,residential,Unnamed,False,31.86,Uncategorized,
8293279333,1187299495,115.24385300621327,residential,Unnamed,False,31.86,Uncategorized,
8293279337,1256302490,82.05495526746571,service,Unnamed,False,25.85,Uncategorized,
8293336147,1532188401,109.08395308932376,unclassified,Pili Drive,False,40.0,destination,2
8293336147,1285602599,32.162194375319814,unclassified,Pili Drive,False,40.0,destination,2
8293336147,3084468927,13.87065474895922,service,Unnamed,False,25.85,private,
8295392593,1143684036,49.028768462047,track,Unnamed,False,30.0,private,
8295625916,1342899107,6.302244318653686,residential,Niagara,False,31.86,private,
8295625916,949612171,86.93708278123205,residential,Unnamed,True,31.86,private,
8295657717,253503176,86.68045009032514,residential,Unnamed,False,31.86,private,
8295887522,8893786289,28.357712631129925,primary,National Highway,False,30.49,Uncategorized,4
8295887522,1342899175,103.8485291315561,primary,National Highway,False,30.49,Uncategorized,4
8295887522,8893792525,430.50503515827427,residential,Unnamed,False,31.86,Uncategorized,
8295890956,1302792176,61.708928990345115,residential,Unnamed,False,31.86,destination,
8305266276,6303500133,30.72257984582593,residential,Unnamed,False,31.86,Uncategorized,
8305266276,6303500124,33.78883671222187,residential,Unnamed,False,31.86,Uncategorized,
8305266276,8896529796,199.0309925381158,residential,Unnamed,False,31.86,Uncategorized,
8305266284,8896461293,199.47802013611698,residential,Sitio Sampaguita,False,31.86,Uncategorized,
8305266284,1520576554,127.5830487837188,residential,Sitio Sampaguita,False,31.86,Uncategorized,1
8305266284,8305266296,320.33159435420134,residential,Unnamed,False,31.86,Uncategorized,
8305266296,8305266284,320.33159435420134,residential,Unnamed,False,31.86,Uncategorized,
8305403549,5618970841,79.2875603758909,residential,Unnamed,False,31.86,Uncategorized,
8305403551,1252148262,20.069019417263927,residential,Unnamed,False,31.86,private,
8305403551,8305403552,68.57688635784642,residential,Unnamed,False,31.86,private,
8305403551,8305403552,106.38908236172605,residential,Unnamed,False,31.86,private,
8305403552,1252148085,22.70864699593272,residential,Unnamed,False,31.86,private,
8305403552,8305403551,68.57688635784642,residential,Unnamed,False,31.86,private,
8305403552,8305403551,106.38908236172605,residential,Unnamed,False,31.86,private,
8305455288,3568091602,256.0266736626065,residential,Unnamed,False,31.86,Uncategorized,
8305455295,8896459280,3.835865097279888,residential,Lajarca,False,31.86,Uncategorized,
8305455295,8305456088,26.781325394482717,residential,Lajarca,False,31.86,Uncategorized,
8305455295,8903861288,175.53319998042497,residential,Unnamed,False,31.86,Uncategorized,
8305455300,8903861288,51.025437034469036,residential,Unnamed,False,31.86,Uncategorized,
8305455301,8896459255,5.049258467350741,residential,Lajarca,False,31.86,Uncategorized,
8305455301,8305455308,21.730050816130834,residential,Lajarca,False,31.86,Uncategorized,
8305455301,8305455308,168.7234931427372,residential,Unnamed,False,31.86,Uncategorized,
8305455308,8305455301,21.730050816130834,residential,Lajarca,False,31.86,Uncategorized,
8305455308,8305455301,168.7234931427372,residential,Unnamed,False,31.86,Uncategorized,
8305455308,253782036,55.07611345659579,residential,Lajarca,False,31.86,Uncategorized,
8305455312,253782036,140.51856009744952,residential,Unnamed,False,31.86,Uncategorized,
8305456088,8896459282,26.467118630308224,residential,Lajarca,False,31.86,Uncategorized,
8305456088,8305455295,26.781325394482717,residential,Lajarca,False,31.86,Uncategorized,
8305456088,8305456089,81.64450485510145,residential,Unnamed,False,31.86,Uncategorized,
8305456089,8305456088,81.64450485510145,residential,Unnamed,False,31.86,Uncategorized,
8305456090,1252148740,112.00364436763957,residential,Unnamed,False,31.86,private,
8305456090,1252148617,71.60892737426396,residential,Unnamed,False,31.86,private,
8305456090,1252148617,129.808568252782,residential,Unnamed,False,31.86,private,
8314748102,447627966,3.02039485849097,service,Unnamed,False,25.85,Uncategorized,
8314748102,9085381484,8.754688941111656,service,Unnamed,False,25.85,Uncategorized,
8314748102,4791748385,6.723089399301889,footway,Unnamed,False,30.0,Uncategorized,
8314748110,452998511,57.7520739386757,secondary,Jose R. Velasco Avenue,False,30.0,Uncategorized,2
8314748110,1119886447,5.812171981219136,secondary,Jose R. Velasco Avenue,False,30.0,Uncategorized,2
8314762236,6948385989,66.32762067692356,service,Unnamed,False,25.0,Uncategorized,
8314854947,425111994,62.333819068534034,residential,Unnamed,False,30.0,Uncategorized,1
8314854947,425111994,109.97881022053384,residential,Unnamed,False,30.0,Uncategorized,1
8314854947,425111994,115.05796014834145,residential,Unnamed,False,30.0,Uncategorized,1
8314854947,1246493237,86.1276293715971,residential,Unnamed,False,30.0,Uncategorized,1
8315056644,529871204,24.606950988972493,footway,Unnamed,False,30.0,private,
8315056644,529869152,114.29355514020253,residential,Unnamed,False,31.86,Uncategorized,
8315056644,529871008,15.473286600671539,footway,Unnamed,False,30.0,Uncategorized,
8315142974,1119866493,179.46548621955614,path,Unnamed,False,30.0,Uncategorized,
8315144225,1252235677,19.391591327572904,unclassified,Unnamed,False,33.07,Uncategorized,2
8315144225,1201061977,49.72906732423311,unclassified,Unnamed,False,33.07,Uncategorized,2
8315144225,8315144226,95.3395448615244,service,Unnamed,False,25.85,Uncategorized,
8315144226,2496156027,68.38110888793751,service,Unnamed,False,25.85,Uncategorized,
8315144226,8315144227,67.15098612158886,service,Unnamed,False,25.85,Uncategorized,
8315144226,8315144225,95.3395448615244,service,Unnamed,False,25.85,Uncategorized,
8315144227,8315144230,28.05602998336392,service,Unnamed,False,25.85,Uncategorized,
8315144227,8315144230,55.98440230415631,service,Unnamed,False,25.85,Uncategorized,
8315144227,8315144230,55.574958821666094,service,Unnamed,False,25.85,Uncategorized,
8315144227,8315144226,67.15098612158886,service,Unnamed,False,25.85,Uncategorized,
8315144230,8315144227,28.05602998336392,service,Unnamed,False,25.85,Uncategorized,
8315144230,8315144227,55.98440230415632,service,Unnamed,False,25.85,Uncategorized,
8315144230,8315144227,55.574958821666094,service,Unnamed,False,25.85,Uncategorized,
8315144230,2496156054,39.46994533721214,service,Unnamed,False,25.85,Uncategorized,
8315144232,2496156054,43.94152459777587,service,Unnamed,False,25.85,Uncategorized,
8315144236,8315144236,69.417197889341,service,Unnamed,False,25.85,Uncategorized,
8315144236,8315144236,69.417197889341,service,Unnamed,False,25.85,Uncategorized,
8315144236,1532188332,19.27687642281618,service,Unnamed,False,25.85,Uncategorized,
8317714116,1344056006,174.2910382447508,residential,Unnamed,False,31.86,Uncategorized,
8317776669,12254040025,106.03923786594586,service,Unnamed,False,25.85,Uncategorized,
8317776669,1244163592,70.07891595895508,service,Unnamed,False,25.85,Uncategorized,
8317776669,687389189,22.150891013746065,steps,Unnamed,False,30.49,Uncategorized,
8317776670,1244163592,22.427481500040955,service,Unnamed,False,25.85,Uncategorized,
8317776671,2719143417,30.574206848398372,service,Unnamed,False,25.85,private,
8317776671,8317776672,48.96834716326871,service,Unnamed,False,25.85,private,
8317776671,8317776673,58.81321245315162,service,Unnamed,False,25.85,private,
8317776671,1119827683,30.9877251928762,service,Unnamed,False,25.85,private,
8317776672,8317776671,48.96834716326871,service,Unnamed,False,25.85,private,
8317776673,8317776671,58.81321245315162,service,Unnamed,False,25.85,private,
8318258057,1517351368,80.43647269704819,residential,Unnamed,False,30.0,Uncategorized,2
8318258057,1344056021,10.416252807113128,residential,Unnamed,False,31.86,Uncategorized,
8318258057,8893749285,102.15447578799036,residential,Unnamed,False,30.0,Uncategorized,2
8318258058,1357238810,18.353679685087656,residential,Unnamed,False,31.86,Uncategorized,
8318258058,1344055992,114.08937297333358,residential,Unnamed,False,31.86,Uncategorized,
8318258058,1344056021,22.222847333176652,residential,Unnamed,False,31.86,Uncategorized,
8318615599,422734069,161.66281953763882,residential,Unnamed,False,20.0,private,
8318615599,2249819369,124.79449980295479,residential,Unnamed,False,20.0,private,
8318615599,2249819369,122.28574521334366,residential,Unnamed,False,20.0,private,
8323153374,4791412194,9.364960607248932,service,Unnamed,False,25.85,Uncategorized,
8323153375,638899741,4.15615190918284,residential,Unnamed,False,31.86,Uncategorized,
8323153375,1119866535,34.669400958540805,residential,Unnamed,False,31.86,Uncategorized,
8323153375,8323153376,5.615448422676503,residential,Unnamed,True,31.86,Uncategorized,
8323153376,638899741,5.381494222874887,residential,Unnamed,True,31.86,Uncategorized,
8323153376,1119866270,128.82106082718576,residential,Milky Way Street,False,31.86,Uncategorized,
8323902317,2170279512,7.006867416820152,service,Unnamed,False,25.85,Uncategorized,
8323902317,8345159617,6.860878678301741,tertiary,Pili Drive,False,33.15,Uncategorized,2
8323902317,6361461407,10.518332435616324,tertiary,Pili Drive,False,33.15,Uncategorized,2
8332301418,9031117699,90.6629728786921,footway,Unnamed,False,30.0,Uncategorized,
8332301419,8332301420,177.96389037376255,footway,Unnamed,False,30.0,Uncategorized,
8332301420,253790732,8.685417588332369,residential,Unnamed,False,30.0,Uncategorized,1
8332301420,8332301419,177.96389037376255,footway,Unnamed,False,30.0,Uncategorized,
8332301420,425111558,19.246452924938225,residential,Unnamed,False,30.0,Uncategorized,1
8334090089,5246749828,24.37133008860689,residential,Unnamed,False,30.0,Uncategorized,
8334090089,474857185,57.18180721101123,residential,Unnamed,False,30.0,Uncategorized,
8334090089,443159859,133.48216577928218,residential,Unnamed,False,31.86,private,
8334090092,1256302863,81.40309607642462,residential,Unnamed,False,31.86,private,
8334145102,253509234,43.85576204247531,service,Unnamed,False,25.85,Uncategorized,
8334202908,920087449,192.852378538802,service,Unnamed,False,25.0,private,2
8334202910,8334202913,108.51004212077927,residential,Unnamed,False,31.86,Uncategorized,
8334202913,439222208,18.751172880281715,residential,Aguila,False,30.0,Uncategorized,
8334202913,1246454362,20.996667348569197,residential,Aguila,False,30.0,Uncategorized,
8334202913,8334202910,108.51004212077929,residential,Unnamed,False,31.86,Uncategorized,
8336557489,428744614,4.773532023747645,residential,Diamond Street,False,40.0,Uncategorized,2
8336557489,742226843,29.54530948914139,residential,Diamond Street,False,40.0,Uncategorized,2
8336557489,2442931664,30.34415062617759,service,Unnamed,False,25.85,private,
8336682896,1300391308,62.67730635355707,residential,Tikling,False,40.0,Uncategorized,
8336682896,1300391301,68.28092517683598,residential,Tikling,False,40.0,Uncategorized,
8336682896,8336682901,103.43251115494412,residential,Unnamed,False,31.86,Uncategorized,
8336682901,8336682896,103.43251115494412,residential,Unnamed,False,31.86,Uncategorized,
8336682902,1184304990,126.55574725434707,service,Unnamed,False,25.85,Uncategorized,
8336772752,422733569,32.74716726959474,residential,Narra Street,False,20.0,private,
8336772752,8893678836,189.63798873383251,residential,Lina Street,False,30.0,private,2
8336772752,422732401,145.42437767785165,residential,Lina Street,False,30.0,Uncategorized,2
8336800308,584700337,5.946710417948069,service,Unnamed,False,25.85,Uncategorized,
8336800308,382802559,4.934114006748402,service,Unnamed,False,25.85,Uncategorized,
8336800308,431157639,23.587225149060686,service,Unnamed,False,25.85,Uncategorized,
8336844878,811027932,1.3612912351308193,service,Unnamed,False,25.85,Uncategorized,
8336844878,811027927,10.802707204397313,service,Unnamed,False,25.85,Uncategorized,
8336844878,4791055616,91.56639717098733,steps,Unnamed,False,30.49,Uncategorized,
8336844880,431154480,103.1577654866353,residential,Unnamed,False,30.0,Uncategorized,1
8337294663,10066570657,2.699491387191116,service,Unnamed,False,25.85,Uncategorized,
8337294663,428740875,4.629144004417072,service,Unnamed,False,25.85,Uncategorized,
8337294663,5509654203,99.83918594323893,footway,Unnamed,False,30.0,Uncategorized,
8337294663,848374853,103.18786462912792,footway,Unnamed,False,30.0,Uncategorized,
8345159617,5507052330,13.148684499449095,tertiary,Unnamed,False,33.15,Uncategorized,
8345159617,8323902317,6.860878678301741,tertiary,Pili Drive,False,33.15,Uncategorized,2
8345159617,12254040050,21.000475281647645,tertiary,Pili Drive,True,33.15,Uncategorized,2
8383589152,8894407200,168.58249561143762,residential,Unnamed,False,31.86,Uncategorized,
8383598840,1136875346,157.3415441287293,residential,Unnamed,False,31.86,Uncategorized,
8383598840,8383598842,71.70942317802643,residential,Unnamed,False,31.86,Uncategorized,
8383598840,8903486586,19.68888704079091,service,Unnamed,False,25.85,Uncategorized,
8383598842,8383598840,71.70942317802643,residential,Unnamed,False,31.86,Uncategorized,
8383598842,5618912007,173.06784979080123,path,Unnamed,False,30.0,Uncategorized,
8383598842,11782395026,138.74880940292257,footway,Unnamed,False,30.0,Uncategorized,
8385985600,8385985602,97.39261852631533,residential,Unnamed,False,31.86,Uncategorized,
8385985602,8896529800,50.35279540255667,residential,Unnamed,False,31.86,Uncategorized,
8385985602,1187299842,110.88988073935612,residential,Unnamed,False,31.86,Uncategorized,
8385985602,8385985600,97.39261852631533,residential,Unnamed,False,31.86,Uncategorized,
8385999216,8386001118,85.85563618710628,residential,Unnamed,False,31.86,Uncategorized,
8386001118,1143665048,239.18924931437346,tertiary,Maahas Road,False,33.15,Uncategorized,2
8386001118,1532188546,26.67222680586689,tertiary,Maahas Road,False,33.15,Uncategorized,2
8386001118,8385999216,85.85563618710628,residential,Unnamed,False,31.86,Uncategorized,
8386033938,1252235278,197.0511965070299,track,Unnamed,False,30.0,Uncategorized,
8386122131,3568091602,44.98323738792697,residential,Unnamed,False,31.86,Uncategorized,
8386122131,1252148447,81.46472038251471,residential,Unnamed,False,31.86,Uncategorized,
8386122131,3568091607,144.72052375938244,residential,Unnamed,False,31.86,Uncategorized,
8386122132,253503613,25.984781492219703,unclassified,V. Menguito,False,33.07,Uncategorized,
8386122132,8386122133,55.94859180966515,residential,Unnamed,False,31.86,Uncategorized,
8386122132,8897393695,188.68545186453184,unclassified,V. Menguito,False,33.07,Uncategorized,
8386122133,8386122132,55.94859180966515,residential,Unnamed,False,31.86,Uncategorized,
8386142330,8896459282,31.59160374638904,residential,Lajarca,False,31.86,Uncategorized,
8386142330,253804871,51.17057341969103,residential,Lajarca,False,31.86,Uncategorized,
8386142330,8386142331,78.25325317896485,residential,Unnamed,False,31.86,Uncategorized,
8386142331,8386142330,78.25325317896485,residential,Unnamed,False,31.86,Uncategorized,
8386142343,8896459290,51.5268190396547,residential,Unnamed,False,31.86,Uncategorized,
8386148467,2465278896,48.58542038551835,residential,Unnamed,False,31.86,Uncategorized,
8386148467,8386148468,30.32186336328465,residential,Unnamed,False,31.86,Uncategorized,
8386148467,8887165454,28.228633184208004,service,Unnamed,False,25.85,Uncategorized,
8386148467,1252148086,129.85503042207557,residential,Unnamed,False,31.86,Uncategorized,
8386148468,8386148467,30.32186336328465,residential,Unnamed,False,31.86,Uncategorized,
8386173229,8897386845,148.4126289757097,residential,Unnamed,False,31.86,Uncategorized,
8386184718,8897379472,41.70205669278252,tertiary,B. A. Villanueva,False,33.15,Uncategorized,
8386184718,253495863,180.9559309827576,tertiary,B. A. Villanueva,False,33.15,Uncategorized,
8386184718,8386184726,51.25762138963064,residential,Unnamed,False,31.86,Uncategorized,
8386184726,8386184718,51.25762138963064,residential,Unnamed,False,31.86,Uncategorized,
8386212654,8897260296,15.797125297584753,tertiary,M. Simon Street,False,33.15,Uncategorized,
8386212654,8065890715,3.212995247295684,tertiary,M. Simon Street,False,33.15,Uncategorized,
8386212654,8386212657,52.845642615124376,residential,Unnamed,False,31.86,Uncategorized,
8386212657,8386212654,52.84564261512437,residential,Unnamed,False,31.86,Uncategorized,
8386498996,8386498997,62.843815350472255,residential,Unnamed,False,31.86,Uncategorized,
8386498997,8386498996,62.843815350472255,residential,Unnamed,False,31.86,Uncategorized,
8386498997,8903861291,288.95061041659244,tertiary,Silangan Street,False,33.15,Uncategorized,
8386498997,253500404,319.4914855259779,tertiary,Silangan Street,False,33.15,Uncategorized,
8386499008,8386499009,41.31279945143559,residential,Unnamed,False,31.86,Uncategorized,
8386499009,3568091607,26.311772952674485,unclassified,V. Menguito,False,33.07,Uncategorized,
8386499009,1136874166,32.34727852450821,unclassified,V. Menguito,False,33.07,Uncategorized,
8386499009,8386499008,41.31279945143559,residential,Unnamed,False,31.86,Uncategorized,
8386516377,1136874166,54.64303809565975,unclassified,V. Menguito,False,33.07,Uncategorized,
8386516377,8386516378,81.6642603672536,residential,Unnamed,False,31.86,Uncategorized,
8386516377,312522223,134.4910972392351,unclassified,V. Menguito,False,33.07,Uncategorized,
8386516378,8386516377,81.6642603672536,residential,Unnamed,False,31.86,Uncategorized,
8386605829,1246454304,44.865110544051724,service,Unnamed,False,25.85,private,
8386611481,8386611482,130.17560248334573,residential,Unnamed,False,31.86,private,
8386611481,1404148272,136.67569082035521,residential,Unnamed,False,30.0,private,
8386611481,439220660,45.26354690222159,residential,Orchard Road,False,30.0,private,2
8386611482,8386611481,130.17560248334573,residential,Unnamed,False,31.86,private,
8386664431,810893820,113.3753840120662,service,Kanlaon Street,False,30.0,private,
8386697352,8386697354,5.172528049302365,residential,Unnamed,False,31.86,Uncategorized,
8386697352,8386697353,124.98985622191397,residential,Unnamed,False,31.86,Uncategorized,
8386697352,8289287654,88.37001410766023,residential,Unnamed,False,31.86,Uncategorized,
8386697353,8386697352,124.98985622191397,residential,Unnamed,False,31.86,Uncategorized,
8386697354,8386697352,5.172528049302365,residential,Unnamed,False,31.86,Uncategorized,
8386697354,1300391301,161.84912337193074,residential,Unnamed,False,31.86,Uncategorized,
8386697354,8386697357,65.76048494527771,residential,Unnamed,False,31.86,Uncategorized,
8386697357,8386697354,65.76048494527771,residential,Unnamed,False,31.86,Uncategorized,
8386817636,1252148190,73.29003786504845,residential,Unnamed,False,31.86,Uncategorized,
8386829458,253800876,54.18652654366637,service,Unnamed,False,25.85,Uncategorized,
8386840434,1127246054,50.234490891364075,service,Unnamed,False,25.85,private,
8387105091,1520576554,82.17325195793097,residential,Unnamed,False,31.86,Uncategorized,1
8389108595,1302792265,43.48443415648759,residential,Unnamed,False,31.86,Uncategorized,
8389123441,8389126226,58.93114558085097,residential,Unnamed,False,31.86,Uncategorized,
8389123441,8389126224,125.52909211854995,residential,Unnamed,False,31.86,Uncategorized,
8389123441,1302792325,43.26376202808487,residential,Unnamed,False,31.86,Uncategorized,
8389126224,1302792336,4.492374720150639,residential,Unnamed,False,31.86,Uncategorized,
8389126224,8389123441,125.52909211854995,residential,Unnamed,False,31.86,Uncategorized,
8389126224,8389126226,77.65100186109424,residential,Unnamed,False,31.86,Uncategorized,
8389126226,8389123441,58.93114558085097,residential,Unnamed,False,31.86,Uncategorized,
8389126226,8389126224,77.65100186109424,residential,Unnamed,False,31.86,Uncategorized,
8389126226,1302792325,102.65661885340722,residential,Unnamed,False,31.86,Uncategorized,
8389132861,8389132863,24.220162455103612,residential,Unnamed,False,31.86,Uncategorized,
8389132863,1342065695,155.13519111117625,residential,Unnamed,False,31.86,Uncategorized,
8389132863,453014295,41.994246827903424,residential,Unnamed,False,31.86,Uncategorized,
8389132863,8389132861,24.220162455103612,residential,Unnamed,False,31.86,Uncategorized,
8460991183,8460991186,26.652187388589326,service,Unnamed,False,25.85,Uncategorized,
8460991185,7617940699,29.364963007170918,residential,El Danda Street,False,40.0,Uncategorized,2
8460991185,8701333236,20.158706791695273,residential,El Danda Street,False,40.0,Uncategorized,2
8460991185,8460991186,9.228269608354026,service,Unnamed,False,25.85,Uncategorized,
8460991186,8460991187,19.355160519987205,service,Unnamed,False,25.85,Uncategorized,
8460991186,8460991183,26.652187388589326,service,Unnamed,False,25.85,Uncategorized,
8460991186,8460991185,9.228269608354026,service,Unnamed,False,25.85,Uncategorized,
8460991187,8460991186,19.355160519987205,service,Unnamed,False,25.85,Uncategorized,
8460991187,8460991188,25.48880245892878,service,Unnamed,False,25.85,Uncategorized,
8460991187,7686486608,5.0439925665348095,service,Unnamed,False,25.85,Uncategorized,
8460991188,8460991187,25.48880245892878,service,Unnamed,False,25.85,Uncategorized,
8701217716,425129632,16.45119936064291,service,Unnamed,False,25.85,private,
8701217716,8894387871,39.37823540726197,service,Unnamed,False,25.85,private,
8701217716,8705310059,151.49119833506967,service,Unnamed,False,25.85,private,
8701333231,530609699,22.143949045644703,footway,Unnamed,False,30.0,Uncategorized,
8701333231,382807880,10.125597982332371,footway,Unnamed,False,30.0,Uncategorized,
8701333231,4792449605,35.08686604140494,footway,Unnamed,False,30.0,Uncategorized,
8701333232,8701333235,22.78940349565695,service,Unnamed,False,25.85,Uncategorized,
8701333235,8701333232,22.78940349565695,service,Unnamed,False,25.85,Uncategorized,
8701333235,8701333236,52.035811753320985,service,Unnamed,False,25.85,Uncategorized,
8701333235,10908641919,36.1936576774016,footway,Unnamed,False,30.0,Uncategorized,
8701333236,8460991185,20.158706791695273,residential,El Danda Street,False,40.0,Uncategorized,2
8701333236,436202664,10.017347171317155,residential,El Danda Street,False,40.0,Uncategorized,2
8701333236,8701333235,52.035811753320985,service,Unnamed,False,25.85,Uncategorized,
8701333238,1342057803,67.14647817676942,residential,Unnamed,False,31.86,Uncategorized,
8705310059,2596830850,9.224015828305618,residential,Unnamed,False,31.86,Uncategorized,
8705310059,2596830888,97.1113332274509,residential,Unnamed,False,31.86,Uncategorized,
8705310059,8701217716,151.49119833506967,service,Unnamed,False,25.85,private,
8834923850,6361461442,1.3831881227549798,footway,Unnamed,False,30.0,Uncategorized,
8886668916,435133797,41.128627055342406,service,Unnamed,False,25.85,private,
8886679735,11379613362,72.56856322325237,service,Unnamed,False,25.85,private,
8887041581,8887041584,42.4459662886411,service,Unnamed,False,25.85,Uncategorized,
8887041584,8887041586,4.082856907494533,tertiary,B. A. Villanueva,False,33.15,Uncategorized,
8887041584,253779567,64.72281922640298,tertiary,B. A. Villanueva,False,33.15,Uncategorized,
8887041584,8887041581,42.4459662886411,service,Unnamed,False,25.85,Uncategorized,
8887041585,8887041586,109.29683152314561,service,Unnamed,False,25.85,Uncategorized,
8887041586,8887041584,4.082856907494533,tertiary,B. A. Villanueva,False,33.15,Uncategorized,
8887041586,8887041589,13.519091586087285,tertiary,B. A. Villanueva,False,33.15,Uncategorized,
8887041586,8887041585,109.29683152314561,service,Unnamed,False,25.85,Uncategorized,
8887041587,12309592319,81.87993378928654,residential,Unnamed,False,31.86,Uncategorized,
8887041589,8887041586,13.519091586087285,tertiary,B. A. Villanueva,False,33.15,Uncategorized,
8887041589,7874284543,5.943380874653242,tertiary,B. A. Villanueva,False,33.15,Uncategorized,
8887041589,12309592319,4.710002665367538,residential,Unnamed,False,31.86,Uncategorized,
8887041590,8887041591,27.544355000192237,service,Unnamed,False,25.85,Uncategorized,
8887041591,8887041590,27.544355000192237,service,Unnamed,False,25.85,Uncategorized,
8887041591,253491996,28.104506286551395,tertiary,B. A. Villanueva,False,33.15,Uncategorized,
8887041591,253800876,46.653193710719876,tertiary,B. A. Villanueva,False,33.15,Uncategorized,
8887041592,8887041595,104.93120596847939,residential,Unnamed,False,31.86,Uncategorized,
8887041595,253491996,22.794485697902132,tertiary,B. A. Villanueva,False,33.15,Uncategorized,
8887041595,1342055467,71.40794397507713,tertiary,B. A. Villanueva,False,33.15,Uncategorized,
8887041595,8887041592,104.9312059684794,residential,Unnamed,False,31.86,Uncategorized,
8887041596,253798383,27.10975416760641,service,Unnamed,False,25.85,Uncategorized,
8887041597,8887041601,83.98858734718691,service,Unnamed,False,25.85,Uncategorized,
8887041601,253798383,17.214884672506123,unclassified,V. Menguito,False,33.07,Uncategorized,
8887041601,3123418076,62.030347774774505,unclassified,V. Menguito,False,33.07,Uncategorized,
8887041601,8887041597,83.98858734718691,service,Unnamed,False,25.85,Uncategorized,
8887109608,10905848498,3.682094029015788,tertiary,J. Aquino Street,False,33.15,Uncategorized,
8887109608,10910516556,12.863832751921914,tertiary,J. Aquino Street,False,33.15,Uncategorized,
8887109608,12309592346,4.085831857340062,service,Unnamed,False,25.85,Uncategorized,
8887109609,8887109610,26.06283291916399,service,Unnamed,False,25.85,Uncategorized,
8887109610,10910516576,4.016532001435799,unclassified,Bangkal Extension,False,30.0,Uncategorized,
8887109610,10910516579,3.1619069572681906,unclassified,Bangkal Extension,False,30.0,Uncategorized,
8887109610,8887109609,26.06283291916399,service,Unnamed,False,25.85,Uncategorized,
8887109611,12309592327,68.36714493850565,service,Unnamed,False,25.85,Uncategorized,
8887109612,10910516421,23.513921004176794,tertiary,J. Aquino Street,False,33.15,Uncategorized,
8887109612,742351977,21.505485199580278,tertiary,J. Aquino Street,False,33.15,Uncategorized,
8887109612,12309592327,4.672287901692056,service,Unnamed,False,25.85,Uncategorized,
8887109613,8887109614,87.96063279596693,service,Unnamed,False,25.85,Uncategorized,
8887109614,8887165453,20.396646301880068,residential,Lajarca,False,31.86,Uncategorized,
8887109614,8887109613,87.96063279596693,service,Unnamed,False,25.85,Uncategorized,
8887109614,8887165451,89.85975304699912,residential,Lajarca,False,31.86,Uncategorized,
8887110274,8887110275,40.425320736085595,service,Unnamed,False,25.85,private,
8887110275,8887110274,40.425320736085595,service,Unnamed,False,25.85,private,
8887110275,742351350,72.28632617732609,residential,1st Street,False,31.86,private,
8887110275,1252148551,46.89191327756604,residential,1st Street,False,31.86,private,
8887110277,12309592277,43.35988711468303,residential,Unnamed,False,31.86,Uncategorized,
8887110280,2706774873,42.84916505982416,primary,National Highway,False,30.49,Uncategorized,4
8887110280,12309592277,5.225514849239496,residential,Unnamed,False,31.86,Uncategorized,
8887110280,312517703,39.802949567705156,primary,National Highway,False,30.49,Uncategorized,4
8887165441,8887165442,41.79569761991117,service,Unnamed,False,25.85,Uncategorized,
8887165442,742351321,9.915118480323768,unclassified,Unnamed,False,30.0,Uncategorized,
8887165442,742351319,15.794346942270044,unclassified,Unnamed,False,30.0,Uncategorized,
8887165442,8887165441,41.79569761991117,service,Unnamed,False,25.85,Uncategorized,
8887165443,742351319,41.90298652291787,service,Unnamed,False,25.85,Uncategorized,
8887165446,8887165447,27.068246902203907,service,Unnamed,False,25.85,Uncategorized,
8887165447,10908644594,10.349123159101605,unclassified,Unnamed,False,30.0,Uncategorized,
8887165447,10908644582,46.511289548904905,unclassified,Unnamed,False,30.0,Uncategorized,
8887165447,8887165446,27.068246902203907,service,Unnamed,False,25.85,Uncategorized,
8887165448,8887165451,28.346328977964703,service,Unnamed,False,25.85,Uncategorized,
8887165451,12309592312,112.22442199333543,residential,Lajarca,False,31.86,Uncategorized,
8887165451,8887109614,89.85975304699912,residential,Lajarca,False,31.86,Uncategorized,
8887165451,8887165448,28.346328977964703,service,Unnamed,False,25.85,Uncategorized,
8887165452,8887165453,34.19415275336217,service,Unnamed,False,25.85,Uncategorized,
8887165453,253508843,33.69311976565897,residential,Lajarca,False,31.86,Uncategorized,
8887165453,8887109614,20.396646301880068,residential,Lajarca,False,31.86,Uncategorized,
8887165453,8887165452,34.19415275336217,service,Unnamed,False,25.85,Uncategorized,
8887165454,8386148467,28.228633184208004,service,Unnamed,False,25.85,Uncategorized,
8887165455,8887165460,57.70883713006505,residential,Unnamed,False,31.86,Uncategorized,
8887165459,8887165460,45.06790699385811,service,Unnamed,False,25.85,Uncategorized,
8887165460,3730080063,23.518957309983502,residential,Unnamed,False,31.86,Uncategorized,
8887165460,8887165459,45.06790699385811,service,Unnamed,False,25.85,Uncategorized,
8887165460,8887165455,57.708837130065056,residential,Unnamed,False,31.86,Uncategorized,
8887165461,8887165462,66.93569802262932,service,Unnamed,False,25.85,Uncategorized,
8887165462,253782036,4.353183743594206,residential,Lajarca,False,31.86,Uncategorized,
8887165462,8887342520,27.881320410318448,residential,Lajarca,False,31.86,Uncategorized,
8887165462,8887165461,66.93569802262932,service,Unnamed,False,25.85,Uncategorized,
8887176390,8887176393,52.199860968548855,service,Unnamed,False,25.85,Uncategorized,
8887176391,8887176393,35.54530961890312,service,Unnamed,False,25.85,private,
8887176393,8887176390,52.199860968548855,service,Unnamed,False,25.85,Uncategorized,
8887176393,1336263003,80.0473834774877,service,Unnamed,False,25.85,private,
8887176393,8887176391,35.54530961890312,service,Unnamed,False,25.85,private,
8887184691,8887184692,67.78293761379538,service,Unnamed,False,25.85,Uncategorized,
8887184692,1256325107,2.959469418589649,residential,Unnamed,False,31.86,Uncategorized,
8887184692,8887184691,67.78293761379538,service,Unnamed,False,25.85,Uncategorized,
8887184692,1256325135,92.76843505388214,residential,Unnamed,False,31.86,Uncategorized,
8887330209,12309592206,128.12965080270885,service,Unnamed,False,25.85,Uncategorized,
8887342517,12309592206,7.466056415388799,service,Unnamed,False,25.85,Uncategorized,
8887342517,10866681168,18.276689641540443,primary,National Highway,False,30.49,Uncategorized,4
8887342517,425123671,87.55349195783374,primary,National Highway,False,30.49,Uncategorized,4
8887342519,8887342520,15.612826468526134,service,Unnamed,False,25.85,Uncategorized,
8887342520,8887165462,27.881320410318448,residential,Lajarca,False,31.86,Uncategorized,
8887342520,253508880,18.78663961619128,residential,Lajarca,False,31.86,Uncategorized,
8887342520,8887342519,15.612826468526134,service,Unnamed,False,25.85,Uncategorized,
8887342521,8887342524,29.024037281782512,service,Unnamed,False,25.85,Uncategorized,
8887342524,1342057803,99.90254418597371,residential,Unnamed,False,31.86,Uncategorized,
8887342524,1252148086,223.17553786322802,residential,Unnamed,False,31.86,Uncategorized,
8887342524,8887342521,29.024037281782512,service,Unnamed,False,25.85,Uncategorized,
8887342525,8887342526,20.906659610996154,service,Unnamed,False,25.85,Uncategorized,
8887342526,1375542490,9.282144514927072,residential,Unnamed,False,31.86,Uncategorized,
8887342526,8887342525,20.906659610996154,service,Unnamed,False,25.85,Uncategorized,
8887342526,1375542569,47.213178679814774,residential,Unnamed,False,31.86,Uncategorized,
8887406017,8887406025,15.98534156772757,primary,National Highway,False,30.49,Uncategorized,4
8887406017,12718893539,7.133649532903876,service,Unnamed,False,25.85,Uncategorized,
8887406017,1300391220,42.58075074694916,primary,National Highway,False,30.49,Uncategorized,4
8887406025,8887406017,15.98534156772757,primary,National Highway,False,30.49,Uncategorized,4
8887406025,12718893540,6.479267055296511,service,Unnamed,False,25.85,Uncategorized,
8887406025,1342891877,217.38459489343143,primary,National Highway,False,30.49,Uncategorized,4
8893641955,8893641956,22.79042194161597,residential,Unnamed,False,31.86,Uncategorized,
8893641956,8893641955,22.79042194161597,residential,Unnamed,False,31.86,Uncategorized,
8893641956,427966268,70.60437734756117,residential,Unnamed,False,31.86,Uncategorized,
8893641956,427966708,135.30813376846564,steps,Unnamed,False,30.49,permissive,
8893648549,8893648550,38.27809138788299,service,Unnamed,False,25.85,Uncategorized,
8893648550,12555071315,23.323958558020312,primary,National Highway,False,30.49,Uncategorized,4
8893648550,1187299666,21.27666172576528,primary,National Highway,False,30.49,Uncategorized,4
8893648550,8893648549,38.27809138788299,service,Unnamed,False,25.85,Uncategorized,
8893648553,1187299417,27.648505983833676,residential,Unnamed,False,31.86,Uncategorized,
8893648554,8893648555,56.54296683466127,residential,Unnamed,False,31.86,Uncategorized,
8893648555,1187299666,50.20870537407789,primary,National Highway,False,30.49,Uncategorized,4
8893648555,8893648554,56.54296683466127,residential,Unnamed,False,31.86,Uncategorized,
8893648555,1187299842,72.38017629973837,primary,National Highway,False,30.49,Uncategorized,4
8893648556,8893648557,33.982726094094694,service,Unnamed,False,25.85,Uncategorized,
8893648557,8292598286,13.20939316608598,residential,Unnamed,False,31.86,Uncategorized,
8893648557,8893648556,33.982726094094694,service,Unnamed,False,25.85,Uncategorized,
8893648557,1187299595,35.125602860561045,residential,Unnamed,False,31.86,Uncategorized,
8893650806,12309592230,42.75314312984786,residential,Unnamed,False,31.86,Uncategorized,
8893650812,1423677436,64.28425124365062,primary,National Highway,False,30.49,Uncategorized,4
8893650812,443159955,30.049917455876045,primary,National Highway,False,30.49,Uncategorized,4
8893650812,12309592230,8.60546417848407,residential,Unnamed,False,31.86,Uncategorized,
8893652182,8893652183,14.14948490292787,service,Unnamed,False,25.85,private,
8893652182,2039831730,12.565233793333888,service,Unnamed,False,25.85,private,
8893652182,2039831723,41.74884061647829,service,Unnamed,False,25.85,private,
8893652183,8893652182,14.14948490292787,service,Unnamed,False,25.85,private,
8893659623,8893659624,38.689995334841015,residential,Unnamed,False,31.86,Uncategorized,
8893659624,460203680,19.33157394212298,residential,Unnamed,False,31.86,Uncategorized,1
8893659624,8893659623,38.689995334841015,residential,Unnamed,False,31.86,Uncategorized,
8893659624,460203501,74.16402339566275,residential,Unnamed,False,31.86,Uncategorized,1
8893660144,8893660148,42.59955237856752,residential,Unnamed,False,31.86,Uncategorized,
8893660148,8893660149,21.87713394750754,service,Unnamed,False,25.85,Uncategorized,
8893660148,776002660,40.42049225443873,residential,Unnamed,False,31.86,Uncategorized,
8893660148,8893660144,42.59955237856752,residential,Unnamed,False,31.86,Uncategorized,
8893660149,8893660148,21.87713394750754,service,Unnamed,False,25.85,Uncategorized,
8893660150,1285602484,64.29029710116323,service,Unnamed,False,25.85,private,
8893671343,8893671351,97.24152988049148,residential,Unnamed,False,31.86,private,
8893671351,8893798946,204.63447510950945,service,Unnamed,False,25.85,private,
8893671351,8893671343,97.24152988049147,residential,Unnamed,False,31.86,private,
8893671351,425109841,31.406475095251896,residential,Unnamed,False,31.86,private,
8893671352,8893671354,81.02259188692298,residential,Unnamed,False,31.86,Uncategorized,
8893671354,427962712,23.17087370115974,residential,Unnamed,False,31.86,Uncategorized,
8893671354,425109167,78.94902540428798,residential,Unnamed,False,31.86,Uncategorized,
8893671354,8893671352,81.02259188692298,residential,Unnamed,False,31.86,Uncategorized,
8893671372,8893671373,21.076353027283535,service,Unnamed,False,25.85,Uncategorized,
8893671373,1256302600,9.955954954390874,primary,National Highway,False,30.49,Uncategorized,4
8893671373,8893671372,21.076353027283535,service,Unnamed,False,25.85,Uncategorized,
8893671373,8896529813,29.76061033572101,primary,National Highway,False,30.49,Uncategorized,4
8893671374,1532188489,34.096270869579584,tertiary,Maahas Road,False,33.15,Uncategorized,2
8893671374,8893671375,33.95386174199095,service,Unnamed,False,25.85,Uncategorized,
8893671374,1187299645,92.43224721824225,tertiary,Maahas Road,False,33.15,Uncategorized,2
8893671375,8893671374,33.95386174199095,service,Unnamed,False,25.85,Uncategorized,
8893678833,8893678834,32.41702741804142,service,Unnamed,False,25.85,private,
8893678834,1246493214,40.369635479582456,residential,Unnamed,False,31.86,private,
8893678834,8893678836,41.48831030285633,residential,Unnamed,False,31.86,private,
8893678834,8893678833,32.41702741804142,service,Unnamed,False,25.85,private,
8893678835,8893678836,24.05010925546008,service,Unnamed,False,25.85,private,
8893678836,8893678834,41.48831030285633,residential,Unnamed,False,31.86,private,
8893678836,8893678835,24.05010925546008,service,Unnamed,False,25.85,private,
8893678836,8336772752,189.63798873383254,residential,Lina Street,False,30.0,private,2
8893709740,8893709741,12.80743710193988,service,Unnamed,False,25.85,Uncategorized,
8893709741,8893790912,5.6517214635603015,residential,Unnamed,False,40.0,Uncategorized,2
8893709741,8893709740,12.80743710193988,service,Unnamed,False,25.85,Uncategorized,
8893709741,638898767,64.17117471404019,residential,Unnamed,False,40.0,Uncategorized,2
8893709746,8893709748,21.36074776102852,service,Unnamed,False,25.85,Uncategorized,
8893709748,8893709750,28.675643777482385,residential,Unnamed,False,30.0,Uncategorized,1
8893709748,638898769,128.34696509816283,residential,Unnamed,False,30.0,Uncategorized,1
8893709748,8893709746,21.36074776102852,service,Unnamed,False,25.85,Uncategorized,
8893709749,8893709750,13.520062916831382,service,Unnamed,False,25.85,Uncategorized,
8893709750,8893709749,13.520062916831382,service,Unnamed,False,25.85,Uncategorized,
8893709750,638898782,145.83051474256445,residential,Unnamed,False,30.0,Uncategorized,1
8893709750,8893709748,28.675643777482385,residential,Unnamed,False,30.0,Uncategorized,1
8893709751,638898782,15.097321778054074,service,Unnamed,False,25.85,Uncategorized,
8893740602,8893740603,23.63966193631081,service,Unnamed,False,25.85,Uncategorized,
8893740603,1119827657,92.03685336434137,service,Unnamed,False,25.85,Uncategorized,
8893740603,638899404,98.07483772939506,service,Unnamed,False,25.85,Uncategorized,
8893740603,8893740602,23.63966193631081,service,Unnamed,False,25.85,Uncategorized,
8893749284,8893749285,18.9343554035897,service,Unnamed,False,25.85,Uncategorized,
8893749285,8893749287,98.3907137019802,residential,Unnamed,False,30.0,Uncategorized,2
8893749285,8893749284,18.9343554035897,service,Unnamed,False,25.85,Uncategorized,
8893749285,8318258057,102.15447578799036,residential,Unnamed,False,30.0,Uncategorized,2
8893749286,8893749287,12.645640756771424,service,Unnamed,False,25.85,Uncategorized,
8893749287,1119827610,55.11398408964496,residential,Unnamed,False,30.0,Uncategorized,2
8893749287,8893749285,98.3907137019802,residential,Unnamed,False,30.0,Uncategorized,2
8893749287,8893749286,12.645640756771424,service,Unnamed,False,25.85,Uncategorized,
8893749288,1119866609,20.18718119366503,service,Unnamed,False,25.85,Uncategorized,
8893749289,8893749290,23.12575621162985,residential,Unnamed,False,31.86,Uncategorized,
8893749290,8893749289,23.12575621162985,residential,Unnamed,False,31.86,Uncategorized,
8893749290,290582888,111.59880252205174,residential,Unnamed,False,40.0,Uncategorized,2
8893749290,290582856,60.464007700967045,residential,Unnamed,False,40.0,Uncategorized,2
8893749292,8893749298,9.904064795582721,service,Unnamed,False,25.85,Uncategorized,
8893749298,1119866648,11.652641017432035,residential,Kamagong Street,False,30.0,Uncategorized,
8893749298,8893749292,9.904064795582721,service,Unnamed,False,25.85,Uncategorized,
8893749298,2720148628,22.854669092257577,residential,Kamagong Street,False,30.0,Uncategorized,
8893749309,8893790915,24.329867228775843,service,Unnamed,False,25.85,Uncategorized,
8893749310,8893749312,72.41622814460074,residential,Unnamed,False,31.86,Uncategorized,
8893749310,8893790915,25.919081101956845,service,Unnamed,False,25.85,Uncategorized,
8893749310,1119827748,145.2954284154,residential,Ginto,False,31.86,Uncategorized,
8893749311,8893749312,14.133757116815602,service,Unnamed,False,25.85,Uncategorized,
8893749312,8893749310,72.41622814460074,residential,Unnamed,False,31.86,Uncategorized,
8893749312,8893749311,14.133757116815602,service,Unnamed,False,25.85,Uncategorized,
8893749312,1120694514,151.2257568553643,residential,Pilak,False,31.86,Uncategorized,
8893758560,8893790911,67.22981071989756,residential,Unnamed,False,31.86,Uncategorized,
8893758560,8893758561,13.344957509411548,service,Unnamed,False,25.85,Uncategorized,
8893758560,1119866479,54.325456981405715,residential,Unnamed,False,31.86,Uncategorized,
8893758561,8893758560,13.344957509411548,service,Unnamed,False,25.85,Uncategorized,
8893758562,8893790911,65.15415631222761,residential,Unnamed,False,31.86,Uncategorized,
8893758562,1119866478,16.29114530956293,residential,Unnamed,False,31.86,Uncategorized,
8893758562,8893758563,17.775132378516435,service,Unnamed,False,25.85,Uncategorized,
8893758563,8893758562,17.775132378516435,service,Unnamed,False,25.85,Uncategorized,
8893769995,8893770012,239.19247157511714,residential,Unnamed,False,31.86,private,
8893770012,1127246043,47.20696899541503,residential,Unnamed,False,31.86,private,
8893770012,253797515,84.0478528380712,residential,Unnamed,False,31.86,private,
8893770012,8893769995,239.19247157511717,residential,Unnamed,False,31.86,private,
8893778914,8893796124,111.08369646726385,service,Unnamed,False,25.85,Uncategorized,
8893786289,8893786290,49.73475023818572,residential,Unnamed,False,31.86,Uncategorized,
8893786289,1256324984,51.55841126089986,primary,National Highway,False,30.49,Uncategorized,4
8893786289,8295887522,28.35771263112992,primary,National Highway,False,30.49,Uncategorized,4
8893786290,8893786289,49.73475023818572,residential,Unnamed,False,31.86,Uncategorized,
8893790909,8893790911,15.9556715576387,service,Unnamed,False,25.85,Uncategorized,
8893790911,8893758560,67.22981071989756,residential,Unnamed,False,31.86,Uncategorized,
8893790911,8893758562,65.15415631222761,residential,Unnamed,False,31.86,Uncategorized,
8893790911,8893790909,15.955671557638698,service,Unnamed,False,25.85,Uncategorized,
8893790912,1532188301,38.70443399720147,residential,Unnamed,False,40.0,Uncategorized,2
8893790912,8893709741,5.6517214635603015,residential,Unnamed,False,40.0,Uncategorized,2
8893790912,8893790913,39.45660476649575,service,Unnamed,False,25.85,Uncategorized,
8893790913,8893790912,39.45660476649575,service,Unnamed,False,25.85,Uncategorized,
8893790914,8893790915,16.44341288747955,service,Unnamed,False,25.85,Uncategorized,
8893790915,8893749309,24.329867228775843,service,Unnamed,False,25.85,Uncategorized,
8893790915,8893749310,25.919081101956845,service,Unnamed,False,25.85,Uncategorized,
8893790915,8893790914,16.44341288747955,service,Unnamed,False,25.85,Uncategorized,
8893791533,8893791537,20.375851164510934,service,Unnamed,False,25.85,private,
8893791537,253797515,4.946127387790543,residential,Unnamed,False,31.86,private,
8893791537,253800534,233.12909373217605,residential,Unnamed,False,31.86,private,
8893791537,8893791533,20.375851164510934,service,Unnamed,False,25.85,private,
8893792525,8893792526,39.65051813316524,service,Unnamed,False,25.85,Uncategorized,
8893792525,8295887522,430.50503515827427,residential,Unnamed,False,31.86,Uncategorized,
8893792525,1342899175,143.48286637360388,residential,Unnamed,False,31.86,Uncategorized,
8893792526,8893792525,39.65051813316524,service,Unnamed,False,25.85,Uncategorized,
8893795655,8893795656,49.95701850615935,service,Unnamed,False,25.85,private,
8893795656,8893795658,30.984711468447454,service,Unnamed,False,25.85,private,
8893795656,8893795655,49.95701850615935,service,Unnamed,False,25.85,private,
8893795656,1532188550,322.7979371967895,service,Unnamed,False,25.85,private,
8893795657,8893795658,48.17524493681385,service,Unnamed,False,25.85,private,
8893795658,8893795664,47.758059406340585,service,Unnamed,False,25.85,private,
8893795658,8893795656,30.984711468447454,service,Unnamed,False,25.85,private,
8893795658,8893795657,48.17524493681385,service,Unnamed,False,25.85,private,
8893795659,8893795660,47.868606632499734,service,Unnamed,False,25.85,private,
8893795660,8893795665,27.300337316387413,service,Unnamed,False,25.85,private,
8893795660,8893795664,6.63351504116807,service,Unnamed,False,25.85,private,
8893795660,8893795659,47.868606632499734,service,Unnamed,False,25.85,private,
8893795661,8893795662,45.034970232233086,service,Unnamed,False,25.85,private,
8893795662,253507654,30.65193261257211,service,Unnamed,False,25.85,private,
8893795662,8893795665,26.371455807454115,service,Unnamed,False,25.85,private,
8893795662,8893795661,45.034970232233086,service,Unnamed,False,25.85,private,
8893795664,8893795660,6.63351504116807,service,Unnamed,False,25.85,private,
8893795664,8893795658,47.758059406340585,service,Unnamed,False,25.85,private,
8893795664,8893795666,109.86430066821421,service,Unnamed,False,25.85,private,
8893795665,8893795662,26.371455807454115,service,Unnamed,False,25.85,private,
8893795665,8893795660,27.300337316387413,service,Unnamed,False,25.85,private,
8893795665,8893795666,79.36576402083323,service,Unnamed,False,25.85,private,
8893795666,8893795665,79.36576402083323,service,Unnamed,False,25.85,private,
8893795666,8893795664,109.86430066821421,service,Unnamed,False,25.85,private,
8893795666,253507654,127.61389507126943,service,Unnamed,False,25.85,private,
8893795667,8893795669,23.096344610369666,service,Unnamed,False,25.85,Uncategorized,
8893795669,2579539577,15.034602697660622,primary,National Highway,False,30.49,Uncategorized,4
8893795669,12555071315,6.246489209024396,primary,National Highway,False,30.49,Uncategorized,4
8893795669,8893795667,23.096344610369666,service,Unnamed,False,25.85,Uncategorized,
8893795675,1312780163,4.543721634549721,primary,National Highway,False,30.49,Uncategorized,4
8893795675,8893838519,30.56039350625307,primary,National Highway,False,30.49,Uncategorized,4
8893795675,8893838520,175.8935862778928,service,Unnamed,False,25.85,Uncategorized,
8893796124,8893838535,27.62589683518076,primary,National Highway,False,30.49,Uncategorized,4
8893796124,291562902,74.74065215687943,primary,National Highway,False,30.49,Uncategorized,4
8893796124,8893778914,111.08369646726386,service,Unnamed,False,25.85,Uncategorized,
8893796125,8893796130,15.150828085636054,residential,Unnamed,False,31.86,Uncategorized,
8893796127,8893796134,26.994431750082732,residential,Unnamed,False,31.86,Uncategorized,
8893796127,1312780165,12.137508773104665,residential,Unnamed,False,31.86,Uncategorized,
8893796127,8893796130,19.35809581007016,residential,Unnamed,False,31.86,Uncategorized,
8893796130,8893796125,15.150828085636054,residential,Unnamed,False,31.86,Uncategorized,
8893796130,8893796127,19.358095810070164,residential,Unnamed,False,31.86,Uncategorized,
8893796130,8893796134,27.221413728293356,residential,Unnamed,False,31.86,Uncategorized,
8893796134,8893796127,26.994431750082732,residential,Unnamed,False,31.86,Uncategorized,
8893796134,1312780164,76.10868239493936,residential,Unnamed,False,31.86,Uncategorized,
8893796134,8893796130,27.221413728293356,residential,Unnamed,False,31.86,Uncategorized,
8893797447,3604596784,94.52765613782998,service,Unnamed,False,25.85,private,2
8893797447,2352985610,45.481992571841765,service,Unnamed,False,25.85,private,
8893797447,8893797450,32.679739435279984,service,Unnamed,False,25.85,private,
8893797450,8893797447,32.679739435279984,service,Unnamed,False,25.85,private,
8893797451,253782194,209.77113039168233,service,Unnamed,False,25.85,private,1
8893797451,253789150,121.71666333393176,service,Unnamed,False,25.85,private,1
8893797451,8893797453,28.84705990812711,service,Unnamed,False,25.85,private,
8893797453,8893797451,28.84705990812711,service,Unnamed,False,25.85,private,
8893797454,8893797458,51.21033410349521,service,Unnamed,False,25.85,private,
8893797458,253799545,93.45594356369497,service,Unnamed,False,25.85,private,2
8893797458,1143684061,263.96059840338654,service,Unnamed,False,25.85,private,2
8893797458,8893797454,51.21033410349521,service,Unnamed,False,25.85,private,
8893797459,8893797464,68.49232858480316,service,Unnamed,False,25.85,private,
8893797459,8893797464,92.19745889192954,service,Unnamed,False,25.85,private,
8893797459,1143683946,8.693137421468021,service,Unnamed,False,25.85,private,
8893797464,253781351,209.77369210341251,service,Unnamed,False,25.85,private,
8893797464,8893797459,68.49232858480316,service,Unnamed,False,25.85,private,
8893797464,8893797459,92.19745889192953,service,Unnamed,False,25.85,private,
8893797465,8893797468,54.72892828026214,service,Unnamed,False,25.85,private,
8893797468,8893797473,27.229144202780443,service,Unnamed,False,25.85,private,
8893797468,8893797465,54.72892828026214,service,Unnamed,False,25.85,private,
8893797468,8893797469,66.78013061779924,service,Unnamed,False,25.85,private,
8893797469,8893797468,66.78013061779924,service,Unnamed,False,25.85,private,
8893797473,3751483239,208.02436675793842,service,Unnamed,False,25.85,private,
8893797473,1143683780,79.19044757148893,service,Unnamed,False,25.85,private,
8893797473,8893797468,27.229144202780443,service,Unnamed,False,25.85,private,
8893797474,8893797479,45.68799945979772,service,Unnamed,False,25.85,private,
8893797479,1143689909,23.470429467503546,service,Unnamed,False,25.85,private,
8893797479,1143689913,48.019100662115235,service,Unnamed,False,25.85,private,
8893797479,8893797474,45.68799945979773,service,Unnamed,False,25.85,private,
8893798920,8893798946,210.78928515181732,service,Unnamed,False,25.85,private,
8893798946,427963766,96.03214843662295,service,Unnamed,False,25.85,private,
8893798946,8893671351,204.63447510950945,service,Unnamed,False,25.85,private,
8893798946,8893798920,210.78928515181732,service,Unnamed,False,25.85,private,
8893825397,8893825398,37.16853790376799,service,Unnamed,False,25.85,Uncategorized,
8893825398,3429855330,53.42514753352333,tertiary,IPB Road,False,33.15,Uncategorized,2
8893825398,8893825397,37.16853790376799,service,Unnamed,False,25.85,Uncategorized,
8893825398,2719143977,290.9059237712806,tertiary,IPB Road,False,33.15,Uncategorized,"['2', '4']"
8893825522,12154520954,5.469998862405963,primary,National Highway,False,30.49,Uncategorized,4
8893825522,12154520965,13.1729884594329,primary,National Highway,False,30.49,Uncategorized,4
8893825522,8893825526,76.47680030861792,service,Unnamed,False,25.85,Uncategorized,
8893825526,28997169,4.409515406183417,primary,National Highway,False,30.49,Uncategorized,4
8893825526,8893825532,84.13627563459681,primary,National Highway,False,30.49,Uncategorized,4
8893825526,8893825522,76.47680030861792,service,Unnamed,False,25.85,Uncategorized,
8893825527,8893825532,92.81728422918579,service,Unnamed,False,25.85,Uncategorized,
8893825532,8893825526,84.13627563459681,primary,National Highway,False,30.49,Uncategorized,4
8893825532,1316037372,49.425356248129646,primary,National Highway,False,30.49,Uncategorized,4
8893825532,8893825527,92.81728422918579,service,Unnamed,False,25.85,Uncategorized,
8893832475,8893832480,32.56096887845386,service,Unnamed,False,25.85,Uncategorized,
8893832480,1532188341,21.55059475703407,tertiary,Governor F. San Luis Street,False,33.15,Uncategorized,
8893832480,5731390173,9.676611172130567,tertiary,Governor F. San Luis Street,False,33.15,Uncategorized,
8893832480,8893832475,32.56096887845386,service,Unnamed,False,25.85,Uncategorized,
8893832481,8893832483,56.85617178461155,service,Unnamed,False,25.85,Uncategorized,
8893832483,3398354544,114.90929309914253,residential,Unnamed,False,35.0,Uncategorized,2
8893832483,638899404,143.47196464708156,residential,Unnamed,False,35.0,Uncategorized,2
8893832483,8893832481,56.85617178461155,service,Unnamed,False,25.85,Uncategorized,
8893838518,8893838519,24.530286961034978,service,Unnamed,False,25.85,Uncategorized,
8893838519,8893795675,30.56039350625307,primary,National Highway,False,30.49,Uncategorized,4
8893838519,2579539577,19.496645111669924,primary,National Highway,False,30.49,Uncategorized,4
8893838519,8893838518,24.530286961034978,service,Unnamed,False,25.85,Uncategorized,
8893838520,8893795675,175.89358627789284,service,Unnamed,False,25.85,Uncategorized,
8893838524,8893838526,24.65154283812847,service,Unnamed,False,25.85,Uncategorized,
8893838526,28997168,85.54449900044742,residential,Unnamed,False,31.86,Uncategorized,
8893838526,1266474534,88.72147265698685,residential,Unnamed,False,31.86,Uncategorized,
8893838526,8893838524,24.65154283812847,service,Unnamed,False,25.85,Uncategorized,
8893838527,1668185214,7.57807092191446,primary,National Highway,False,30.49,Uncategorized,4
8893838527,8893838532,25.201502704897198,primary,National Highway,False,30.49,Uncategorized,4
8893838527,8893838532,54.08898132483252,service,Unnamed,False,25.85,Uncategorized,
8893838532,8893838527,25.201502704897198,primary,National Highway,False,30.49,Uncategorized,4
8893838532,8893838527,54.088981324832524,service,Unnamed,False,25.85,Uncategorized,
8893838532,28997168,10.914751578562901,primary,National Highway,False,30.49,Uncategorized,4
8893838533,8893838535,43.79450273427821,service,Unnamed,False,25.85,Uncategorized,
8893838535,8893838539,11.570803006670888,primary,National Highway,False,30.49,Uncategorized,4
8893838535,8893796124,27.62589683518076,primary,National Highway,False,30.49,Uncategorized,4
8893838535,8893838533,43.79450273427821,service,Unnamed,False,25.85,Uncategorized,
8893838536,8893838539,63.84352437551459,service,Unnamed,False,25.85,Uncategorized,
8893838539,28997168,19.98786158440637,primary,National Highway,False,30.49,Uncategorized,4
8893838539,8893838535,11.570803006670888,primary,National Highway,False,30.49,Uncategorized,4
8893838539,8893838536,63.84352437551458,service,Unnamed,False,25.85,Uncategorized,
8893838540,8893838542,71.15075452328911,service,Unnamed,False,25.85,Uncategorized,
8893838542,291562902,7.183640475309884,primary,National Highway,False,30.49,Uncategorized,4
8893838542,1256302676,49.80813540454501,primary,National Highway,False,30.49,Uncategorized,4
8893838542,8893838540,71.15075452328911,service,Unnamed,False,25.85,Uncategorized,
8893939155,1119866304,50.43362521914465,residential,Unnamed,False,31.86,Uncategorized,
8894015135,10976457091,11.6067677013686,service,Unnamed,False,25.85,destination,
8894019401,3423270707,17.033007744306147,residential,Unnamed,False,31.86,destination,
8894019401,1302792398,30.34888810812846,residential,Unnamed,False,31.86,destination,
8894019401,8894019406,44.97707717211877,residential,Unnamed,False,31.86,destination,
8894019406,1302792219,44.6269824823362,residential,Unnamed,False,31.86,destination,
8894019406,10976428862,17.60035290367231,residential,Unnamed,False,31.86,destination,
8894019406,8894019401,44.977077172118754,residential,Unnamed,False,31.86,destination,
8894303946,253781169,48.24370355597665,service,Unnamed,False,25.85,private,
8894303948,638901521,114.39382241454669,tertiary,IPB Road,False,33.15,Uncategorized,2
8894303948,5305256038,221.76140761241714,track,Unnamed,False,30.0,Uncategorized,
8894303948,1119827788,127.92685826975153,tertiary,IPB Road,False,33.15,Uncategorized,2
8894303954,8894303955,47.68369115558893,service,Unnamed,False,25.85,private,
8894303955,1492183922,129.01408100091263,service,Unnamed,False,25.85,private,
8894303955,8894303963,24.533092940954752,service,Unnamed,False,25.85,private,
8894303955,8894303954,47.68369115558893,service,Unnamed,False,25.85,private,
8894303963,8894303955,24.533092940954752,service,Unnamed,False,25.85,private,
8894303972,8894450478,13.020214360434395,service,Unnamed,False,25.85,private,
8894303972,8894303983,34.197088108610465,service,Unnamed,False,25.85,private,
8894303972,8894303983,84.55254745846284,service,Unnamed,False,25.85,private,
8894303983,8894303972,34.197088108610465,service,Unnamed,False,25.85,private,
8894303983,8894303972,84.55254745846284,service,Unnamed,False,25.85,private,
8894303983,8292705513,43.87266253804085,service,Unnamed,False,25.85,private,
8894303991,8894304005,7.685766015697863,service,Unnamed,False,25.85,private,1
8894303991,8894303991,163.78421894965066,service,Unnamed,False,25.85,private,1
8894303991,8894303991,163.78421894965064,service,Unnamed,False,25.85,private,1
8894304004,1143684061,156.0337247135033,unclassified,Road 14 North,False,33.07,private,2
8894304004,8894304005,10.198409918105808,unclassified,Unnamed,False,33.07,private,2
8894304004,8292796622,26.44775603936187,service,Unnamed,False,25.85,private,
8894304005,8894303991,7.685766015697863,service,Unnamed,False,25.85,private,1
8894304005,8292796620,23.629001319297345,unclassified,Unnamed,False,33.07,private,2
8894304005,8894304004,10.198409918105808,unclassified,Unnamed,False,33.07,private,2
8894315984,8894315992,82.24743788525666,service,Unnamed,False,25.85,Uncategorized,
8894315992,2214111326,36.74090612556257,unclassified,Unnamed,False,33.07,Uncategorized,
8894315992,1119827830,34.72793866405997,unclassified,Unnamed,False,33.07,Uncategorized,
8894315992,8894315984,82.24743788525666,service,Unnamed,False,25.85,Uncategorized,
8894339464,1302792418,68.98439254263639,residential,Unnamed,False,31.86,Uncategorized,
8894339469,5731409792,30.490220161639943,service,Unnamed,False,25.85,Uncategorized,
8894367136,3970334288,43.32699212629829,residential,Unnamed,False,31.86,Uncategorized,
8894367141,1394471636,36.558898613115744,service,Unnamed,False,25.85,Uncategorized,
8894367142,8894367143,41.48711433167559,service,Unnamed,False,25.85,Uncategorized,
8894367142,316156826,70.42014336202632,primary,National Highway,False,30.49,Uncategorized,4
8894367142,1342895802,64.42530544077555,primary,National Highway,False,30.49,Uncategorized,4
8894367143,8894367142,41.48711433167559,service,Unnamed,False,25.85,Uncategorized,
8894367145,1302792418,79.29303279599881,residential,Unnamed,False,31.86,Uncategorized,
8894387868,8894387871,43.386095599978376,service,Unnamed,False,25.85,private,
8894387871,8701217716,39.37823540726197,service,Unnamed,False,25.85,private,
8894387871,2522045476,221.16212956787456,service,Unnamed,False,25.85,private,
8894387871,8894387868,43.386095599978376,service,Unnamed,False,25.85,private,
8894387872,1342895802,13.923258895699544,primary,National Highway,False,30.49,Uncategorized,4
8894387872,425129392,8.860818045239482,primary,National Highway,False,30.49,Uncategorized,4
8894387872,8894387873,14.018083661690364,service,Unnamed,False,25.85,Uncategorized,
8894387873,8894387872,14.018083661690364,service,Unnamed,False,25.85,Uncategorized,
8894407200,8383589152,168.58249561143765,residential,Unnamed,False,31.86,Uncategorized,
8894407200,8289287651,210.36839178635952,residential,Unnamed,False,31.86,Uncategorized,
8894407200,8894407204,88.14976503637871,service,Unnamed,False,25.85,Uncategorized,
8894407204,8894407200,88.1497650363787,service,Unnamed,False,25.85,Uncategorized,
8894407205,8894407206,33.19215357840076,service,Unnamed,False,25.85,destination,
8894407205,8894407207,44.3781814117554,residential,Unnamed,True,30.0,destination,
8894407206,8894407205,33.19215357840076,service,Unnamed,False,25.85,destination,
8894407207,1300391150,12.725230976311815,residential,Unnamed,True,30.0,destination,
8894407207,8894407209,5.148940773901164,residential,Unnamed,False,31.86,destination,
8894407208,8894407209,67.822501091674,residential,Unnamed,False,31.86,destination,
8894407209,8894407208,67.822501091674,residential,Unnamed,False,31.86,destination,
8894407209,8894407207,5.148940773901164,residential,Unnamed,False,31.86,destination,
8894407209,8894407212,57.12147323308413,residential,Unnamed,True,30.0,destination,
8894407210,8894407212,34.711019073911984,service,Unnamed,False,25.85,destination,
8894407212,1300391242,13.206095745160077,residential,Unnamed,True,30.0,destination,
8894407212,8894407210,34.711019073911984,service,Unnamed,False,25.85,destination,
8894450476,8894450478,24.9080468312849,service,Unnamed,False,25.85,private,
8894450478,1492184010,1.69416105961958,service,Unnamed,False,25.85,private,
8894450478,8894303972,13.020214360434395,service,Unnamed,False,25.85,private,
8894450478,8894450476,24.908046831284903,service,Unnamed,False,25.85,private,
8894450480,1492183922,142.69447063796687,service,Unnamed,False,25.85,private,
8894450483,8292796623,67.70168671317002,service,Unnamed,False,25.85,private,
8894450483,1492183957,28.132254666944842,service,Unnamed,False,25.85,private,
8894450483,1492183957,30.81803361440604,service,Unnamed,False,25.85,private,
8894531477,8894531481,64.03373058264836,service,Unnamed,False,25.85,private,
8894531481,638901521,202.00583949931072,service,Unnamed,False,25.85,private,
8894531481,1492183674,45.030359093695225,service,Unnamed,False,25.85,private,
8894531481,8894531477,64.03373058264836,service,Unnamed,False,25.85,private,
8894531483,8894531484,16.53652418228393,service,Unnamed,False,25.85,Uncategorized,
8894531484,1120694679,1.068827871454412,residential,Sanggumay,False,30.0,Uncategorized,
8894531484,8894531483,16.53652418228393,service,Unnamed,False,25.85,Uncategorized,
8894531484,1120694493,73.26049383145313,residential,Sanggumay,False,30.0,Uncategorized,
8894531486,8894531491,21.89857985708578,service,Unnamed,False,25.85,Uncategorized,
8894531491,8894560439,20.75002814396027,service,Unnamed,False,25.85,Uncategorized,
8894531491,8894531486,21.89857985708578,service,Unnamed,False,25.85,Uncategorized,
8894531491,8894531495,22.606468638978722,service,Unnamed,False,25.85,Uncategorized,
8894531495,1120694707,10.911953562559486,residential,Sanggumay,False,30.0,Uncategorized,
8894531495,1120694741,60.42942013617021,residential,Sanggumay,False,30.0,Uncategorized,
8894531495,8894531491,22.60646863897872,service,Unnamed,False,25.85,Uncategorized,
8894531501,1120694364,210.00893101404046,residential,Labadan Drive,False,31.86,Uncategorized,
8894560439,8894531491,20.75002814396027,service,Unnamed,False,25.85,Uncategorized,
8894660933,8894660941,74.52244956820692,service,Unnamed,False,25.85,Uncategorized,
8894660941,1302792375,120.69856311408336,residential,Unnamed,False,31.86,Uncategorized,
8894660941,1143665044,177.60791426902455,residential,Unnamed,False,31.86,Uncategorized,
8894660941,8894660933,74.52244956820692,service,Unnamed,False,25.85,Uncategorized,
8894746300,8894746301,23.45713322251524,service,Unnamed,False,25.85,Uncategorized,
8894746301,8894776898,35.52954054192907,residential,Unnamed,False,31.86,Uncategorized,1
8894746301,8894746300,23.45713322251524,service,Unnamed,False,25.85,Uncategorized,
8894746301,1256302490,91.94879935706139,residential,Unnamed,False,31.86,Uncategorized,1
8894776892,8894776896,40.84230116740948,service,Unnamed,False,25.85,Uncategorized,
8894776896,1558996222,100.94099338162178,residential,Unnamed,False,31.86,Uncategorized,1
8894776896,8894776898,44.59628965327447,residential,Unnamed,False,31.86,Uncategorized,1
8894776896,8894776892,40.84230116740948,service,Unnamed,False,25.85,Uncategorized,
8894776897,8894776898,30.743093675983154,service,Unnamed,False,25.85,Uncategorized,
8894776898,8894746301,35.52954054192907,residential,Unnamed,False,31.86,Uncategorized,1
8894776898,8894776897,30.743093675983154,service,Unnamed,False,25.85,Uncategorized,
8894776898,8894776896,44.59628965327447,residential,Unnamed,False,31.86,Uncategorized,1
8896459254,8896459255,12.974786806851533,service,Unnamed,False,25.85,Uncategorized,
8896459255,8896459298,85.34733174083016,residential,Lajarca,False,31.86,Uncategorized,
8896459255,8305455301,5.049258467350741,residential,Lajarca,False,31.86,Uncategorized,
8896459255,8896459254,12.974786806851533,service,Unnamed,False,25.85,Uncategorized,
8896459256,8896459258,42.805667304735394,residential,Unnamed,False,31.86,Uncategorized,
8896459258,8896459275,50.667020807842064,residential,Lajarca,False,31.86,Uncategorized,
8896459258,253769551,84.29497893995166,residential,Lajarca,False,31.86,Uncategorized,
8896459258,8896459256,42.805667304735394,residential,Unnamed,False,31.86,Uncategorized,
8896459263,8896459275,166.76636595762264,residential,Unnamed,False,31.86,Uncategorized,
8896459275,8896459258,50.667020807842064,residential,Lajarca,False,31.86,Uncategorized,
8896459275,8896459280,45.36921326126564,residential,Lajarca,False,31.86,Uncategorized,
8896459275,8896459263,166.76636595762264,residential,Unnamed,False,31.86,Uncategorized,
8896459276,8896459280,128.43364191324793,residential,Unnamed,False,31.86,Uncategorized,
8896459280,8896459275,45.36921326126564,residential,Lajarca,False,31.86,Uncategorized,
8896459280,8305455295,3.835865097279888,residential,Lajarca,False,31.86,Uncategorized,
8896459280,8896459276,128.43364191324793,residential,Unnamed,False,31.86,Uncategorized,
8896459281,8896459282,26.662080667401185,service,Unnamed,False,25.85,Uncategorized,
8896459282,8305456088,26.467118630308224,residential,Lajarca,False,31.86,Uncategorized,
8896459282,8386142330,31.59160374638904,residential,Lajarca,False,31.86,Uncategorized,
8896459282,8896459281,26.662080667401185,service,Unnamed,False,25.85,Uncategorized,
8896459286,8896459290,26.691453299656906,service,Unnamed,False,25.85,Uncategorized,
8896459290,8386142343,51.5268190396547,residential,Unnamed,False,31.86,Uncategorized,
8896459290,8896459291,97.39767266443422,residential,Unnamed,False,31.86,Uncategorized,
8896459290,8896459286,26.691453299656906,service,Unnamed,False,25.85,Uncategorized,
8896459291,253804871,40.65114982146745,residential,Unnamed,False,31.86,Uncategorized,
8896459291,8896459290,97.39767266443421,residential,Unnamed,False,31.86,Uncategorized,
8896459291,8896459298,57.362071778180905,service,Unnamed,False,25.85,Uncategorized,
8896459298,253804871,21.6375469099967,residential,Lajarca,False,31.86,Uncategorized,
8896459298,8896459255,85.34733174083016,residential,Lajarca,False,31.86,Uncategorized,
8896459298,8896459291,57.36207177818092,service,Unnamed,False,25.85,Uncategorized,
8896459843,1252148894,105.75560915803494,residential,Unnamed,False,31.86,private,
8896461280,8896461292,49.434389746521234,service,Unnamed,False,25.85,Uncategorized,
8896461285,8896461292,72.59285634171702,residential,Unnamed,False,31.86,Uncategorized,
8896461292,8896461293,10.234789546745061,residential,Unnamed,False,31.86,Uncategorized,
8896461292,8896461280,49.434389746521234,service,Unnamed,False,25.85,Uncategorized,
8896461292,8896461285,72.59285634171701,residential,Unnamed,False,31.86,Uncategorized,
8896461293,8896461292,10.234789546745061,residential,Unnamed,False,31.86,Uncategorized,
8896461293,2249819798,459.22727540322376,residential,Sitio Sampaguita,False,31.86,Uncategorized,
8896461293,8305266284,199.47802013611698,residential,Sitio Sampaguita,False,31.86,Uncategorized,
8896461294,8896461295,34.680512926015695,service,Unnamed,False,25.85,Uncategorized,
8896461295,8896461294,34.680512926015695,service,Unnamed,False,25.85,Uncategorized,
8896461295,1342050590,35.3001390180426,residential,Unnamed,False,31.86,Uncategorized,
8896461295,2249819761,120.27562834301236,residential,Unnamed,False,31.86,Uncategorized,
8896463313,12855828698,33.62975427708033,residential,Unnamed,False,31.86,Uncategorized,
8896463313,8205484788,189.15258669176012,residential,Unnamed,False,31.86,Uncategorized,
8896463313,8896463315,28.56486250997635,residential,Unnamed,False,31.86,Uncategorized,
8896463315,8896463313,28.56486250997635,residential,Unnamed,False,31.86,Uncategorized,
8896463315,8896486818,24.795613193610148,residential,Unnamed,False,31.86,Uncategorized,
8896463315,8205484788,153.65914060799616,residential,Unnamed,False,31.86,Uncategorized,
8896486818,8896463315,24.79561319361015,residential,Unnamed,False,31.86,Uncategorized,
8896486818,8205484788,174.38875204761587,residential,Unnamed,False,31.86,Uncategorized,
8896486818,8205238799,27.822964337516037,residential,Unnamed,False,31.86,Uncategorized,
8896486819,8896486822,22.855404928666353,service,Unnamed,False,25.85,Uncategorized,
8896486822,8205238792,22.272295936762912,residential,Unnamed,False,31.86,Uncategorized,
8896486822,8896486838,39.15411877685048,residential,Unnamed,False,31.86,Uncategorized,
8896486822,8896486819,22.855404928666353,service,Unnamed,False,25.85,Uncategorized,
8896486832,8896486838,45.17021664736743,residential,Unnamed,False,31.86,Uncategorized,
8896486838,8205238790,23.81935379181968,residential,Unnamed,False,31.86,Uncategorized,
8896486838,8896486822,39.15411877685048,residential,Unnamed,False,31.86,Uncategorized,
8896486838,8896486832,45.170216647367425,residential,Unnamed,False,31.86,Uncategorized,
8896486840,1256302342,13.155017863658607,footway,Unnamed,False,30.0,Uncategorized,
8896486841,8896486848,67.68481097613139,residential,Unnamed,False,31.86,Uncategorized,
8896486848,1256302589,26.711513932016175,residential,Unnamed,False,31.86,Uncategorized,1
8896486848,1256302342,36.03556889805666,residential,Unnamed,False,31.86,Uncategorized,1
8896486848,8896486841,67.68481097613137,residential,Unnamed,False,31.86,Uncategorized,
8896529795,8896529796,92.5711864783964,service,Unnamed,False,25.85,Uncategorized,
8896529796,6303500133,63.4733348852339,residential,Unnamed,False,31.86,Uncategorized,
8896529796,8896529795,92.5711864783964,service,Unnamed,False,25.85,Uncategorized,
8896529796,8305266276,199.0309925381158,residential,Unnamed,False,31.86,Uncategorized,
8896529797,8896529798,13.712212958008703,service,Unnamed,False,25.85,Uncategorized,
8896529798,1342019438,43.52231858371028,residential,Unnamed,False,31.86,Uncategorized,
8896529798,8896529797,13.712212958008703,service,Unnamed,False,25.85,Uncategorized,
8896529798,1342019436,58.34396311477282,residential,Unnamed,False,31.86,Uncategorized,
8896529799,8896529800,24.693824736493646,service,Unnamed,False,25.85,Uncategorized,
8896529800,8385985602,50.35279540255667,residential,Unnamed,False,31.86,Uncategorized,
8896529800,1187299766,6.989836453135562,residential,Unnamed,False,31.86,Uncategorized,
8896529800,8896529799,24.693824736493646,service,Unnamed,False,25.85,Uncategorized,
8896529801,12986041240,42.30494330247686,service,Unnamed,False,25.85,Uncategorized,
8896529804,443159955,68.31827887090208,primary,National Highway,False,30.49,Uncategorized,4
8896529804,12309592285,5.837831487409026,service,Unnamed,False,25.85,Uncategorized,
8896529804,1285602607,14.559692226424511,primary,National Highway,False,30.49,Uncategorized,4
8896529806,8896529813,87.62886392968807,service,Unnamed,False,25.85,Uncategorized,
8896529813,443159859,36.23588733338571,primary,National Highway,False,30.49,Uncategorized,4
8896529813,8893671373,29.76061033572101,primary,National Highway,False,30.49,Uncategorized,4
8896529813,8896529806,87.62886392968808,service,Unnamed,False,25.85,Uncategorized,
8896536023,9567458989,7.587180984090088,service,Unnamed,False,25.85,Uncategorized,
8896536024,1266474296,16.50638982765696,primary,National Highway,False,30.49,Uncategorized,4
8896536024,2249819523,9.667612133713314,primary,National Highway,False,30.49,Uncategorized,4
8896536024,12309592282,5.740807216373521,service,Unnamed,False,25.85,Uncategorized,
8896822637,2788133214,32.976719381162766,service,Unnamed,False,25.85,Uncategorized,
8896947382,1300391325,17.371984648784494,residential,Rosal,False,31.86,Uncategorized,
8896947383,8896995121,42.66076103835416,primary,National Highway,False,30.49,Uncategorized,4
8896947383,417266901,36.97210984371941,primary,National Highway,False,30.49,Uncategorized,4
8896947383,12718893585,4.692543987909145,service,Unnamed,False,25.85,Uncategorized,
8896947384,12718893585,16.568418213444495,service,Unnamed,False,25.85,Uncategorized,
8896947385,8896947387,46.27329500237564,service,Unnamed,False,25.85,Uncategorized,
8896947386,8896947387,31.25238029389966,service,Unnamed,False,25.85,Uncategorized,
8896947387,8896947385,46.27329500237564,service,Unnamed,False,25.85,Uncategorized,
8896947387,8896947386,31.25238029389966,service,Unnamed,False,25.85,Uncategorized,
8896947387,417266890,36.19433718735809,service,Unnamed,False,25.85,Uncategorized,
8896971616,8896995117,15.545969125490426,residential,Unnamed,False,31.86,Uncategorized,
8896995117,10773785110,60.08511459860474,residential,Unnamed,False,31.86,Uncategorized,
8896995117,8896971616,15.545969125490426,residential,Unnamed,False,31.86,Uncategorized,
8896995117,8896995119,38.8024817504242,residential,Unnamed,False,31.86,Uncategorized,
8896995119,8896995117,38.8024817504242,residential,Unnamed,False,31.86,Uncategorized,
8896995120,12718893555,21.26355254985373,service,Unnamed,False,25.85,Uncategorized,
8896995121,8896947383,42.66076103835416,primary,National Highway,False,30.49,Uncategorized,4
8896995121,12718893555,6.631469606272381,service,Unnamed,False,25.85,Uncategorized,
8896995121,6243245793,82.9726371219846,primary,National Highway,False,30.49,Uncategorized,4
8896998665,417266883,24.061734404767133,service,Unnamed,False,25.85,Uncategorized,
8896998666,453007402,22.747388071630773,service,Unnamed,False,25.85,Uncategorized,
8897260295,8897260296,46.844140571677514,residential,Unnamed,False,31.86,Uncategorized,
8897260296,8897260295,46.844140571677514,residential,Unnamed,False,31.86,Uncategorized,
8897260296,8386212654,15.797125297584753,tertiary,M. Simon Street,False,33.15,Uncategorized,
8897260296,1136875300,170.36360325647456,tertiary,M. Simon Street,False,33.15,Uncategorized,
8897300674,8897300675,21.92815745038754,service,Unnamed,False,25.85,Uncategorized,
8897300675,8897300674,21.92815745038754,service,Unnamed,False,25.85,Uncategorized,
8897300675,8065890706,80.25166853216628,residential,Unnamed,False,31.86,Uncategorized,
8897300675,8897300678,74.81167661303816,residential,Unnamed,False,31.86,Uncategorized,
8897300677,8897300678,55.51845106513726,residential,Unnamed,False,31.86,Uncategorized,
8897300678,8897300680,2.190067967520867,residential,Unnamed,False,31.86,Uncategorized,
8897300678,8897300677,55.51845106513726,residential,Unnamed,False,31.86,Uncategorized,
8897300678,8897300675,74.81167661303817,residential,Unnamed,False,31.86,Uncategorized,
8897300679,8897300680,49.66270333188288,residential,Unnamed,False,31.86,Uncategorized,
8897300680,8897300678,2.190067967520867,residential,Unnamed,False,31.86,Uncategorized,
8897300680,8897300679,49.66270333188288,residential,Unnamed,False,31.86,Uncategorized,
8897300680,8065890688,150.00654146971485,residential,Unnamed,False,31.86,Uncategorized,
8897326521,8897326525,87.9246016848733,residential,Unnamed,False,31.86,Uncategorized,
8897326525,8897326521,87.9246016848733,residential,Unnamed,False,31.86,Uncategorized,
8897326525,8897372019,77.61327601427698,tertiary,Kanluran Street,False,33.15,Uncategorized,
8897326525,312522223,197.83687439377582,tertiary,Kanluran Street,False,33.15,Uncategorized,
8897326526,8897326527,25.364850944813046,residential,Unnamed,False,31.86,private,
8897326527,1252148986,18.21042396368367,residential,Unnamed,False,31.86,private,
8897326527,8897326526,25.364850944813046,residential,Unnamed,False,31.86,private,
8897326527,1252148711,74.80548920369564,residential,Unnamed,False,31.86,private,
8897372018,8897372019,18.951265894399754,residential,Unnamed,False,31.86,Uncategorized,
8897372019,8897372018,18.951265894399754,residential,Unnamed,False,31.86,Uncategorized,
8897372019,8065890687,45.53896262794601,tertiary,Kanluran Street,False,33.15,Uncategorized,
8897372019,8897326525,77.61327601427698,tertiary,Kanluran Street,False,33.15,Uncategorized,
8897379460,8897379465,76.37558725766361,residential,Unnamed,False,31.86,Uncategorized,
8897379465,1252148593,43.54429836204659,residential,Unnamed,False,31.86,Uncategorized,
8897379465,253495824,154.9870698443152,residential,Unnamed,False,31.86,Uncategorized,
8897379465,8897379460,76.37558725766361,residential,Unnamed,False,31.86,Uncategorized,
8897379466,8897379467,39.650861260651226,residential,Unnamed,False,31.86,Uncategorized,
8897379467,8897379466,39.650861260651226,residential,Unnamed,False,31.86,Uncategorized,
8897379467,253495824,52.578193174434126,tertiary,B. A. Villanueva,False,33.15,Uncategorized,
8897379467,5618975639,98.95119874714283,tertiary,B. A. Villanueva,False,33.15,Uncategorized,
8897379471,8897379472,46.921273134733696,residential,Unnamed,False,31.86,Uncategorized,
8897379472,8897379471,46.921273134733696,residential,Unnamed,False,31.86,Uncategorized,
8897379472,5618970838,53.41816876095049,tertiary,B. A. Villanueva,False,33.15,Uncategorized,
8897379472,8386184718,41.70205669278252,tertiary,B. A. Villanueva,False,33.15,Uncategorized,
8897386844,8897386845,21.711686733684726,residential,Unnamed,False,31.86,Uncategorized,
8897386845,8897386844,21.711686733684726,residential,Unnamed,False,31.86,Uncategorized,
8897386845,3049478671,78.22019970293722,residential,Unnamed,False,31.86,Uncategorized,
8897386845,8386173229,148.4126289757097,residential,Unnamed,False,31.86,Uncategorized,
8897393690,8897393691,30.78028817647265,service,Unnamed,False,25.85,Uncategorized,
8897393691,5618975640,18.849717900171804,residential,Unnamed,False,31.86,Uncategorized,
8897393691,5618975639,65.35796946216102,residential,Unnamed,False,31.86,Uncategorized,
8897393691,8897393690,30.78028817647265,service,Unnamed,False,25.85,Uncategorized,
8897393692,3123418076,30.87353217648318,service,Unnamed,False,25.85,Uncategorized,
8897393693,3123418078,48.25835452396473,residential,Unnamed,False,31.86,Uncategorized,
8897393694,8897393695,38.119136132930066,residential,Unnamed,False,31.86,Uncategorized,
8897393695,3123418078,60.416140997482565,unclassified,V. Menguito,False,33.07,Uncategorized,
8897393695,8897393694,38.119136132930066,residential,Unnamed,False,31.86,Uncategorized,
8897393695,8386122132,188.68545186453187,unclassified,V. Menguito,False,33.07,Uncategorized,
8903410898,1127246054,125.80540771321608,residential,Unnamed,False,31.86,private,
8903410898,253509084,101.63236722706023,residential,Unnamed,False,31.86,private,
8903410898,8903410901,69.11409826032386,service,Unnamed,False,25.85,private,
8903410901,8903410898,69.11409826032386,service,Unnamed,False,25.85,private,
8903486586,8383598840,19.68888704079091,service,Unnamed,False,25.85,Uncategorized,
8903663025,1136875344,52.41930249843487,service,Unnamed,False,25.85,Uncategorized,
8903861285,253500404,59.06256277453616,service,Unnamed,False,25.85,Uncategorized,
8903861287,8903861288,68.3145390909751,footway,Unnamed,False,30.0,Uncategorized,
8903861288,8305455300,51.025437034469036,residential,Unnamed,False,31.86,Uncategorized,
8903861288,8903861287,68.3145390909751,footway,Unnamed,False,30.0,Uncategorized,
8903861288,8305455295,175.533199980425,residential,Unnamed,False,31.86,Uncategorized,
8903861289,3730080094,41.864247278764005,service,Unnamed,False,25.85,Uncategorized,
8903861290,8903861291,31.536387760454488,service,Unnamed,False,25.85,Uncategorized,
8903861291,8903861290,31.536387760454488,service,Unnamed,False,25.85,Uncategorized,
8903861291,312522223,48.59945688217561,tertiary,Silangan Street,False,33.15,Uncategorized,
8903861291,8386498997,288.9506104165925,tertiary,Silangan Street,False,33.15,Uncategorized,
9031117672,6361461468,372.13741221301535,tertiary,Unnamed,True,33.15,Uncategorized,2
9031117672,9031117674,13.077411406377522,tertiary,Unnamed,True,33.15,Uncategorized,2
9031117673,6361461467,374.8903474417317,tertiary,Unnamed,False,33.15,Uncategorized,3
9031117673,9031117672,8.327969657315244,tertiary,Unnamed,True,33.15,Uncategorized,2
9031117674,9031117681,9.413866585313333,tertiary,Unnamed,True,33.15,Uncategorized,2
9031117676,1532188380,263.65876019327965,tertiary,Maahas Road,False,33.15,Uncategorized,2
9031117676,9031117685,6.406254472684367,tertiary,Unnamed,True,33.15,Uncategorized,2
9031117681,2719143977,114.08625486155071,tertiary,IPB Road,False,33.15,Uncategorized,4
9031117681,1532188374,16.92240246268131,tertiary,Unnamed,True,33.15,Uncategorized,2
9031117685,9031117673,16.47933112911614,tertiary,Unnamed,True,33.15,Uncategorized,2
9031117685,1532188380,263.54704142325295,tertiary,Unnamed,False,33.15,no,4
9031117699,776002660,310.78471474388596,tertiary,Maahas Road,False,33.15,Uncategorized,2
9031117699,1532188380,13.26556949853531,tertiary,Maahas Road,False,33.15,Uncategorized,2
9031117699,8332301418,90.6629728786921,footway,Unnamed,False,30.0,Uncategorized,
9031117699,9031117704,49.93001519745912,unclassified,Unnamed,False,33.07,Uncategorized,
9031117704,9031117699,49.93001519745911,unclassified,Unnamed,False,33.07,Uncategorized,
9085381482,1445225040,11.277940214626582,footway,Unnamed,False,30.0,Uncategorized,
9085381482,761178654,10.69957069094818,footway,Unnamed,False,30.0,Uncategorized,
9085381482,1445225033,10.696687547065942,footway,Unnamed,False,30.0,Uncategorized,
9085381482,1445225029,11.278177059849702,footway,Unnamed,False,30.0,Uncategorized,
9085381483,583159765,6.917448262935947,service,Unnamed,False,30.0,Uncategorized,1
9085381483,573339097,2.779171348918438,service,Unnamed,False,30.0,Uncategorized,1
9085381483,1445225160,7.776076772059603,footway,Unnamed,False,30.0,Uncategorized,
9085381483,12254040096,16.018177085665336,footway,Unnamed,False,30.0,Uncategorized,
9085381484,8314748102,8.754688941111656,service,Unnamed,False,25.85,Uncategorized,
9085381484,438064252,18.11838208448315,service,Unnamed,False,25.85,Uncategorized,
9085381484,9085381486,26.744831393868587,footway,Unnamed,False,30.0,Uncategorized,
9085381484,4791748385,9.185016404425129,footway,Unnamed,False,30.0,Uncategorized,
9085381485,816645814,6.945846213582278,footway,Unnamed,False,30.0,Uncategorized,
9085381485,821375549,10.194480146907654,footway,Unnamed,False,30.0,Uncategorized,
9085381485,12254040096,26.737485297403303,footway,Unnamed,False,30.0,Uncategorized,
9085381485,9085381486,13.519311132203686,footway,Unnamed,False,30.0,Uncategorized,
9085381486,391722789,7.890721421301411,path,Unnamed,False,30.0,Uncategorized,
9085381486,9085381485,13.519311132203686,footway,Unnamed,False,30.0,Uncategorized,
9085381486,9085381484,26.744831393868587,footway,Unnamed,False,30.0,Uncategorized,
9085381486,821375549,18.301405089302037,path,Unnamed,False,30.0,Uncategorized,
9310108891,1342065695,108.241862924604,residential,Unnamed,False,31.86,Uncategorized,
9387637797,1271725675,17.624707155400007,service,Unnamed,True,25.85,Uncategorized,
9387637797,9387637798,17.511182873342552,service,Unnamed,False,25.85,Uncategorized,
9387637798,9387637797,17.511182873342552,service,Unnamed,False,25.85,Uncategorized,
9387637798,1271725691,46.91792451977809,service,Unnamed,True,25.85,Uncategorized,
9567458989,8896536023,7.587180984090088,service,Unnamed,False,25.85,Uncategorized,
9567458989,12309592282,24.285653185674146,service,Unnamed,False,25.85,Uncategorized,
9567458989,12309592283,36.61856288923634,service,Unnamed,False,25.85,Uncategorized,
10066570657,8337294663,2.699491387191116,service,Unnamed,False,25.85,Uncategorized,
10066570657,428740894,24.6018668630921,service,Unnamed,False,25.85,Uncategorized,
10066570657,1524229858,35.715045492925015,service,Unnamed,False,25.85,Uncategorized,
10066583276,573362715,9.886221337781933,footway,Unnamed,False,30.0,Uncategorized,
10066583276,1445273687,14.752340439478244,footway,Unnamed,False,30.0,Uncategorized,
10066583276,10066583277,9.793833118504242,footway,Unnamed,False,30.0,Uncategorized,
10066583277,2081049167,10.360156402183915,footway,Unnamed,False,30.0,Uncategorized,
10066583277,10079015060,7.905861970363518,footway,Unnamed,False,30.0,Uncategorized,
10066583277,10066583276,9.793833118504242,footway,Unnamed,False,30.0,Uncategorized,
10079015060,932665537,1.5892066308147506,footway,Unnamed,False,30.0,Uncategorized,
10079015060,10066583277,7.905861970363518,footway,Unnamed,False,30.0,Uncategorized,
10079015060,4271509038,27.898833709351827,footway,Unnamed,False,30.0,Uncategorized,
10079104817,10079104818,2.009965889050142,footway,Unnamed,False,30.0,Uncategorized,
10079104818,11804158241,17.221713026901863,tertiary,Jose B. Juliano Avenue,False,33.15,Uncategorized,2
10079104818,10079104817,2.009965889050142,footway,Unnamed,False,30.0,Uncategorized,
10079104818,1116385292,15.275582176335394,tertiary,Jose B. Juliano Avenue,False,33.15,Uncategorized,2
10101122547,10101122549,32.841882392271074,unclassified,Unnamed,False,33.07,Uncategorized,
10101122549,12186657973,48.692711232832195,residential,Manuel L. Roxas,False,30.0,Uncategorized,2
10101122549,452997601,125.54682259082121,residential,Manuel L. Roxas,False,30.0,Uncategorized,2
10101122549,10101122547,32.841882392271074,unclassified,Unnamed,False,33.07,Uncategorized,
10595629656,2021099165,373.1327998121471,secondary,Jamboree Road,False,30.0,Uncategorized,2
10595629656,3970334268,692.6608768031274,secondary,Jamboree Road,False,30.0,Uncategorized,"['2', '4']"
10595629656,10595629661,79.18565094843765,service,Unnamed,False,25.85,Uncategorized,
10595629661,10595629656,79.18565094843765,service,Unnamed,False,25.85,Uncategorized,
10687441787,5731409808,111.47115844233477,path,Unnamed,False,30.0,Uncategorized,
10687441794,5731410833,37.73165289411808,path,Unnamed,False,30.0,Uncategorized,
10687441794,10687457111,48.936107963705,path,Unnamed,False,30.0,Uncategorized,
10687441794,10687457106,137.35841572107165,path,Unnamed,False,30.0,Uncategorized,
10687457106,10687441794,137.35841572107165,path,Unnamed,False,30.0,Uncategorized,
10687457111,10687441794,48.93610796370499,path,Unnamed,False,30.0,Uncategorized,
10773785108,10773785110,12.064209784485245,residential,Unnamed,False,31.86,Uncategorized,
10773785110,10773785108,12.064209784485245,residential,Unnamed,False,31.86,Uncategorized,
10773785110,8896995117,60.08511459860474,residential,Unnamed,False,31.86,Uncategorized,
10773785110,2069449253,29.20362279187744,residential,Unnamed,False,31.86,Uncategorized,
10818886676,1258981574,72.14644461688054,service,Unnamed,False,25.85,Uncategorized,
10839994309,1427972841,17.315294891582063,primary,National Highway,False,30.49,Uncategorized,4
10839994309,12309592209,6.939251587962552,service,Unnamed,False,25.85,Uncategorized,
10839994309,417266026,37.243247408368205,primary,National Highway,False,30.49,Uncategorized,4
10839994312,10910665216,29.999670553013082,service,Unnamed,False,25.85,Uncategorized,
10866616071,10866616079,0.5082291170383106,primary,National Highway,False,30.49,Uncategorized,4
10866616071,10915438074,21.645007258363822,primary,National Highway,False,30.49,Uncategorized,4
10866616071,12309592268,5.768222941047503,footway,Unnamed,False,30.0,Uncategorized,
10866616072,12309592268,20.046204097659746,footway,Unnamed,False,30.0,private,
10866616079,10915438058,0.6522849177787425,primary,National Highway,False,30.49,Uncategorized,4
10866616079,10866616071,0.5082291170383106,primary,National Highway,False,30.49,Uncategorized,4
10866616079,12309592215,5.325174765199979,service,Unnamed,False,25.85,Uncategorized,
10866616080,12309592215,24.40364335376826,service,Unnamed,False,25.85,Uncategorized,
10866616091,10908633096,15.121544839527441,primary,National Highway,False,30.49,Uncategorized,4
10866616091,10905848448,7.3947759637710835,primary,National Highway,False,30.49,Uncategorized,4
10866616091,12309592214,6.022692213515415,footway,Unnamed,False,30.0,Uncategorized,
10866616092,12309592214,18.2248869769795,footway,Unnamed,False,30.0,Uncategorized,
10866638107,10905848448,18.86562034280401,primary,National Highway,False,30.49,Uncategorized,4
10866638107,10910536344,5.7823878583260955,primary,National Highway,False,30.49,Uncategorized,4
10866638107,12309592213,6.972765220583906,service,Unnamed,False,25.85,Uncategorized,
10866638108,12309592213,16.190971939151655,service,Unnamed,False,25.85,Uncategorized,
10866680870,6572674783,0.4150961089840321,footway,Unnamed,False,30.0,Uncategorized,
10866680870,7617931621,30.54444452902598,footway,Unnamed,False,30.0,Uncategorized,
10866680870,715210776,2.600381158132643,footway,Unnamed,False,30.0,Uncategorized,
10866680870,12399577039,127.0265058716872,service,Unnamed,False,25.85,Uncategorized,
10866680896,1246454293,13.650647647235452,service,Unnamed,False,15.0,private,1
10866680896,920087441,50.08332595380759,service,Unnamed,False,15.0,private,1
10866680896,1030720831,11.919286556375267,service,Unnamed,False,25.85,Uncategorized,
10866681146,920087440,5.079052628785178,service,Unnamed,False,25.0,private,2
10866681146,12399577027,43.39744287611688,service,Traceville,False,27.5,private,2
10866681146,1246454349,69.62726517211942,footway,Unnamed,False,30.0,Uncategorized,
10866681146,10866681157,56.880517072847304,footway,Unnamed,False,30.0,Uncategorized,
10866681157,10866681146,56.8805170728473,footway,Unnamed,False,30.0,Uncategorized,
10866681168,1497255194,0.9733849098085962,primary,National Highway,False,30.49,Uncategorized,4
10866681168,12309592207,7.5006252748588675,footway,Unnamed,False,30.0,Uncategorized,
10866681168,8887342517,18.276689641540443,primary,National Highway,False,30.49,Uncategorized,4
10866681170,12309592207,25.954734193342368,footway,Unnamed,False,30.0,Uncategorized,
10905848435,10905848459,27.789636772857477,service,Unnamed,True,25.85,Uncategorized,
10905848435,10908633100,23.912285177867346,footway,Unnamed,False,30.0,Uncategorized,
10905848448,10866616091,7.3947759637710835,primary,National Highway,False,30.49,Uncategorized,4
10905848448,10866638107,18.86562034280401,primary,National Highway,False,30.49,Uncategorized,4
10905848448,12309592250,4.7601385469249315,service,Unnamed,False,25.85,no,
10905848459,10905848460,55.82452796297493,service,Unnamed,False,25.85,Uncategorized,
10905848459,12309592343,56.284169354883765,service,Unnamed,False,25.85,Uncategorized,
10905848460,7874368798,18.6138545607089,service,Unnamed,False,25.85,Uncategorized,
10905848460,7874368796,8.172132898691672,service,Unnamed,False,25.85,Uncategorized,
10905848460,10905848459,55.82452796297493,service,Unnamed,False,25.85,Uncategorized,
10905848477,253496119,30.76709508308684,tertiary,J. Aquino Street,False,33.15,Uncategorized,2
10905848477,1801370349,10.498218180749008,tertiary,J. Aquino Street,False,33.15,Uncategorized,2
10905848477,12309592347,4.227485514608082,service,Unnamed,False,25.85,Uncategorized,
10905848479,12309592347,19.058372703612818,service,Unnamed,False,25.85,Uncategorized,
10905848495,12309592346,31.607759146765478,service,Unnamed,False,25.85,Uncategorized,
10905848498,10910516562,9.263635283480179,tertiary,J. Aquino Street,False,33.15,Uncategorized,
10905848498,8887109608,3.682094029015788,tertiary,J. Aquino Street,False,33.15,Uncategorized,
10905848498,12309592345,4.3549715226233285,service,Unnamed,False,25.85,Uncategorized,
10905848500,12309592345,26.367069477734002,service,Unnamed,False,25.85,Uncategorized,
10905848527,10905848529,8.937719136269342,footway,Unnamed,False,30.0,Uncategorized,
10905848527,10905848529,8.98380321232343,footway,Unnamed,False,30.0,Uncategorized,
10905848527,454085901,21.338853094720946,pedestrian,Unnamed,False,30.49,Uncategorized,
10905848529,10905848530,4.55244474704806,footway,Unnamed,False,30.0,Uncategorized,
10905848529,10905848527,8.937719136269342,footway,Unnamed,False,30.0,Uncategorized,
10905848529,10905848527,8.98380321232343,footway,Unnamed,False,30.0,Uncategorized,
10905848530,10905848529,4.55244474704806,footway,Unnamed,False,30.0,Uncategorized,
10905848530,742350188,15.31304707083854,footway,Unnamed,False,30.0,Uncategorized,
10905848530,10905848531,10.297940189715032,footway,Unnamed,False,30.0,Uncategorized,
10905848531,10905848530,10.297940189715032,footway,Unnamed,False,30.0,Uncategorized,
10905852331,454085901,45.60868290157461,unclassified,Unnamed,False,30.0,Uncategorized,
10905852331,12309592264,41.061349312308415,unclassified,Unnamed,False,30.0,Uncategorized,
10905852331,10905852332,20.915258338929064,footway,Unnamed,False,30.0,Uncategorized,
10905852332,10905852331,20.915258338929064,footway,Unnamed,False,30.0,Uncategorized,
10905852348,10905852349,45.757017717326065,service,Unnamed,False,25.85,Uncategorized,
10905852348,454085901,55.2800204301864,service,Unnamed,False,30.0,Uncategorized,
10905852348,742350177,37.24914785342607,service,Unnamed,False,30.0,Uncategorized,
10905852349,10905852348,45.757017717326065,service,Unnamed,False,25.85,Uncategorized,
10907099533,742351319,15.878044803481215,unclassified,Unnamed,False,30.0,Uncategorized,
10907099533,10908644556,1.4810808378631168,unclassified,Unnamed,False,30.0,Uncategorized,
10907099533,10907099535,22.637707214996592,service,Unnamed,False,25.85,Uncategorized,
10907099535,10907099533,22.637707214996595,service,Unnamed,False,25.85,Uncategorized,
10908633096,3683307056,6.921018538991224,primary,National Highway,False,30.49,Uncategorized,4
10908633096,10866616091,15.121544839527441,primary,National Highway,False,30.49,Uncategorized,4
10908633096,12309592265,5.159045015158208,service,Unnamed,False,25.85,no,
10908633100,12309592250,41.97530881981899,service,Unnamed,False,25.85,no,
10908633100,5188111855,13.050542843014167,service,Unnamed,False,25.85,no,
10908633100,10905848435,23.912285177867346,footway,Unnamed,False,30.0,Uncategorized,
10908641890,10908641891,19.782281515419523,footway,Unnamed,False,30.0,Uncategorized,
10908641890,431154376,159.34320639766693,footway,Unnamed,False,30.0,Uncategorized,
10908641890,715210779,47.3343999912244,footway,Unnamed,False,30.0,Uncategorized,
10908641891,10908641890,19.782281515419523,footway,Unnamed,False,30.0,Uncategorized,
10908641899,431154378,3.670029231266387,residential,Unnamed,False,30.0,Uncategorized,1
10908641899,431154480,44.28589972278558,residential,Unnamed,False,30.0,Uncategorized,1
10908641899,431154377,21.219202033850273,residential,El Danda Street,False,40.0,Uncategorized,2
10908641911,431154376,46.68559816342312,residential,El Danda Street,False,40.0,Uncategorized,2
10908641911,11379613362,20.080670750390276,residential,El Danda Street,False,40.0,Uncategorized,2
10908641911,10908641912,50.87234622289756,service,Unnamed,False,25.85,Uncategorized,
10908641912,10908641911,50.87234622289756,service,Unnamed,False,25.85,Uncategorized,
10908641919,8701333235,36.1936576774016,footway,Unnamed,False,30.0,Uncategorized,
10908644556,10907099533,1.4810808378631168,unclassified,Unnamed,False,30.0,Uncategorized,
10908644556,10908644594,5.344267295631384,unclassified,Unnamed,False,30.0,Uncategorized,
10908644556,10908644560,42.4798318392591,footway,Unnamed,False,30.0,Uncategorized,
10908644559,10908644560,21.319634084199294,footway,Unnamed,False,30.0,Uncategorized,
10908644560,10908644556,42.4798318392591,footway,Unnamed,False,30.0,Uncategorized,
10908644560,10908644561,19.057598831354507,footway,Unnamed,False,30.0,Uncategorized,
10908644560,10908644559,21.319634084199294,footway,Unnamed,False,30.0,Uncategorized,
10908644561,10908644560,19.057598831354507,footway,Unnamed,False,30.0,Uncategorized,
10908644582,8887165447,46.511289548904905,unclassified,Unnamed,False,30.0,Uncategorized,
10908644582,742351307,26.083901033411536,unclassified,Unnamed,False,30.0,Uncategorized,
10908644582,10908644586,43.81106801615949,service,Unnamed,False,25.85,Uncategorized,
10908644586,10908644582,43.81106801615948,service,Unnamed,False,25.85,Uncategorized,
10908644594,10908644556,5.344267295631384,unclassified,Unnamed,False,30.0,Uncategorized,
10908644594,8887165447,10.349123159101605,unclassified,Unnamed,False,30.0,Uncategorized,
10908644594,10908644595,23.68794876792494,footway,Unnamed,False,30.0,Uncategorized,
10908644595,10908644594,23.687948767924937,footway,Unnamed,False,30.0,Uncategorized,
10908644603,10908644604,29.853965151690723,service,Unnamed,False,25.85,Uncategorized,
10908644604,742351321,41.860416434591436,service,Unnamed,False,25.85,Uncategorized,
10908644604,10908644603,29.853965151690723,service,Unnamed,False,25.85,Uncategorized,
10908644604,10908671306,21.545900252859802,service,Unnamed,False,25.85,Uncategorized,
10908671306,10908644604,21.545900252859802,service,Unnamed,False,25.85,Uncategorized,
10910332357,742351977,29.837819486779093,tertiary,J. Aquino Street,False,33.15,Uncategorized,
10910332357,742352709,15.37734295575095,tertiary,J. Aquino Street,False,33.15,Uncategorized,
10910332357,12309592325,3.242275925187217,service,Unnamed,False,25.85,Uncategorized,
10910332359,12309592325,14.26872361784724,service,Unnamed,False,25.85,Uncategorized,
10910516421,10910516494,23.9287545058641,tertiary,J. Aquino Street,False,33.15,Uncategorized,
10910516421,8887109612,23.513921004176794,tertiary,J. Aquino Street,False,33.15,Uncategorized,
10910516421,12309592328,4.332303512489765,service,Unnamed,False,25.85,Uncategorized,
10910516422,12309592328,35.69711221578311,service,Unnamed,False,25.85,Uncategorized,
10910516494,10910665658,14.30488288704125,tertiary,J. Aquino Street,False,33.15,Uncategorized,
10910516494,10910516421,23.9287545058641,tertiary,J. Aquino Street,False,33.15,Uncategorized,
10910516494,12309592329,4.27815627681127,service,Unnamed,False,25.85,Uncategorized,
10910516496,12309592329,39.68457864147557,service,Unnamed,False,25.85,Uncategorized,
10910516506,742351411,20.87255155679472,tertiary,J. Aquino Street,False,33.15,Uncategorized,
10910516506,6138520594,12.252486835315548,tertiary,J. Aquino Street,False,33.15,Uncategorized,
10910516506,12309592330,4.629301163085984,service,Unnamed,False,25.85,Uncategorized,
10910516509,12309592330,4.429200262118591,service,Unnamed,False,25.85,Uncategorized,
10910516550,10910516556,17.84331966033051,tertiary,J. Aquino Street,False,33.15,Uncategorized,
10910516550,253503451,2.856370691893787,tertiary,J. Aquino Street,False,33.15,Uncategorized,
10910516550,12309592333,4.686097311291583,service,Unnamed,False,25.85,Uncategorized,
10910516552,12309592333,28.062748620687998,service,Unnamed,False,25.85,Uncategorized,
10910516556,8887109608,12.863832751921914,tertiary,J. Aquino Street,False,33.15,Uncategorized,
10910516556,10910516550,17.84331966033051,tertiary,J. Aquino Street,False,33.15,Uncategorized,
10910516556,12309592298,4.3515760990908205,service,Unnamed,False,25.85,Uncategorized,
10910516557,12309592298,21.24892363944745,service,Unnamed,False,25.85,Uncategorized,
10910516562,253782873,1.7495418210584615,tertiary,J. Aquino Street,False,33.15,Uncategorized,
10910516562,10905848498,9.263635283480179,tertiary,J. Aquino Street,False,33.15,Uncategorized,
10910516562,12309592336,4.304042360482845,footway,Unnamed,False,30.0,Uncategorized,
10910516564,12309592336,26.78807696001828,footway,Unnamed,False,30.0,Uncategorized,
10910516576,8887109610,4.016532001435799,unclassified,Bangkal Extension,False,30.0,Uncategorized,
10910516576,10915525013,10.90123865249382,unclassified,Bangkal Extension,False,30.0,Uncategorized,
10910516576,10910516578,23.561201831142803,service,Unnamed,False,25.85,Uncategorized,
10910516578,10910516576,23.561201831142803,service,Unnamed,False,25.85,Uncategorized,
10910516579,8887109610,3.1619069572681906,unclassified,Bangkal Extension,False,30.0,Uncategorized,
10910516579,12309592335,3.5290850402378937,unclassified,Bangkal Extension,False,30.0,Uncategorized,
10910516579,10910516580,30.554172969147437,footway,Unnamed,False,30.0,Uncategorized,
10910516580,10910516579,30.554172969147437,footway,Unnamed,False,30.0,Uncategorized,
10910536344,10866638107,5.7823878583260955,primary,National Highway,False,30.49,Uncategorized,4
10910536344,7673603982,8.860937819361826,primary,National Highway,False,30.49,Uncategorized,4
10910536344,10915587360,3.6943361338411917,footway,Unnamed,False,30.0,Uncategorized,
10910536351,10915587360,22.042750321454626,footway,Unnamed,False,30.0,private,
10910657918,1266474495,14.542098019457503,service,Unnamed,False,30.0,Uncategorized,
10910657918,10910657919,13.956253572073962,service,Unnamed,False,25.85,Uncategorized,
10910657918,1497255256,31.195488568762606,service,Unnamed,False,30.0,Uncategorized,
10910657919,10910657918,13.956253572073962,service,Unnamed,False,25.85,Uncategorized,
10910665216,12309592209,19.397216662023247,service,Unnamed,False,25.85,Uncategorized,
10910665216,10910665217,25.765198587292318,service,Unnamed,False,25.85,Uncategorized,
10910665216,10839994312,29.999670553013082,service,Unnamed,False,25.85,Uncategorized,
10910665217,10910665216,25.765198587292318,service,Unnamed,False,25.85,Uncategorized,
10910665658,6138520594,4.878726520773445,tertiary,J. Aquino Street,False,33.15,Uncategorized,
10910665658,10910516494,14.30488288704125,tertiary,J. Aquino Street,False,33.15,Uncategorized,
10910665658,12309592331,4.2539377044995055,service,Unnamed,False,25.85,Uncategorized,
10910665659,12309592331,4.030768038399207,service,Unnamed,False,25.85,Uncategorized,
10915438058,10866616079,0.6522849177787425,primary,National Highway,False,30.49,Uncategorized,4
10915438058,12309592269,5.757162451392323,footway,Unnamed,False,30.0,Uncategorized,
10915438058,291689961,43.510867061444515,primary,National Highway,False,30.49,Uncategorized,4
10915438074,10866616071,21.645007258363822,primary,National Highway,False,30.49,Uncategorized,4
10915438074,3683307056,7.024790515196857,primary,National Highway,False,30.49,Uncategorized,4
10915438074,12309592267,4.968854851348811,footway,Unnamed,False,30.0,Uncategorized,
10915438076,12309592267,29.803293081267512,footway,Unnamed,False,30.0,Uncategorized,
10915508845,253764332,30.33453699441308,footway,Unnamed,False,30.0,Uncategorized,
10915508846,253764332,23.00756557918105,unclassified,Bangkal Extension,False,30.0,Uncategorized,
10915508846,10915508847,22.680770681340764,footway,Unnamed,False,30.0,Uncategorized,
10915508846,10915524929,45.71924775428179,unclassified,Bangkal Extension,False,30.0,Uncategorized,
10915508847,10915508846,22.680770681340764,footway,Unnamed,False,30.0,Uncategorized,
10915524929,10915508846,45.71924775428179,unclassified,Bangkal Extension,False,30.0,Uncategorized,
10915524929,10915524984,21.287965891116542,unclassified,Bangkal Extension,False,30.0,Uncategorized,
10915524929,10915524932,63.90017402152536,footway,Unnamed,False,30.0,Uncategorized,
10915524932,10915524929,63.90017402152536,footway,Unnamed,False,30.0,Uncategorized,
10915524984,10915524993,4.792569397773352,unclassified,Bangkal Extension,False,30.0,Uncategorized,
10915524984,10915524929,21.287965891116542,unclassified,Bangkal Extension,False,30.0,Uncategorized,
10915524984,10915524985,20.667185237204638,service,Unnamed,False,25.85,Uncategorized,
10915524985,10915524984,20.667185237204638,service,Unnamed,False,25.85,Uncategorized,
10915524993,10915524984,4.792569397773352,unclassified,Bangkal Extension,False,30.0,Uncategorized,
10915524993,10915525013,13.519168162508349,unclassified,Bangkal Extension,False,30.0,Uncategorized,
10915524993,10915524996,18.751524531981065,service,Unnamed,False,25.85,Uncategorized,
10915524996,10915524993,18.751524531981065,service,Unnamed,False,25.85,Uncategorized,
10915525013,10915524993,13.519168162508349,unclassified,Bangkal Extension,False,30.0,Uncategorized,
10915525013,10910516576,10.90123865249382,unclassified,Bangkal Extension,False,30.0,Uncategorized,
10915525013,10915525019,46.532711529014875,footway,Unnamed,False,30.0,Uncategorized,
10915525016,10915525019,28.18827905627448,footway,Unnamed,False,30.0,Uncategorized,
10915525019,10915525016,28.18827905627448,footway,Unnamed,False,30.0,Uncategorized,
10915525019,10915525013,46.532711529014875,footway,Unnamed,False,30.0,Uncategorized,
10915525019,10915525020,11.593664861670511,footway,Unnamed,False,30.0,Uncategorized,
10915525020,10915525019,11.593664861670511,footway,Unnamed,False,30.0,Uncategorized,
10915562998,10923332625,21.665880626049695,primary,National Highway,False,30.49,Uncategorized,4
10915562998,12309592274,5.585319193308154,service,Unnamed,False,25.85,Uncategorized,
10915562998,12309592234,5.342834302103306,footway,Unnamed,False,30.0,Uncategorized,
10915562998,10915563004,28.27174186846216,primary,National Highway,False,30.49,Uncategorized,4
10915562999,10915563000,11.678021658259723,service,Unnamed,False,25.85,Uncategorized,
10915563000,10915562999,11.678021658259723,service,Unnamed,False,25.85,Uncategorized,
10915563000,10915563001,10.360505129443887,service,Unnamed,False,25.85,Uncategorized,
10915563000,12309592274,33.710017455936175,service,Unnamed,False,25.85,Uncategorized,
10915563001,10915563000,10.360505129443887,service,Unnamed,False,25.85,Uncategorized,
10915563004,312517702,11.681906302134884,primary,National Highway,False,30.49,Uncategorized,4
10915563004,12309592273,5.528456311365308,footway,Unnamed,False,30.0,Uncategorized,
10915563004,10915562998,28.27174186846216,primary,National Highway,False,30.49,Uncategorized,4
10915571530,1427972841,7.987757897222236,primary,National Highway,False,30.49,Uncategorized,4
10915571530,12309592252,3.947440193827822,footway,Unnamed,False,30.0,Uncategorized,
10915571530,7686452789,34.08958092672927,primary,National Highway,False,30.49,Uncategorized,4
10915571532,12309592252,23.852563334169215,footway,Unnamed,False,30.0,private,
10915571534,10919972848,30.309046467055158,footway,Unnamed,False,30.0,private,
10915587360,10910536344,3.6943361338411917,footway,Unnamed,False,30.0,Uncategorized,
10915587360,12309592264,30.416231281005206,footway,Unnamed,False,30.0,Uncategorized,
10915587360,12309592250,24.199208664886125,footway,Unnamed,False,30.0,Uncategorized,
10915587360,10910536351,22.042750321454626,footway,Unnamed,False,30.0,private,
10915605608,12309592273,25.647794401569747,footway,Unnamed,False,30.0,Uncategorized,
10915605628,10915605629,48.107774043036585,footway,Unnamed,False,30.0,Uncategorized,
10915605629,1420701162,47.04374721205734,footway,Unnamed,False,30.0,Uncategorized,
10915605629,10915605628,48.107774043036585,footway,Unnamed,False,30.0,Uncategorized,
10915605629,10915605631,15.11014288125085,footway,Unnamed,False,30.0,Uncategorized,
10915605630,10915605631,17.674762787652117,footway,Unnamed,False,30.0,Uncategorized,
10915605631,10915605630,17.674762787652117,footway,Unnamed,False,30.0,Uncategorized,
10915605631,10915605632,17.029420619911384,footway,Unnamed,False,30.0,Uncategorized,
10915605631,10915605629,15.11014288125085,footway,Unnamed,False,30.0,Uncategorized,
10915605632,10915605631,17.029420619911384,footway,Unnamed,False,30.0,Uncategorized,
10915605663,6303500134,25.42727138978813,residential,Unnamed,False,31.86,Uncategorized,
10915605663,12986041227,88.83035421853684,residential,Unnamed,False,31.86,Uncategorized,
10915605663,8065890748,81.89819213473038,service,Unnamed,False,25.85,Uncategorized,
10915605689,6243233288,4.4576636225068125,residential,Unnamed,False,31.86,Uncategorized,
10915605689,1420701162,188.84696963951558,residential,Unnamed,False,31.86,Uncategorized,
10915605689,10915605690,12.331727762234415,service,Unnamed,False,25.85,Uncategorized,
10915605690,10915605689,12.331727762234415,service,Unnamed,False,25.85,Uncategorized,
10919972810,10919972818,21.873786499077205,footway,Unnamed,False,30.0,private,
10919972810,12309592269,20.850810563913225,footway,Unnamed,False,30.0,private,
10919972810,10919972811,14.142516283178889,footway,Unnamed,False,30.0,private,
10919972811,10919972810,14.142516283178889,footway,Unnamed,False,30.0,private,
10919972818,10919972810,21.873786499077205,footway,Unnamed,False,30.0,private,
10919972826,10919972848,55.22235821516364,footway,Unnamed,False,30.0,private,
10919972826,742350188,6.684333483971509,footway,Unnamed,False,30.0,Uncategorized,
10919972826,10919972827,6.812954537125381,footway,Unnamed,False,30.0,private,
10919972827,10919972826,6.812954537125381,footway,Unnamed,False,30.0,private,
10919972848,10915571534,30.309046467055158,footway,Unnamed,False,30.0,private,
10919972848,12309592263,22.302308794142917,footway,Unnamed,False,30.0,private,
10919972848,10919972826,55.222358215163624,footway,Unnamed,False,30.0,private,
10919986053,742350188,26.883330007223122,footway,Unnamed,False,30.0,Uncategorized,
10919986053,742350177,65.5540176987482,pedestrian,Unnamed,False,30.49,Uncategorized,
10919986053,10919986054,40.08061976597947,footway,Unnamed,False,30.0,Uncategorized,
10919986054,10919986053,40.08061976597947,footway,Unnamed,False,30.0,Uncategorized,
10920882519,12309592212,91.49164499107935,footway,Unnamed,False,30.0,Uncategorized,
10923332625,10915562998,21.665880626049695,primary,National Highway,False,30.49,Uncategorized,4
10923332625,12309592235,5.52187608992973,footway,Unnamed,False,30.0,Uncategorized,
10923332625,1252148370,18.220486351042297,primary,National Highway,False,30.49,Uncategorized,4
10923332627,12309592235,16.069644124219124,footway,Unnamed,False,30.0,Uncategorized,
10923332633,12309592234,14.507228037671958,footway,Unnamed,False,30.0,private,
10923332643,10923332648,1.2929545096335697,primary,National Highway,False,30.49,Uncategorized,4
10923332643,1252148370,8.799590783514743,primary,National Highway,False,30.49,Uncategorized,4
10923332643,12309592236,5.402182390157891,footway,Unnamed,False,30.0,Uncategorized,
10923332646,12309592236,17.2166885890012,footway,Unnamed,False,30.0,private,
10923332648,1420701167,11.224235114779615,primary,National Highway,False,30.49,Uncategorized,4
10923332648,10923332643,1.2929545096335697,primary,National Highway,False,30.49,Uncategorized,4
10923332648,12309592237,5.318650218036548,footway,Unnamed,False,30.0,Uncategorized,
10923332650,12309592237,17.084108161585647,footway,Unnamed,False,30.0,private,
10923332653,10923332676,19.679339474155363,primary,National Highway,False,30.49,Uncategorized,4
10923332653,1420701167,2.1718083913938164,primary,National Highway,False,30.49,Uncategorized,4
10923332653,12309592238,5.388058078193898,service,Unnamed,False,25.85,Uncategorized,
10923332655,12309592238,20.347512244395823,service,Unnamed,False,25.85,Uncategorized,
10923332676,2706774873,11.305296316672376,primary,National Highway,False,30.49,Uncategorized,4
10923332676,10923332653,19.679339474155363,primary,National Highway,False,30.49,Uncategorized,4
10923332676,12309592240,5.444659576841381,footway,Unnamed,False,30.0,private,
10923332679,12309592240,22.167307665931315,footway,Unnamed,False,30.0,private,
10945576070,10945576085,31.610956087786562,footway,Unnamed,False,30.0,Uncategorized,
10945576085,10945576086,7.803711843087053,footway,Unnamed,False,30.0,Uncategorized,
10945576085,10945576070,31.610956087786562,footway,Unnamed,False,30.0,Uncategorized,
10945576085,10945576092,18.934664834910034,footway,Unnamed,False,30.0,Uncategorized,
10945576086,10945576085,7.803711843087053,footway,Unnamed,False,30.0,Uncategorized,
10945576092,10945576085,18.934664834910034,footway,Unnamed,False,30.0,Uncategorized,
10945576092,12309592253,58.211428329773085,footway,Unnamed,False,30.0,Uncategorized,
10945576092,10945576100,18.075012430861328,footway,Unnamed,False,30.0,private,
10945576100,10945576092,18.07501243086133,footway,Unnamed,False,30.0,private,
10945583521,715210951,25.799116960576438,primary,National Highway,False,30.49,Uncategorized,4
10945583521,7686452789,18.53168078730658,primary,National Highway,False,30.49,Uncategorized,4
10945583521,12309592251,3.607603799280346,footway,Unnamed,False,30.0,Uncategorized,
10945583524,12309592251,32.32353089575513,footway,Unnamed,False,30.0,private,
10959194900,527828318,5.469430280707943,footway,Unnamed,False,30.0,Uncategorized,
10976428862,1304345725,4.126386837590368,residential,Unnamed,False,31.86,destination,
10976428862,8894019406,17.60035290367231,residential,Unnamed,False,31.86,destination,
10976428862,10976428863,11.798325062550012,service,Unnamed,False,25.85,destination,
10976428863,10976428862,11.798325062550012,service,Unnamed,False,25.85,destination,
10976457090,10976457091,5.400479520701795,steps,Unnamed,False,30.49,Uncategorized,
10976457091,8894015135,11.6067677013686,service,Unnamed,False,25.85,destination,
10976457091,1304345725,8.706736764023352,service,Unnamed,False,25.85,destination,
10976457091,10976457090,5.400479520701795,steps,Unnamed,False,30.49,Uncategorized,
10976457096,10976457097,8.094162462832095,residential,Unnamed,True,31.86,Uncategorized,1
10976457096,1302792219,31.75375871135804,residential,Unnamed,False,31.86,Uncategorized,1
10976457097,1256324984,50.33177683266178,residential,Unnamed,True,31.86,Uncategorized,1
11068654854,2352985509,23.8252021811846,service,Unnamed,False,25.85,private,2
11068654854,3604596784,43.74923357218186,service,Unnamed,False,25.85,private,2
11068654854,11068654860,102.753825068942,service,Unnamed,False,25.85,private,
11068654860,11068654854,102.75382506894199,service,Unnamed,False,25.85,private,
11068654866,3604596784,15.27681188861629,service,Unnamed,False,25.85,private,
11206734292,1300391327,127.82960942972616,residential,Unnamed,False,31.86,Uncategorized,
11280586771,2785682422,629.9016678134853,footway,Unnamed,False,30.0,Uncategorized,
11343496663,12080060992,34.12407797704239,footway,Unnamed,False,30.0,Uncategorized,
11343523643,382802365,2.2403527663735727,secondary,Lopez Avenue,False,30.0,Uncategorized,2
11343523643,382802306,33.24953671071632,secondary,Lopez Avenue,False,30.0,Uncategorized,2
11343523643,11343523644,38.495206466601374,secondary,Lopez Avenue,True,30.0,Uncategorized,1
11343523644,5512649828,6.652121723136083,secondary,Jose R. Velasco Avenue,False,30.0,Uncategorized,2
11343523644,432882741,4.953398171744978,secondary,Jose R. Velasco Avenue,False,30.0,Uncategorized,2
11350349107,422732409,36.16729896699359,residential,Bangkal Road,False,40.0,Uncategorized,2
11350349107,382057826,48.82481793736028,residential,Intan Street,False,40.0,Uncategorized,2
11350349107,253797111,88.03192723407666,residential,Bangkal Road,False,40.0,Uncategorized,2
11350349108,11350349109,29.529232493057087,service,Unnamed,False,25.85,Uncategorized,
11350349109,424722671,29.238854923696664,service,Unnamed,False,25.85,Uncategorized,
11350349109,11350349108,29.529232493057087,service,Unnamed,False,25.85,Uncategorized,
11350349109,422732405,56.072631122396864,service,Unnamed,False,25.85,Uncategorized,
11379613362,10908641911,20.080670750390276,residential,El Danda Street,False,40.0,Uncategorized,2
11379613362,7617940699,5.360445260868057,residential,El Danda Street,False,40.0,Uncategorized,2
11379613362,8886679735,72.56856322325237,service,Unnamed,False,25.85,private,
11750543436,1300391248,5.336700617754521,secondary,Jamboree Road,False,30.0,Uncategorized,2
11750543436,454734326,19.44929897414174,secondary,Jamboree Road,False,30.0,Uncategorized,2
11750543437,454734326,21.025841881179407,unclassified,Unnamed,True,30.0,destination,
11750543437,11750543436,19.98781476518481,unclassified,Unnamed,True,33.07,destination,
11750543438,11750543443,118.32514852920363,service,Unnamed,False,25.85,Uncategorized,
11750543443,1300391365,114.19462798684536,service,Unnamed,False,30.0,destination,
11750543443,8289426906,243.77523775073212,service,Unnamed,False,30.0,destination,
11750543443,11750543438,118.32514852920364,service,Unnamed,False,25.85,Uncategorized,
11782395026,8383598842,138.74880940292257,footway,Unnamed,False,30.0,Uncategorized,
11783451968,5263092709,71.53231308155716,path,Unnamed,False,30.0,Uncategorized,
11783482765,5594610893,28.4948183908316,path,Unnamed,False,30.0,Uncategorized,
11783482765,1342057804,54.40057202255821,path,Unnamed,False,30.0,Uncategorized,
11783482765,1342057804,52.964195723872194,path,Unnamed,False,30.0,Uncategorized,
11787098264,1375542526,27.584099538351786,tertiary,Villegas,False,30.0,Uncategorized,
11787098264,1300391272,94.44546839991594,tertiary,Villegas,False,30.0,Uncategorized,
11787098264,11787113492,172.19778722179882,path,Unnamed,False,30.0,Uncategorized,
11787113492,11787098264,172.19778722179882,path,Unnamed,False,30.0,Uncategorized,
11787254203,253800876,35.80032799221713,tertiary,B. A. Villanueva,False,33.15,Uncategorized,
11787254203,253495824,53.63575391317897,tertiary,B. A. Villanueva,False,33.15,Uncategorized,
11787254203,11787254205,149.11714019769656,footway,Unnamed,False,30.0,Uncategorized,
11787254205,11787254203,149.11714019769656,footway,Unnamed,False,30.0,Uncategorized,
11804158236,11804158238,2.2772948418422203,footway,Unnamed,False,30.0,Uncategorized,
11804158237,2361575007,11.101524045607164,tertiary,Jose B. Juliano Avenue,False,33.15,Uncategorized,2
11804158237,11804158241,10.741881060918812,tertiary,Jose B. Juliano Avenue,False,33.15,Uncategorized,2
11804158237,12256481415,3.4522465724783533,steps,Unnamed,False,30.49,Uncategorized,
11804158237,12256481413,7.147481969518959,footway,Unnamed,False,30.0,Uncategorized,
11804158238,12256481415,10.94971966738434,steps,Unnamed,False,30.49,Uncategorized,
11804158238,11804158236,2.2772948418422203,footway,Unnamed,False,30.0,Uncategorized,
11804158238,12256481416,18.551178953694567,service,Unnamed,False,25.85,Uncategorized,
11804158238,12256481417,19.53428481957363,service,Unnamed,False,25.85,Uncategorized,
11804158241,11804158237,10.741881060918812,tertiary,Jose B. Juliano Avenue,False,33.15,Uncategorized,2
11804158241,10079104818,17.221713026901863,tertiary,Jose B. Juliano Avenue,False,33.15,Uncategorized,2
11804158241,12256481416,3.7867174181312717,service,Unnamed,False,25.85,Uncategorized,
12080060992,529871297,31.834455919818947,footway,Unnamed,False,30.0,Uncategorized,
12080060992,983332941,151.91410339405766,footway,Unnamed,False,30.0,Uncategorized,
12080060992,11343496663,34.12407797704239,footway,Unnamed,False,30.0,Uncategorized,
12118226985,2361575024,33.25265672412108,footway,Unnamed,False,30.0,Uncategorized,
12154520954,8893825522,5.469998862405963,primary,National Highway,False,30.49,Uncategorized,4
12154520954,12154520965,81.49643351039231,service,Unnamed,False,25.85,Uncategorized,
12154520965,8893825522,13.1729884594329,primary,National Highway,False,30.49,Uncategorized,4
12154520965,28997169,28.449693239749443,primary,National Highway,False,30.49,Uncategorized,4
12154520965,12154520954,81.4964335103923,service,Unnamed,False,25.85,Uncategorized,
12186657944,382803436,4.697851486268466,service,Unnamed,True,30.0,Uncategorized,1
12186657944,12186657945,17.658088722112254,footway,Unnamed,False,30.0,Uncategorized,
12186657944,12186657949,19.307206689631794,footway,Unnamed,False,30.0,Uncategorized,
12186657945,1445225147,5.506209673575999,footway,Unnamed,False,30.0,Uncategorized,
12186657945,583159664,7.423603599082259,footway,Unnamed,False,30.0,Uncategorized,
12186657945,12186657946,10.015152684890635,footway,Unnamed,False,30.0,Uncategorized,
12186657945,12186657944,17.658088722112254,footway,Unnamed,False,30.0,Uncategorized,
12186657946,583159665,4.599081302968247,footway,Unnamed,False,30.0,Uncategorized,
12186657946,583159664,8.566952891895635,footway,Unnamed,False,30.0,Uncategorized,
12186657946,12186657947,14.622448239804747,footway,Unnamed,False,30.0,Uncategorized,
12186657946,12186657945,10.015152684890635,footway,Unnamed,False,30.0,Uncategorized,
12186657947,573338770,4.153907682601452,footway,Unnamed,False,30.0,Uncategorized,
12186657947,12186657948,16.24978064162833,footway,Unnamed,False,30.0,Uncategorized,
12186657947,12186657946,14.622448239804747,footway,Unnamed,False,30.0,Uncategorized,
12186657947,1252052155,25.655466469610086,footway,Unnamed,False,30.0,Uncategorized,
12186657948,572999512,6.451318308522611,footway,Unnamed,False,30.0,Uncategorized,
12186657948,521340408,4.7296663091758795,footway,Unnamed,False,30.0,Uncategorized,
12186657948,12186657947,16.24978064162833,footway,Unnamed,False,30.0,Uncategorized,
12186657949,521340808,3.6669121980184944,footway,Unnamed,False,30.0,Uncategorized,
12186657949,12186657944,19.307206689631794,footway,Unnamed,False,30.0,Uncategorized,
12186657949,382816766,46.55737434759415,footway,Unnamed,False,30.0,Uncategorized,
12186657949,12188365820,51.376396544593014,footway,Unnamed,False,30.0,Uncategorized,
12186657951,436205061,14.513709941904976,unclassified,Andres P. Aglibut Avenue,False,30.0,Uncategorized,2
12186657951,434809834,5.726139047945729,unclassified,Andres P. Aglibut Avenue,False,30.0,Uncategorized,2
12186657951,12254040063,3.9561407204906516,footway,Unnamed,False,30.0,Uncategorized,
12186657951,12186657968,54.26588105780375,footway,Unnamed,False,30.0,Uncategorized,
12186657952,573305166,5.854582155304587,service,Unnamed,False,25.85,Uncategorized,1
12186657952,1524402195,3.5170050381473072,service,Unnamed,False,25.85,Uncategorized,1
12186657952,12186657953,94.01890218673375,footway,Unnamed,False,30.0,Uncategorized,
12186657952,12256481420,23.310911026758813,footway,Unnamed,False,30.0,Uncategorized,
12186657953,12186657954,71.10129918639619,footway,Unnamed,False,30.0,Uncategorized,
12186657953,12186657952,94.01890218673375,footway,Unnamed,False,30.0,Uncategorized,
12186657953,573297685,55.98676239598627,footway,Unnamed,False,30.0,Uncategorized,
12186657954,12186657967,16.05359452269104,footway,Unnamed,False,30.0,Uncategorized,
12186657954,12186657953,71.10129918639619,footway,Unnamed,False,30.0,Uncategorized,
12186657954,12254049903,5.626564752487955,footway,Unnamed,False,30.0,Uncategorized,
12186657955,253511252,5.514226808796821,unclassified,Pedro R. Sandoval Avenue,False,30.0,Uncategorized,2
12186657955,573296293,15.862651101525634,unclassified,Pedro R. Sandoval Avenue,False,30.0,Uncategorized,2
12186657955,12254049904,4.35746190770036,footway,Unnamed,False,30.0,Uncategorized,
12186657955,12186657967,22.74291558214721,footway,Unnamed,False,30.0,Uncategorized,
12186657956,12900324564,11.911376499374093,footway,Unnamed,False,30.0,Uncategorized,
12186657956,671866907,38.63544362840365,tertiary,Unnamed,False,33.15,customers,
12186657956,12254049941,4.16516770810144,tertiary,Unnamed,False,33.15,customers,
12186657956,12186657958,124.9985057499652,footway,Unnamed,False,30.0,Uncategorized,
12186657958,12254040059,14.08093729175984,footway,Unnamed,False,30.0,Uncategorized,
12186657958,12900324562,3.8865926166440143,footway,Unnamed,False,30.0,Uncategorized,
12186657958,12186657956,124.9985057499652,footway,Unnamed,False,30.0,Uncategorized,
12186657963,12186657971,29.608189331755774,footway,Unnamed,False,30.0,Uncategorized,
12186657963,12254040058,4.633222454972014,footway,Unnamed,False,30.0,Uncategorized,
12186657963,12186657964,2.8686770189728814,footway,Unnamed,False,30.0,Uncategorized,
12186657963,12254040059,187.74423125846937,footway,Unnamed,False,30.0,Uncategorized,
12186657964,382823527,4.930725495982659,service,Unnamed,False,25.85,Uncategorized,1
12186657964,382821826,15.944996485443918,footway,Unnamed,False,30.0,Uncategorized,
12186657964,12186657963,2.8686770189728814,footway,Unnamed,False,30.0,Uncategorized,
12186657964,1393350970,28.778853813357287,service,Unnamed,False,25.85,Uncategorized,1
12186657965,5507052448,10.427206517710733,footway,Unnamed,False,30.0,Uncategorized,
12186657965,382821826,1.6862841211175492,footway,Unnamed,False,30.0,Uncategorized,
12186657965,382821826,1.6862841211175492,footway,Unnamed,False,30.0,Uncategorized,
12186657967,12186657955,22.74291558214721,footway,Unnamed,False,30.0,Uncategorized,
12186657967,12186657954,16.05359452269104,footway,Unnamed,False,30.0,Uncategorized,
12186657967,573297709,24.686334977538774,path,Unnamed,False,30.0,Uncategorized,
12186657968,530613566,3.3819640387680234,footway,Unnamed,False,30.0,Uncategorized,
12186657968,447628660,33.322832808833404,footway,Unnamed,False,30.0,Uncategorized,
12186657968,795254773,5.769153860141925,steps,Unnamed,False,30.49,Uncategorized,
12186657968,12186657951,54.265881057803746,footway,Unnamed,False,30.0,Uncategorized,
12186657969,1430820978,5.437698399692783,footway,Unnamed,False,30.0,Uncategorized,
12186657969,1430820978,5.461478069435492,footway,Unnamed,False,30.0,Uncategorized,
12186657969,786430086,12.844830856444293,footway,Unnamed,False,30.0,Uncategorized,
12186657969,1430820980,7.5976021982170625,footway,Unnamed,False,30.0,Uncategorized,
12186657971,1393350970,2.7813688899767106,steps,Unnamed,False,30.49,Uncategorized,
12186657971,12186657972,26.979985148621196,footway,Unnamed,False,30.0,Uncategorized,
12186657971,12186657963,29.608189331755774,footway,Unnamed,False,30.0,Uncategorized,
12186657971,1393351011,5.613304233050504,steps,Unnamed,False,30.49,Uncategorized,
12186657972,12186657971,26.979985148621196,footway,Unnamed,False,30.0,Uncategorized,
12186657972,382812102,86.44383185770742,footway,Unnamed,False,30.0,Uncategorized,
12186657972,1393351049,22.994424475270947,steps,Unnamed,False,30.49,Uncategorized,
12186657973,524092501,2.8528090677623266,residential,Manuel L. Roxas,False,30.0,Uncategorized,2
12186657973,12186657974,23.868966916314896,footway,Unnamed,False,30.0,Uncategorized,
12186657973,10101122549,48.692711232832195,residential,Manuel L. Roxas,False,30.0,Uncategorized,2
12186657974,687360393,3.3881246363589073,footway,Unnamed,False,30.0,Uncategorized,
12186657974,12186657973,23.868966916314896,footway,Unnamed,False,30.0,Uncategorized,
12186657974,12186657981,8.74700832223624,footway,Unnamed,False,30.0,Uncategorized,
12186657976,438060248,4.912072182038647,service,Unnamed,False,25.85,Uncategorized,
12186657976,12186657977,17.767910160815514,footway,Unnamed,False,30.0,Uncategorized,
12186657976,12186657981,42.526312759420684,service,Unnamed,False,25.85,Uncategorized,
12186657976,12186657981,38.4848134917057,footway,Unnamed,False,30.0,Uncategorized,
12186657977,438060717,3.0176971847058813,service,Unnamed,False,25.85,Uncategorized,
12186657977,12186657978,35.68114527541399,footway,Unnamed,False,30.0,Uncategorized,
12186657977,12186657976,17.767910160815514,footway,Unnamed,False,30.0,Uncategorized,
12186657977,438060714,45.31827821813178,service,Unnamed,False,25.85,Uncategorized,
12186657978,5499087143,3.683206915964971,footway,Unnamed,False,30.0,Uncategorized,
12186657978,5499087138,18.25845374371753,footway,Unnamed,False,30.0,Uncategorized,
12186657978,12186657977,35.68114527541399,footway,Unnamed,False,30.0,Uncategorized,
12186657978,12186657980,86.11015115268083,footway,Unnamed,False,30.0,Uncategorized,
12186657980,12254040019,6.721848037135523,footway,Unnamed,False,30.0,Uncategorized,
12186657980,5507043115,15.734418947900238,footway,Unnamed,False,30.0,Uncategorized,
12186657980,12186657978,86.11015115268083,footway,Unnamed,False,30.0,Uncategorized,
12186657981,12186657974,8.74700832223624,footway,Unnamed,False,30.0,Uncategorized,
12186657981,12186657976,42.526312759420684,service,Unnamed,False,25.85,Uncategorized,
12186657981,12186657976,38.4848134917057,footway,Unnamed,False,30.0,Uncategorized,
12186657981,438060249,4.102058780927522,service,Unnamed,False,25.85,Uncategorized,
12186657982,983332788,5.711962788863591,service,Men's Dorm Driveway,False,25.85,Uncategorized,
12186657982,983332782,7.180935929772586,service,Men's Dorm Driveway,False,25.85,Uncategorized,
12186657982,6363688936,6.8154573202560185,footway,Unnamed,False,30.0,Uncategorized,
12186657982,12186657984,47.03635243526074,footway,Unnamed,False,30.0,Uncategorized,
12186657984,983332751,4.686293517139472,service,Men's Dorm Driveway,False,25.85,Uncategorized,
12186657984,12254040022,5.885829767702169,footway,Unnamed,False,30.0,Uncategorized,
12186657984,983332759,19.715824660055905,service,Men's Dorm Driveway,False,25.85,Uncategorized,
12186657984,12186657982,47.03635243526074,footway,Unnamed,False,30.0,Uncategorized,
12186657986,1445273674,7.7074620212864895,footway,Unnamed,False,30.0,Uncategorized,
12186657986,12186657987,23.98840714167157,footway,Unnamed,False,30.0,Uncategorized,
12186657986,1923626808,54.02038632564991,footway,Unnamed,False,30.0,Uncategorized,
12186657986,12254040022,26.76419703558786,footway,Unnamed,False,30.0,Uncategorized,
12186657987,12186657988,3.028460080804207,footway,Unnamed,False,30.0,Uncategorized,
12186657987,12186657986,23.98840714167157,footway,Unnamed,False,30.0,Uncategorized,
12186657987,12186657995,100.8091850874132,footway,Unnamed,False,30.0,Uncategorized,
12186657988,382824760,4.434825769344802,residential,Juan V. Pancho,False,30.0,Uncategorized,2
12186657988,12186657989,5.9365927636048115,footway,Unnamed,False,30.0,Uncategorized,
12186657988,12186657987,3.028460080804207,footway,Unnamed,False,30.0,Uncategorized,
12186657988,438049322,101.30077984747784,residential,Juan V. Pancho,False,30.0,Uncategorized,2
12186657989,5507052389,4.744672177084983,footway,Unnamed,False,30.0,Uncategorized,
12186657989,12186657988,5.9365927636048115,footway,Unnamed,False,30.0,Uncategorized,
12186657989,5507052392,97.40807000479954,footway,Unnamed,False,30.0,Uncategorized,
12186657989,12186657991,14.96476872570872,footway,Unnamed,False,30.0,Uncategorized,
12186657991,382839766,5.56181090106425,service,Unnamed,False,25.85,Uncategorized,
12186657991,606516192,33.76090225247276,service,Unnamed,False,25.85,Uncategorized,
12186657991,12186657994,58.00031865818232,footway,Unnamed,False,30.0,Uncategorized,
12186657991,12186657989,14.96476872570872,footway,Unnamed,False,30.0,Uncategorized,
12186657994,382824761,4.224461243067657,service,Unnamed,False,25.85,Uncategorized,
12186657994,12256481417,56.3633577794492,footway,Unnamed,False,30.0,Uncategorized,
12186657994,606516192,31.951660880986754,service,Unnamed,False,25.85,Uncategorized,
12186657994,12186657991,58.00031865818232,footway,Unnamed,False,30.0,Uncategorized,
12186657995,438049322,3.9101461263859347,residential,Getulio B. Viado,False,30.0,Uncategorized,2
12186657995,12186657987,100.8091850874132,footway,Unnamed,False,30.0,Uncategorized,
12186657995,438049332,96.09929655356058,residential,Getulio B. Viado,False,30.0,Uncategorized,2
12186657995,438049326,96.28324063871307,footway,Unnamed,False,30.0,Uncategorized,
12186657996,454086945,6.646581911233493,residential,Unnamed,False,31.86,Uncategorized,
12186657996,12186657997,52.73115663725753,footway,Unnamed,False,30.0,Uncategorized,
12186657996,454086900,116.05241387561372,residential,Unnamed,False,31.86,Uncategorized,
12186657996,12186673101,49.112665379335105,footway,Unnamed,False,30.0,Uncategorized,
12186657997,454086944,8.398660262112067,residential,Ipil-Ipil,False,30.0,Uncategorized,2
12186657997,12186657996,52.73115663725753,footway,Unnamed,False,30.0,Uncategorized,
12186657997,585906705,183.19663306117928,residential,Ipil-Ipil,False,30.0,Uncategorized,2
12186657997,12186658000,189.99331264830747,footway,Unnamed,False,30.0,Uncategorized,
12186658000,454087341,5.797006002321562,footway,Unnamed,False,30.0,Uncategorized,
12186658000,12186657997,189.9933126483075,footway,Unnamed,False,30.0,Uncategorized,
12186658000,1579271967,192.70222113196164,footway,Unnamed,False,30.0,Uncategorized,
12186673101,454086823,9.798194057675198,residential,Juan V. Pancho,False,30.0,Uncategorized,2
12186673101,454086900,46.043589046389094,residential,Juan V. Pancho,False,30.0,Uncategorized,2
12186673101,12186657996,49.112665379335105,footway,Unnamed,False,30.0,Uncategorized,
12186673101,5499087273,136.0938604862346,footway,Unnamed,False,30.0,Uncategorized,
12186673103,585912221,5.291943268040448,service,Unnamed,False,25.85,Uncategorized,
12186673103,585912216,39.86087563841561,service,Unnamed,False,25.85,Uncategorized,
12186673103,1579272040,50.81957852853935,footway,Unnamed,False,30.0,Uncategorized,
12186673103,12186673109,402.95797780621643,footway,Unnamed,False,30.0,Uncategorized,
12186673109,3723252208,24.07744462251827,service,Unnamed,False,25.85,Uncategorized,
12186673109,454087329,5.317404541998241,service,Unnamed,False,25.85,Uncategorized,
12186673109,1579271965,39.29306503548222,footway,Unnamed,False,30.0,Uncategorized,
12186673109,12186673103,402.95797780621643,footway,Unnamed,False,30.0,Uncategorized,
12186673113,454087325,3.962808916381523,footway,Unnamed,False,30.0,Uncategorized,
12186673113,12186673120,41.68722131969087,footway,Unnamed,False,30.0,Uncategorized,
12186673113,1579271927,243.65211111476978,service,Unnamed,False,25.85,Uncategorized,
12186673113,12186673115,104.6939278586787,footway,Unnamed,False,30.0,Uncategorized,
12186673115,454087640,6.471977565329971,residential,Felix O. Chinte Sr.,False,30.0,Uncategorized,2
12186673115,12186673116,102.20922924977872,footway,Unnamed,False,30.0,Uncategorized,
12186673115,585910304,46.885971305350964,residential,Felix O. Chinte Sr.,False,30.0,Uncategorized,2
12186673115,12186673113,104.6939278586787,footway,Unnamed,False,30.0,Uncategorized,
12186673116,454087638,4.665459015913421,service,Unnamed,False,25.85,Uncategorized,
12186673116,12186673117,41.08619203895259,footway,Unnamed,False,30.0,Uncategorized,
12186673116,12186673115,102.20922924977872,footway,Unnamed,False,30.0,Uncategorized,
12186673116,1336263435,27.95019910814588,service,Unnamed,False,25.85,Uncategorized,
12186673117,821353870,4.196219103203076,service,Unnamed,False,25.85,Uncategorized,
12186673117,12186673118,39.90448195486845,footway,Unnamed,False,30.0,Uncategorized,
12186673117,12186673116,41.08619203895259,footway,Unnamed,False,30.0,Uncategorized,
12186673117,1336263435,26.132603613666333,service,Unnamed,False,25.85,Uncategorized,
12186673118,585908058,3.5516465914334803,service,Unnamed,False,25.85,Uncategorized,
12186673118,12186673119,36.77478499929924,footway,Unnamed,False,30.0,Uncategorized,
12186673118,12186673117,39.90448195486845,footway,Unnamed,False,30.0,Uncategorized,
12186673118,1579271880,90.8575707547747,service,Unnamed,False,25.85,Uncategorized,
12186673119,454087636,4.313341368001702,residential,Valentin Sajor,False,30.0,Uncategorized,1
12186673119,12186673118,36.77478499929924,footway,Unnamed,False,30.0,Uncategorized,
12186673119,3723252202,65.83563025655312,residential,Valentin Sajor,False,30.0,Uncategorized,1
12186673120,1579271899,6.145800477405694,service,Unnamed,False,25.85,Uncategorized,
12186673120,12186673113,41.68722131969087,footway,Unnamed,False,30.0,Uncategorized,
12186673120,1579271929,94.9376269216075,footway,Unnamed,False,30.0,Uncategorized,
12186673120,1579271927,97.72020062394452,service,Unnamed,False,25.85,Uncategorized,
12186673121,12254040073,2.6227120845646597,footway,Unnamed,False,30.0,Uncategorized,
12186673121,1252052238,18.378928000942572,footway,Unnamed,False,30.0,Uncategorized,
12186673121,583159743,13.043004480774794,footway,Unnamed,False,30.0,Uncategorized,
12186673122,391722488,6.338135471114668,unclassified,Andres P. Aglibut Avenue,True,30.0,Uncategorized,2
12186673122,12254040073,3.077707081965614,footway,Unnamed,False,30.0,Uncategorized,
12186673122,1445225156,6.188722332842969,footway,Unnamed,False,30.0,Uncategorized,
12186673123,584698880,9.262195336603433,unclassified,Luz U. Oñate Street,False,30.0,Uncategorized,2
12186673123,390220194,3.4685642662043152,unclassified,Luz U. Oñate Street,False,30.0,Uncategorized,2
12186673123,12254040051,6.326376721308953,footway,Unnamed,False,30.0,Uncategorized,
12186673123,12186673125,48.70589714792405,footway,Unnamed,False,30.0,Uncategorized,
12186673125,761178654,6.3970086109836135,footway,Unnamed,False,30.0,Uncategorized,
12186673125,12254040017,59.97178621098769,footway,Unnamed,False,30.0,Uncategorized,
12186673125,12186673123,48.70589714792405,footway,Unnamed,False,30.0,Uncategorized,
12186673130,2108118045,9.591133629715909,footway,Unnamed,False,30.0,Uncategorized,
12186673130,12254040015,131.10997265793063,footway,Unnamed,False,30.0,Uncategorized,
12186673130,12254040017,31.346260726059594,footway,Unnamed,False,30.0,Uncategorized,
12186673137,391720939,2.8624242652649596,unclassified,Luz U. Oñate Street,False,30.0,Uncategorized,2
12186673137,529867763,15.078430537871027,unclassified,Luz U. Oñate Street,False,30.0,Uncategorized,2
12186673137,12186673138,10.630426964473992,footway,Unnamed,False,30.0,Uncategorized,
12186673137,12254040015,70.28484684534416,footway,Unnamed,False,30.0,Uncategorized,
12186673138,12186673137,10.630426964473992,footway,Unnamed,False,30.0,Uncategorized,
12186673138,529867760,16.715407866594074,footway,Unnamed,False,30.0,Uncategorized,
12186673138,12186673159,29.389050210571092,footway,Unnamed,False,30.0,Uncategorized,
12186673145,391723773,18.085179333934658,service,Unnamed,True,30.0,Uncategorized,
12186673145,12186673149,78.05671267737544,footway,Unnamed,False,30.0,Uncategorized,
12186673145,12186673159,59.12042615039074,footway,Unnamed,False,30.0,Uncategorized,
12186673149,432493370,5.05527592803409,footway,Unnamed,False,30.0,Uncategorized,
12186673149,12186673158,11.238609344594488,footway,Unnamed,False,30.0,Uncategorized,
12186673149,432493371,19.699261298176992,footway,Unnamed,False,30.0,Uncategorized,
12186673149,12186673145,78.05671267737546,footway,Unnamed,False,30.0,Uncategorized,
12186673151,12186673152,15.216153747233273,footway,Unnamed,False,30.0,Uncategorized,
12186673151,12254040094,34.85352415407123,footway,Unnamed,False,30.0,Uncategorized,
12186673151,12188365854,1.926550876822772,footway,Unnamed,False,30.0,Uncategorized,
12186673152,12186673151,15.216153747233273,footway,Unnamed,False,30.0,Uncategorized,
12186673152,431155005,17.60959039045584,footway,Unnamed,False,30.0,Uncategorized,
12186673152,12186673157,79.77647929729717,footway,Unnamed,False,30.0,Uncategorized,
12186673157,382802305,5.42613864399738,footway,Unnamed,False,30.0,Uncategorized,
12186673157,4791055608,2.7991369360768212,footway,Unnamed,False,30.0,Uncategorized,
12186673157,12186673152,79.77647929729717,footway,Unnamed,False,30.0,Uncategorized,
12186673158,391720786,3.7505770161598773,tertiary,Pedro R. Sandoval Avenue,False,33.15,Uncategorized,2
12186673158,391720785,19.482500220132412,tertiary,Pedro R. Sandoval Avenue,False,33.15,Uncategorized,2
12186673158,12186673149,11.238609344594488,footway,Unnamed,False,30.0,Uncategorized,
12186673158,12254040094,5.081081103104712,footway,Unnamed,False,30.0,Uncategorized,
12186673159,3172043397,7.825748712672562,footway,Unnamed,False,30.0,Uncategorized,
12186673159,529867751,17.77860104955106,footway,Unnamed,False,30.0,Uncategorized,
12186673159,12186673145,59.120426150390735,footway,Unnamed,False,30.0,Uncategorized,
12186673159,12186673138,29.38905021057109,footway,Unnamed,False,30.0,Uncategorized,
12186673160,497686301,4.282826593909972,footway,Unnamed,False,30.0,Uncategorized,
12186673160,1393351070,47.341678264483676,footway,Unnamed,False,30.0,Uncategorized,
12186673160,12254040055,69.31075602501187,footway,Unnamed,False,30.0,Uncategorized,
12186673174,767038087,21.74027220035748,service,Unnamed,False,25.85,Uncategorized,
12186673174,6361461442,19.916663961574663,footway,Unnamed,False,30.0,Uncategorized,
12186673174,1532125403,2.441802912247203,service,Unnamed,False,25.85,Uncategorized,
12186673174,12254040052,170.96980990128583,footway,Unnamed,False,30.0,Uncategorized,
12186673175,5506875594,7.814239189973149,footway,Unnamed,False,30.0,Uncategorized,
12186673175,1393350901,107.31569983822219,footway,Unnamed,False,30.0,Uncategorized,
12186673175,1393350850,43.724312396205114,footway,Unnamed,False,30.0,Uncategorized,
12186673176,1426038588,9.366861139577578,footway,Unnamed,False,30.0,Uncategorized,
12186673176,12186673177,48.473582294688676,footway,Unnamed,False,30.0,Uncategorized,
12186673176,1300393481,7.045129287856061,footway,Unnamed,False,30.0,Uncategorized,
12186673177,1426038590,8.950156505917233,footway,Unnamed,False,30.0,Uncategorized,
12186673177,573359639,8.213800076065732,footway,Unnamed,False,30.0,Uncategorized,
12186673177,12186673176,48.473582294688676,footway,Unnamed,False,30.0,Uncategorized,
12186673177,12186673178,16.24455112444222,footway,Unnamed,False,30.0,Uncategorized,
12186673178,529867569,13.654194672394986,path,Unnamed,False,30.0,Uncategorized,
12186673178,431156409,8.047032276292837,path,Unnamed,False,30.0,Uncategorized,
12186673178,983344015,23.6928167604366,footway,Unnamed,False,30.0,Uncategorized,
12186673178,12186673177,16.24455112444222,footway,Unnamed,False,30.0,Uncategorized,
12186673182,382802200,11.531099014098045,service,Unnamed,True,30.0,Uncategorized,
12186673182,12186673190,18.653879991858172,footway,Unnamed,False,30.0,Uncategorized,
12186673182,12186673189,46.56594403937453,footway,Unnamed,False,30.0,Uncategorized,
12186673188,382059036,31.084214153356847,residential,Oregano Street,False,40.0,Uncategorized,2
12186673188,253509347,4.564291938774882,residential,Oregano Street,False,40.0,Uncategorized,2
12186673188,12186673191,36.640883175023326,footway,Unnamed,False,30.0,Uncategorized,
12186673188,12186673204,28.468062309016528,footway,Unnamed,False,30.0,Uncategorized,
12186673189,382802198,4.814655645092225,service,Unnamed,True,30.0,Uncategorized,
12186673189,12186673182,46.56594403937453,footway,Unnamed,False,30.0,Uncategorized,
12186673189,4791055563,8.008479327475051,footway,Unnamed,False,30.0,Uncategorized,
12186673190,4737366923,5.000498680764321,service,Unnamed,False,25.85,Uncategorized,
12186673190,4737366520,29.574672230787154,service,Unnamed,False,25.85,Uncategorized,
12186673190,12186673192,27.303038278460427,footway,Unnamed,False,30.0,Uncategorized,
12186673190,12186673182,18.653879991858172,footway,Unnamed,False,30.0,Uncategorized,
12186673191,253779176,4.468825396840435,footway,Unnamed,False,30.0,Uncategorized,
12186673191,12186673188,36.640883175023326,footway,Unnamed,False,30.0,Uncategorized,
12186673191,12186673192,33.44513697769873,footway,Unnamed,False,30.0,Uncategorized,
12186673192,471322033,4.510707265158182,footway,Unnamed,False,30.0,Uncategorized,
12186673192,12186673191,33.44513697769873,footway,Unnamed,False,30.0,Uncategorized,
12186673192,12186673190,27.303038278460427,footway,Unnamed,False,30.0,Uncategorized,
12186673193,382802365,6.673612007124231,footway,Unnamed,False,30.0,Uncategorized,
12186673193,848374853,32.67422076536909,footway,Unnamed,False,30.0,Uncategorized,
12186673193,2169969882,90.16377020851513,footway,Unnamed,False,30.0,Uncategorized,
12186673196,471322074,22.260861710759087,footway,Unnamed,False,30.0,Uncategorized,
12186673196,471322033,4.995288487742547,footway,Unnamed,False,30.0,Uncategorized,
12186673196,12186673202,34.65232733400108,footway,Unnamed,False,30.0,Uncategorized,
12186673196,2169969882,11.559864210462107,footway,Unnamed,False,30.0,Uncategorized,
12186673201,439224014,4.612196023823671,footway,Unnamed,False,30.0,Uncategorized,
12186673201,12186673202,60.18027987730136,footway,Unnamed,False,30.0,Uncategorized,
12186673201,12257218656,26.215563836906107,footway,Unnamed,False,30.0,Uncategorized,
12186673202,253779176,5.268230202607514,footway,Unnamed,False,30.0,Uncategorized,
12186673202,12186673196,34.65232733400108,footway,Unnamed,False,30.0,Uncategorized,
12186673202,1252052116,30.23041663335602,footway,Unnamed,False,30.0,Uncategorized,
12186673202,12186673201,60.18027987730136,footway,Unnamed,False,30.0,Uncategorized,
12186673204,439224014,4.682115171001608,footway,Unnamed,False,30.0,Uncategorized,
12186673204,439224016,21.90925778000048,footway,Unnamed,False,30.0,Uncategorized,
12186673204,12186673188,28.468062309016528,footway,Unnamed,False,30.0,Uncategorized,
12186673204,12257218657,31.303112424012767,footway,Unnamed,False,30.0,Uncategorized,
12186673206,761218967,4.729236860553064,service,Unnamed,False,25.85,permissive,
12186673206,12186673207,15.506506330006664,footway,Unnamed,False,30.0,Uncategorized,
12186673206,12257218656,5.461474878794996,footway,Unnamed,False,30.0,Uncategorized,
12186673206,761218965,74.34947371377882,service,Unnamed,False,25.85,permissive,
12186673207,447625166,5.386585735715512,footway,Unnamed,False,30.0,Uncategorized,
12186673207,12186673208,31.228007969989257,footway,Unnamed,False,30.0,Uncategorized,
12186673207,12186673206,15.506506330006664,footway,Unnamed,False,30.0,Uncategorized,
12186673207,484163662,53.94665189245433,footway,Unnamed,False,30.0,Uncategorized,
12186673208,253771507,5.37408106426089,residential,Francisco O. Santos Street,False,40.0,Uncategorized,2
12186673208,12186673207,31.228007969989257,footway,Unnamed,False,30.0,Uncategorized,
12186673208,382058784,66.73932163444617,residential,Francisco O. Santos Street,False,40.0,Uncategorized,2
12186673208,12186673210,73.20981657345747,footway,Unnamed,False,30.0,Uncategorized,
12186673210,3740038574,5.643345521203503,footway,Unnamed,False,30.0,Uncategorized,
12186673210,12186673211,37.89518964924386,footway,Unnamed,False,30.0,Uncategorized,
12186673210,2442931633,64.53345816595045,footway,Unnamed,False,30.0,Uncategorized,
12186673210,12186673208,73.20981657345747,footway,Unnamed,False,30.0,Uncategorized,
12186673211,760872630,4.479860127299372,footway,Unnamed,False,30.0,Uncategorized,
12186673211,12186673212,15.229762387545641,footway,Unnamed,False,30.0,Uncategorized,
12186673211,12186673210,37.89518964924386,footway,Unnamed,False,30.0,Uncategorized,
12186673211,742226843,65.82041521317447,service,Unnamed,False,25.85,private,
12186673212,253507795,3.4721684909352466,service,Unnamed,True,25.85,Uncategorized,
12186673212,12186673213,25.208568696114323,footway,Unnamed,False,30.0,Uncategorized,
12186673212,12186673211,15.229762387545641,footway,Unnamed,False,30.0,Uncategorized,
12186673213,12257218659,8.707290252514467,footway,Unnamed,False,30.0,Uncategorized,
12186673213,12186673212,25.208568696114323,footway,Unnamed,False,30.0,Uncategorized,
12186673213,12186673212,34.73793621062263,service,Unnamed,True,25.85,Uncategorized,
12186673218,253795223,4.4957139741906085,residential,Halcon Street,False,40.0,Uncategorized,2
12186673218,12257218662,14.233170790569476,footway,Unnamed,False,30.0,Uncategorized,
12186673218,253794266,63.85892870994928,residential,Halcon Street,False,40.0,Uncategorized,2
12186673218,12257218664,63.36179504942463,footway,Unnamed,False,30.0,Uncategorized,
12186673224,2467238657,4.394070047225769,service,Unnamed,False,25.85,Uncategorized,
12186673224,2467238651,12.38203509369421,service,Unnamed,False,25.85,Uncategorized,
12186673224,12186673226,77.24424636949857,footway,Unnamed,False,30.0,Uncategorized,
12186673224,12257218667,63.87790755092993,footway,Unnamed,False,30.0,Uncategorized,
12186673226,1246510611,29.390313850639465,service,Unnamed,False,25.85,Uncategorized,
12186673226,436196535,4.425276659678762,service,Unnamed,False,25.85,Uncategorized,
12186673226,12186673227,38.502577059940215,footway,Unnamed,False,30.0,Uncategorized,
12186673226,12186673224,77.24424636949857,footway,Unnamed,False,30.0,Uncategorized,
12186673227,3184357215,4.811460027459648,service,Unnamed,False,25.85,private,
12186673227,12186673228,24.94951188820928,footway,Unnamed,False,30.0,Uncategorized,
12186673227,12186673226,38.502577059940215,footway,Unnamed,False,30.0,Uncategorized,
12186673227,3184357213,16.282625415359256,service,Unnamed,False,25.85,private,
12186673228,1524452310,4.671415373969503,service,Unnamed,False,25.85,private,
12186673228,12186673227,24.94951188820928,footway,Unnamed,False,30.0,Uncategorized,
12186673228,1524452304,58.43497194083908,service,Unnamed,False,25.85,private,
12186673228,12309806557,90.87713768665495,footway,Unnamed,False,30.0,Uncategorized,
12186673230,6497035732,2.3081670342307166,residential,El Danda Street,False,40.0,Uncategorized,2
12186673230,12309806557,21.45374394118388,footway,Unnamed,False,30.0,Uncategorized,
12186673230,436202664,72.880971844019,residential,El Danda Street,False,40.0,Uncategorized,2
12186673230,12186673234,48.37997118884497,footway,Unnamed,False,30.0,Uncategorized,
12186673232,762080261,7.963799678168194,service,Unnamed,False,25.85,Uncategorized,
12186673232,436197709,3.0016596165795417,service,Unnamed,False,25.85,Uncategorized,
12186673232,12186673234,15.813606066254037,footway,Unnamed,False,30.0,Uncategorized,
12186673232,12309536790,95.25900999401344,footway,Unnamed,False,30.0,Uncategorized,
12186673234,2462899399,2.945869528110165,footway,Unnamed,False,30.0,Uncategorized,
12186673234,12186673232,15.813606066254037,footway,Unnamed,False,30.0,Uncategorized,
12186673234,1485542014,7.740803192237836,steps,Unnamed,False,30.49,Uncategorized,
12186673234,12186673230,48.37997118884497,footway,Unnamed,False,30.0,Uncategorized,
12186673235,418627328,61.32305530267864,residential,Samat Street,False,30.0,Uncategorized,2
12186673235,253804148,4.689798969368402,residential,Samat Street,False,30.0,Uncategorized,2
12186673235,12257218664,6.599052516163736,footway,Unnamed,False,30.0,Uncategorized,
12186673235,12257218667,94.33963715518215,footway,Unnamed,False,30.0,Uncategorized,
12188365817,847751683,30.98767719110004,footway,Unnamed,False,30.0,Uncategorized,
12188365817,12188365819,8.822865948387475,footway,Unnamed,False,30.0,Uncategorized,
12188365817,431156455,6.660475593660542,footway,Unnamed,False,30.0,Uncategorized,
12188365818,12188365819,3.559018402127378,footway,Unnamed,False,30.0,Uncategorized,
12188365818,12188365820,8.161024629314486,footway,Unnamed,False,30.0,Uncategorized,
12188365818,382816766,67.74365384053539,footway,Unnamed,False,30.0,Uncategorized,
12188365819,12188365818,3.559018402127378,footway,Unnamed,False,30.0,Uncategorized,
12188365819,12188365817,8.822865948387475,footway,Unnamed,False,30.0,Uncategorized,
12188365819,382803684,11.356863716606723,unclassified,Harold Cuzner Royal Palm Avenue,True,30.0,Uncategorized,2
12188365820,12188365823,4.133579132132822,footway,Unnamed,False,30.0,Uncategorized,
12188365820,12186657949,51.376396544593014,footway,Unnamed,False,30.0,Uncategorized,
12188365820,12188365818,8.161024629314486,footway,Unnamed,False,30.0,Uncategorized,
12188365821,12188365822,1.7571319807505685,footway,Unnamed,False,30.0,Uncategorized,
12188365821,4792449593,11.18595110222757,footway,Unnamed,False,30.0,Uncategorized,
12188365821,382803329,29.176431026061152,footway,Unnamed,False,30.0,Uncategorized,
12188365822,382802761,5.125930901596054,unclassified,Pedro R. Sandoval Avenue,True,30.0,Uncategorized,2
12188365822,12188365821,1.7571319807505685,footway,Unnamed,False,30.0,Uncategorized,
12188365822,12188365823,2.237025208080599,footway,Unnamed,False,30.0,Uncategorized,
12188365823,382802761,5.723648805881284,unclassified,Unnamed,True,30.0,Uncategorized,2
12188365823,12188365822,2.237025208080599,footway,Unnamed,False,30.0,Uncategorized,
12188365823,12188365820,4.133579132132822,footway,Unnamed,False,30.0,Uncategorized,
12188365824,4791056633,3.7872720436865808,footway,Unnamed,False,30.0,Uncategorized,
12188365824,769875795,57.35002751366153,footway,Unnamed,False,30.0,Uncategorized,
12188365824,12188365825,92.65990708613333,footway,Unnamed,False,30.0,Uncategorized,
12188365824,12254040097,4.48514253998751,footway,Unnamed,False,30.0,Uncategorized,
12188365825,382803573,4.590143285827024,footway,Unnamed,False,30.0,Uncategorized,
12188365825,769875795,70.19477363239795,footway,Unnamed,False,30.0,Uncategorized,
12188365825,12188365824,92.65990708613333,footway,Unnamed,False,30.0,Uncategorized,
12188365826,12188365829,3.4434777108045935,footway,Unnamed,False,30.0,Uncategorized,
12188365826,12188365829,10.347221670393434,steps,Unnamed,False,30.49,Uncategorized,
12188365826,1426038588,2.729473086819833,footway,Unnamed,False,30.0,Uncategorized,
12188365829,12188365839,36.200282775573655,footway,Unnamed,False,30.0,Uncategorized,
12188365829,12188365826,3.4434777108045935,footway,Unnamed,False,30.0,Uncategorized,
12188365829,12188365826,10.347221670393434,steps,Unnamed,False,30.49,Uncategorized,
12188365830,767038071,10.93599204355372,footway,Unnamed,False,30.0,Uncategorized,
12188365830,821375572,9.796910787356342,footway,Unnamed,False,30.0,Uncategorized,
12188365830,12188365835,2.5579302291238775,footway,Unnamed,False,30.0,Uncategorized,
12188365833,821375572,3.771736210412695,footway,Unnamed,False,30.0,Uncategorized,
12188365833,1300393481,4.875935036539341,footway,Unnamed,False,30.0,Uncategorized,
12188365833,12188365834,2.368684357722369,footway,Unnamed,False,30.0,Uncategorized,
12188365834,12188365833,2.368684357722369,footway,Unnamed,False,30.0,Uncategorized,
12188365834,12188365835,13.568541590675151,steps,Unnamed,False,30.49,Uncategorized,
12188365834,12188365835,55.803942140868585,footway,Unnamed,False,30.0,Uncategorized,
12188365835,12188365830,2.5579302291238775,footway,Unnamed,False,30.0,Uncategorized,
12188365835,12188365834,13.568541590675151,steps,Unnamed,False,30.49,Uncategorized,
12188365835,12188365834,55.803942140868585,footway,Unnamed,False,30.0,Uncategorized,
12188365836,1426038590,4.264178988454045,footway,Unnamed,False,30.0,Uncategorized,
12188365836,12188365839,2.2871871894698352,footway,Unnamed,False,30.0,Uncategorized,
12188365836,12188365839,8.041159154322948,steps,Unnamed,False,30.49,Uncategorized,
12188365839,12188365836,2.2871871894698352,footway,Unnamed,False,30.0,Uncategorized,
12188365839,12188365836,8.04115915432295,steps,Unnamed,False,30.49,Uncategorized,
12188365839,12188365829,36.200282775573655,footway,Unnamed,False,30.0,Uncategorized,
12188365842,12254060476,2.3240754697330908,footway,Unnamed,False,30.0,Uncategorized,
12188365842,821375570,2.5519962484753025,footway,Unnamed,False,30.0,Uncategorized,
12188365842,821375570,9.062799257004531,steps,Unnamed,False,30.49,Uncategorized,
12188365846,453004735,16.951409925808832,service,Unnamed,False,25.85,Uncategorized,
12188365846,438049325,1.8408106817250525,service,Unnamed,False,25.85,Uncategorized,
12188365846,12188365849,26.906467969084748,footway,Unnamed,False,30.0,Uncategorized,
12188365849,438049323,2.619167431012552,service,Unnamed,False,25.85,Uncategorized,
12188365849,453004738,3.205453880144902,service,Unnamed,False,25.85,Uncategorized,
12188365849,5507052385,12.941827365250068,footway,Unnamed,False,30.0,Uncategorized,
12188365849,12188365846,26.906467969084744,footway,Unnamed,False,30.0,Uncategorized,
12188365850,12254040014,137.93395200366012,footway,Unnamed,False,30.0,Uncategorized,
12188365850,6948369163,25.157397252877715,footway,Unnamed,False,30.0,Uncategorized,
12188365850,767038125,21.713984432466837,footway,Unnamed,False,30.0,permissive,
12188365852,560712423,10.437465449641774,footway,Unnamed,False,30.0,Uncategorized,
12188365852,560712420,16.586449536718117,footway,Unnamed,False,30.0,Uncategorized,
12188365852,3172043397,8.401496579518943,footway,Unnamed,False,30.0,Uncategorized,
12188365853,12188365854,9.885579478009799,footway,Unnamed,False,30.0,Uncategorized,
12188365853,529870549,8.80330068296487,footway,Unnamed,False,30.0,Uncategorized,
12188365853,529869099,8.684203538136115,footway,Unnamed,False,30.0,Uncategorized,
12188365854,1426038676,8.37901088987535,secondary,Victoria M. Ela Avenue,False,30.0,Uncategorized,4
12188365854,12186673151,1.926550876822772,footway,Unnamed,False,30.0,Uncategorized,
12188365854,12188365853,9.885579478009799,footway,Unnamed,False,30.0,Uncategorized,
12188365854,1252052142,26.395845295396626,secondary,Victoria M. Ela Avenue,False,30.0,Uncategorized,4
12188365859,1252052126,3.45404470185307,service,Unnamed,False,25.85,Uncategorized,
12188365859,12256481419,21.44609870990266,footway,Unnamed,False,30.0,Uncategorized,
12188365859,1252052052,9.12528267919202,service,Unnamed,False,25.85,private,
12188365859,12256481422,76.24145819796743,footway,Unnamed,False,30.0,Uncategorized,
12188365860,12188365861,51.28131248213809,footway,Unnamed,False,30.0,Uncategorized,
12188365860,12256481419,18.947231684298067,footway,Unnamed,False,30.0,Uncategorized,
12188365860,573305166,4.136962894584212,service,Unnamed,False,25.85,Uncategorized,
12188365860,1252052042,10.00239286873935,service,Unnamed,False,25.85,private,
12188365861,434809837,3.3518456671597456,service,Unnamed,False,25.85,Uncategorized,
12188365861,12188365862,44.36562254161664,footway,Unnamed,False,30.0,Uncategorized,
12188365861,12188365860,51.28131248213809,footway,Unnamed,False,30.0,Uncategorized,
12188365861,1119886495,47.922285957797975,service,Unnamed,False,25.85,Uncategorized,
12188365862,434809839,3.0776221044257555,service,Unnamed,False,25.85,private,2
12188365862,12188365861,44.36562254161664,footway,Unnamed,False,30.0,Uncategorized,
12188365862,435133797,93.34629226119466,service,Unnamed,False,25.85,private,2
12188365862,12188365864,77.4944965517638,footway,Unnamed,False,30.0,Uncategorized,
12188365864,12188365865,5.766258984355309,footway,Unnamed,False,30.0,Uncategorized,
12188365864,12188365862,77.4944965517638,footway,Unnamed,False,30.0,Uncategorized,
12188365864,1412701851,24.13309038063587,residential,Unnamed,True,30.0,private,1
12188365865,12188365866,58.02239585310085,footway,Unnamed,False,30.0,Uncategorized,
12188365865,12188365864,5.766258984355309,footway,Unnamed,False,30.0,Uncategorized,
12188365865,8314748110,2.8184196881746355,residential,Unnamed,True,30.0,Uncategorized,1
12188365866,452998511,2.1066015999565164,residential,Unnamed,False,30.0,Uncategorized,
12188365866,12188365865,58.02239585310085,footway,Unnamed,False,30.0,Uncategorized,
12188365866,1288947758,101.81101191902533,residential,Unnamed,False,30.0,Uncategorized,
12208656334,5594639164,39.334078640551475,residential,Unnamed,False,31.86,Uncategorized,
12208656334,5633907709,26.006405972275484,residential,Unnamed,False,31.86,Uncategorized,
12208656334,5263092709,49.56222421663111,residential,Unnamed,False,31.86,Uncategorized,
12208656335,5633904510,29.10772358863315,residential,Unnamed,False,31.86,Uncategorized,
12208656335,5618912007,95.06076093016041,tertiary,Hilario T. Apolinario,False,33.15,Uncategorized,
12208656335,7688586302,101.6583958850839,tertiary,Hilario T. Apolinario,False,33.15,Uncategorized,
12254024663,429492316,4.77260624211956,service,LB Square Parkway,False,30.0,Uncategorized,1
12254024663,12254024700,15.267884536656611,footway,Unnamed,False,30.0,Uncategorized,
12254024663,12257218657,13.42262201853522,footway,Unnamed,False,30.0,Uncategorized,
12254024663,2349006166,34.98833395255257,service,LB Square Parkway,False,30.0,Uncategorized,1
12254024665,2385949411,5.883829862551299,service,Unnamed,False,25.85,Uncategorized,
12254024665,2385949410,5.127129929739962,service,Unnamed,False,25.85,Uncategorized,
12254024665,12254024666,45.07103965850541,footway,Unnamed,False,30.0,Uncategorized,
12254024665,12254024700,71.15737476901022,footway,Unnamed,False,30.0,Uncategorized,
12254024666,1184304990,5.1413624520987025,service,Unnamed,False,25.85,Uncategorized,
12254024666,253493171,4.762746794918295,service,Unnamed,False,25.85,Uncategorized,
12254024666,12254024665,45.07103965850541,footway,Unnamed,False,30.0,Uncategorized,
12254024666,12257218660,67.25659682285429,footway,Unnamed,False,30.0,Uncategorized,
12254024672,1246493256,5.418672156670602,residential,Unnamed,False,31.86,Uncategorized,
12254024672,12254024697,16.779684483037833,footway,Unnamed,False,30.0,Uncategorized,
12254024672,3008540888,139.34873049484628,residential,Unnamed,False,31.86,private,
12254024672,12257218660,137.6504681503508,footway,Unnamed,False,30.0,Uncategorized,
12254024676,435147994,4.831731124756965,service,Siving,False,25.85,private,
12254024676,12257218666,35.33079053812435,footway,Unnamed,False,30.0,Uncategorized,
12254024676,1926723144,130.8054381957119,service,Siving,False,25.85,private,
12254024676,12254024699,59.176997236941595,footway,Unnamed,False,30.0,Uncategorized,
12254024679,436196526,5.392064417335792,footway,Unnamed,False,30.0,Uncategorized,
12254024679,437207626,38.95064507284652,footway,Unnamed,False,30.0,Uncategorized,
12254024679,12254024681,42.47233766749566,footway,Unnamed,False,30.0,Uncategorized,
12254024679,12257218666,53.536446329386884,footway,Unnamed,False,30.0,Uncategorized,
12254024681,437207220,4.974841491887035,service,Unnamed,False,25.85,private,
12254024681,12254024682,49.7026477321458,footway,Unnamed,False,30.0,Uncategorized,
12254024681,437207203,78.14469602966753,service,Unnamed,False,25.85,private,
12254024681,12254024679,42.47233766749566,footway,Unnamed,False,30.0,Uncategorized,
12254024682,436196535,5.119868283134408,footway,Unnamed,False,30.0,private,
12254024682,12254024695,16.09046337730649,footway,Unnamed,False,30.0,Uncategorized,
12254024682,12254024681,49.7026477321458,footway,Unnamed,False,30.0,Uncategorized,
12254024682,436196533,82.9424187370438,footway,Unnamed,False,30.0,private,
12254024683,436196841,4.671795049296445,service,Unnamed,False,25.85,private,
12254024683,12254024684,25.009514726182775,footway,Unnamed,False,30.0,Uncategorized,
12254024683,12254024696,13.44349288940732,footway,Unnamed,False,30.0,Uncategorized,
12254024683,436196839,23.529485899705474,service,Unnamed,False,25.85,private,
12254024684,253493602,4.706517345607727,footway,Unnamed,False,30.0,private,
12254024684,12254024685,22.93186989874959,footway,Unnamed,False,30.0,Uncategorized,
12254024684,12254024683,25.009514726182775,footway,Unnamed,False,30.0,Uncategorized,
12254024684,2402477330,49.79051418408471,footway,Unnamed,False,30.0,private,
12254024685,2207622428,4.928102214911341,service,Unnamed,False,25.85,private,
12254024685,12254024686,14.538652365805785,footway,Unnamed,False,30.0,Uncategorized,
12254024685,12254024684,22.93186989874959,footway,Unnamed,False,30.0,Uncategorized,
12254024685,2207622433,20.235313043061502,service,Unnamed,False,25.85,private,
12254024686,447737202,4.719182350040999,footway,Unnamed,False,30.0,Uncategorized,
12254024686,447737201,8.54255326063171,footway,Unnamed,False,30.0,Uncategorized,
12254024686,12254024687,29.185134178076222,footway,Unnamed,False,30.0,Uncategorized,
12254024686,12254024685,14.538652365805785,footway,Unnamed,False,30.0,Uncategorized,
12254024687,436197015,4.680109761082224,footway,Unnamed,False,30.0,private,
12254024687,12309806556,19.73181631978744,footway,Unnamed,False,30.0,Uncategorized,
12254024687,12254024686,29.185134178076222,footway,Unnamed,False,30.0,Uncategorized,
12254024687,436197058,9.516097420437248,footway,Unnamed,False,30.0,private,
12254024690,12309806555,4.713251799957186,footway,Unnamed,False,30.0,Uncategorized,
12254024690,492083373,86.78779622953797,service,Unnamed,False,25.85,private,
12254024690,12309806556,65.51058909636444,footway,Unnamed,False,30.0,Uncategorized,
12254024695,436196620,5.408189857874947,footway,Unnamed,False,30.0,private,
12254024695,12254024696,11.547951225655549,footway,Unnamed,False,30.0,Uncategorized,
12254024695,12254024682,16.09046337730649,footway,Unnamed,False,30.0,Uncategorized,
12254024695,436196610,46.334523047850944,footway,Unnamed,False,30.0,private,
12254024696,436196714,5.1733005430036405,footway,Unnamed,False,30.0,private,
12254024696,12254024683,13.44349288940732,footway,Unnamed,False,30.0,Uncategorized,
12254024696,12254024695,11.547951225655549,footway,Unnamed,False,30.0,Uncategorized,
12254024696,436196712,40.12255941500426,footway,Unnamed,False,30.0,private,
12254024697,571851691,5.631678532340787,footway,Unnamed,False,30.0,Uncategorized,
12254024697,12254024698,20.382540712585797,footway,Unnamed,False,30.0,Uncategorized,
12254024697,12254024672,16.779684483037833,footway,Unnamed,False,30.0,Uncategorized,
12254024697,1521009830,52.865781298301144,steps,Unnamed,False,30.49,Uncategorized,
12254024698,253768787,4.994054462863926,unclassified,Agapita Road,False,30.0,destination,2
12254024698,12254024697,20.382540712585797,footway,Unnamed,False,30.0,Uncategorized,
12254024698,1521009830,33.06597449270198,unclassified,Agapita Road,False,30.0,destination,2
12254024698,12257218663,57.27916756432237,footway,Unnamed,False,30.0,Uncategorized,
12254024699,253804148,5.092154056275337,service,Unnamed,False,25.85,Uncategorized,
12254024699,12257218663,6.277282012860773,footway,Unnamed,False,30.0,Uncategorized,
12254024699,2392814252,28.339598991746296,service,Unnamed,False,25.85,Uncategorized,
12254024699,12254024676,59.176997236941595,footway,Unnamed,False,30.0,Uncategorized,
12254024700,1323145475,52.33216058202791,service,Unnamed,False,25.85,Uncategorized,
12254024700,1323145446,4.648058130451243,service,Unnamed,False,25.85,Uncategorized,
12254024700,12254024663,15.267884536656611,footway,Unnamed,False,30.0,Uncategorized,
12254024700,12254024665,71.15737476901022,footway,Unnamed,False,30.0,Uncategorized,
12254040014,12188365850,137.93395200366012,footway,Unnamed,False,30.0,Uncategorized,
12254040014,12254040016,9.879799056828329,footway,Unnamed,False,30.0,Uncategorized,
12254040014,6948385990,169.53067773857623,footway,Unnamed,False,30.0,Uncategorized,
12254040015,12254040016,4.5046721825144616,footway,Unnamed,False,30.0,Uncategorized,
12254040015,12186673137,70.28484684534416,footway,Unnamed,False,30.0,Uncategorized,
12254040015,12186673130,131.10997265793065,footway,Unnamed,False,30.0,Uncategorized,
12254040016,790709134,13.363412640189226,tertiary,Vicente M. Dawis Street,False,33.15,Uncategorized,2
12254040016,12254040015,4.5046721825144616,footway,Unnamed,False,30.0,Uncategorized,
12254040016,12254040014,9.879799056828329,footway,Unnamed,False,30.0,Uncategorized,
12254040016,12254040018,162.73698096334357,tertiary,Vicente M. Dawis Street,False,33.15,Uncategorized,2
12254040017,12254040018,5.633953500439768,footway,Unnamed,False,30.0,Uncategorized,
12254040017,12186673130,31.346260726059594,footway,Unnamed,False,30.0,Uncategorized,
12254040017,12186673125,59.97178621098769,footway,Unnamed,False,30.0,Uncategorized,
12254040018,431156129,13.984053942766911,tertiary,Vicente M. Dawis Street,False,33.15,Uncategorized,2
12254040018,12254040017,5.633953500439768,footway,Unnamed,False,30.0,Uncategorized,
12254040018,6948369163,5.18910769527519,footway,Unnamed,False,30.0,Uncategorized,
12254040018,12254040016,162.73698096334357,tertiary,Vicente M. Dawis Street,False,33.15,Uncategorized,2
12254040019,12186657980,6.721848037135523,footway,Unnamed,False,30.0,Uncategorized,
12254040019,5507328842,23.07712988420311,footway,Unnamed,False,30.0,Uncategorized,
12254040019,12254040020,4.905914615522303,footway,Unnamed,False,30.0,Uncategorized,
12254040020,382839764,10.135524624445411,residential,Jose B. Juliano Avenue,False,30.0,Uncategorized,2
12254040020,12254040019,4.905914615522303,footway,Unnamed,False,30.0,Uncategorized,
12254040020,1393350827,3.314236494701654,footway,Unnamed,False,30.0,Uncategorized,
12254040020,689737390,72.84210396808149,residential,Jose B. Juliano Avenue,False,30.0,Uncategorized,2
12254040021,6363688934,61.41306007251987,footway,Unnamed,False,30.0,Uncategorized,
12254040021,5507328571,41.26407265927377,footway,Unnamed,False,30.0,Uncategorized,
12254040021,12254040023,4.968424295896007,footway,Unnamed,False,30.0,Uncategorized,
12254040022,12186657984,5.885829767702169,footway,Unnamed,False,30.0,Uncategorized,
12254040022,12254040023,4.284135746340007,footway,Unnamed,False,30.0,Uncategorized,
12254040022,12186657986,26.76419703558786,footway,Unnamed,False,30.0,Uncategorized,
12254040023,983332751,3.5677724816457688,tertiary,Jose B. Juliano Avenue,False,33.15,Uncategorized,2
12254040023,12254040022,4.284135746340007,footway,Unnamed,False,30.0,Uncategorized,
12254040023,12254040021,4.968424295896007,footway,Unnamed,False,30.0,Uncategorized,
12254040023,1445273674,33.278388808189206,tertiary,Jose B. Juliano Avenue,False,33.15,Uncategorized,2
12254040024,687399434,3.473273378891563,service,Archibald R. Ward,False,25.0,Uncategorized,2
12254040024,689735688,19.787229421401317,service,Archibald R. Ward,False,25.0,Uncategorized,2
12254040024,6363688964,57.27975144893079,footway,Unnamed,False,30.0,Uncategorized,
12254040024,6363688960,20.875260053717135,footway,Unnamed,False,30.0,Uncategorized,
12254040025,452997259,41.6610442776323,residential,Joseph C. Madamba,False,35.0,Uncategorized,2
12254040025,8317776669,106.03923786594586,service,Unnamed,False,25.85,Uncategorized,
12254040025,5507328856,31.809351647810267,residential,Joseph C. Madamba,False,35.0,Uncategorized,2
12254040027,12254040031,7.2263984932006355,footway,Unnamed,False,30.0,Uncategorized,
12254040027,12254040030,33.28515575369547,footway,Unnamed,False,30.0,Uncategorized,
12254040027,2339064590,7.798656961537459,footway,Unnamed,False,30.0,Uncategorized,
12254040028,687333591,9.040016383973137,footway,Unnamed,False,30.0,Uncategorized,
12254040028,1532125089,6.798367921057303,footway,Unnamed,False,30.0,Uncategorized,
12254040028,12254040042,42.009182297727776,footway,Unnamed,False,30.0,Uncategorized,
12254040028,12254040033,36.656225327033354,footway,Unnamed,False,30.0,Uncategorized,
12254040029,527829431,7.135202643869944,tertiary,Valentino G. Argañosa,False,35.0,Uncategorized,2
12254040029,1119827801,443.19891833875494,tertiary,Valentino G. Argañosa,False,35.0,Uncategorized,2
12254040029,12254040042,70.76306786116265,footway,Unnamed,False,30.0,Uncategorized,
12254040030,687333243,5.541224678963066,service,Unnamed,False,25.85,Uncategorized,
12254040030,2339064601,10.014939278593285,service,Unnamed,False,25.85,Uncategorized,
12254040030,12254040027,33.28515575369547,footway,Unnamed,False,30.0,Uncategorized,
12254040030,13123779766,5.274833600628724,footway,Unnamed,False,30.0,Uncategorized,
12254040031,606307093,5.63022702159676,service,Unnamed,False,25.85,Uncategorized,
12254040031,527828410,7.21461230551187,service,Unnamed,False,25.85,Uncategorized,
12254040031,12254040045,21.164636291838104,footway,Unnamed,False,30.0,Uncategorized,
12254040031,12254040027,7.2263984932006355,footway,Unnamed,False,30.0,Uncategorized,
12254040032,527828377,6.253463071227181,service,Unnamed,False,25.85,Uncategorized,
12254040032,1532125094,5.996231424792447,service,Unnamed,False,25.85,Uncategorized,
12254040032,12254040033,19.601653969674015,footway,Unnamed,False,30.0,Uncategorized,
12254040032,12254040045,4.021101776849273,footway,Unnamed,False,30.0,Uncategorized,
12254040033,687356753,6.2886422148287275,service,Unnamed,False,25.85,Uncategorized,
12254040033,12254040028,36.656225327033354,footway,Unnamed,False,30.0,Uncategorized,
12254040033,12254040032,19.601653969674015,footway,Unnamed,False,30.0,Uncategorized,
12254040033,687333591,45.643897352427075,service,Unnamed,False,25.85,Uncategorized,
12254040037,527828318,22.860833438949985,footway,Unnamed,False,30.0,Uncategorized,
12254040037,13123779767,20.972989908996897,footway,Unnamed,False,30.0,Uncategorized,
12254040037,12254040041,48.008966334333586,footway,Unnamed,False,30.0,Uncategorized,
12254040038,1532125100,5.120656218281729,service,Sam B. Durham,False,25.0,Uncategorized,2
12254040038,12254040046,27.986375507894103,footway,Unnamed,False,30.0,Uncategorized,
12254040038,13123779767,38.35219962905168,footway,Unnamed,False,30.0,Uncategorized,
12254040038,687400866,47.55628037148443,service,Sam B. Durham,False,25.0,Uncategorized,2
12254040039,687356853,5.077806285841287,service,Swine Husbandry,False,25.0,Uncategorized,
12254040039,12254040043,64.03958321946357,footway,Unnamed,False,30.0,Uncategorized,
12254040039,12254040046,39.64874507442932,footway,Unnamed,False,30.0,Uncategorized,
12254040039,687360255,55.023451155880984,service,Swine Husbandry,False,25.0,Uncategorized,
12254040040,1532125062,5.651347305543632,residential,Joseph C. Madamba,False,35.0,Uncategorized,2
12254040040,12254040043,7.83929536224403,footway,Unnamed,False,30.0,Uncategorized,
12254040040,452997259,169.26283716203108,residential,Joseph C. Madamba,False,35.0,Uncategorized,2
12254040041,453004178,101.78070221855937,service,Manuel L. Roxas,False,25.0,Uncategorized,2
12254040041,1532125164,5.714319893259094,service,Manuel L. Roxas,False,25.0,Uncategorized,2
12254040041,12254040037,48.008966334333586,footway,Unnamed,False,30.0,Uncategorized,
12254040041,5507328828,2.018619624144534,footway,Unnamed,False,30.0,Uncategorized,
12254040042,12254040028,42.009182297727776,footway,Unnamed,False,30.0,Uncategorized,
12254040042,12254040044,6.357017455844237,footway,Unnamed,False,30.0,Uncategorized,
12254040042,12254040029,70.76306786116265,footway,Unnamed,False,30.0,Uncategorized,
12254040043,12254040040,7.83929536224403,footway,Unnamed,False,30.0,Uncategorized,
12254040043,12254040039,64.03958321946357,footway,Unnamed,False,30.0,Uncategorized,
12254040043,12254040044,5.228452790572264,footway,Unnamed,False,30.0,Uncategorized,
12254040044,1532125062,7.821026938510861,tertiary,Mariano M. Mondoñedo Avenue,False,35.0,Uncategorized,2
12254040044,12254040043,5.228452790572264,footway,Unnamed,False,30.0,Uncategorized,
12254040044,12254040042,6.357017455844237,footway,Unnamed,False,30.0,Uncategorized,
12254040044,1532125089,42.920334337937305,tertiary,Mariano M. Mondoñedo Avenue,False,35.0,Uncategorized,2
12254040045,12254040032,4.021101776849273,footway,Unnamed,False,30.0,Uncategorized,
12254040045,12254040031,21.164636291838104,footway,Unnamed,False,30.0,Uncategorized,
12254040045,12254040047,5.938076806989983,footway,Unnamed,False,30.0,Uncategorized,
12254040046,12254040039,39.64874507442932,footway,Unnamed,False,30.0,Uncategorized,
12254040046,12254040038,27.986375507894103,footway,Unnamed,False,30.0,Uncategorized,
12254040046,12254040047,5.098970224554583,footway,Unnamed,False,30.0,Uncategorized,
12254040047,606307093,20.93110108581727,tertiary,Mariano M. Mondoñedo Avenue,False,35.0,Uncategorized,2
12254040047,1532125094,4.014088028444729,tertiary,Mariano M. Mondoñedo Avenue,False,35.0,Uncategorized,2
12254040047,12254040046,5.098970224554583,footway,Unnamed,False,30.0,Uncategorized,
12254040047,12254040045,5.938076806989983,footway,Unnamed,False,30.0,Uncategorized,
12254040048,2112402466,3.260611309060424,footway,Unnamed,False,30.0,Uncategorized,
12254040048,2170279512,29.24904612028608,footway,Unnamed,False,30.0,Uncategorized,
12254040048,12254040050,6.741324908276345,footway,Unnamed,False,30.0,Uncategorized,
12254040049,6948369162,15.316326257830623,tertiary,Unnamed,False,33.15,no,3
12254040049,12254049933,9.479391980231078,footway,Unnamed,False,30.0,Uncategorized,
12254040049,5507052336,214.96903507303188,tertiary,Unnamed,False,33.15,no,3
12254040050,6361462006,61.20553407461038,tertiary,Pili Drive,True,33.15,Uncategorized,2
12254040050,12254049933,12.553483341402782,footway,Unnamed,False,30.0,Uncategorized,
12254040050,12254040048,6.741324908276345,footway,Unnamed,False,30.0,Uncategorized,
12254040051,12186673123,6.326376721308953,footway,Unnamed,False,30.0,Uncategorized,
12254040051,1252052128,9.917007740958809,footway,Unnamed,False,30.0,Uncategorized,
12254040051,12254040053,3.8594333178247346,footway,Unnamed,False,30.0,Uncategorized,
12254040052,12254040053,4.204294058749161,footway,Unnamed,False,30.0,Uncategorized,
12254040052,12186673174,170.96980990128583,footway,Unnamed,False,30.0,Uncategorized,
12254040052,12254040055,98.37468004328625,footway,Unnamed,False,30.0,Uncategorized,
12254040053,12254040052,4.204294058749161,footway,Unnamed,False,30.0,Uncategorized,
12254040053,12254040051,3.8594333178247346,footway,Unnamed,False,30.0,Uncategorized,
12254040053,390220194,6.716952858866987,unclassified,Andres P. Aglibut Avenue,False,30.0,Uncategorized,2
12254040053,12254040056,96.52139958663537,unclassified,Andres P. Aglibut Avenue,False,30.0,Uncategorized,2
12254040054,382813005,2.3785861020220063,footway,Unnamed,False,30.0,Uncategorized,
12254040054,12254040056,5.101906712340219,footway,Unnamed,False,30.0,Uncategorized,
12254040054,382813573,37.52019186981782,footway,Unnamed,False,30.0,Uncategorized,
12254040055,12254040056,3.9303041851446108,footway,Unnamed,False,30.0,Uncategorized,
12254040055,12254040052,98.37468004328626,footway,Unnamed,False,30.0,Uncategorized,
12254040055,12186673160,69.31075602501187,footway,Unnamed,False,30.0,Uncategorized,
12254040056,521345952,2.4458613689263626,unclassified,Andres P. Aglibut Avenue,False,30.0,Uncategorized,2
12254040056,12254040055,3.9303041851446108,footway,Unnamed,False,30.0,Uncategorized,
12254040056,12254040054,5.101906712340219,footway,Unnamed,False,30.0,Uncategorized,
12254040056,12254040053,96.52139958663537,unclassified,Andres P. Aglibut Avenue,False,30.0,Uncategorized,2
12254040057,12254040058,4.94878817736092,footway,Unnamed,False,30.0,Uncategorized,
12254040057,1126043016,5.809903866943588,footway,Unnamed,False,30.0,Uncategorized,
12254040057,1126043015,36.42221151071402,footway,Unnamed,False,30.0,Uncategorized,
12254040058,382823527,2.4350765496080364,tertiary,Jose B. Juliano Avenue,False,33.15,Uncategorized,2
12254040058,12254040057,4.94878817736092,footway,Unnamed,False,30.0,Uncategorized,
12254040058,12186657963,4.633222454972014,footway,Unnamed,False,30.0,Uncategorized,
12254040058,382824762,35.9036089409744,tertiary,Jose B. Juliano Avenue,False,33.15,Uncategorized,2
12254040059,12254040061,4.4305436322854295,footway,Unnamed,False,30.0,Uncategorized,
12254040059,12186657958,14.08093729175984,footway,Unnamed,False,30.0,Uncategorized,
12254040059,12186657963,187.74423125846934,footway,Unnamed,False,30.0,Uncategorized,
12254040060,2846145192,23.260081913197936,footway,Unnamed,False,30.0,Uncategorized,
12254040060,12254040061,9.358688363868309,footway,Unnamed,False,30.0,Uncategorized,
12254040060,2846145178,79.45905031338424,footway,Unnamed,False,30.0,Uncategorized,
12254040061,253763395,16.833616831280736,tertiary,Jose B. Juliano Avenue,False,33.15,Uncategorized,2
12254040061,12254040060,9.358688363868309,footway,Unnamed,False,30.0,Uncategorized,
12254040061,12254040059,4.4305436322854295,footway,Unnamed,False,30.0,Uncategorized,
12254040061,253783708,61.35275905374984,tertiary,Jose B. Juliano Avenue,False,33.15,Uncategorized,2
12254040063,12256481420,39.80639852787756,footway,Unnamed,False,30.0,Uncategorized,
12254040063,12186657951,3.9561407204906516,footway,Unnamed,False,30.0,Uncategorized,
12254040063,12254040064,14.350397212997938,footway,Unnamed,False,30.0,Uncategorized,
12254040064,436205061,4.028785668555204,footway,Unnamed,False,30.0,Uncategorized,
12254040064,12254040065,75.56568337830024,footway,Unnamed,False,30.0,Uncategorized,
12254040064,12254040063,14.350397212997938,footway,Unnamed,False,30.0,Uncategorized,
12254040064,573361823,48.53304480980958,footway,Unnamed,False,30.0,Uncategorized,
12254040065,606307311,3.441615715957963,footway,Unnamed,False,30.0,Uncategorized,
12254040065,12254040067,7.303808755400811,footway,Unnamed,False,30.0,Uncategorized,
12254040065,12254040064,75.56568337830024,footway,Unnamed,False,30.0,Uncategorized,
12254040065,818892876,12.575008223122019,footway,Unnamed,False,30.0,Uncategorized,
12254040066,12254040067,13.222641659698775,footway,Unnamed,False,30.0,Uncategorized,
12254040066,12254040068,9.377494233908111,footway,Unnamed,False,30.0,Uncategorized,
12254040066,12254040088,4.055458657053279,footway,Unnamed,False,30.0,Uncategorized,
12254040067,818892878,2.990210732570431,footway,Unnamed,False,30.0,Uncategorized,
12254040067,12254040066,13.222641659698775,footway,Unnamed,False,30.0,Uncategorized,
12254040067,12254040065,7.303808755400811,footway,Unnamed,False,30.0,Uncategorized,
12254040067,818892876,12.815480547884885,footway,Unnamed,False,30.0,Uncategorized,
12254040068,12254040066,9.377494233908111,footway,Unnamed,False,30.0,Uncategorized,
12254040068,818892883,3.92908052244906,footway,Unnamed,False,30.0,Uncategorized,
12254040068,818892881,36.98637430093436,steps,Unnamed,False,30.49,Uncategorized,
12254040068,12254040074,38.02628182875101,footway,Unnamed,False,30.0,Uncategorized,
12254040071,12254040072,12.82183495290716,footway,Unnamed,False,30.0,Uncategorized,
12254040071,816644523,4.401013381827776,steps,Unnamed,False,30.49,Uncategorized,
12254040071,816645232,31.82310185023311,footway,Unnamed,False,30.0,Uncategorized,
12254040071,12254040074,28.814041140137945,footway,Unnamed,False,30.0,Uncategorized,
12254040072,583159765,3.7451081752180326,service,Unnamed,False,25.85,Uncategorized,
12254040072,1252052238,5.131676462894305,service,Unnamed,False,25.85,Uncategorized,
12254040072,12254040073,18.428388265244017,footway,Unnamed,False,30.0,Uncategorized,
12254040072,12254040071,12.82183495290716,footway,Unnamed,False,30.0,Uncategorized,
12254040073,12186673121,2.6227120845646597,footway,Unnamed,False,30.0,Uncategorized,
12254040073,12186673122,3.077707081965614,footway,Unnamed,False,30.0,Uncategorized,
12254040073,12254040072,18.428388265244017,footway,Unnamed,False,30.0,Uncategorized,
12254040074,816645814,5.6136007338629685,footway,Unnamed,False,30.0,Uncategorized,
12254040074,12254040071,28.814041140137945,footway,Unnamed,False,30.0,Uncategorized,
12254040074,12254040068,38.02628182875101,footway,Unnamed,False,30.0,Uncategorized,
12254040076,818892896,5.8259580224065814,footway,Unnamed,False,30.0,Uncategorized,
12254040076,606307311,16.91873987283588,footway,Unnamed,False,30.0,Uncategorized,
12254040076,12254040080,34.08979314321215,footway,Unnamed,False,30.0,Uncategorized,
12254040076,12254040088,22.034258841634177,footway,Unnamed,False,30.0,Uncategorized,
12254040080,4791748367,5.24873500420357,steps,Unnamed,False,30.49,Uncategorized,
12254040080,530614473,31.239502962653845,steps,Unnamed,False,30.49,Uncategorized,
12254040080,12254040089,29.283177791608544,footway,Unnamed,False,30.0,Uncategorized,
12254040080,12254040076,34.08979314321215,footway,Unnamed,False,30.0,Uncategorized,
12254040085,438048413,4.788037861355396,service,Unnamed,False,25.85,Uncategorized,
12254040085,811033349,25.788348033559824,service,Unnamed,False,25.85,Uncategorized,
12254040085,12254040090,81.84290214409835,footway,Unnamed,False,30.0,Uncategorized,
12254040085,12254040089,34.84225567244894,footway,Unnamed,False,30.0,Uncategorized,
12254040087,382802703,4.672113175509233,cycleway,Unnamed,False,30.49,Uncategorized,
12254040087,12254040090,8.438065164906824,footway,Unnamed,False,30.0,Uncategorized,
12254040087,12254040091,13.430882804116925,footway,Unnamed,False,30.0,Uncategorized,
12254040087,769875788,21.571945285438343,cycleway,Unnamed,False,30.49,Uncategorized,
12254040088,447627966,5.921697256119854,unclassified,Andres P. Aglibut Avenue,False,30.0,Uncategorized,2
12254040088,818892878,10.229953159703445,unclassified,Andres P. Aglibut Avenue,False,30.0,Uncategorized,2
12254040088,12254040066,4.055458657053279,footway,Unnamed,False,30.0,Uncategorized,
12254040088,12254040076,22.034258841634177,footway,Unnamed,False,30.0,Uncategorized,
12254040089,760867584,13.806312216841754,footway,Unnamed,False,30.0,Uncategorized,
12254040089,438048414,4.425550984044835,footway,Unnamed,False,30.0,Uncategorized,
12254040089,12254040085,34.84225567244894,footway,Unnamed,False,30.0,Uncategorized,
12254040089,12254040080,29.283177791608544,footway,Unnamed,False,30.0,Uncategorized,
12254040090,3172043400,1.585203171959252,path,Unnamed,False,30.0,Uncategorized,
12254040090,584702546,4.626210010293044,path,Unnamed,False,30.0,Uncategorized,
12254040090,12254040087,8.438065164906824,footway,Unnamed,False,30.0,Uncategorized,
12254040090,12254040085,81.84290214409835,footway,Unnamed,False,30.0,Uncategorized,
12254040091,382802702,5.006251622683811,cycleway,Unnamed,False,30.49,Uncategorized,
12254040091,12254040092,57.90661436687972,footway,Unnamed,False,30.0,Uncategorized,
12254040091,12254040087,13.430882804116925,footway,Unnamed,False,30.0,Uncategorized,
12254040091,769875787,22.0478517785256,cycleway,Unnamed,False,30.49,Uncategorized,
12254040092,12254040091,57.90661436687972,footway,Unnamed,False,30.0,Uncategorized,
12254040092,12254040097,5.262246822743534,footway,Unnamed,False,30.0,Uncategorized,
12254040092,12973739498,35.09655823788957,footway,Unnamed,False,30.0,Uncategorized,
12254040093,12254040094,19.53048845308007,footway,Unnamed,False,30.0,Uncategorized,
12254040093,12774850290,32.374222819805745,footway,Unnamed,False,30.0,Uncategorized,
12254040093,929934196,13.631728172143246,footway,Unnamed,False,30.0,Uncategorized,
12254040094,12186673151,34.85352415407123,footway,Unnamed,False,30.0,Uncategorized,
12254040094,12254040093,19.53048845308007,footway,Unnamed,False,30.0,Uncategorized,
12254040094,12186673158,5.081081103104712,footway,Unnamed,False,30.0,Uncategorized,
12254040096,9085381483,16.018177085665336,footway,Unnamed,False,30.0,Uncategorized,
12254040096,9085381485,26.737485297403303,footway,Unnamed,False,30.0,Uncategorized,
12254040096,816644523,6.437656779818393,footway,Unnamed,False,30.0,Uncategorized,
12254040097,382802702,56.0141246631068,tertiary,Jose M. Capinpin Street,True,33.15,Uncategorized,2
12254040097,12188365824,4.48514253998751,footway,Unnamed,False,30.0,Uncategorized,
12254040097,12254040092,5.262246822743534,footway,Unnamed,False,30.0,Uncategorized,
12254040098,12254040099,13.543914243519511,footway,Unnamed,False,30.0,Uncategorized,
12254040099,452998512,5.773216492414408,residential,Unnamed,False,31.86,Uncategorized,
12254040099,12254040100,83.81965777941737,footway,Unnamed,False,30.0,Uncategorized,
12254040099,12254040098,13.543914243519511,footway,Unnamed,False,30.0,Uncategorized,
12254040099,1252052275,16.444479264157785,residential,Unnamed,False,31.86,Uncategorized,
12254040100,527819422,5.956288177926994,service,Rosal,False,30.0,Uncategorized,2
12254040100,12254049901,61.29237799142497,footway,Unnamed,False,30.0,Uncategorized,
12254040100,12254040099,83.81965777941737,footway,Unnamed,False,30.0,Uncategorized,
12254040100,526792366,52.045346658718714,service,Rosal,False,30.0,Uncategorized,2
12254049901,452998511,5.686116266695791,residential,Camia,False,30.0,Uncategorized,2
12254049901,12254040100,61.29237799142497,footway,Unnamed,False,30.0,Uncategorized,
12254049901,435148890,80.2267441924426,residential,Camia,False,30.0,Uncategorized,2
12254049901,12254049903,61.587219072709075,footway,Unnamed,False,30.0,Uncategorized,
12254049903,1119886447,5.465846734378137,tertiary,Domingo M. Lantican Avenue,False,33.15,Uncategorized,2
12254049903,12186657954,5.626564752487955,footway,Unnamed,False,30.0,Uncategorized,
12254049903,253511252,36.886861626457275,tertiary,Domingo M. Lantican Avenue,False,33.15,Uncategorized,2
12254049903,12254049901,61.587219072709075,footway,Unnamed,False,30.0,Uncategorized,
12254049904,12900324564,59.61236487306433,footway,Unnamed,False,30.0,Uncategorized,
12254049904,12186657955,4.35746190770036,footway,Unnamed,False,30.0,Uncategorized,
12254049904,12254049906,40.28719736677667,footway,Unnamed,False,30.0,Uncategorized,
12254049906,435134781,4.393816321799152,footway,Unnamed,False,30.0,Uncategorized,
12254049906,573002177,24.832376674616363,steps,Unnamed,False,30.49,Uncategorized,
12254049906,12254049931,58.35607510459864,footway,Unnamed,False,30.0,Uncategorized,
12254049906,12254049904,40.28719736677667,footway,Unnamed,False,30.0,Uncategorized,
12254049912,391723438,3.0570124417258673,footway,Unnamed,False,30.0,Uncategorized,
12254049912,12254049913,3.9620170378548774,footway,Unnamed,False,30.0,Uncategorized,
12254049912,573003590,17.66985116387153,steps,Unnamed,False,30.49,Uncategorized,
12254049912,12254049931,29.360199709728484,footway,Unnamed,False,30.0,Uncategorized,
12254049913,573004683,3.3781615481572693,footway,Unnamed,False,30.0,Uncategorized,
12254049913,12254049912,3.9620170378548774,footway,Unnamed,False,30.0,Uncategorized,
12254049913,573285860,17.52506724303374,steps,Unnamed,False,30.49,Uncategorized,
12254049913,12254049916,17.41106793745044,footway,Unnamed,False,30.0,Uncategorized,
12254049916,12254049921,50.844733515821375,footway,Unnamed,False,30.0,Uncategorized,
12254049916,12254049913,17.41106793745044,footway,Unnamed,False,30.0,Uncategorized,
12254049916,671866907,59.86387032524564,tertiary,Unnamed,False,33.15,customers,
12254049921,391723431,3.3498803251371716,service,Unnamed,False,25.85,private,
12254049921,12254049922,12.256246666599427,footway,Unnamed,False,30.0,Uncategorized,
12254049921,2477259512,56.86410310107115,service,Unnamed,False,25.85,private,
12254049921,12254049916,50.844733515821375,footway,Unnamed,False,30.0,Uncategorized,
12254049922,573281714,4.896710106129795,footway,Unnamed,False,30.0,Uncategorized,
12254049922,12254049921,12.256246666599427,footway,Unnamed,False,30.0,Uncategorized,
12254049922,573000137,80.76063063383714,footway,Unnamed,False,30.0,Uncategorized,
12254049923,391723433,4.881737640598758,footway,Unnamed,False,30.0,Uncategorized,
12254049923,573287425,54.35288988525345,footway,Unnamed,False,30.0,Uncategorized,
12254049923,12254049930,31.73514330299455,footway,Unnamed,False,30.0,Uncategorized,
12254049929,391723436,3.1591346685624244,footway,Unnamed,False,30.0,Uncategorized,
12254049929,573301686,17.650644295413283,footway,Unnamed,False,30.0,Uncategorized,
12254049929,12254049932,18.90315777882831,footway,Unnamed,False,30.0,Uncategorized,
12254049929,12254049930,14.224072486632778,footway,Unnamed,False,30.0,Uncategorized,
12254049930,573301686,16.908927379128865,footway,Unnamed,False,30.0,Uncategorized,
12254049930,391723435,3.593219037219252,footway,Unnamed,False,30.0,Uncategorized,
12254049930,12254049929,14.224072486632778,footway,Unnamed,False,30.0,Uncategorized,
12254049930,12254049923,31.735143302994548,footway,Unnamed,False,30.0,Uncategorized,
12254049931,12254049932,4.503181266177711,footway,Unnamed,False,30.0,Uncategorized,
12254049931,12254049912,29.360199709728484,footway,Unnamed,False,30.0,Uncategorized,
12254049931,12254049906,58.35607510459864,footway,Unnamed,False,30.0,Uncategorized,
12254049932,391723437,10.045802526662788,unclassified,Pedro R. Sandoval Avenue,False,30.0,Uncategorized,2
12254049932,12254049931,4.503181266177711,footway,Unnamed,False,30.0,Uncategorized,
12254049932,573296288,34.40081924020653,unclassified,Pedro R. Sandoval Avenue,False,30.0,Uncategorized,2
12254049932,12254049929,18.90315777882831,footway,Unnamed,False,30.0,Uncategorized,
12254049933,5507052330,19.67640358897719,tertiary,Unnamed,True,33.15,Uncategorized,2
12254049933,12254040049,9.479391980231078,footway,Unnamed,False,30.0,Uncategorized,
12254049933,12254040050,12.553483341402782,footway,Unnamed,False,30.0,Uncategorized,
12254049936,438051749,6.982559574538626,tertiary,Romeo C. Espino Street,False,33.15,Uncategorized,2
12254049936,6363688933,9.362883908762717,footway,Unnamed,False,30.0,Uncategorized,
12254049936,1393350850,4.189390438630077,footway,Unnamed,False,30.0,Uncategorized,
12254049936,6363688943,119.44656734681251,tertiary,Romeo C. Espino Street,False,33.15,Uncategorized,2
12254049938,5506875594,4.4761005460766565,footway,Unnamed,False,30.0,Uncategorized,
12254049938,6361461412,90.88112235362131,footway,Unnamed,False,30.0,Uncategorized,
12254049938,1244163599,37.017304834163156,footway,Unnamed,False,30.0,Uncategorized,
12254049941,1252052118,2.5018893837842486,tertiary,Domingo M. Lantican Avenue,False,33.15,Uncategorized,2
12254049941,12186657956,4.16516770810144,tertiary,Unnamed,False,33.15,customers,
12254049941,12900324562,126.70704094398393,tertiary,Domingo M. Lantican Avenue,False,33.15,Uncategorized,2
12254060457,12254060465,3.65546588622887,footway,Unnamed,False,30.0,Uncategorized,
12254060457,12254060459,29.801335567874062,footway,Unnamed,False,30.0,Uncategorized,
12254060457,382803481,8.613083453107375,steps,Unnamed,False,30.49,Uncategorized,
12254060457,12254060461,32.857599642405134,footway,Unnamed,False,30.0,Uncategorized,
12254060459,12254060457,29.801335567874062,footway,Unnamed,False,30.0,Uncategorized,
12254060461,12254060457,32.857599642405134,footway,Unnamed,False,30.0,Uncategorized,
12254060462,12254060463,3.519777648562516,footway,Unnamed,False,30.0,Uncategorized,
12254060462,12254060465,3.4128839766989882,footway,Unnamed,False,30.0,Uncategorized,
12254060462,12254060464,3.182311552899617,footway,Unnamed,False,30.0,Uncategorized,
12254060463,12254060462,3.519777648562516,footway,Unnamed,False,30.0,Uncategorized,
12254060464,12254060462,3.182311552899617,footway,Unnamed,False,30.0,Uncategorized,
12254060465,12254060462,3.4128839766989882,footway,Unnamed,False,30.0,Uncategorized,
12254060465,12254060457,3.65546588622887,footway,Unnamed,False,30.0,Uncategorized,
12254060465,12254060472,37.489730719616375,steps,Unnamed,False,30.49,Uncategorized,
12254060465,12254060473,37.73865959650714,steps,Unnamed,False,30.49,Uncategorized,
12254060472,572995668,10.86731400664926,footway,Unnamed,False,30.0,Uncategorized,
12254060472,572995664,9.844465365461934,footway,Unnamed,False,30.0,Uncategorized,
12254060472,12254060465,37.489730719616375,steps,Unnamed,False,30.49,Uncategorized,
12254060473,1430814644,14.923624659459273,footway,Unnamed,False,30.0,Uncategorized,
12254060473,1252052242,5.686628061380264,footway,Unnamed,False,30.0,Uncategorized,
12254060473,12254060465,37.73865959650714,steps,Unnamed,False,30.49,Uncategorized,
12254060474,767038071,8.924403008721788,footway,Unnamed,False,30.0,Uncategorized,
12254060474,12254060477,33.01144260050412,footway,Unnamed,False,30.0,Uncategorized,
12254060474,382813573,51.41188815536663,footway,Unnamed,False,30.0,Uncategorized,
12254060475,12254060477,5.561871841014205,footway,Unnamed,False,30.0,Uncategorized,
12254060476,821375576,24.768630648758318,footway,Unnamed,False,30.0,Uncategorized,
12254060476,12188365842,2.3240754697330908,footway,Unnamed,False,30.0,Uncategorized,
12254060476,12254060477,29.600119496200357,footway,Unnamed,False,30.0,Uncategorized,
12254060477,12254060475,5.561871841014205,footway,Unnamed,False,30.0,Uncategorized,
12254060477,12254060474,33.01144260050412,footway,Unnamed,False,30.0,Uncategorized,
12254060477,12254060476,29.600119496200357,footway,Unnamed,False,30.0,Uncategorized,
12256478673,696419055,42.746999480697774,footway,Unnamed,False,30.0,Uncategorized,
12256478673,12256478674,7.66915170888306,footway,Unnamed,False,30.0,Uncategorized,
12256478673,790108254,30.6108411721505,footway,Unnamed,False,30.0,Uncategorized,
12256478674,696422859,42.499433075819496,tertiary,Pili Drive,False,33.15,Uncategorized,2
12256478674,1532125246,16.951997669801326,tertiary,Pili Drive,False,33.15,Uncategorized,2
12256478674,12256478673,7.66915170888306,footway,Unnamed,False,30.0,Uncategorized,
12256478674,6361461429,3.476420089558218,footway,Unnamed,False,30.0,Uncategorized,
12256478675,4791412177,31.74459055504613,footway,Unnamed,False,30.0,Uncategorized,
12256478675,12256478677,8.9674018167185,footway,Unnamed,False,30.0,Uncategorized,
12256478675,4791412187,18.273920963234783,footway,Unnamed,False,30.0,Uncategorized,
12256478676,790108615,39.520959071353815,footway,Unnamed,False,30.0,Uncategorized,
12256478676,790108254,33.258313477691296,footway,Unnamed,False,30.0,Uncategorized,
12256478676,12256478677,5.343701086593326,footway,Unnamed,False,30.0,Uncategorized,
12256478677,1252052255,32.03206370105672,tertiary,Pili Drive,False,33.15,Uncategorized,2
12256478677,1532125272,3.431952545306197,tertiary,Pili Drive,False,33.15,Uncategorized,2
12256478677,12256478676,5.343701086593326,footway,Unnamed,False,30.0,Uncategorized,
12256478677,12256478675,8.9674018167185,footway,Unnamed,False,30.0,Uncategorized,
12256478678,12256478680,15.701465253977597,footway,Unnamed,False,30.0,Uncategorized,
12256478678,12256478681,35.52452938697123,footway,Unnamed,False,30.0,Uncategorized,
12256478678,6948385990,164.8831842071054,footway,Unnamed,False,30.0,Uncategorized,
12256478679,6948369162,4.1608607145951355,cycleway,Unnamed,False,30.49,Uncategorized,
12256478679,12256478680,3.4590715700534242,footway,Unnamed,False,30.0,Uncategorized,
12256478679,6948385993,364.79791418782185,cycleway,Unnamed,False,30.49,Uncategorized,
12256478680,5507052337,5.140657940262273,tertiary,Unnamed,False,33.15,Uncategorized,
12256478680,12256478679,3.4590715700534242,footway,Unnamed,False,30.0,Uncategorized,
12256478680,12256478678,15.701465253977597,footway,Unnamed,False,30.0,Uncategorized,
12256478680,790709134,338.93551951713715,tertiary,Unnamed,False,33.15,Uncategorized,
12256478681,6948369176,10.713361961114305,footway,Unnamed,False,30.0,Uncategorized,
12256478681,12256478683,3.3157032903438672,footway,Unnamed,False,30.0,Uncategorized,
12256478681,12256478678,35.52452938697123,footway,Unnamed,False,30.0,Uncategorized,
12256478682,2170279512,20.988067930580865,footway,Unnamed,False,30.0,Uncategorized,
12256478682,12256478683,6.028552437087454,footway,Unnamed,False,30.0,Uncategorized,
12256478682,790108615,59.723507616718535,footway,Unnamed,False,30.0,Uncategorized,
12256478683,6361461407,12.033092827636075,tertiary,Pili Drive,False,33.15,Uncategorized,2
12256478683,1532125316,10.860737573803814,tertiary,Pili Drive,False,33.15,Uncategorized,2
12256478683,12256478682,6.028552437087454,footway,Unnamed,False,30.0,Uncategorized,
12256478683,12256478681,3.3157032903438672,footway,Unnamed,False,30.0,Uncategorized,
12256481413,5507052448,31.19201661624761,footway,Unnamed,False,30.0,Uncategorized,
12256481413,11804158237,7.147481969518959,footway,Unnamed,False,30.0,Uncategorized,
12256481413,382802444,140.84337380252657,footway,Unnamed,False,30.0,Uncategorized,
12256481414,2361575026,4.861774312578679,footway,Unnamed,False,30.0,Uncategorized,
12256481414,2361575024,3.0191206378828386,footway,Unnamed,False,30.0,Uncategorized,
12256481414,12256481416,34.65542431658904,footway,Unnamed,False,30.0,Uncategorized,
12256481415,11804158237,3.4522465724783533,steps,Unnamed,False,30.49,Uncategorized,
12256481415,11804158238,10.94971966738434,steps,Unnamed,False,30.49,Uncategorized,
12256481415,12256481416,10.730417944253807,footway,Unnamed,False,30.0,Uncategorized,
12256481415,12256481417,11.071854591544492,footway,Unnamed,False,30.0,Uncategorized,
12256481416,11804158241,3.7867174181312717,service,Unnamed,False,25.85,Uncategorized,
12256481416,12256481414,34.65542431658904,footway,Unnamed,False,30.0,Uncategorized,
12256481416,12256481415,10.730417944253807,footway,Unnamed,False,30.0,Uncategorized,
12256481416,11804158238,18.551178953694567,service,Unnamed,False,25.85,Uncategorized,
12256481417,2361575007,3.075040180398549,service,Unnamed,False,25.85,Uncategorized,
12256481417,12256481415,11.071854591544492,footway,Unnamed,False,30.0,Uncategorized,
12256481417,12186657994,56.3633577794492,footway,Unnamed,False,30.0,Uncategorized,
12256481417,11804158238,19.53428481957363,service,Unnamed,False,25.85,Uncategorized,
12256481419,12188365860,18.947231684298067,footway,Unnamed,False,30.0,Uncategorized,
12256481419,12188365859,21.44609870990266,footway,Unnamed,False,30.0,Uncategorized,
12256481419,12256481421,3.9073800412902933,footway,Unnamed,False,30.0,Uncategorized,
12256481420,12186657952,23.310911026758813,footway,Unnamed,False,30.0,Uncategorized,
12256481420,12254040063,39.80639852787756,footway,Unnamed,False,30.0,Uncategorized,
12256481420,12256481421,5.46066059969055,footway,Unnamed,False,30.0,Uncategorized,
12256481421,573305166,20.62427514302924,secondary,Jose R. Velasco Avenue,False,30.0,Uncategorized,2
12256481421,12256481420,5.46066059969055,footway,Unnamed,False,30.0,Uncategorized,
12256481421,12256481419,3.9073800412902933,footway,Unnamed,False,30.0,Uncategorized,
12256481421,1252052126,21.601431264871295,secondary,Jose R. Velasco Avenue,False,30.0,Uncategorized,2
12256481422,795254773,3.9871038822857443,steps,Unnamed,False,30.49,Uncategorized,
12256481422,12188365859,76.24145819796743,footway,Unnamed,False,30.0,Uncategorized,
12256481422,4791055615,65.20583935346674,footway,Unnamed,False,30.0,Uncategorized,
12257218656,12186673206,5.461474878794996,footway,Unnamed,False,30.0,Uncategorized,
12257218656,12257218658,4.786647352030571,footway,Unnamed,False,30.0,Uncategorized,
12257218656,12186673201,26.215563836906107,footway,Unnamed,False,30.0,Uncategorized,
12257218657,12254024663,13.42262201853522,footway,Unnamed,False,30.0,Uncategorized,
12257218657,12257218658,4.888931520059437,footway,Unnamed,False,30.0,Uncategorized,
12257218657,12186673204,31.303112424012767,footway,Unnamed,False,30.0,Uncategorized,
12257218658,761218967,5.175421043850765,secondary,Lopez Avenue,False,30.0,Uncategorized,2
12257218658,12257218657,4.888931520059437,footway,Unnamed,False,30.0,Uncategorized,
12257218658,12257218656,4.786647352030571,footway,Unnamed,False,30.0,Uncategorized,
12257218658,439224014,28.68338014395348,secondary,Lopez Avenue,False,30.0,Uncategorized,2
12257218659,12186673213,8.707290252514467,footway,Unnamed,False,30.0,Uncategorized,
12257218659,12257218661,3.1240600790092086,footway,Unnamed,False,30.0,Uncategorized,
12257218659,12257218662,158.11855482761527,footway,Unnamed,False,30.0,Uncategorized,
12257218660,12257218661,5.035903676209213,footway,Unnamed,False,30.0,Uncategorized,
12257218660,12254024672,137.65046815035083,footway,Unnamed,False,30.0,Uncategorized,
12257218660,12254024666,67.25659682285429,footway,Unnamed,False,30.0,Uncategorized,
12257218661,439223689,7.8199699955821735,secondary,Lopez Avenue,False,30.0,Uncategorized,2
12257218661,12257218660,5.035903676209213,footway,Unnamed,False,30.0,Uncategorized,
12257218661,12257218659,3.1240600790092086,footway,Unnamed,False,30.0,Uncategorized,
12257218661,1246493256,139.7695350918385,secondary,Lopez Avenue,False,30.0,Uncategorized,2
12257218662,571851691,4.132514010915983,footway,Unnamed,False,30.0,Uncategorized,
12257218662,12186673218,14.233170790569476,footway,Unnamed,False,30.0,Uncategorized,
12257218662,12257218659,158.11855482761527,footway,Unnamed,False,30.0,Uncategorized,
12257218663,12254024699,6.277282012860773,footway,Unnamed,False,30.0,Uncategorized,
12257218663,12257218665,5.16454365298479,footway,Unnamed,False,30.0,Uncategorized,
12257218663,12254024698,57.27916756432237,footway,Unnamed,False,30.0,Uncategorized,
12257218664,12186673235,6.599052516163736,footway,Unnamed,False,30.0,Uncategorized,
12257218664,12257218665,4.8519216075076415,footway,Unnamed,False,30.0,Uncategorized,
12257218664,12186673218,63.36179504942463,footway,Unnamed,False,30.0,Uncategorized,
12257218665,253804148,6.523829064114876,secondary,Lopez Avenue,False,30.0,Uncategorized,2
12257218665,12257218664,4.8519216075076415,footway,Unnamed,False,30.0,Uncategorized,
12257218665,12257218663,5.16454365298479,footway,Unnamed,False,30.0,Uncategorized,
12257218665,253768787,57.379566409090046,secondary,Lopez Avenue,False,30.0,Uncategorized,2
12257218666,12254024676,35.33079053812435,footway,Unnamed,False,30.0,Uncategorized,
12257218666,497690961,5.34876753126873,footway,Unnamed,False,30.0,Uncategorized,
12257218666,12254024679,53.53644632938688,footway,Unnamed,False,30.0,Uncategorized,
12257218667,497690961,5.045942301752673,footway,Unnamed,False,30.0,Uncategorized,
12257218667,12186673224,63.877907550929926,footway,Unnamed,False,30.0,Uncategorized,
12257218667,12186673235,94.33963715518215,footway,Unnamed,False,30.0,Uncategorized,
12309536790,12309536792,5.641790511471432,footway,Unnamed,False,30.0,Uncategorized,
12309536790,12309592215,47.959064063054214,footway,Unnamed,False,30.0,Uncategorized,
12309536790,12186673232,95.25900999401344,footway,Unnamed,False,30.0,Uncategorized,
12309536791,12309536792,5.6202835758265755,footway,Unnamed,False,30.0,Uncategorized,
12309536791,12309592293,22.399463192723648,footway,Unnamed,False,30.0,Uncategorized,
12309536791,12309806555,106.65559974134574,footway,Unnamed,False,30.0,Uncategorized,
12309536792,291689961,12.39120310598455,secondary,Lopez Avenue,False,30.0,Uncategorized,3
12309536792,12309536791,5.6202835758265755,footway,Unnamed,False,30.0,Uncategorized,
12309536792,12309536790,5.641790511471432,footway,Unnamed,False,30.0,Uncategorized,
12309536792,436197709,93.13401615259647,secondary,Lopez Avenue,False,30.0,Uncategorized,"['2', '3']"
12309592203,7271009981,8.796949051079256,residential,Gladiola Street,False,31.86,Uncategorized,
12309592203,7271009979,15.067950112186146,footway,Unnamed,False,30.0,Uncategorized,
12309592203,1300391275,144.46928381198666,residential,Gladiola Street,False,31.86,Uncategorized,
12309592203,12309592204,43.350268911757254,footway,Unnamed,False,30.0,Uncategorized,
12309592204,425123671,8.485051516535478,unclassified,Aguila,False,40.0,Uncategorized,
12309592204,439222156,33.643669244072086,unclassified,Aguila,False,40.0,Uncategorized,
12309592204,12309592203,43.350268911757254,footway,Unnamed,False,30.0,Uncategorized,
12309592204,12309592206,89.87326258003975,footway,Unnamed,False,30.0,Uncategorized,
12309592206,8887342517,7.466056415388799,service,Unnamed,False,25.85,Uncategorized,
12309592206,12309592207,18.311282915445084,footway,Unnamed,False,30.0,Uncategorized,
12309592206,8887330209,128.12965080270888,service,Unnamed,False,25.85,Uncategorized,
12309592206,12309592204,89.87326258003975,footway,Unnamed,False,30.0,Uncategorized,
12309592207,10866681168,7.5006252748588675,footway,Unnamed,False,30.0,Uncategorized,
12309592207,12309592206,18.311282915445084,footway,Unnamed,False,30.0,Uncategorized,
12309592207,10866681170,25.954734193342368,footway,Unnamed,False,30.0,Uncategorized,
12309592207,12309592208,53.59843068195272,footway,Unnamed,False,30.0,Uncategorized,
12309592208,292203273,7.158837007895607,residential,Traceville,False,30.0,Uncategorized,2
12309592208,7686698025,73.97695180862468,residential,Traceville,False,30.0,Uncategorized,2
12309592208,12309592207,53.59843068195272,footway,Unnamed,False,30.0,Uncategorized,
12309592208,12309592209,47.62632901667527,footway,Unnamed,False,30.0,Uncategorized,
12309592209,10910665216,19.397216662023247,service,Unnamed,False,25.85,Uncategorized,
12309592209,10839994309,6.939251587962552,service,Unnamed,False,25.85,Uncategorized,
12309592209,12309592208,47.62632901667527,footway,Unnamed,False,30.0,Uncategorized,
12309592209,12309592210,55.75506377887872,footway,Unnamed,False,30.0,Uncategorized,
12309592210,12309592209,55.75506377887872,footway,Unnamed,False,30.0,Uncategorized,
12309592210,12309592211,48.411520004030734,footway,Unnamed,False,30.0,Uncategorized,
12309592210,4411399789,37.05173989629637,footway,Unnamed,False,30.0,Uncategorized,
12309592211,715210951,8.089516551330464,footway,Unnamed,False,30.0,Uncategorized,
12309592211,7686697996,52.772119584604624,footway,Unnamed,False,30.0,Uncategorized,
12309592211,12309592210,48.411520004030734,footway,Unnamed,False,30.0,Uncategorized,
12309592211,12309592212,43.652020387059935,footway,Unnamed,False,30.0,Uncategorized,
12309592212,7673603982,7.686310118154386,footway,Unnamed,False,30.0,Uncategorized,
12309592212,12309592213,14.199954476404194,footway,Unnamed,False,30.0,Uncategorized,
12309592212,10920882519,91.49164499107935,footway,Unnamed,False,30.0,Uncategorized,
12309592212,12309592211,43.652020387059935,footway,Unnamed,False,30.0,Uncategorized,
12309592213,10866638107,6.972765220583906,service,Unnamed,False,25.85,Uncategorized,
12309592213,12309592212,14.199954476404194,footway,Unnamed,False,30.0,Uncategorized,
12309592213,10866638108,16.190971939151655,service,Unnamed,False,25.85,Uncategorized,
12309592213,12309592214,25.88674063094772,footway,Unnamed,False,30.0,Uncategorized,
12309592214,10866616092,18.2248869769795,footway,Unnamed,False,30.0,Uncategorized,
12309592214,10866616091,6.022692213515415,footway,Unnamed,False,30.0,Uncategorized,
12309592214,12309592215,50.86705288139512,footway,Unnamed,False,30.0,Uncategorized,
12309592214,12309592213,25.88674063094772,footway,Unnamed,False,30.0,Uncategorized,
12309592215,10866616079,5.325174765199979,service,Unnamed,False,25.85,Uncategorized,
12309592215,12309592214,50.86705288139512,footway,Unnamed,False,30.0,Uncategorized,
12309592215,10866616080,24.40364335376826,service,Unnamed,False,25.85,Uncategorized,
12309592215,12309536790,47.959064063054214,footway,Unnamed,False,30.0,Uncategorized,
12309592225,1342055519,6.300414000719633,residential,Unnamed,False,31.86,Uncategorized,
12309592225,12309592243,30.83451745591697,footway,Unnamed,False,30.0,Uncategorized,
12309592225,12309592242,34.739830656895656,footway,Unnamed,False,30.0,Uncategorized,
12309592225,2706774742,134.13696797641217,residential,Unnamed,False,31.86,Uncategorized,
12309592226,1342055518,7.238974216911713,path,Unnamed,False,30.0,Uncategorized,
12309592226,12309592244,19.236832148451423,footway,Unnamed,False,30.0,Uncategorized,
12309592226,12309592243,43.54555153987302,footway,Unnamed,False,30.0,Uncategorized,
12309592226,1342055525,173.43835954810376,path,Unnamed,False,30.0,Uncategorized,
12309592227,1266474296,7.004332370258203,residential,Unnamed,False,31.86,Uncategorized,
12309592227,12309592245,54.2731617336587,footway,Unnamed,False,30.0,Uncategorized,
12309592227,12309592244,28.902237647965837,footway,Unnamed,False,30.0,Uncategorized,
12309592227,1266474592,84.47435438826031,residential,Unnamed,False,31.86,Uncategorized,
12309592230,8893650812,8.60546417848407,residential,Unnamed,False,31.86,Uncategorized,
12309592230,8893650806,42.75314312984786,residential,Unnamed,False,31.86,Uncategorized,
12309592230,12309592245,109.08376361021004,footway,Unnamed,False,30.0,Uncategorized,
12309592231,434806709,4.678006992663485,footway,Unnamed,False,30.0,Uncategorized,
12309592231,12309592293,20.835368219908293,footway,Unnamed,False,30.0,Uncategorized,
12309592231,434806694,50.48687855439245,footway,Unnamed,False,30.0,Uncategorized,
12309592231,12309592232,17.35008052848095,footway,Unnamed,False,30.0,Uncategorized,
12309592232,1252148395,4.885784002164602,footway,Unnamed,False,30.0,Uncategorized,
12309592232,12309592233,22.276405784013004,footway,Unnamed,False,30.0,Uncategorized,
12309592232,2462899404,21.472273868967413,footway,Unnamed,False,30.0,Uncategorized,
12309592232,12309592231,17.35008052848095,footway,Unnamed,False,30.0,Uncategorized,
12309592233,312517702,6.10911065204689,unclassified,Bangkal Road,False,40.0,Uncategorized,2
12309592233,12309592232,22.276405784013004,footway,Unnamed,False,30.0,Uncategorized,
12309592233,492083373,85.18954592892504,unclassified,Bangkal Road,False,40.0,Uncategorized,2
12309592233,12309592234,37.11733142506751,footway,Unnamed,False,30.0,Uncategorized,
12309592234,10915562998,5.342834302103306,footway,Unnamed,False,30.0,Uncategorized,
12309592234,12309592235,22.377804995498156,footway,Unnamed,False,30.0,Uncategorized,
12309592234,10923332633,14.507228037671958,footway,Unnamed,False,30.0,private,
12309592234,12309592233,37.11733142506751,footway,Unnamed,False,30.0,Uncategorized,
12309592235,10923332625,5.52187608992973,footway,Unnamed,False,30.0,Uncategorized,
12309592235,12309592234,22.377804995498156,footway,Unnamed,False,30.0,Uncategorized,
12309592235,10923332627,16.069644124219124,footway,Unnamed,False,30.0,Uncategorized,
12309592235,12309592236,26.847951170746573,footway,Unnamed,False,30.0,Uncategorized,
12309592236,10923332643,5.402182390157891,footway,Unnamed,False,30.0,Uncategorized,
12309592236,12309592237,1.2285330502166485,footway,Unnamed,False,30.0,Uncategorized,
12309592236,10923332646,17.216688589001205,footway,Unnamed,False,30.0,private,
12309592236,12309592235,26.847951170746573,footway,Unnamed,False,30.0,Uncategorized,
12309592237,10923332648,5.318650218036548,footway,Unnamed,False,30.0,Uncategorized,
12309592237,12309592239,12.117751041809537,footway,Unnamed,False,30.0,Uncategorized,
12309592237,12309592236,1.2285330502166485,footway,Unnamed,False,30.0,Uncategorized,
12309592237,10923332650,17.084108161585647,footway,Unnamed,False,30.0,private,
12309592238,10923332653,5.388058078193898,service,Unnamed,False,25.85,Uncategorized,
12309592238,12309592239,2.158438175666833,footway,Unnamed,False,30.0,Uncategorized,
12309592238,10923332655,20.347512244395823,service,Unnamed,False,25.85,Uncategorized,
12309592238,12309592240,19.164110006704348,footway,Unnamed,False,30.0,Uncategorized,
12309592239,1420701167,5.300883941178023,service,Unnamed,False,25.85,private,
12309592239,12309592238,2.158438175666833,footway,Unnamed,False,30.0,Uncategorized,
12309592239,12309592237,12.117751041809537,footway,Unnamed,False,30.0,Uncategorized,
12309592239,1420701170,62.3301316707459,service,Unnamed,False,25.85,private,
12309592240,10923332676,5.444659576841381,footway,Unnamed,False,30.0,private,
12309592240,12309592241,11.180695569126431,footway,Unnamed,False,30.0,Uncategorized,
12309592240,10923332679,22.167307665931315,footway,Unnamed,False,30.0,private,
12309592240,12309592238,19.164110006704348,footway,Unnamed,False,30.0,Uncategorized,
12309592241,2706774873,5.587539249256362,footway,Unnamed,False,30.0,private,
12309592241,12309592240,11.180695569126431,footway,Unnamed,False,30.0,Uncategorized,
12309592241,2706774839,26.68373951544367,footway,Unnamed,False,30.0,private,
12309592241,12309592242,83.02032801813874,footway,Unnamed,False,30.0,Uncategorized,
12309592242,312517703,5.649080602433499,footway,Unnamed,False,30.0,Uncategorized,
12309592242,12309592225,34.739830656895656,footway,Unnamed,False,30.0,Uncategorized,
12309592242,630112871,156.09937534700185,footway,Unnamed,False,30.0,Uncategorized,
12309592242,12309592241,83.02032801813874,footway,Unnamed,False,30.0,Uncategorized,
12309592243,1737935556,6.7769557151433695,footway,Unnamed,False,30.0,Uncategorized,
12309592243,12309592226,43.54555153987302,footway,Unnamed,False,30.0,Uncategorized,
12309592243,12309592225,30.83451745591697,footway,Unnamed,False,30.0,Uncategorized,
12309592243,1737935552,88.60630036657875,footway,Unnamed,False,30.0,Uncategorized,
12309592244,2249819523,6.784161181393355,footway,Unnamed,False,30.0,Uncategorized,
12309592244,12309592227,28.902237647965837,footway,Unnamed,False,30.0,Uncategorized,
12309592244,12309592226,19.236832148451423,footway,Unnamed,False,30.0,Uncategorized,
12309592244,2249819511,74.78259880686716,footway,Unnamed,False,30.0,Uncategorized,
12309592245,1285602607,8.448621997470903,footway,Unnamed,False,30.0,Uncategorized,
12309592245,12309592227,54.2731617336587,footway,Unnamed,False,30.0,Uncategorized,
12309592245,1285602557,249.19100464408962,footway,Unnamed,False,30.0,Uncategorized,
12309592245,12309592230,109.08376361021006,footway,Unnamed,False,30.0,Uncategorized,
12309592247,253510794,5.226525279510677,footway,Unnamed,False,30.0,Uncategorized,
12309592247,12309592294,33.73128497079549,footway,Unnamed,False,30.0,Uncategorized,
12309592247,12309592335,125.28479319126632,footway,Unnamed,False,30.0,Uncategorized,
12309592248,253510794,4.909800411776587,footway,Unnamed,False,30.0,Uncategorized,
12309592248,12309592269,46.646972076645824,footway,Unnamed,False,30.0,Uncategorized,
12309592248,12309592348,74.6931694525239,footway,Unnamed,False,30.0,Uncategorized,
12309592250,10905848448,4.7601385469249315,service,Unnamed,False,25.85,no,
12309592250,10915587360,24.199208664886125,footway,Unnamed,False,30.0,Uncategorized,
12309592250,12309592265,21.958974525858288,footway,Unnamed,False,30.0,Uncategorized,
12309592250,10908633100,41.97530881981899,service,Unnamed,False,25.85,no,
12309592251,10945583521,3.607603799280346,footway,Unnamed,False,30.0,Uncategorized,
12309592251,12309592263,17.269623399213085,footway,Unnamed,False,30.0,Uncategorized,
12309592251,12309592264,49.230354779818605,footway,Unnamed,False,30.0,Uncategorized,
12309592251,10945583524,32.32353089575513,footway,Unnamed,False,30.0,private,
12309592252,10915571530,3.947440193827822,footway,Unnamed,False,30.0,Uncategorized,
12309592252,12309592253,8.113610305400996,footway,Unnamed,False,30.0,Uncategorized,
12309592252,12309592263,34.3317098133135,footway,Unnamed,False,30.0,Uncategorized,
12309592252,10915571532,23.852563334169215,footway,Unnamed,False,30.0,private,
12309592253,1427972841,4.082582276990482,footway,Unnamed,False,30.0,Uncategorized,
12309592253,12309592254,54.91359856590922,footway,Unnamed,False,30.0,Uncategorized,
12309592253,12309592252,8.113610305400996,footway,Unnamed,False,30.0,Uncategorized,
12309592253,10945576092,58.21142832977308,footway,Unnamed,False,30.0,Uncategorized,
12309592254,417266025,3.102811094634563,service,Unnamed,True,30.0,Uncategorized,
12309592254,12309592255,23.40257540030344,footway,Unnamed,False,30.0,Uncategorized,
12309592254,12309592253,54.91359856590922,footway,Unnamed,False,30.0,Uncategorized,
12309592255,3740038576,5.937281766788119,footway,Unnamed,False,30.0,Uncategorized,
12309592255,892775339,1.9582252083810012,footway,Unnamed,False,30.0,Uncategorized,
12309592255,12309592256,12.94119269624445,footway,Unnamed,False,30.0,Uncategorized,
12309592255,12309592254,23.40257540030344,footway,Unnamed,False,30.0,Uncategorized,
12309592256,417266206,6.091962709915424,service,Unnamed,True,30.0,Uncategorized,
12309592256,12309592257,27.095454961727828,footway,Unnamed,False,30.0,Uncategorized,
12309592256,12309592255,12.94119269624445,footway,Unnamed,False,30.0,Uncategorized,
12309592257,1497255201,16.77587243068937,service,Unnamed,False,20.0,Uncategorized,
12309592257,1497255194,7.164208717502159,service,Unnamed,False,20.0,Uncategorized,
12309592257,12309592256,27.095454961727828,footway,Unnamed,False,30.0,Uncategorized,
12309592257,12309592260,118.6738195329584,footway,Unnamed,False,30.0,Uncategorized,
12309592260,6351485280,62.625253926583376,footway,Unnamed,False,30.0,Uncategorized,
12309592260,6351485279,7.361084736065282,footway,Unnamed,False,30.0,Uncategorized,
12309592260,7271009980,43.35387122964202,footway,Unnamed,False,30.0,Uncategorized,
12309592260,12309592257,118.67381953295842,footway,Unnamed,False,30.0,Uncategorized,
12309592261,454085708,6.22163449420748,residential,Unnamed,False,31.86,Uncategorized,
12309592261,7271009980,104.219026389329,footway,Unnamed,False,30.0,Uncategorized,
12309592261,454085763,57.57230422581365,residential,Unnamed,False,31.86,Uncategorized,
12309592261,12718893539,180.93808761299906,footway,Unnamed,False,30.0,Uncategorized,
12309592263,7686452789,2.881243787405873,footway,Unnamed,False,30.0,Uncategorized,
12309592263,12309592252,34.3317098133135,footway,Unnamed,False,30.0,Uncategorized,
12309592263,12309592251,17.269623399213085,footway,Unnamed,False,30.0,Uncategorized,
12309592263,10919972848,22.302308794142913,footway,Unnamed,False,30.0,private,
12309592264,417265693,3.617593360506592,unclassified,Unnamed,False,30.0,Uncategorized,
12309592264,12309592251,49.230354779818605,footway,Unnamed,False,30.0,Uncategorized,
12309592264,10915587360,30.416231281005206,footway,Unnamed,False,30.0,Uncategorized,
12309592264,10905852331,41.061349312308415,unclassified,Unnamed,False,30.0,Uncategorized,
12309592265,10908633096,5.159045015158208,service,Unnamed,False,25.85,no,
12309592265,12309592250,21.958974525858288,footway,Unnamed,False,30.0,Uncategorized,
12309592265,12309592266,7.06205251549708,footway,Unnamed,False,30.0,Uncategorized,
12309592265,5188111855,46.40967840814325,service,Unnamed,False,25.85,no,
12309592266,12309592265,7.06205251549708,footway,Unnamed,False,30.0,Uncategorized,
12309592266,12309592267,7.049036747785066,footway,Unnamed,False,30.0,Uncategorized,
12309592266,5188111855,51.33113409451376,service,Unnamed,True,25.85,Uncategorized,
12309592267,10915438074,4.968854851348811,footway,Unnamed,False,30.0,Uncategorized,
12309592267,12309592266,7.049036747785066,footway,Unnamed,False,30.0,Uncategorized,
12309592267,12309592268,21.317205193223227,footway,Unnamed,False,30.0,Uncategorized,
12309592267,10915438076,29.803293081267512,footway,Unnamed,False,30.0,Uncategorized,
12309592268,10866616071,5.768222941047503,footway,Unnamed,False,30.0,Uncategorized,
12309592268,12309592267,21.317205193223227,footway,Unnamed,False,30.0,Uncategorized,
12309592268,12309592269,1.163013633239544,footway,Unnamed,False,30.0,Uncategorized,
12309592268,10866616072,20.046204097659746,footway,Unnamed,False,30.0,private,
12309592269,10915438058,5.757162451392323,footway,Unnamed,False,30.0,Uncategorized,
12309592269,12309592268,1.163013633239544,footway,Unnamed,False,30.0,Uncategorized,
12309592269,10919972810,20.850810563913225,footway,Unnamed,False,30.0,private,
12309592269,12309592248,46.646972076645824,footway,Unnamed,False,30.0,Uncategorized,
12309592272,12682691751,6.47984172344302,unclassified,Bangkal Extension,False,30.0,Uncategorized,
12309592272,12309592273,29.304666384518455,footway,Unnamed,False,30.0,Uncategorized,
12309592272,253764332,42.85684011391941,unclassified,Bangkal Extension,False,30.0,Uncategorized,
12309592272,12309592294,41.09983961768218,footway,Unnamed,False,30.0,Uncategorized,
12309592273,10915563004,5.528456311365308,footway,Unnamed,False,30.0,Uncategorized,
12309592273,12309592272,29.304666384518455,footway,Unnamed,False,30.0,Uncategorized,
12309592273,12309592274,29.055903952392182,footway,Unnamed,False,30.0,Uncategorized,
12309592273,10915605608,25.647794401569747,footway,Unnamed,False,30.0,Uncategorized,
12309592274,10915562998,5.585319193308154,service,Unnamed,False,25.85,Uncategorized,
12309592274,12309592273,29.055903952392182,footway,Unnamed,False,30.0,Uncategorized,
12309592274,12309592275,42.72476015406539,footway,Unnamed,False,30.0,Uncategorized,
12309592274,10915563000,33.710017455936175,service,Unnamed,False,25.85,Uncategorized,
12309592275,1420701162,7.162269113875752,residential,Unnamed,False,31.86,Uncategorized,
12309592275,1252148370,5.391363031348096,residential,Unnamed,False,31.86,Uncategorized,
12309592275,12309592274,42.72476015406539,footway,Unnamed,False,30.0,Uncategorized,
12309592275,12309592277,94.48305357606507,footway,Unnamed,False,30.0,Uncategorized,
12309592277,8887110280,5.225514849239496,residential,Unnamed,False,31.86,Uncategorized,
12309592277,8887110277,43.35988711468303,residential,Unnamed,False,31.86,Uncategorized,
12309592277,12309592275,94.48305357606507,footway,Unnamed,False,30.0,Uncategorized,
12309592277,12309592279,70.78019146770907,footway,Unnamed,False,30.0,Uncategorized,
12309592279,1342055519,6.18697712239278,residential,Unnamed,False,31.86,Uncategorized,
12309592279,2039759609,57.70787757313167,residential,Unnamed,False,31.86,Uncategorized,
12309592279,12309592277,70.78019146770907,footway,Unnamed,False,30.0,Uncategorized,
12309592279,12309592282,107.22213139949056,footway,Unnamed,False,30.0,Uncategorized,
12309592282,9567458989,24.285653185674146,service,Unnamed,False,25.85,Uncategorized,
12309592282,8896536024,5.740807216373521,service,Unnamed,False,25.85,Uncategorized,
12309592282,12309592283,16.264523819601926,footway,Unnamed,False,30.0,Uncategorized,
12309592282,12309592279,107.22213139949056,footway,Unnamed,False,30.0,Uncategorized,
12309592283,1266474296,5.927996448345899,service,Unnamed,False,25.85,Uncategorized,
12309592283,12309592282,16.264523819601926,footway,Unnamed,False,30.0,Uncategorized,
12309592283,9567458989,36.61856288923634,service,Unnamed,False,25.85,Uncategorized,
12309592283,12309592285,65.5688448241118,footway,Unnamed,False,30.0,Uncategorized,
12309592285,12986041240,0.9006801780845238,service,Unnamed,False,25.85,Uncategorized,
12309592285,8896529804,5.837831487409026,service,Unnamed,False,25.85,Uncategorized,
12309592285,12309592283,65.5688448241118,footway,Unnamed,False,30.0,Uncategorized,
12309592285,12309592287,66.52133930283077,footway,Unnamed,False,30.0,Uncategorized,
12309592287,443159955,6.547193510446573,footway,Unnamed,False,30.0,Uncategorized,
12309592287,2249819578,111.57619658763043,footway,Unnamed,False,30.0,Uncategorized,
12309592287,12309592285,66.52133930283077,footway,Unnamed,False,30.0,Uncategorized,
12309592287,12309592290,117.09984355435465,footway,Unnamed,False,30.0,Uncategorized,
12309592290,382044305,6.5647693992234375,footway,Unnamed,False,30.0,Uncategorized,
12309592290,12309592291,26.221359649581554,footway,Unnamed,False,30.0,Uncategorized,
12309592290,1700868852,103.02073430861914,footway,Unnamed,False,30.0,Uncategorized,
12309592290,12309592287,117.09984355435465,footway,Unnamed,False,30.0,Uncategorized,
12309592291,1700868832,5.899927093896474,service,Unnamed,False,25.85,private,
12309592291,12309592290,26.221359649581554,footway,Unnamed,False,30.0,Uncategorized,
12309592291,12309592292,43.803188736519886,footway,Unnamed,False,30.0,Uncategorized,
12309592291,1700868840,94.68954878471213,service,Unnamed,False,25.85,private,
12309592292,1256302600,7.868624324126288,residential,Unnamed,False,31.86,Uncategorized,
12309592292,12309592291,43.803188736519886,footway,Unnamed,False,30.0,Uncategorized,
12309592292,1342050590,223.5384053936249,residential,Unnamed,False,31.86,Uncategorized,
12309592293,12309592231,20.835368219908293,footway,Unnamed,False,30.0,Uncategorized,
12309592293,7617931664,4.859811126261155,footway,Unnamed,False,30.0,Uncategorized,
12309592293,12309536791,22.399463192723648,footway,Unnamed,False,30.0,Uncategorized,
12309592294,7617931664,5.659870831683586,footway,Unnamed,False,30.0,Uncategorized,
12309592294,12309592247,33.73128497079549,footway,Unnamed,False,30.0,Uncategorized,
12309592294,12309592272,41.09983961768218,footway,Unnamed,False,30.0,Uncategorized,
12309592298,10910516556,4.3515760990908205,service,Unnamed,False,25.85,Uncategorized,
12309592298,12309592333,18.214797934673367,footway,Unnamed,False,30.0,Uncategorized,
12309592298,12309592336,26.262937188827273,footway,Unnamed,False,30.0,Uncategorized,
12309592298,10910516557,21.24892363944745,service,Unnamed,False,25.85,Uncategorized,
12309592299,742351411,5.071343013291536,service,Unnamed,False,25.85,Uncategorized,
12309592299,742351410,71.03067639489738,service,Unnamed,False,25.85,Uncategorized,
12309592299,12309592330,20.5525424769676,footway,Unnamed,False,30.0,Uncategorized,
12309592299,12309592334,18.01126054870692,footway,Unnamed,False,30.0,Uncategorized,
12309592312,8887165451,112.22442199333543,residential,Lajarca,False,31.86,Uncategorized,
12309592312,253801343,5.558757127247408,residential,Lajarca,False,31.86,Uncategorized,
12309592312,12309592313,44.77848900476045,footway,Unnamed,False,30.0,Uncategorized,
12309592312,12309592323,190.9552407733113,footway,Unnamed,False,30.0,Uncategorized,
12309592313,7874284523,108.161236469562,path,Unnamed,False,30.0,Uncategorized,
12309592313,7874284522,5.2297775749230535,path,Unnamed,False,30.0,Uncategorized,
12309592313,12309592312,44.77848900476045,footway,Unnamed,False,30.0,Uncategorized,
12309592313,12309592316,164.71202500606688,footway,Unnamed,False,30.0,Uncategorized,
12309592316,1342055565,5.44015621726669,residential,Unnamed,False,31.86,Uncategorized,
12309592316,1342055425,88.56004761759151,residential,Unnamed,False,31.86,Uncategorized,
12309592316,12309592319,125.41218742783886,footway,Unnamed,False,30.0,Uncategorized,
12309592316,12309592313,164.71202500606688,footway,Unnamed,False,30.0,Uncategorized,
12309592319,8887041589,4.710002665367538,residential,Unnamed,False,31.86,Uncategorized,
12309592319,8887041587,81.87993378928654,residential,Unnamed,False,31.86,Uncategorized,
12309592319,12309655757,169.11743188988243,footway,Unnamed,False,30.0,Uncategorized,
12309592319,12309592316,125.41218742783886,footway,Unnamed,False,30.0,Uncategorized,
12309592323,742352377,4.695380677126456,residential,Sitio Sampaguita,False,31.86,Uncategorized,
12309592323,1342057810,122.90071103417957,residential,Sitio Sampaguita,False,31.86,Uncategorized,
12309592323,12309592312,190.9552407733113,footway,Unnamed,False,30.0,Uncategorized,
12309592323,12309592325,30.982347210025456,footway,Unnamed,False,30.0,Uncategorized,
12309592325,10910332357,3.242275925187217,service,Unnamed,False,25.85,Uncategorized,
12309592325,12309592323,30.982347210025456,footway,Unnamed,False,30.0,Uncategorized,
12309592325,12309592326,30.275112467290647,footway,Unnamed,False,30.0,Uncategorized,
12309592325,10910332359,14.26872361784724,service,Unnamed,False,25.85,Uncategorized,
12309592326,742351977,4.343373038931184,residential,Unnamed,False,31.86,Uncategorized,
12309592326,12309592327,21.501685242704642,footway,Unnamed,False,30.0,Uncategorized,
12309592326,1252148563,98.29156641802018,residential,Unnamed,False,31.86,private,
12309592326,12309592325,30.275112467290647,footway,Unnamed,False,30.0,Uncategorized,
12309592327,8887109612,4.672287901692056,service,Unnamed,False,25.85,Uncategorized,
12309592327,12309592326,21.501685242704642,footway,Unnamed,False,30.0,Uncategorized,
12309592327,8887109611,68.36714493850565,service,Unnamed,False,25.85,Uncategorized,
12309592327,12309592328,22.746591867671043,footway,Unnamed,False,30.0,Uncategorized,
12309592328,10910516421,4.332303512489765,service,Unnamed,False,25.85,Uncategorized,
12309592328,10910516422,35.69711221578311,service,Unnamed,False,25.85,Uncategorized,
12309592328,12309592327,22.746591867671043,footway,Unnamed,False,30.0,Uncategorized,
12309592328,12309592329,23.84270767985634,footway,Unnamed,False,30.0,Uncategorized,
12309592329,10910516496,39.68457864147557,service,Unnamed,False,25.85,Uncategorized,
12309592329,10910516494,4.27815627681127,service,Unnamed,False,25.85,Uncategorized,
12309592329,12309592328,23.84270767985634,footway,Unnamed,False,30.0,Uncategorized,
12309592329,12309592331,14.28096900856116,footway,Unnamed,False,30.0,Uncategorized,
12309592330,12309592332,12.17227308248436,footway,Unnamed,False,30.0,Uncategorized,
12309592330,12309592299,20.5525424769676,footway,Unnamed,False,30.0,Uncategorized,
12309592330,10910516509,4.429200262118591,service,Unnamed,False,25.85,Uncategorized,
12309592330,10910516506,4.629301163085984,service,Unnamed,False,25.85,Uncategorized,
12309592331,10910665658,4.2539377044995055,service,Unnamed,False,25.85,Uncategorized,
12309592331,12309592332,4.8701607594968115,footway,Unnamed,False,30.0,Uncategorized,
12309592331,10910665659,4.030768038399207,service,Unnamed,False,25.85,Uncategorized,
12309592331,12309592329,14.28096900856116,footway,Unnamed,False,30.0,Uncategorized,
12309592332,6138520593,68.26380381570266,residential,Unnamed,False,31.86,Uncategorized,
12309592332,12309592331,4.8701607594968115,footway,Unnamed,False,30.0,Uncategorized,
12309592332,12309592330,12.17227308248436,footway,Unnamed,False,30.0,Uncategorized,
12309592332,6138520594,4.210971901638356,residential,Unnamed,False,31.86,Uncategorized,
12309592333,10910516550,4.686097311291583,service,Unnamed,False,25.85,Uncategorized,
12309592333,12309592334,2.917226822060291,footway,Unnamed,False,30.0,Uncategorized,
12309592333,12309592298,18.214797934673367,footway,Unnamed,False,30.0,Uncategorized,
12309592333,10910516552,28.062748620687998,service,Unnamed,False,25.85,Uncategorized,
12309592334,253503451,4.778487543489878,footway,Unnamed,False,30.0,Uncategorized,
12309592334,12309592299,18.01126054870692,footway,Unnamed,False,30.0,Uncategorized,
12309592334,12309592333,2.917226822060291,footway,Unnamed,False,30.0,Uncategorized,
12309592334,2249819768,60.91806792959001,footway,Unnamed,False,30.0,Uncategorized,
12309592335,10910516579,3.5290850402378937,unclassified,Bangkal Extension,False,30.0,Uncategorized,
12309592335,253782873,9.054729019497014,unclassified,Bangkal Extension,False,30.0,Uncategorized,
12309592335,12309592336,10.682839082259608,footway,Unnamed,False,30.0,Uncategorized,
12309592335,12309592247,125.28479319126633,footway,Unnamed,False,30.0,Uncategorized,
12309592336,10910516562,4.304042360482845,footway,Unnamed,False,30.0,Uncategorized,
12309592336,12309592298,26.262937188827273,footway,Unnamed,False,30.0,Uncategorized,
12309592336,10910516564,26.78807696001828,footway,Unnamed,False,30.0,Uncategorized,
12309592336,12309592335,10.682839082259608,footway,Unnamed,False,30.0,Uncategorized,
12309592343,12309592347,10.093016129350419,footway,Unnamed,False,30.0,Uncategorized,
12309592343,1801370349,4.652496991975386,service,Unnamed,False,25.85,Uncategorized,
12309592343,10905848459,56.28416935488376,service,Unnamed,False,25.85,Uncategorized,
12309592343,12309592345,27.027999934372406,footway,Unnamed,False,30.0,Uncategorized,
12309592345,10905848500,26.367069477734002,service,Unnamed,False,25.85,Uncategorized,
12309592345,12309592346,3.8416314624264394,footway,Unnamed,False,30.0,Uncategorized,
12309592345,10905848498,4.3549715226233285,service,Unnamed,False,25.85,Uncategorized,
12309592345,12309592343,27.027999934372406,footway,Unnamed,False,30.0,Uncategorized,
12309592346,12309592345,3.8416314624264394,footway,Unnamed,False,30.0,Uncategorized,
12309592346,10905848495,31.607759146765478,service,Unnamed,False,25.85,Uncategorized,
12309592346,8887109608,4.085831857340062,service,Unnamed,False,25.85,Uncategorized,
12309592347,10905848479,19.058372703612818,service,Unnamed,False,25.85,Uncategorized,
12309592347,12309592343,10.093016129350419,footway,Unnamed,False,30.0,Uncategorized,
12309592347,10905848477,4.227485514608082,service,Unnamed,False,25.85,Uncategorized,
12309592347,12309592348,30.297911546965295,footway,Unnamed,False,30.0,Uncategorized,
12309592348,253496119,4.1214538887307,footway,Unnamed,False,30.0,Uncategorized,
12309592348,742352692,25.340155154443803,footway,Unnamed,False,30.0,Uncategorized,
12309592348,12309592347,30.297911546965295,footway,Unnamed,False,30.0,Uncategorized,
12309592348,12309592248,74.6931694525239,footway,Unnamed,False,30.0,Uncategorized,
12309655756,12309655757,33.5415427414003,footway,Unnamed,False,30.0,Uncategorized,
12309655757,253491996,5.177372054648188,unclassified,V. Menguito,False,33.07,Uncategorized,
12309655757,253798383,128.1823215301276,unclassified,V. Menguito,False,33.07,Uncategorized,
12309655757,12309655756,33.5415427414003,footway,Unnamed,False,30.0,Uncategorized,
12309655757,12309592319,169.11743188988243,footway,Unnamed,False,30.0,Uncategorized,
12309806555,2462899399,5.028147357451216,footway,Unnamed,False,30.0,Uncategorized,
12309806555,12254024690,4.713251799957186,footway,Unnamed,False,30.0,Uncategorized,
12309806555,12309536791,106.65559974134575,footway,Unnamed,False,30.0,Uncategorized,
12309806556,12254024687,19.73181631978744,footway,Unnamed,False,30.0,Uncategorized,
12309806556,12309806558,4.5520343658748095,footway,Unnamed,False,30.0,Uncategorized,
12309806556,12254024690,65.51058909636444,footway,Unnamed,False,30.0,Uncategorized,
12309806557,12186673230,21.45374394118388,footway,Unnamed,False,30.0,Uncategorized,
12309806557,12309806558,3.0882166098725894,footway,Unnamed,False,30.0,Uncategorized,
12309806557,12186673228,90.87713768665495,footway,Unnamed,False,30.0,Uncategorized,
12309806558,436197015,20.05057793424333,secondary,Lopez Avenue,False,30.0,Uncategorized,2
12309806558,6497035732,21.423554891156193,secondary,Lopez Avenue,False,30.0,Uncategorized,2
12309806558,12309806557,3.0882166098725894,footway,Unnamed,False,30.0,Uncategorized,
12309806558,12309806556,4.5520343658748095,footway,Unnamed,False,30.0,Uncategorized,
12374314088,454088015,45.96892321755557,service,Unnamed,False,50.0,Uncategorized,
12399577027,10866681146,43.39744287611688,service,Traceville,False,27.5,private,2
12399577027,12399577039,13.021062948141502,residential,Traceville,False,30.0,Uncategorized,2
12399577027,12399577029,38.78007011469387,footway,Unnamed,False,30.0,Uncategorized,
12399577029,12399577027,38.78007011469387,footway,Unnamed,False,30.0,Uncategorized,
12399577039,12399577027,13.021062948141502,residential,Traceville,False,30.0,Uncategorized,2
12399577039,7686698025,77.23777008251601,residential,Traceville,False,30.0,Uncategorized,2
12399577039,10866680870,127.02650587168722,service,Unnamed,False,25.85,Uncategorized,
12555071315,8893795669,6.246489209024396,primary,National Highway,False,30.49,Uncategorized,4
12555071315,8893648550,23.323958558020312,primary,National Highway,False,30.49,Uncategorized,4
12555071315,2579539577,101.17068396223104,service,Unnamed,False,25.85,Uncategorized,
12682691751,12309592272,6.47984172344302,unclassified,Bangkal Extension,False,30.0,Uncategorized,
12682691751,1252148395,4.635902164577422,primary,National Highway,False,30.49,Uncategorized,4
12682691751,312517702,15.44786961048642,primary,National Highway,False,30.49,Uncategorized,4
12718893539,8887406017,7.133649532903876,service,Unnamed,False,25.85,Uncategorized,
12718893539,12718893540,16.332917630448538,footway,Unnamed,False,30.0,Uncategorized,
12718893539,12718893540,34.32375256651509,service,Unnamed,False,25.85,Uncategorized,
12718893539,12309592261,180.93808761299906,footway,Unnamed,False,30.0,Uncategorized,
12718893540,8887406025,6.479267055296511,service,Unnamed,False,25.85,Uncategorized,
12718893540,12718893539,16.332917630448538,footway,Unnamed,False,30.0,Uncategorized,
12718893540,12718893539,34.32375256651509,service,Unnamed,False,25.85,Uncategorized,
12718893540,12718893543,222.41061668592255,footway,Unnamed,False,30.0,Uncategorized,
12718893543,4049493447,17.846525367759988,footway,Unnamed,False,30.0,Uncategorized,
12718893543,12718893552,404.1803392535832,footway,Unnamed,False,30.0,Uncategorized,
12718893543,12718893540,222.41061668592255,footway,Unnamed,False,30.0,Uncategorized,
12718893552,6243245790,4.988825229427187,service,Unnamed,False,25.85,Uncategorized,
12718893552,12718893553,18.930884565087347,footway,Unnamed,False,30.0,Uncategorized,
12718893552,12718893553,61.15743781725918,service,Unnamed,False,25.85,Uncategorized,
12718893552,12718893543,404.18033925358316,footway,Unnamed,False,30.0,Uncategorized,
12718893553,6243245793,5.7029889019879745,service,Unnamed,False,25.85,Uncategorized,
12718893553,12718893552,18.930884565087347,footway,Unnamed,False,30.0,Uncategorized,
12718893553,12718893552,61.15743781725918,service,Unnamed,False,25.85,Uncategorized,
12718893553,12718893555,82.84681328789807,footway,Unnamed,False,30.0,Uncategorized,
12718893555,8896995120,21.26355254985373,service,Unnamed,False,25.85,Uncategorized,
12718893555,8896995121,6.631469606272381,service,Unnamed,False,25.85,Uncategorized,
12718893555,12718893557,80.43350535972235,footway,Unnamed,False,30.0,Uncategorized,
12718893555,12718893553,82.84681328789807,footway,Unnamed,False,30.0,Uncategorized,
12718893557,417266901,5.67849860028172,footway,Unnamed,False,30.0,Uncategorized,
12718893557,417266909,38.49723583501891,footway,Unnamed,False,30.0,Uncategorized,
12718893557,12718893559,95.4750803208654,footway,Unnamed,False,30.0,Uncategorized,
12718893557,12718893555,80.43350535972235,footway,Unnamed,False,30.0,Uncategorized,
12718893559,316156816,11.899044053183921,service,Unnamed,False,25.85,Uncategorized,
12718893559,12718893560,39.45906646076602,footway,Unnamed,False,30.0,Uncategorized,
12718893559,12718893560,44.32647276526726,service,Unnamed,False,25.85,Uncategorized,
12718893559,12718893557,95.4750803208654,footway,Unnamed,False,30.0,Uncategorized,
12718893560,28997167,5.840259991908985,service,Unnamed,False,25.85,Uncategorized,
12718893560,12718893559,39.45906646076602,footway,Unnamed,False,30.0,Uncategorized,
12718893560,12718893559,44.32647276526727,service,Unnamed,False,25.85,Uncategorized,
12718893560,12718893564,177.51180021128414,footway,Unnamed,False,30.0,Uncategorized,
12718893564,417266493,42.84388190034412,tertiary,Juan Luna,True,30.0,Uncategorized,
12718893564,12718893560,177.51180021128414,footway,Unnamed,False,30.0,Uncategorized,
12718893567,7271108157,134.8835856357897,footway,Unnamed,False,30.0,Uncategorized,
12718893567,12718893569,99.72850599535604,footway,Unnamed,False,30.0,Uncategorized,
12718893567,7271009979,148.071224963306,footway,Unnamed,False,30.0,Uncategorized,
12718893569,1300391220,8.637041749071422,residential,Unnamed,False,31.86,Uncategorized,
12718893569,1300391145,34.125956268883854,residential,Unnamed,False,31.86,Uncategorized,
12718893569,12718893573,275.47025600124465,footway,Unnamed,False,30.0,Uncategorized,
12718893569,12718893567,99.72850599535604,footway,Unnamed,False,30.0,Uncategorized,
12718893573,1342891877,5.332260044861762,residential,Unnamed,False,31.86,Uncategorized,1
12718893573,2454082229,220.16376725781896,residential,Unnamed,False,31.86,Uncategorized,1
12718893573,12718893575,64.783647938661,footway,Unnamed,False,30.0,Uncategorized,
12718893573,12718893569,275.47025600124465,footway,Unnamed,False,30.0,Uncategorized,
12718893575,13526741046,6.740362160150169,service,Unnamed,False,25.85,Uncategorized,
12718893575,12718893577,99.98437020995527,footway,Unnamed,False,30.0,Uncategorized,
12718893575,12718893573,64.783647938661,footway,Unnamed,False,30.0,Uncategorized,
12718893575,2069449257,249.41855879334514,service,Unnamed,False,25.85,Uncategorized,
12718893577,12718893578,37.217309202548975,footway,Unnamed,False,30.0,Uncategorized,
12718893577,6300812082,73.21214137165443,footway,Unnamed,False,30.0,Uncategorized,
12718893577,12718893575,99.98437020995527,footway,Unnamed,False,30.0,Uncategorized,
12718893578,3911994292,7.830278953492739,service,Unnamed,True,25.85,Uncategorized,
12718893578,12718893579,8.02142323965115,footway,Unnamed,False,30.0,Uncategorized,
12718893578,12718893577,37.217309202548975,footway,Unnamed,False,30.0,Uncategorized,
12718893579,12718893578,8.02142323965115,footway,Unnamed,False,30.0,Uncategorized,
12718893579,3911982324,38.07891334970769,service,Unnamed,True,25.85,Uncategorized,
12718893579,12718893582,160.64824547605053,footway,Unnamed,False,30.0,Uncategorized,
12718893582,425124779,10.280720256522041,residential,Unnamed,False,31.86,Uncategorized,
12718893582,425124930,86.01888182902815,residential,Unnamed,False,31.86,Uncategorized,
12718893582,12718893585,174.96463385395933,footway,Unnamed,False,30.0,Uncategorized,
12718893582,12718893579,160.64824547605053,footway,Unnamed,False,30.0,Uncategorized,
12718893585,8896947383,4.692543987909145,service,Unnamed,False,25.85,Uncategorized,
12718893585,8896947384,16.568418213444495,service,Unnamed,False,25.85,Uncategorized,
12718893585,12718893588,137.17704451593934,footway,Unnamed,False,30.0,Uncategorized,
12718893585,12718893582,174.96463385395933,footway,Unnamed,False,30.0,Uncategorized,
12718893588,1342892784,5.8311630481894365,footway,Unnamed,False,30.0,Uncategorized,
12718893588,1342892775,134.01797998064325,footway,Unnamed,False,30.0,Uncategorized,
12718893588,12718893595,228.8471181929455,footway,Unnamed,False,30.0,Uncategorized,
12718893588,12718893585,137.17704451593934,footway,Unnamed,False,30.0,Uncategorized,
12718893595,28997182,8.559038561307688,steps,Juan Luna Extension,False,30.49,Uncategorized,
12718893595,12718893596,51.174729420238116,footway,Unnamed,False,30.0,Uncategorized,
12718893595,253789717,45.06802695319318,steps,Juan Luna Extension,False,30.49,Uncategorized,
12718893595,12718893588,228.84711819294552,footway,Unnamed,False,30.0,Uncategorized,
12718893596,417292170,6.698131240051037,footway,Unnamed,False,30.0,Uncategorized,
12718893596,253789717,26.36533481186677,footway,Unnamed,False,30.0,Uncategorized,
12718893596,12718893595,51.174729420238116,footway,Unnamed,False,30.0,Uncategorized,
12718893596,12718893598,84.91421189944779,footway,Unnamed,False,30.0,Uncategorized,
12718893598,253764883,76.62482410482475,residential,Pantua Extension,False,31.86,Uncategorized,
12718893598,949612033,6.471096831091944,residential,Pantua Extension,False,31.86,Uncategorized,
12718893598,12718893596,84.91421189944779,footway,Unnamed,False,30.0,Uncategorized,
12774850286,1660352033,4.04707531264581,steps,Unnamed,False,30.49,Uncategorized,
12774850286,12774850287,12.776035330583122,service,Unnamed,False,25.85,Uncategorized,
12774850286,382802552,13.547937421215396,service,Unnamed,False,25.85,Uncategorized,
12774850287,1660352016,4.193564745266958,steps,Unnamed,False,30.49,Uncategorized,
12774850287,12774850288,14.665389329376152,service,Unnamed,False,25.85,Uncategorized,
12774850287,12774850286,12.776035330583122,service,Unnamed,False,25.85,Uncategorized,
12774850288,847751800,7.893307366653748,service,Unnamed,False,25.85,Uncategorized,
12774850288,12774850287,14.665389329376152,service,Unnamed,False,25.85,Uncategorized,
12774850289,391720785,29.121520220457448,tertiary,Pedro R. Sandoval Avenue,False,33.15,Uncategorized,2
12774850289,391720784,11.37248513928749,tertiary,Pedro R. Sandoval Avenue,False,33.15,Uncategorized,2
12774850289,12774850290,5.982500941275302,service,Unnamed,False,25.85,Uncategorized,
12774850290,12254040093,32.374222819805745,footway,Unnamed,False,30.0,Uncategorized,
12774850290,12973739498,7.896562631097241,footway,Unnamed,False,30.0,Uncategorized,
12774850290,12774850289,5.982500941275302,service,Unnamed,False,25.85,Uncategorized,
12774850290,847751800,17.289811281394325,service,Unnamed,False,25.85,Uncategorized,
12777010085,438049332,11.855567136062783,residential,Getulio B. Viado,False,30.0,Uncategorized,2
12777010085,12777010086,87.42617475261378,path,Unnamed,False,30.0,Uncategorized,
12777010085,452997596,53.88513454543314,residential,Getulio B. Viado,False,30.0,Uncategorized,2
12777010086,6363688935,2.011614353711408,path,Unnamed,False,30.0,Uncategorized,
12777010086,983332782,4.5617625753043205,path,Unnamed,False,30.0,Uncategorized,
12777010086,12777010085,87.42617475261378,path,Unnamed,False,30.0,Uncategorized,
12855828698,8896463313,33.62975427708033,residential,Unnamed,False,31.86,Uncategorized,
12900324562,253763395,3.5785494090313623,tertiary,Domingo M. Lantican Avenue,False,33.15,Uncategorized,2
12900324562,12186657958,3.8865926166440143,footway,Unnamed,False,30.0,Uncategorized,
12900324562,12254049941,126.70704094398394,tertiary,Domingo M. Lantican Avenue,False,33.15,Uncategorized,2
12900324562,12900324573,131.28203048026177,footway,Unnamed,False,30.0,Uncategorized,
12900324564,12186657956,11.911376499374093,footway,Unnamed,False,30.0,Uncategorized,
12900324564,12254049904,59.61236487306433,footway,Unnamed,False,30.0,Uncategorized,
12900324564,12900324566,4.176192342089516,footway,Unnamed,False,30.0,Uncategorized,
12900324565,1252052118,3.8878930733871093,unclassified,Melanio A. Gapud,False,30.0,Uncategorized,2
12900324565,12900324573,2.6108843516249856,footway,Unnamed,False,30.0,Uncategorized,
12900324565,435148890,54.624313244126625,unclassified,Melanio A. Gapud,False,30.0,Uncategorized,2
12900324565,12900324566,11.744317024371878,footway,Unnamed,False,30.0,Uncategorized,
12900324566,253511252,63.486641332875564,tertiary,Domingo M. Lantican Avenue,False,33.15,Uncategorized,2
12900324566,12900324564,4.176192342089516,footway,Unnamed,False,30.0,Uncategorized,
12900324566,1252052118,8.280238231056234,tertiary,Domingo M. Lantican Avenue,False,33.15,Uncategorized,2
12900324566,12900324565,11.744317024371878,footway,Unnamed,False,30.0,Uncategorized,
12900324568,12900324581,114.762146571134,footway,Unnamed,False,30.0,Uncategorized,
12900324573,12900324565,2.6108843516249856,footway,Unnamed,False,30.0,Uncategorized,
12900324573,12900324562,131.2820304802618,footway,Unnamed,False,30.0,Uncategorized,
12900324573,12900324581,109.74990129635432,footway,Unnamed,False,30.0,Uncategorized,
12900324574,12900324582,107.38088038255881,footway,Unnamed,False,30.0,Uncategorized,
12900324581,12900324583,5.210454522662972,footway,Unnamed,False,30.0,Uncategorized,
12900324581,12900324573,109.74990129635432,footway,Unnamed,False,30.0,Uncategorized,
12900324581,12900324568,114.762146571134,footway,Unnamed,False,30.0,Uncategorized,
12900324582,1252052275,2.8332768759254328,residential,Jose D. Drilon Jr.,False,30.0,Uncategorized,
12900324582,12900324583,60.875341692796674,footway,Unnamed,False,30.0,Uncategorized,
12900324582,526792350,40.32248563784544,residential,Jose D. Drilon Jr.,False,30.0,Uncategorized,
12900324582,12900324574,107.3808803825588,footway,Unnamed,False,30.0,Uncategorized,
12900324583,526792366,4.42478500599184,residential,Jose D. Drilon Jr.,False,30.0,Uncategorized,
12900324583,12900324581,5.210454522662972,footway,Unnamed,False,30.0,Uncategorized,
12900324583,12900324582,60.875341692796674,footway,Unnamed,False,30.0,Uncategorized,
12900324583,526792350,50.62095648690534,residential,Jose D. Drilon Jr.,False,30.0,Uncategorized,
12915351496,1342065710,62.510733483858246,residential,Unnamed,False,31.86,Uncategorized,
12915368720,453009423,110.71330844918973,steps,Unnamed,False,30.49,Uncategorized,
12915368775,1304345830,38.865557111989276,residential,Lakewood Avenue,False,31.86,Uncategorized,2
12919658419,742350696,67.68191272992516,footway,Unnamed,False,30.0,Uncategorized,
12973739498,12774850290,7.896562631097241,footway,Unnamed,False,30.0,Uncategorized,
12973739498,391720784,5.239904096509593,footway,Unnamed,False,30.0,Uncategorized,
12973739498,12254040092,35.09655823788957,footway,Unnamed,False,30.0,Uncategorized,
12973739499,432493371,40.51703257240117,footway,Unnamed,False,30.0,Uncategorized,
12973739499,391720784,9.370875911474402,footway,Unnamed,False,30.0,Uncategorized,
12973739499,4791056634,34.234639706158106,footway,Unnamed,False,30.0,Uncategorized,
12986041227,10915605663,88.83035421853684,residential,Unnamed,False,31.86,Uncategorized,
12986041227,6243233288,39.95246835950962,residential,Unnamed,False,31.86,Uncategorized,
12986041227,12986041240,214.99091808916603,footway,Unnamed,False,30.0,Uncategorized,
12986041240,12309592285,0.9006801780845238,service,Unnamed,False,25.85,Uncategorized,
12986041240,8896529801,42.30494330247686,service,Unnamed,False,25.85,Uncategorized,
12986041240,12986041227,214.990918089166,footway,Unnamed,False,30.0,Uncategorized,
13066226280,13293895312,47.1966184080929,residential,Unnamed,False,31.86,Uncategorized,
13066226280,1302792427,60.43224397379616,residential,Unnamed,False,31.86,Uncategorized,
13066226280,1737935517,793.6769292189598,residential,Purok Dampalit,False,31.86,Uncategorized,
13123749427,13123749428,11.58939224841026,footway,Unnamed,False,30.0,Uncategorized,
13123749427,6363688925,29.698401808044352,path,Unnamed,False,30.0,Uncategorized,
13123749427,5507328828,29.294371723770098,path,Unnamed,False,30.0,Uncategorized,
13123749428,5507052537,4.056130241954115,tertiary,Mariano M. Mondoñedo Avenue,False,33.15,Uncategorized,2
13123749428,13123749427,11.58939224841026,footway,Unnamed,False,30.0,Uncategorized,
13123749428,6361461420,5.797534056272508,footway,Unnamed,False,30.0,Uncategorized,
13123749428,438051741,69.13861958140178,tertiary,Mariano M. Mondoñedo Avenue,False,33.15,Uncategorized,2
13123750554,1532125164,2.313029339674143,tertiary,Mariano M. Mondoñedo Avenue,False,35.0,Uncategorized,2
13123750554,13123750555,5.4876116416560725,footway,Unnamed,False,30.0,Uncategorized,
13123750554,5507052537,32.25022458606618,tertiary,Mariano M. Mondoñedo Avenue,False,35.0,Uncategorized,2
13123750554,5507328828,5.786964476366832,footway,Unnamed,False,30.0,Uncategorized,
13123750555,13123750554,5.4876116416560725,footway,Unnamed,False,30.0,Uncategorized,
13123750555,13123779766,70.64416405293272,footway,Unnamed,False,30.0,Uncategorized,
13123750555,778906819,19.64272590777006,footway,Unnamed,False,30.0,Uncategorized,
13123779766,12254040030,5.274833600628724,footway,Unnamed,False,30.0,Uncategorized,
13123779766,13123750555,70.64416405293272,footway,Unnamed,False,30.0,Uncategorized,
13123779766,13123779768,5.53944596051687,footway,Unnamed,False,30.0,Uncategorized,
13123779767,12254040038,38.35219962905168,footway,Unnamed,False,30.0,Uncategorized,
13123779767,12254040037,20.972989908996897,footway,Unnamed,False,30.0,Uncategorized,
13123779767,13123779768,5.261756061073534,footway,Unnamed,False,30.0,Uncategorized,
13123779768,687333243,5.00787667780234,tertiary,Mariano M. Mondoñedo Avenue,False,35.0,Uncategorized,2
13123779768,13123779767,5.261756061073534,footway,Unnamed,False,30.0,Uncategorized,
13123779768,13123779766,5.53944596051687,footway,Unnamed,False,30.0,Uncategorized,
13123779768,1532125164,68.60651473339705,tertiary,Mariano M. Mondoñedo Avenue,False,35.0,Uncategorized,2
13231805454,438051743,14.11061382686174,tertiary,Mariano M. Mondoñedo Avenue,False,33.15,Uncategorized,2
13231805454,438051741,18.328131170081747,tertiary,Mariano M. Mondoñedo Avenue,False,33.15,Uncategorized,2
13231805454,13231805455,5.245922996515482,footway,Unnamed,False,30.0,Uncategorized,
13231805455,6361461415,15.878525762313469,footway,Unnamed,False,30.0,Uncategorized,
13231805455,6361461414,11.76715219667194,footway,Unnamed,False,30.0,Uncategorized,
13231805455,13231805454,5.245922996515482,footway,Unnamed,False,30.0,Uncategorized,
13231805455,447626748,10.488949090780675,footway,Unnamed,False,30.0,Uncategorized,
13293895312,5104311621,36.61098922355703,residential,Unnamed,False,31.86,Uncategorized,
13293895312,13066226280,47.196618408092895,residential,Unnamed,False,31.86,Uncategorized,
13293895312,13293895314,15.591322988684428,service,Unnamed,False,25.85,Uncategorized,
13293895314,13293895312,15.591322988684428,service,Unnamed,False,25.85,Uncategorized,
13301297845,2785700026,4.387820509133321,residential,Unnamed,False,31.86,Uncategorized,
13301297845,2785682448,40.95546607029624,residential,Unnamed,False,31.86,Uncategorized,
13301297845,2785700012,124.34740336833443,service,Unnamed,False,25.85,Uncategorized,
13301297916,2785700018,7.126896914897416,residential,Unnamed,False,31.86,Uncategorized,
13301297916,2785700012,64.69296990801521,service,Unnamed,False,25.85,Uncategorized,
13301297916,2785700026,64.22730726045073,residential,Unnamed,False,31.86,Uncategorized,
13333828268,2785700026,66.57302536560208,residential,Unnamed,False,31.86,Uncategorized,
13333828270,2785700018,62.381473335799384,residential,Unnamed,False,31.86,Uncategorized,
13526741046,12718893575,6.740362160150169,service,Unnamed,False,25.85,Uncategorized,
13526741046,1342891877,67.75756893771486,primary,National Highway,False,30.49,Uncategorized,4
13526741046,3911994292,136.8709497184127,primary,National Highway,False,30.49,Uncategorized,4
