y,x,street_count,highway,railway,junction,geometry
14.1708612,121.2077063,3,,,,POINT (121.2077063 14.1708612)
14.1812862,121.2261621,3,,,,POINT (121.2261621 14.1812862)
14.176327,121.2597325,3,,,,POINT (121.2597325 14.176327)
14.1758856,121.2648026,3,,,,POINT (121.2648026 14.1758856)
14.1742112,121.2176098,3,,,,POINT (121.2176098 14.1742112)
14.1776091,121.2226658,3,,,,POINT (121.2226658 14.1776091)
14.1804211,121.2247623,3,,,,POINT (121.2247623 14.1804211)
14.1760228,121.2621851,3,,,,POINT (121.2621851 14.1760228)
14.1767151,121.2542037,3,,,,POINT (121.2542037 14.1767151)
14.1810056,121.2251348,3,,,,POINT (121.2251348 14.1810056)
14.1873863,121.2382407,4,,,,POINT (121.2382407 14.1873863)
14.1609892,121.2257631,3,,,,POINT (121.2257631 14.1609892)
14.1580182,121.2254226,3,,,,POINT (121.2254226 14.1580182)
14.174004,121.2425608,3,,,,POINT (121.2425608 14.174004)
14.1766512,121.2435758,3,,,,POINT (121.2435758 14.1766512)
14.1706074,121.2436896,3,,,,POINT (121.2436896 14.1706074)
14.1759956,121.2428619,3,milestone,,,POINT (121.2428619 14.1759956)
14.1887395,121.2376529,3,,,,POINT (121.2376529 14.1887395)
14.1921433,121.2354329,4,,,,POINT (121.2354329 14.1921433)
14.1792285,121.242018,3,,,,POINT (121.242018 14.1792285)
14.1727654,121.2453891,4,,,,POINT (121.2453891 14.1727654)
14.1895504,121.2514411,3,,,,POINT (121.2514411 14.1895504)
14.1613733,121.2259871,3,,,,POINT (121.2259871 14.1613733)
14.1649468,121.2090528,3,,,,POINT (121.2090528 14.1649468)
14.1904976,121.2344706,3,,,,POINT (121.2344706 14.1904976)
14.1507824,121.2541206,3,,,,POINT (121.2541206 14.1507824)
14.1735743,121.223102,3,,,,POINT (121.223102 14.1735743)
14.1663968,121.2099832,4,,,,POINT (121.2099832 14.1663968)
14.1801345,121.2417486,3,,,,POINT (121.2417486 14.1801345)
14.1903356,121.2437788,3,,,,POINT (121.2437788 14.1903356)
14.1683354,121.2439182,3,,,,POINT (121.2439182 14.1683354)
14.1728494,121.2582998,3,,,,POINT (121.2582998 14.1728494)
14.1632997,121.2599315,3,,,,POINT (121.2599315 14.1632997)
14.1708682,121.2435517,3,,,,POINT (121.2435517 14.1708682)
14.1605463,121.2597272,3,,,,POINT (121.2597272 14.1605463)
14.1843871,121.242376,4,,,,POINT (121.242376 14.1843871)
14.1851929,121.2440933,3,,,,POINT (121.2440933 14.1851929)
14.1748616,121.262828,3,,,,POINT (121.262828 14.1748616)
14.1642198,121.2102974,3,,,,POINT (121.2102974 14.1642198)
14.1708735,121.2463389,4,,,,POINT (121.2463389 14.1708735)
14.1689667,121.2443054,3,,,,POINT (121.2443054 14.1689667)
14.165093,121.2606539,3,,,,POINT (121.2606539 14.165093)
14.1552021,121.2462199,3,,,,POINT (121.2462199 14.1552021)
14.1747473,121.2639696,3,,,,POINT (121.2639696 14.1747473)
14.1785672,121.2421723,4,crossing,,,POINT (121.2421723 14.1785672)
14.1660367,121.2385623,3,,,,POINT (121.2385623 14.1660367)
14.1671864,121.2431094,3,,,,POINT (121.2431094 14.1671864)
14.1642024,121.2384571,3,,,,POINT (121.2384571 14.1642024)
14.1690989,121.2110282,3,,,,POINT (121.2110282 14.1690989)
14.1786885,121.2426272,3,,,,POINT (121.2426272 14.1786885)
14.179441,121.2250881,3,,,,POINT (121.2250881 14.179441)
14.1684571,121.258385,4,,,,POINT (121.258385 14.1684571)
14.1503058,121.2538907,3,,,,POINT (121.2538907 14.1503058)
14.1913541,121.234748,3,,,,POINT (121.234748 14.1913541)
14.1727216,121.243261,3,,,,POINT (121.243261 14.1727216)
14.1872765,121.2488214,1,,,,POINT (121.2488214 14.1872765)
14.1560515,121.2457077,4,,,,POINT (121.2457077 14.1560515)
14.1520103,121.25355,3,,,,POINT (121.25355 14.1520103)
14.1698634,121.244076,3,,,,POINT (121.244076 14.1698634)
14.1681936,121.2096331,3,,,,POINT (121.2096331 14.1681936)
14.151772,121.2451138,3,,,,POINT (121.2451138 14.151772)
14.1686854,121.2441348,4,crossing,,,POINT (121.2441348 14.1686854)
14.1852463,121.2389936,3,,,,POINT (121.2389936 14.1852463)
14.1652042,121.2589627,3,,,,POINT (121.2589627 14.1652042)
14.1608082,121.2255834,3,,,,POINT (121.2255834 14.1608082)
14.1713063,121.2598537,4,,,,POINT (121.2598537 14.1713063)
14.185379,121.2445259,3,,,,POINT (121.2445259 14.185379)
14.1677141,121.2591306,4,,,,POINT (121.2591306 14.1677141)
14.1737816,121.2448845,3,,,,POINT (121.2448845 14.1737816)
14.1797355,121.2419247,3,,,,POINT (121.2419247 14.1797355)
14.1705478,121.2112469,3,,,,POINT (121.2112469 14.1705478)
14.1641916,121.2391822,3,,,,POINT (121.2391822 14.1641916)
14.1846501,121.2430264,3,,,,POINT (121.2430264 14.1846501)
14.1531232,121.2169031,3,,,,POINT (121.2169031 14.1531232)
14.1555026,121.2460434,3,,,,POINT (121.2460434 14.1555026)
14.1635608,121.2160917,3,,,,POINT (121.2160917 14.1635608)
14.1697948,121.2613325,4,,,,POINT (121.2613325 14.1697948)
14.1799614,121.2249104,3,,,,POINT (121.2249104 14.1799614)
14.1662265,121.2095636,4,,,,POINT (121.2095636 14.1662265)
14.1530017,121.2539329,3,,,,POINT (121.2539329 14.1530017)
14.1716248,121.2512754,1,,level_crossing,,POINT (121.2512754 14.1716248)
14.1522633,121.2532408,3,,,,POINT (121.2532408 14.1522633)
14.1742063,121.2472838,3,,,,POINT (121.2472838 14.1742063)
14.1628432,121.2163272,3,,,,POINT (121.2163272 14.1628432)
14.1726313,121.2426254,4,,,,POINT (121.2426254 14.1726313)
14.1513132,121.2543548,3,,,,POINT (121.2543548 14.1513132)
14.1726674,121.2432565,3,,,,POINT (121.2432565 14.1726674)
14.1721962,121.2456823,3,,,,POINT (121.2456823 14.1721962)
14.166617,121.2106704,3,,,,POINT (121.2106704 14.166617)
14.175403,121.2441104,3,,,,POINT (121.2441104 14.175403)
14.1956995,121.2415846,3,,,,POINT (121.2415846 14.1956995)
14.1877816,121.2394086,3,,,,POINT (121.2394086 14.1877816)
14.165828,121.2609307,3,,,,POINT (121.2609307 14.165828)
14.1690185,121.2621162,3,,,,POINT (121.2621162 14.1690185)
14.1934702,121.2352885,4,,,,POINT (121.2352885 14.1934702)
14.1687365,121.2109766,3,,,,POINT (121.2109766 14.1687365)
14.1880143,121.2380115,3,,,,POINT (121.2380115 14.1880143)
14.1787997,121.2524127,3,,,,POINT (121.2524127 14.1787997)
14.183312,121.2402176,3,,,,POINT (121.2402176 14.183312)
14.151889,121.2529092,3,,,,POINT (121.2529092 14.151889)
14.1623051,121.2585423,3,,,,POINT (121.2585423 14.1623051)
14.1467963,121.2437741,1,,,,POINT (121.2437741 14.1467963)
14.1645874,121.2617185,3,,,,POINT (121.2617185 14.1645874)
14.1732955,121.2432424,4,,,,POINT (121.2432424 14.1732955)
14.186125,121.2460994,3,,,,POINT (121.2460994 14.186125)
14.1680886,121.2437681,3,,,,POINT (121.2437681 14.1680886)
14.1599222,121.2240417,3,,,,POINT (121.2240417 14.1599222)
14.1524118,121.2512609,3,,,,POINT (121.2512609 14.1524118)
14.1514531,121.2525031,3,,,,POINT (121.2525031 14.1514531)
14.1525549,121.2529827,3,,,,POINT (121.2529827 14.1525549)
14.162175,121.2620037,3,,,,POINT (121.2620037 14.162175)
14.1764457,121.2584963,3,,,,POINT (121.2584963 14.1764457)
14.1775842,121.2582456,3,,,,POINT (121.2582456 14.1775842)
14.1784094,121.2422097,4,traffic_signals,,,POINT (121.2422097 14.1784094)
14.1789679,121.2391845,3,,,,POINT (121.2391845 14.1789679)
14.1732758,121.2114748,3,,,,POINT (121.2114748 14.1732758)
14.1782632,121.2429613,3,,,,POINT (121.2429613 14.1782632)
14.1778623,121.2449304,3,,,,POINT (121.2449304 14.1778623)
14.1923483,121.2460979,3,,,,POINT (121.2460979 14.1923483)
14.1813021,121.2266316,3,,,,POINT (121.2266316 14.1813021)
14.1730793,121.2148988,3,,,,POINT (121.2148988 14.1730793)
14.170882,121.2092163,3,,,,POINT (121.2092163 14.170882)
14.1792839,121.2072873,4,,,,POINT (121.2072873 14.1792839)
14.1756565,121.2626832,3,,,,POINT (121.2626832 14.1756565)
14.1763294,121.263067,1,,,,POINT (121.263067 14.1763294)
14.1759458,121.2630364,3,,,,POINT (121.2630364 14.1759458)
14.1772217,121.2486161,4,,,,POINT (121.2486161 14.1772217)
14.1769773,121.2486268,1,,,,POINT (121.2486268 14.1769773)
14.1768496,121.244056,1,,,,POINT (121.244056 14.1768496)
14.1762296,121.243763,3,,,,POINT (121.243763 14.1762296)
14.1751716,121.2442153,3,,,,POINT (121.2442153 14.1751716)
14.1754714,121.2442656,1,,,,POINT (121.2442656 14.1754714)
14.1746896,121.2470399,3,,,,POINT (121.2470399 14.1746896)
14.1710063,121.2448571,3,,,,POINT (121.2448571 14.1710063)
14.1711884,121.245307,3,,,,POINT (121.245307 14.1711884)
14.1713192,121.2456302,3,,,,POINT (121.2456302 14.1713192)
14.1705715,121.2459698,3,,,,POINT (121.2459698 14.1705715)
14.170135,121.245238,3,,,,POINT (121.245238 14.170135)
14.1703293,121.2456666,3,,,,POINT (121.2456666 14.1703293)
14.1692324,121.2456137,3,,,,POINT (121.2456137 14.1692324)
14.1696368,121.2434493,3,,,,POINT (121.2434493 14.1696368)
14.1687982,121.2445867,3,,,,POINT (121.2445867 14.1687982)
14.1690434,121.2451851,3,,,,POINT (121.2451851 14.1690434)
14.1685349,121.2453984,3,,,,POINT (121.2453984 14.1685349)
14.1677102,121.2435282,3,,,,POINT (121.2435282 14.1677102)
14.1679576,121.2438475,3,,,,POINT (121.2438475 14.1679576)
14.167324,121.243425,4,crossing,,,POINT (121.243425 14.167324)
14.1673864,121.243316,3,,,,POINT (121.243316 14.1673864)
14.1676518,121.2434983,4,crossing,,,POINT (121.2434983 14.1676518)
14.1671225,121.2433331,3,,,,POINT (121.2433331 14.1671225)
14.1619772,121.240813,4,,,,POINT (121.240813 14.1619772)
14.1623592,121.2408357,3,,,,POINT (121.2408357 14.1623592)
14.1669879,121.2433526,3,,,,POINT (121.2433526 14.1669879)
14.1664074,121.2429966,3,,,,POINT (121.2429966 14.1664074)
14.1666286,121.2425981,3,,,,POINT (121.2425981 14.1666286)
14.1672256,121.2429147,3,,,,POINT (121.2429147 14.1672256)
14.1665465,121.2427461,4,,,,POINT (121.2427461 14.1665465)
14.1671286,121.2432253,3,,,,POINT (121.2432253 14.1671286)
14.1664887,121.2428523,4,,,,POINT (121.2428523 14.1664887)
14.1669216,121.2427513,4,,,,POINT (121.2427513 14.1669216)
14.1667712,121.2430203,3,,,,POINT (121.2430203 14.1667712)
14.1666913,121.2431707,4,,,,POINT (121.2431707 14.1666913)
14.1668508,121.2421976,3,,,,POINT (121.2421976 14.1668508)
14.1671739,121.2431796,3,,,,POINT (121.2431796 14.1671739)
14.1672414,121.2432621,3,,,,POINT (121.2432621 14.1672414)
14.1661547,121.2426537,4,,,,POINT (121.2426537 14.1661547)
14.1662177,121.2425469,4,,,,POINT (121.2425469 14.1662177)
14.1659043,121.2431542,3,,,,POINT (121.2431542 14.1659043)
14.1657111,121.2422227,3,,,,POINT (121.2422227 14.1657111)
14.166207,121.2425627,3,,,,POINT (121.2425627 14.166207)
14.164871,121.2418233,4,,,,POINT (121.2418233 14.164871)
14.165474,121.2419523,3,,,,POINT (121.2419523 14.165474)
14.1656846,121.2421827,3,,,,POINT (121.2421827 14.1656846)
14.1652854,121.2414238,3,,,,POINT (121.2414238 14.1652854)
14.1647341,121.241697,4,crossing,,,POINT (121.241697 14.1647341)
14.1648163,121.2415013,3,,,,POINT (121.2415013 14.1648163)
14.1649032,121.241396,3,,,,POINT (121.241396 14.1649032)
14.1655665,121.2422579,4,crossing,,,POINT (121.2422579 14.1655665)
14.1655315,121.2421182,4,,,,POINT (121.2421182 14.1655315)
14.1641945,121.2412503,4,crossing,,,POINT (121.2412503 14.1641945)
14.1648607,121.2417834,5,,,,POINT (121.2417834 14.1648607)
14.1653319,121.2415741,4,,,,POINT (121.2415741 14.1653319)
14.1641317,121.2412532,4,,,,POINT (121.2412532 14.1641317)
14.164239,121.2411338,3,,,,POINT (121.2411338 14.164239)
14.1637669,121.2416511,4,,,,POINT (121.2416511 14.1637669)
14.164921,121.2409568,3,,,,POINT (121.2409568 14.164921)
14.1642866,121.2412165,4,,,,POINT (121.2412165 14.1642866)
14.1637227,121.2420156,3,,,,POINT (121.2420156 14.1637227)
14.1641597,121.2411901,4,,,,POINT (121.2411901 14.1641597)
14.1649092,121.2417607,4,,,,POINT (121.2417607 14.1649092)
14.1647509,121.241659,4,,,,POINT (121.241659 14.1647509)
14.1634822,121.2401006,5,crossing,,,POINT (121.2401006 14.1634822)
14.1636942,121.2405321,3,,,,POINT (121.2405321 14.1636942)
14.1635917,121.2399844,3,,,,POINT (121.2399844 14.1635917)
14.1619014,121.2407719,3,crossing,,,POINT (121.2407719 14.1619014)
14.1625648,121.240462,3,,,,POINT (121.240462 14.1625648)
14.1639068,121.2398402,3,,,,POINT (121.2398402 14.1639068)
14.163726,121.2407564,3,,,,POINT (121.2407564 14.163726)
14.1608608,121.2412966,3,,,,POINT (121.2412966 14.1608608)
14.1620524,121.2407148,3,,,,POINT (121.2407148 14.1620524)
14.1725172,121.2423837,3,,,,POINT (121.2423837 14.1725172)
14.163651,121.2425963,3,,,,POINT (121.2425963 14.163651)
14.1660296,121.2434718,4,crossing,,,POINT (121.2434718 14.1660296)
14.1661679,121.2438192,3,,,,POINT (121.2438192 14.1661679)
14.1662483,121.2440181,3,,,,POINT (121.2440181 14.1662483)
14.1647193,121.2447094,4,,,,POINT (121.2447094 14.1647193)
14.1672184,121.2435852,3,crossing,,,POINT (121.2435852 14.1672184)
14.1642169,121.2436108,3,,,,POINT (121.2436108 14.1642169)
14.1654504,121.2444107,3,,,,POINT (121.2444107 14.1654504)
14.1653017,121.2407864,4,,,,POINT (121.2407864 14.1653017)
14.166014,121.2409469,3,,,,POINT (121.2409469 14.166014)
14.1653456,121.2398238,3,,,,POINT (121.2398238 14.1653456)
14.1654236,121.2398892,3,,,,POINT (121.2398892 14.1654236)
14.1654534,121.2398877,4,,,,POINT (121.2398877 14.1654534)
14.1655919,121.2397061,3,,,,POINT (121.2397061 14.1655919)
14.1656563,121.2395635,3,,,,POINT (121.2395635 14.1656563)
14.1656676,121.2394945,3,,,,POINT (121.2394945 14.1656676)
14.1654981,121.2393907,4,,,,POINT (121.2393907 14.1654981)
14.1655266,121.2443739,3,,,,POINT (121.2443739 14.1655266)
14.165479,121.2441734,3,,,,POINT (121.2441734 14.165479)
14.1787287,121.2407948,3,,,,POINT (121.2407948 14.1787287)
14.1790236,121.2392837,3,,,,POINT (121.2392837 14.1790236)
14.1789544,121.239288,3,,,,POINT (121.239288 14.1789544)
14.1789994,121.2389376,3,,,,POINT (121.2389376 14.1789994)
14.1798286,121.2244372,4,,,,POINT (121.2244372 14.1798286)
14.1795957,121.2245276,3,,,,POINT (121.2245276 14.1795957)
14.1806122,121.224094,4,,,,POINT (121.224094 14.1806122)
14.180806,121.2246256,4,,,,POINT (121.2246256 14.180806)
14.1812149,121.2244834,4,,,,POINT (121.2244834 14.1812149)
14.1816422,121.2242811,4,,,,POINT (121.2242811 14.1816422)
14.1809309,121.2239292,4,,,,POINT (121.2239292 14.1809309)
14.1818318,121.224817,3,,,,POINT (121.224817 14.1818318)
14.1833573,121.2288563,3,,,,POINT (121.2288563 14.1833573)
14.1821207,121.2270256,3,,,,POINT (121.2270256 14.1821207)
14.1813257,121.2274259,3,,,,POINT (121.2274259 14.1813257)
14.1817089,121.2273247,1,,,,POINT (121.2273247 14.1817089)
14.1850359,121.2301572,4,,,,POINT (121.2301572 14.1850359)
14.1850814,121.2303254,1,,,,POINT (121.2303254 14.1850814)
14.1857177,121.2302224,3,,,,POINT (121.2302224 14.1857177)
14.1859914,121.2308,3,,,,POINT (121.2308 14.1859914)
14.1867797,121.2297722,1,,,,POINT (121.2297722 14.1867797)
14.1866827,121.2319651,3,,,,POINT (121.2319651 14.1866827)
14.1866868,121.2318709,3,,,,POINT (121.2318709 14.1866868)
14.186635,121.2319217,3,,,,POINT (121.2319217 14.186635)
14.1867037,121.2308761,3,,,,POINT (121.2308761 14.1867037)
14.1865734,121.2309261,1,,,,POINT (121.2309261 14.1865734)
14.1865651,121.2307821,1,,,,POINT (121.2307821 14.1865651)
14.1866628,121.2314332,3,,,,POINT (121.2314332 14.1866628)
14.1865276,121.2314789,1,,,,POINT (121.2314789 14.1865276)
14.1869203,121.2317616,3,,,,POINT (121.2317616 14.1869203)
14.1869488,121.2315448,1,,,,POINT (121.2315448 14.1869488)
14.1870868,121.2320763,4,,,,POINT (121.2320763 14.1870868)
14.1874779,121.2323424,3,,,,POINT (121.2323424 14.1874779)
14.1878449,121.2326411,1,,,,POINT (121.2326411 14.1878449)
14.1867303,121.2319245,4,,,,POINT (121.2319245 14.1867303)
14.1874226,121.2324379,3,,,,POINT (121.2324379 14.1874226)
14.1878137,121.232791,1,,,,POINT (121.232791 14.1878137)
14.1795517,121.2238521,4,,,,POINT (121.2238521 14.1795517)
14.179888,121.2246132,4,,,,POINT (121.2246132 14.179888)
14.1730434,121.2444919,1,,,,POINT (121.2444919 14.1730434)
14.1727514,121.2444858,3,,,,POINT (121.2444858 14.1727514)
14.1707879,121.2428903,3,,,,POINT (121.2428903 14.1707879)
14.1705373,121.2422777,3,,,,POINT (121.2422777 14.1705373)
14.1722658,121.2419653,3,,,,POINT (121.2419653 14.1722658)
14.1731003,121.2420966,3,,,,POINT (121.2420966 14.1731003)
14.1732981,121.2426301,3,,,,POINT (121.2426301 14.1732981)
14.1716594,121.2472179,3,,,,POINT (121.2472179 14.1716594)
14.1714071,121.2466794,4,,,,POINT (121.2466794 14.1714071)
14.1711934,121.2461894,3,,,,POINT (121.2461894 14.1711934)
14.1719526,121.2485827,3,,,,POINT (121.2485827 14.1719526)
14.1716983,121.2487034,3,,,,POINT (121.2487034 14.1716983)
14.1722949,121.2499813,3,,,,POINT (121.2499813 14.1722949)
14.1727183,121.2498254,1,,,,POINT (121.2498254 14.1727183)
14.1725493,121.2498721,3,,,,POINT (121.2498721 14.1725493)
14.1698968,121.2465904,3,,,,POINT (121.2465904 14.1698968)
14.1696616,121.246693,3,,,,POINT (121.246693 14.1696616)
14.1698322,121.2464171,1,,,,POINT (121.2464171 14.1698322)
14.1698029,121.2470449,3,,,,POINT (121.2470449 14.1698029)
14.1699604,121.2473994,3,,,,POINT (121.2473994 14.1699604)
14.1698872,121.2476277,3,,,,POINT (121.2476277 14.1698872)
14.170124,121.2482809,3,,,,POINT (121.2482809 14.170124)
14.1702527,121.2468833,1,,,,POINT (121.2468833 14.1702527)
14.1702132,121.2472748,1,,,,POINT (121.2472748 14.1702132)
14.1702299,121.2475666,1,,,,POINT (121.2475666 14.1702299)
14.1703968,121.2481608,1,,,,POINT (121.2481608 14.1703968)
14.1707741,121.2471023,1,,,,POINT (121.2471023 14.1707741)
14.1684077,121.2473245,3,,,,POINT (121.2473245 14.1684077)
14.1680532,121.246181,3,,,,POINT (121.246181 14.1680532)
14.1680063,121.2456208,3,,,,POINT (121.2456208 14.1680063)
14.1682785,121.2446519,3,,,,POINT (121.2446519 14.1682785)
14.1708499,121.249595,1,,,,POINT (121.249595 14.1708499)
14.1711927,121.2502892,3,,,,POINT (121.2502892 14.1711927)
14.1715133,121.2510455,3,,,,POINT (121.2510455 14.1715133)
14.1710074,121.2503909,4,,,,POINT (121.2503909 14.1710074)
14.1718438,121.2508132,1,,,,POINT (121.2508132 14.1718438)
14.1729325,121.2418247,3,,,,POINT (121.2418247 14.1729325)
14.1734455,121.2419267,3,,,,POINT (121.2419267 14.1734455)
14.1735844,121.2422782,3,,,,POINT (121.2422782 14.1735844)
14.1736575,121.2426259,3,,,,POINT (121.2426259 14.1736575)
14.1717854,121.2412677,3,,,,POINT (121.2412677 14.1717854)
14.1791481,121.2377249,3,,,,POINT (121.2377249 14.1791481)
14.1813902,121.2293845,3,,,,POINT (121.2293845 14.1813902)
14.1805319,121.2295023,3,,,,POINT (121.2295023 14.1805319)
14.1730781,121.2134582,3,,,,POINT (121.2134582 14.1730781)
14.1734405,121.213409,3,,,,POINT (121.213409 14.1734405)
14.1692262,121.2468953,3,,,,POINT (121.2468953 14.1692262)
14.1690542,121.2465352,3,,,,POINT (121.2465352 14.1690542)
14.1693722,121.2461989,3,,,,POINT (121.2461989 14.1693722)
14.1690067,121.2465593,1,,,,POINT (121.2465593 14.1690067)
14.1692466,121.2464212,3,,,,POINT (121.2464212 14.1692466)
14.1695261,121.2460923,1,,,,POINT (121.2460923 14.1695261)
14.1694043,121.2468125,3,,,,POINT (121.2468125 14.1694043)
14.1653787,121.2469198,3,,,,POINT (121.2469198 14.1653787)
14.172318,121.2459387,3,,,,POINT (121.2459387 14.172318)
14.1724343,121.2461833,3,,,,POINT (121.2461833 14.1724343)
14.1726834,121.2467072,3,,,,POINT (121.2467072 14.1726834)
14.1732423,121.2464284,3,,,,POINT (121.2464284 14.1732423)
14.1730153,121.2459474,3,,,,POINT (121.2459474 14.1730153)
14.1740909,121.2454114,4,,,,POINT (121.2454114 14.1740909)
14.1746371,121.2464959,3,,,,POINT (121.2464959 14.1746371)
14.1748705,121.246914,3,,,,POINT (121.246914 14.1748705)
14.1735389,121.2476383,3,,,,POINT (121.2476383 14.1735389)
14.1744641,121.2465685,1,,,,POINT (121.2465685 14.1744641)
14.1747596,121.2499743,3,,,,POINT (121.2499743 14.1747596)
14.1738603,121.2483687,3,,,,POINT (121.2483687 14.1738603)
14.1743287,121.2458647,3,,,,POINT (121.2458647 14.1743287)
14.1744852,121.2451976,3,,,,POINT (121.2451976 14.1744852)
14.1679905,121.2423666,3,,,,POINT (121.2423666 14.1679905)
14.1676924,121.241549,4,,,,POINT (121.241549 14.1676924)
14.1683009,121.2430024,1,,,,POINT (121.2430024 14.1683009)
14.1681175,121.2426302,3,,,,POINT (121.2426302 14.1681175)
14.1700022,121.2409539,3,,,,POINT (121.2409539 14.1700022)
14.1690034,121.2411748,4,,,,POINT (121.2411748 14.1690034)
14.1688067,121.241228,4,,,,POINT (121.241228 14.1688067)
14.1683176,121.241354,3,,,,POINT (121.241354 14.1683176)
14.1685061,121.2436391,3,,,,POINT (121.2436391 14.1685061)
14.1689141,121.2437605,1,,,,POINT (121.2437605 14.1689141)
14.168839,121.2435636,3,,,,POINT (121.2435636 14.168839)
14.1683056,121.2435316,3,,,,POINT (121.2435316 14.1683056)
14.1683507,121.2433829,1,,,,POINT (121.2433829 14.1683507)
14.1721611,121.2405826,3,,,,POINT (121.2405826 14.1721611)
14.1725361,121.2404696,3,,,,POINT (121.2404696 14.1725361)
14.1714526,121.2407246,3,,,,POINT (121.2407246 14.1714526)
14.1708879,121.2408146,3,,,,POINT (121.2408146 14.1708879)
14.1702468,121.241529,4,,,,POINT (121.241529 14.1702468)
14.1683674,121.2361018,1,,,,POINT (121.2361018 14.1683674)
14.1687101,121.237344,3,,,,POINT (121.237344 14.1687101)
14.169026,121.237191,3,,,,POINT (121.237191 14.169026)
14.1684366,121.2374757,3,,,,POINT (121.2374757 14.1684366)
14.1699728,121.2396254,3,,,,POINT (121.2396254 14.1699728)
14.1692439,121.2399733,3,,,,POINT (121.2399733 14.1692439)
14.1687473,121.2397387,3,,,,POINT (121.2397387 14.1687473)
14.1689203,121.2415499,3,,,,POINT (121.2415499 14.1689203)
14.1691379,121.2405252,3,,,,POINT (121.2405252 14.1691379)
14.1696135,121.2398106,3,,,,POINT (121.2398106 14.1696135)
14.1703435,121.239433,4,,,,POINT (121.239433 14.1703435)
14.170902,121.2391581,4,,,,POINT (121.2391581 14.170902)
14.1713982,121.2389191,3,,,,POINT (121.2389191 14.1713982)
14.1715154,121.2388707,3,,,,POINT (121.2388707 14.1715154)
14.1704975,121.2398652,4,,,,POINT (121.2398652 14.1704975)
14.1711661,121.2396777,3,,,,POINT (121.2396777 14.1711661)
14.1710464,121.2394189,3,,,,POINT (121.2394189 14.1710464)
14.171934,121.2394486,3,,,,POINT (121.2394486 14.171934)
14.1715148,121.239188,3,,,,POINT (121.239188 14.1715148)
14.1717214,121.239099,3,,,,POINT (121.239099 14.1717214)
14.1719398,121.2386744,3,,,,POINT (121.2386744 14.1719398)
14.171895,121.238611,3,,,,POINT (121.238611 14.171895)
14.1721016,121.238268,3,,,,POINT (121.238268 14.1721016)
14.1721842,121.23987,3,,,,POINT (121.23987 14.1721842)
14.1722298,121.2399468,3,,,,POINT (121.2399468 14.1722298)
14.1696101,121.2416655,3,,,,POINT (121.2416655 14.1696101)
14.1690154,121.2418195,3,,,,POINT (121.2418195 14.1690154)
14.1702137,121.2431682,3,,,,POINT (121.2431682 14.1702137)
14.1685881,121.2421046,1,,,,POINT (121.2421046 14.1685881)
14.1684969,121.2418348,3,,,,POINT (121.2418348 14.1684969)
14.1684464,121.2416992,3,,,,POINT (121.2416992 14.1684464)
14.1685561,121.2416472,1,,,,POINT (121.2416472 14.1685561)
14.1687236,121.241787,1,,,,POINT (121.241787 14.1687236)
14.1695531,121.2442301,3,bus_stop,,,POINT (121.2442301 14.1695531)
14.1754208,121.2420172,3,,,,POINT (121.2420172 14.1754208)
14.1762807,121.2408288,3,,,,POINT (121.2408288 14.1762807)
14.1761737,121.2405623,3,,,,POINT (121.2405623 14.1761737)
14.176138,121.2403714,3,,,,POINT (121.2403714 14.176138)
14.1763908,121.2403862,3,,,,POINT (121.2403862 14.1763908)
14.1762401,121.2405112,3,,,,POINT (121.2405112 14.1762401)
14.1752524,121.2414946,3,,,,POINT (121.2414946 14.1752524)
14.1757278,121.2404999,3,,,,POINT (121.2404999 14.1757278)
14.1666297,121.2436513,3,,,,POINT (121.2436513 14.1666297)
14.1675208,121.2416976,3,,,,POINT (121.2416976 14.1675208)
14.1658858,121.2455087,1,,,,POINT (121.2455087 14.1658858)
14.1633699,121.243436,3,,,,POINT (121.243436 14.1633699)
14.1639502,121.2425161,3,,,,POINT (121.2425161 14.1639502)
14.1646363,121.2425096,3,,,,POINT (121.2425096 14.1646363)
14.1646731,121.2425784,3,,,,POINT (121.2425784 14.1646731)
14.1654587,121.2421926,3,,,,POINT (121.2421926 14.1654587)
14.1667608,121.2423714,3,,,,POINT (121.2423714 14.1667608)
14.1651139,121.2425427,3,,,,POINT (121.2425427 14.1651139)
14.1653349,121.2424541,3,,,,POINT (121.2424541 14.1653349)
14.1712862,121.2428881,1,,,,POINT (121.2428881 14.1712862)
14.1712221,121.2426836,3,,,,POINT (121.2426836 14.1712221)
14.1655268,121.242374,4,,,,POINT (121.242374 14.1655268)
14.1661593,121.2441603,3,,,,POINT (121.2441603 14.1661593)
14.1661397,121.2440741,4,crossing,,,POINT (121.2440741 14.1661397)
14.1660837,121.2438561,4,,,,POINT (121.2438561 14.1660837)
14.1673751,121.2434406,3,,,,POINT (121.2434406 14.1673751)
14.167276,121.2435875,3,,,,POINT (121.2435875 14.167276)
14.1668228,121.2438551,4,,,,POINT (121.2438551 14.1668228)
14.1670105,121.2422746,4,,,,POINT (121.2422746 14.1670105)
14.167286,121.2431886,3,,,,POINT (121.2431886 14.167286)
14.1674173,121.2432688,3,,,,POINT (121.2432688 14.1674173)
14.1673673,121.2433452,3,,,,POINT (121.2433452 14.1673673)
14.1697427,121.2361171,1,,,,POINT (121.2361171 14.1697427)
14.1723005,121.2384376,1,,,,POINT (121.2384376 14.1723005)
14.1718804,121.2379483,3,,,,POINT (121.2379483 14.1718804)
14.1716823,121.2376855,3,,,,POINT (121.2376855 14.1716823)
14.1714957,121.237385,3,,,,POINT (121.237385 14.1714957)
14.1713312,121.237092,3,,,,POINT (121.237092 14.1713312)
14.1711622,121.2368137,3,,,,POINT (121.2368137 14.1711622)
14.1749335,121.2417053,3,,,,POINT (121.2417053 14.1749335)
14.174666,121.2408921,3,,,,POINT (121.2408921 14.174666)
14.1778411,121.2426762,1,,,,POINT (121.2426762 14.1778411)
14.1783246,121.2426206,3,,,,POINT (121.2426206 14.1783246)
14.1672666,121.2405416,3,,,,POINT (121.2405416 14.1672666)
14.1668577,121.2395699,3,,,,POINT (121.2395699 14.1668577)
14.1667047,121.2391875,3,,,,POINT (121.2391875 14.1667047)
14.1675045,121.2388435,3,,,,POINT (121.2388435 14.1675045)
14.1660184,121.2389848,3,,,,POINT (121.2389848 14.1660184)
14.1653501,121.2404149,3,,,,POINT (121.2404149 14.1653501)
14.1634569,121.2397265,3,,,,POINT (121.2397265 14.1634569)
14.1638106,121.2395788,4,,,,POINT (121.2395788 14.1638106)
14.1664742,121.2424213,3,,,,POINT (121.2424213 14.1664742)
14.1635049,121.2398394,3,,,,POINT (121.2398394 14.1635049)
14.1638622,121.2397023,3,,,,POINT (121.2397023 14.1638622)
14.1636244,121.2395131,3,,,,POINT (121.2395131 14.1636244)
14.1634302,121.2396699,3,,,,POINT (121.2396699 14.1634302)
14.1730975,121.2408912,3,,,,POINT (121.2408912 14.1730975)
14.1737269,121.2404888,1,,,,POINT (121.2404888 14.1737269)
14.1729907,121.2395542,3,,,,POINT (121.2395542 14.1729907)
14.1734188,121.2392596,3,,,,POINT (121.2392596 14.1734188)
14.173554,121.2394686,3,,,,POINT (121.2394686 14.173554)
14.1738448,121.239357,3,,,,POINT (121.239357 14.1738448)
14.1708833,121.2360882,3,,,,POINT (121.2360882 14.1708833)
14.1704389,121.2353808,3,,,,POINT (121.2353808 14.1704389)
14.1706028,121.2344134,3,,,,POINT (121.2344134 14.1706028)
14.170811,121.2346923,3,,,,POINT (121.2346923 14.170811)
14.171072,121.235089,3,,,,POINT (121.235089 14.171072)
14.1698372,121.2354266,3,,,,POINT (121.2354266 14.1698372)
14.1713467,121.2349014,3,,,,POINT (121.2349014 14.1713467)
14.1716534,121.2346676,3,,,,POINT (121.2346676 14.1716534)
14.1719014,121.2344943,3,,,,POINT (121.2344943 14.1719014)
14.1706479,121.2338093,3,,,,POINT (121.2338093 14.1706479)
14.1711141,121.2338456,3,,,,POINT (121.2338456 14.1711141)
14.1713728,121.2342217,3,,,,POINT (121.2342217 14.1713728)
14.1716202,121.2334381,3,,,,POINT (121.2334381 14.1716202)
14.1710997,121.2359595,1,,,,POINT (121.2359595 14.1710997)
14.171547,121.2381655,1,,,,POINT (121.2381655 14.171547)
14.1713471,121.2379108,1,,,,POINT (121.2379108 14.1713471)
14.1711333,121.2376133,1,,,,POINT (121.2376133 14.1711333)
14.1709517,121.237326,1,,,,POINT (121.237326 14.1709517)
14.1706938,121.2370933,1,,,,POINT (121.2370933 14.1706938)
14.1724127,121.2394071,1,,,,POINT (121.2394071 14.1724127)
14.1738246,121.2432369,3,,,,POINT (121.2432369 14.1738246)
14.1758208,121.2389264,1,,,,POINT (121.2389264 14.1758208)
14.1654315,121.2379903,3,,,,POINT (121.2379903 14.1654315)
14.174718,121.2399371,1,,,,POINT (121.2399371 14.174718)
14.1746036,121.2431953,3,,,,POINT (121.2431953 14.1746036)
14.1757465,121.2436767,1,,,,POINT (121.2436767 14.1757465)
14.1754047,121.2430004,4,,,,POINT (121.2430004 14.1754047)
14.1757241,121.2434058,1,,,,POINT (121.2434058 14.1757241)
14.1755523,121.2429603,3,,,,POINT (121.2429603 14.1755523)
14.1757992,121.2433303,1,,,,POINT (121.2433303 14.1757992)
14.1756585,121.2429365,3,,,,POINT (121.2429365 14.1756585)
14.1758646,121.2431575,1,,,,POINT (121.2431575 14.1758646)
14.1757796,121.242912,3,,,,POINT (121.242912 14.1757796)
14.1765733,121.242713,3,,,,POINT (121.242713 14.1765733)
14.1766201,121.2428355,1,,,,POINT (121.2428355 14.1766201)
14.1774881,121.2424445,3,,,,POINT (121.2424445 14.1774881)
14.1767389,121.2419549,3,,,,POINT (121.2419549 14.1767389)
14.176353,121.242085,1,,,,POINT (121.242085 14.176353)
14.1670994,121.2406158,3,,,,POINT (121.2406158 14.1670994)
14.1752761,121.2437769,1,,,,POINT (121.2437769 14.1752761)
14.1749783,121.2431081,3,,,,POINT (121.2431081 14.1749783)
14.1747524,121.2435769,3,,,,POINT (121.2435769 14.1747524)
14.1747949,121.2436865,1,,,,POINT (121.2436865 14.1747949)
14.1666197,121.2418298,5,,,,POINT (121.2418298 14.1666197)
14.1667222,121.2415313,3,,,,POINT (121.2415313 14.1667222)
14.1663272,121.2419557,4,,,,POINT (121.2419557 14.1663272)
14.1664479,121.2421575,3,,,,POINT (121.2421575 14.1664479)
14.1660789,121.2419745,3,,,,POINT (121.2419745 14.1660789)
14.166193,121.2418122,3,,,,POINT (121.2418122 14.166193)
14.1649311,121.2408645,3,,,,POINT (121.2408645 14.1649311)
14.1649081,121.2407305,3,,,,POINT (121.2407305 14.1649081)
14.1635236,121.2408403,4,,,,POINT (121.2408403 14.1635236)
14.1635148,121.2407234,4,,,,POINT (121.2407234 14.1635148)
14.1631747,121.2408944,3,,,,POINT (121.2408944 14.1631747)
14.1615372,121.2398662,3,,,,POINT (121.2398662 14.1615372)
14.1614072,121.239472,3,,,,POINT (121.239472 14.1614072)
14.1612876,121.2392742,3,,,,POINT (121.2392742 14.1612876)
14.161079,121.239134,3,,,,POINT (121.239134 14.161079)
14.1607536,121.2403214,3,,,,POINT (121.2403214 14.1607536)
14.162926,121.241313,4,,,,POINT (121.241313 14.162926)
14.1603577,121.2431743,3,,,,POINT (121.2431743 14.1603577)
14.1606039,121.2430129,3,,,,POINT (121.2430129 14.1606039)
14.1615317,121.242407,3,,,,POINT (121.242407 14.1615317)
14.1624825,121.2415761,3,,,,POINT (121.2415761 14.1624825)
14.1629961,121.2409954,3,,,,POINT (121.2409954 14.1629961)
14.1633317,121.2411239,3,,,,POINT (121.2411239 14.1633317)
14.1632016,121.2409993,3,,,,POINT (121.2409993 14.1632016)
14.162599,121.2414214,3,,,,POINT (121.2414214 14.162599)
14.1629,121.2412504,3,,,,POINT (121.2412504 14.1629)
14.1596019,121.2418686,3,,,,POINT (121.2418686 14.1596019)
14.1592262,121.2420298,3,,,,POINT (121.2420298 14.1592262)
14.1595287,121.2414044,1,,,,POINT (121.2414044 14.1595287)
14.1597154,121.2418092,3,,,,POINT (121.2418092 14.1597154)
14.1604366,121.2410691,3,,,,POINT (121.2410691 14.1604366)
14.1602004,121.2411468,3,,,,POINT (121.2411468 14.1602004)
14.1660656,121.2411482,3,,,,POINT (121.2411482 14.1660656)
14.1659466,121.2412231,3,,,,POINT (121.2412231 14.1659466)
14.1671073,121.2421189,3,,,,POINT (121.2421189 14.1671073)
14.1673102,121.2421631,3,,,,POINT (121.2421631 14.1673102)
14.1692497,121.2446985,3,,,,POINT (121.2446985 14.1692497)
14.1687859,121.2433641,1,,,,POINT (121.2433641 14.1687859)
14.1762768,121.237037,3,,,,POINT (121.237037 14.1762768)
14.1753608,121.2364295,3,,,,POINT (121.2364295 14.1753608)
14.1744911,121.2352524,3,,,,POINT (121.2352524 14.1744911)
14.1736629,121.234066,3,,,,POINT (121.234066 14.1736629)
14.1733893,121.2336166,3,,,,POINT (121.2336166 14.1733893)
14.1731158,121.2331119,3,,,,POINT (121.2331119 14.1731158)
14.1732372,121.2343164,3,,,,POINT (121.2343164 14.1732372)
14.1722248,121.2349818,3,,,,POINT (121.2349818 14.1722248)
14.1765512,121.2369043,3,,,,POINT (121.2369043 14.1765512)
14.1765213,121.2368466,3,,,,POINT (121.2368466 14.1765213)
14.172157,121.234861,3,,,,POINT (121.234861 14.172157)
14.1725232,121.2354274,3,,,,POINT (121.2354274 14.1725232)
14.1727425,121.235777,3,,,,POINT (121.235777 14.1727425)
14.1739068,121.2375014,3,,,,POINT (121.2375014 14.1739068)
14.1718574,121.2350584,1,,,,POINT (121.2350584 14.1718574)
14.1719739,121.2353502,1,,,,POINT (121.2353502 14.1719739)
14.1723337,121.2351343,3,,,,POINT (121.2351343 14.1723337)
14.172157,121.2356506,1,,,,POINT (121.2356506 14.172157)
14.1729294,121.2380278,3,,,,POINT (121.2380278 14.1729294)
14.1725437,121.2374511,3,,,,POINT (121.2374511 14.1725437)
14.1730618,121.2370651,3,,,,POINT (121.2370651 14.1730618)
14.1727656,121.2377906,3,,,,POINT (121.2377906 14.1727656)
14.1732892,121.2373738,3,,,,POINT (121.2373738 14.1732892)
14.173718,121.2385931,3,,,,POINT (121.2385931 14.173718)
14.1739658,121.2383764,1,,,,POINT (121.2383764 14.1739658)
14.1735132,121.2382789,3,,,,POINT (121.2382789 14.1735132)
14.1735634,121.237762,3,,,,POINT (121.237762 14.1735634)
14.1728237,121.2367389,3,,,,POINT (121.2367389 14.1728237)
14.1741665,121.2356389,3,,,,POINT (121.2356389 14.1741665)
14.1749473,121.2367098,3,,,,POINT (121.2367098 14.1749473)
14.1748069,121.2368343,1,,,,POINT (121.2368343 14.1748069)
14.1771499,121.2377009,4,,,,POINT (121.2377009 14.1771499)
14.1775168,121.2377744,3,,,,POINT (121.2377744 14.1775168)
14.1779772,121.2377522,3,,,,POINT (121.2377522 14.1779772)
14.1787842,121.2376162,3,,,,POINT (121.2376162 14.1787842)
14.1773583,121.237437,3,,,,POINT (121.237437 14.1773583)
14.1769393,121.23811,3,,,,POINT (121.23811 14.1769393)
14.177055,121.2383191,3,,,,POINT (121.2383191 14.177055)
14.1772006,121.2386102,1,,,,POINT (121.2386102 14.1772006)
14.1771642,121.2382602,1,,,,POINT (121.2382602 14.1771642)
14.1710923,121.2434453,3,,,,POINT (121.2434453 14.1710923)
14.1691979,121.2443623,4,crossing,,,POINT (121.2443623 14.1691979)
14.1692095,121.2446025,3,,,,POINT (121.2446025 14.1692095)
14.1737586,121.238087,1,,,,POINT (121.238087 14.1737586)
14.1769331,121.2499672,3,,,,POINT (121.2499672 14.1769331)
14.1773885,121.247569,3,,,,POINT (121.247569 14.1773885)
14.1768197,121.2520416,3,,,,POINT (121.2520416 14.1768197)
14.1769986,121.2541521,1,,,,POINT (121.2541521 14.1769986)
14.180353,121.2235102,4,,,,POINT (121.2235102 14.180353)
14.171223,121.2447493,1,,,,POINT (121.2447493 14.171223)
14.1780838,121.2390596,1,,,,POINT (121.2390596 14.1780838)
14.1696107,121.244203,3,,,,POINT (121.244203 14.1696107)
14.1605741,121.2432053,4,,,,POINT (121.2432053 14.1605741)
14.1662961,121.2410055,4,,,,POINT (121.2410055 14.1662961)
14.1673892,121.2412164,3,,,,POINT (121.2412164 14.1673892)
14.1674376,121.2412613,3,,,,POINT (121.2412613 14.1674376)
14.167537,121.241306,5,,,,POINT (121.241306 14.167537)
14.1763555,121.2428917,1,,,,POINT (121.2428917 14.1763555)
14.1763202,121.2427742,3,,,,POINT (121.2427742 14.1763202)
14.1627821,121.2437929,4,,,,POINT (121.2437929 14.1627821)
14.1567696,121.2434407,3,,,,POINT (121.2434407 14.1567696)
14.1562616,121.2426046,3,,,,POINT (121.2426046 14.1562616)
14.1602567,121.2406518,3,,,,POINT (121.2406518 14.1602567)
14.158114,121.2408223,3,,,,POINT (121.2408223 14.158114)
14.1575638,121.2407362,3,,,,POINT (121.2407362 14.1575638)
14.1561828,121.2411165,3,,,,POINT (121.2411165 14.1561828)
14.1591444,121.2395462,3,,,,POINT (121.2395462 14.1591444)
14.1588851,121.2381791,3,,,,POINT (121.2381791 14.1588851)
14.1661873,121.2379914,4,,,,POINT (121.2379914 14.1661873)
14.1656445,121.2367708,4,,,,POINT (121.2367708 14.1656445)
14.1640874,121.234143,4,,,,POINT (121.234143 14.1640874)
14.1654768,121.2365091,3,,,,POINT (121.2365091 14.1654768)
14.1599891,121.2440516,3,,,,POINT (121.2440516 14.1599891)
14.163331,121.2495933,4,,,,POINT (121.2495933 14.163331)
14.164936,121.2515869,3,,,,POINT (121.2515869 14.164936)
14.1627213,121.2482417,3,,,,POINT (121.2482417 14.1627213)
14.1623846,121.2487731,3,,,,POINT (121.2487731 14.1623846)
14.1625296,121.2489895,4,,,,POINT (121.2489895 14.1625296)
14.1616658,121.2460253,3,,,,POINT (121.2460253 14.1616658)
14.1639452,121.2491035,1,,,,POINT (121.2491035 14.1639452)
14.1586033,121.2446064,3,,,,POINT (121.2446064 14.1586033)
14.1591255,121.2428084,4,,,,POINT (121.2428084 14.1591255)
14.1588596,121.2422651,3,,,,POINT (121.2422651 14.1588596)
14.1613945,121.2391392,3,,,,POINT (121.2391392 14.1613945)
14.1614588,121.2394627,3,,,,POINT (121.2394627 14.1614588)
14.181775,121.2242319,3,,,,POINT (121.2242319 14.181775)
14.1824302,121.2244282,1,,,,POINT (121.2244282 14.1824302)
14.1803191,121.2227653,4,,,,POINT (121.2227653 14.1803191)
14.180665,121.2234036,4,,,,POINT (121.2234036 14.180665)
14.1813734,121.2237281,4,,,,POINT (121.2237281 14.1813734)
14.1811259,121.2231864,4,,,,POINT (121.2231864 14.1811259)
14.1808102,121.2224995,4,,,,POINT (121.2224995 14.1808102)
14.1800528,121.2222265,4,,,,POINT (121.2222265 14.1800528)
14.1773456,121.221698,3,,,,POINT (121.221698 14.1773456)
14.1800664,121.2228775,4,,,,POINT (121.2228775 14.1800664)
14.1798098,121.2223363,4,,,,POINT (121.2223363 14.1798098)
14.1794875,121.2217125,3,,,,POINT (121.2217125 14.1794875)
14.1783333,121.222398,3,,,,POINT (121.222398 14.1783333)
14.1794778,121.2211642,3,,,,POINT (121.2211642 14.1794778)
14.1792241,121.2209256,3,,,,POINT (121.2209256 14.1792241)
14.1787498,121.2211926,3,,,,POINT (121.2211926 14.1787498)
14.1786955,121.2210051,1,,,,POINT (121.2210051 14.1786955)
14.1796024,121.2363049,3,,,,POINT (121.2363049 14.1796024)
14.1801555,121.2362002,3,,,,POINT (121.2362002 14.1801555)
14.1805395,121.2359926,3,,,,POINT (121.2359926 14.1805395)
14.1795285,121.2406526,4,,,,POINT (121.2406526 14.1795285)
14.1590162,121.2373997,3,,,,POINT (121.2373997 14.1590162)
14.1605184,121.2380111,3,,,,POINT (121.2380111 14.1605184)
14.1615173,121.2383831,3,,,,POINT (121.2383831 14.1615173)
14.1624232,121.2388554,3,,,,POINT (121.2388554 14.1624232)
14.1588948,121.2379015,3,,,,POINT (121.2379015 14.1588948)
14.1582902,121.2369291,3,,,,POINT (121.2369291 14.1582902)
14.1586612,121.2371683,3,,,,POINT (121.2371683 14.1586612)
14.155818,121.235221,3,,,,POINT (121.235221 14.155818)
14.1540021,121.2354186,3,,,,POINT (121.2354186 14.1540021)
14.1546465,121.2358887,3,,,,POINT (121.2358887 14.1546465)
14.1550032,121.2361496,3,,,,POINT (121.2361496 14.1550032)
14.1552667,121.2363495,3,,,,POINT (121.2363495 14.1552667)
14.1556382,121.2365975,3,,,,POINT (121.2365975 14.1556382)
14.1568287,121.2361882,4,,,,POINT (121.2361882 14.1568287)
14.1553092,121.2349001,3,,,,POINT (121.2349001 14.1553092)
14.1483728,121.2349093,3,mini_roundabout,,,POINT (121.2349093 14.1483728)
14.1502046,121.2353113,3,,,,POINT (121.2353113 14.1502046)
14.1502499,121.235873,3,,,,POINT (121.235873 14.1502499)
14.1511548,121.2355555,3,,,,POINT (121.2355555 14.1511548)
14.1515418,121.2354131,4,,,,POINT (121.2354131 14.1515418)
14.1514404,121.2351478,3,,,,POINT (121.2351478 14.1514404)
14.1515182,121.2338494,3,,,,POINT (121.2338494 14.1515182)
14.1524861,121.2343605,3,,,,POINT (121.2343605 14.1524861)
14.1532333,121.2349403,4,,,,POINT (121.2349403 14.1532333)
14.1480681,121.2348876,1,,,,POINT (121.2348876 14.1480681)
14.1593523,121.223852,3,,,,POINT (121.223852 14.1593523)
14.159687,121.2238652,3,,,,POINT (121.2238652 14.159687)
14.1597675,121.2236835,3,,,,POINT (121.2236835 14.1597675)
14.1609198,121.2258757,3,,,,POINT (121.2258757 14.1609198)
14.1625912,121.2278196,3,,,,POINT (121.2278196 14.1625912)
14.1639464,121.2336283,3,,,,POINT (121.2336283 14.1639464)
14.1639078,121.2334448,3,,,,POINT (121.2334448 14.1639078)
14.1637358,121.2320569,3,,,,POINT (121.2320569 14.1637358)
14.1629018,121.2312071,3,,,,POINT (121.2312071 14.1629018)
14.1598591,121.2267702,3,,,,POINT (121.2267702 14.1598591)
14.1585362,121.2254305,3,,,,POINT (121.2254305 14.1585362)
14.1565419,121.2285322,3,,,,POINT (121.2285322 14.1565419)
14.1577096,121.2240915,1,,,,POINT (121.2240915 14.1577096)
14.1577632,121.2240114,3,,,,POINT (121.2240114 14.1577632)
14.1735882,121.2226509,3,,,,POINT (121.2226509 14.1735882)
14.1666562,121.2421163,1,,,,POINT (121.2421163 14.1666562)
14.1750656,121.2472272,3,,,,POINT (121.2472272 14.1750656)
14.1753207,121.2476426,3,,,,POINT (121.2476426 14.1753207)
14.1761706,121.2493059,3,,,,POINT (121.2493059 14.1761706)
14.1758595,121.2485673,3,,,,POINT (121.2485673 14.1758595)
14.1771759,121.2489071,3,,,,POINT (121.2489071 14.1771759)
14.1745478,121.2479778,1,,,,POINT (121.2479778 14.1745478)
14.1746576,121.2474399,1,,,,POINT (121.2474399 14.1746576)
14.1755293,121.248741,1,,,,POINT (121.248741 14.1755293)
14.1684238,121.243972,4,crossing,,,POINT (121.243972 14.1684238)
14.1685494,121.2437549,1,,,,POINT (121.2437549 14.1685494)
14.1744212,121.2501128,3,,,,POINT (121.2501128 14.1744212)
14.1751392,121.2498173,3,,,,POINT (121.2498173 14.1751392)
14.1754687,121.2498712,3,,,,POINT (121.2498712 14.1754687)
14.1748297,121.2505195,3,,,,POINT (121.2505195 14.1748297)
14.1749881,121.2494094,1,,,,POINT (121.2494094 14.1749881)
14.1755403,121.2502442,3,,,,POINT (121.2502442 14.1755403)
14.1694334,121.2436841,1,,,,POINT (121.2436841 14.1694334)
14.1697103,121.2446593,3,,,,POINT (121.2446593 14.1697103)
14.1695159,121.2447245,3,,,,POINT (121.2447245 14.1695159)
14.1698492,121.2450091,1,,,,POINT (121.2450091 14.1698492)
14.166806,121.2383574,3,,,,POINT (121.2383574 14.166806)
14.1639084,121.250518,3,,,,POINT (121.250518 14.1639084)
14.1774831,121.2432232,3,,,,POINT (121.2432232 14.1774831)
14.1641137,121.241214,4,crossing,,,POINT (121.241214 14.1641137)
14.1642455,121.2411482,4,,,,POINT (121.2411482 14.1642455)
14.1608856,121.2450055,4,crossing,,,POINT (121.2450055 14.1608856)
14.1610055,121.2422966,1,,,,POINT (121.2422966 14.1610055)
14.1741446,121.2432371,4,crossing,,,POINT (121.2432371 14.1741446)
14.1754515,121.2219956,3,,,,POINT (121.2219956 14.1754515)
14.1714122,121.223624,3,,,,POINT (121.223624 14.1714122)
14.1711275,121.2236764,3,,,,POINT (121.2236764 14.1711275)
14.1709277,121.2236953,4,,,,POINT (121.2236953 14.1709277)
14.1607603,121.2231196,3,,,,POINT (121.2231196 14.1607603)
14.1759225,121.2632941,3,,,,POINT (121.2632941 14.1759225)
14.1652872,121.2408896,4,crossing,,,POINT (121.2408896 14.1652872)
14.1653237,121.241577,4,crossing,,,POINT (121.241577 14.1653237)
14.1655954,121.2423508,3,,,,POINT (121.2423508 14.1655954)
14.1637276,121.2416307,3,,,,POINT (121.2416307 14.1637276)
14.156485,121.2288284,3,,,,POINT (121.2288284 14.156485)
14.1589986,121.2421732,3,,,,POINT (121.2421732 14.1589986)
14.1651361,121.2370621,3,,,,POINT (121.2370621 14.1651361)
14.1654441,121.2374612,4,,,,POINT (121.2374612 14.1654441)
14.1624891,121.2359923,3,,,,POINT (121.2359923 14.1624891)
14.1631301,121.2364225,3,,,,POINT (121.2364225 14.1631301)
14.1628531,121.2355146,1,,,,POINT (121.2355146 14.1628531)
14.1620149,121.2356494,3,,,,POINT (121.2356494 14.1620149)
14.1619296,121.2354951,3,,,,POINT (121.2354951 14.1619296)
14.1619828,121.2356066,3,,,,POINT (121.2356066 14.1619828)
14.1660883,121.2377928,3,,,,POINT (121.2377928 14.1660883)
14.1665097,121.237616,1,,,,POINT (121.237616 14.1665097)
14.1659638,121.2375071,3,,,,POINT (121.2375071 14.1659638)
14.1663438,121.2364408,3,,,,POINT (121.2364408 14.1663438)
14.165286,121.2360067,3,,,,POINT (121.2360067 14.165286)
14.1565359,121.2288583,1,,,,POINT (121.2288583 14.1565359)
14.1566375,121.2295356,3,,,,POINT (121.2295356 14.1566375)
14.1565123,121.229613,1,,,,POINT (121.229613 14.1565123)
14.1599178,121.2378044,3,,,,POINT (121.2378044 14.1599178)
14.1595114,121.2394919,3,,,,POINT (121.2394919 14.1595114)
14.1588071,121.242971,3,,,,POINT (121.242971 14.1588071)
14.1590583,121.2436859,3,,,,POINT (121.2436859 14.1590583)
14.158735,121.2448454,3,,,,POINT (121.2448454 14.158735)
14.158504,121.2444309,3,,,,POINT (121.2444309 14.158504)
14.1587068,121.2443216,3,,,,POINT (121.2443216 14.1587068)
14.1571158,121.2450763,3,,,,POINT (121.2450763 14.1571158)
14.1561405,121.2458405,3,,,,POINT (121.2458405 14.1561405)
14.1564503,121.2456244,3,,,,POINT (121.2456244 14.1564503)
14.1648267,121.2424654,3,,,,POINT (121.2424654 14.1648267)
14.1648665,121.2423688,4,,,,POINT (121.2423688 14.1648665)
14.1647706,121.2423002,3,,,,POINT (121.2423002 14.1647706)
14.1648707,121.2419152,4,,,,POINT (121.2419152 14.1648707)
14.1649619,121.244359,4,,,,POINT (121.244359 14.1649619)
14.1647821,121.244495,3,,,,POINT (121.244495 14.1647821)
14.1646515,121.2445584,3,,,,POINT (121.2445584 14.1646515)
14.1674623,121.2443995,1,,,,POINT (121.2443995 14.1674623)
14.1667962,121.2442318,1,,,,POINT (121.2442318 14.1667962)
14.1666856,121.2439214,3,,,,POINT (121.2439214 14.1666856)
14.1654708,121.2444715,4,,,,POINT (121.2444715 14.1654708)
14.1657861,121.2443292,4,,,,POINT (121.2443292 14.1657861)
14.1659913,121.2442388,3,,,,POINT (121.2442388 14.1659913)
14.1662854,121.2441075,3,,,,POINT (121.2441075 14.1662854)
14.166449,121.2444165,3,,,,POINT (121.2444165 14.166449)
14.16627,121.2447061,3,,,,POINT (121.2447061 14.16627)
14.1662942,121.2446889,3,,,,POINT (121.2446889 14.1662942)
14.1666745,121.2443283,3,,,,POINT (121.2443283 14.1666745)
14.1670765,121.2446292,1,,,,POINT (121.2446292 14.1670765)
14.1667939,121.2444089,3,,,,POINT (121.2444089 14.1667939)
14.1665422,121.243988,4,,,,POINT (121.243988 14.1665422)
14.1668533,121.2445409,1,,,,POINT (121.2445409 14.1668533)
14.1657636,121.2442568,3,,,,POINT (121.2442568 14.1657636)
14.1661021,121.2452945,1,,,,POINT (121.2452945 14.1661021)
14.1663443,121.2454488,1,,,,POINT (121.2454488 14.1663443)
14.1644467,121.2441275,3,,,,POINT (121.2441275 14.1644467)
14.1646877,121.2440682,3,,,,POINT (121.2440682 14.1646877)
14.1648959,121.2441774,3,,,,POINT (121.2441774 14.1648959)
14.1651298,121.2440867,3,,,,POINT (121.2440867 14.1651298)
14.1650989,121.2438641,1,,,,POINT (121.2438641 14.1650989)
14.1681986,121.241386,3,,,,POINT (121.241386 14.1681986)
14.1679597,121.2407175,1,,,,POINT (121.2407175 14.1679597)
14.1656106,121.2414907,3,,,,POINT (121.2414907 14.1656106)
14.1656793,121.2414785,3,,,,POINT (121.2414785 14.1656793)
14.1673877,121.241037,3,,,,POINT (121.241037 14.1673877)
14.1670099,121.2412504,3,,,,POINT (121.2412504 14.1670099)
14.167164,121.241243,3,,,,POINT (121.241243 14.167164)
14.1672338,121.2412802,4,,,,POINT (121.2412802 14.1672338)
14.1732482,121.2416261,3,,,,POINT (121.2416261 14.1732482)
14.1733025,121.2415967,1,,,,POINT (121.2415967 14.1733025)
14.1654532,121.2396991,3,,,,POINT (121.2396991 14.1654532)
14.1654608,121.2396375,3,,,,POINT (121.2396375 14.1654608)
14.1654711,121.2395482,3,,,,POINT (121.2395482 14.1654711)
14.165412,121.239766,3,,,,POINT (121.239766 14.165412)
14.1654268,121.2396368,3,,,,POINT (121.2396368 14.1654268)
14.1654411,121.2395482,3,,,,POINT (121.2395482 14.1654411)
14.1654518,121.239495,3,,,,POINT (121.239495 14.1654518)
14.1654788,121.2394971,3,,,,POINT (121.2394971 14.1654788)
14.1647658,121.2447863,4,,,,POINT (121.2447863 14.1647658)
14.1652025,121.2445971,3,,,,POINT (121.2445971 14.1652025)
14.164978,121.2446931,3,,,,POINT (121.2446931 14.164978)
14.1643061,121.2413879,4,,,,POINT (121.2413879 14.1643061)
14.1642063,121.2414753,3,,,,POINT (121.2414753 14.1642063)
14.1649635,121.2453039,1,,,,POINT (121.2453039 14.1649635)
14.1649184,121.2451879,3,,,,POINT (121.2451879 14.1649184)
14.1648527,121.2450063,3,,,,POINT (121.2450063 14.1648527)
14.1651258,121.2451034,4,,,,POINT (121.2451034 14.1651258)
14.1653264,121.2450133,1,,,,POINT (121.2450133 14.1653264)
14.1650815,121.2450008,3,,,,POINT (121.2450008 14.1650815)
14.1652307,121.2453313,1,,,,POINT (121.2453313 14.1652307)
14.1642403,121.2423904,3,,,,POINT (121.2423904 14.1642403)
14.1642601,121.2414244,4,,,,POINT (121.2414244 14.1642601)
14.1725378,121.2432538,4,crossing,,,POINT (121.2432538 14.1725378)
14.1639916,121.2430951,3,,,,POINT (121.2430951 14.1639916)
14.1645564,121.2440878,3,,,,POINT (121.2440878 14.1645564)
14.1650664,121.2439262,4,,,,POINT (121.2439262 14.1650664)
14.1648274,121.2440134,3,,,,POINT (121.2440134 14.1648274)
14.1651225,121.243909,3,,,,POINT (121.243909 14.1651225)
14.1643637,121.2413421,5,,,,POINT (121.2413421 14.1643637)
14.1647214,121.2411364,3,,,,POINT (121.2411364 14.1647214)
14.1645546,121.2412219,3,,,,POINT (121.2412219 14.1645546)
14.1645197,121.2412432,3,,,,POINT (121.2412432 14.1645197)
14.1645354,121.2413258,3,,,,POINT (121.2413258 14.1645354)
14.1647095,121.2410494,3,,,,POINT (121.2410494 14.1647095)
14.1646554,121.2409641,4,,,,POINT (121.2409641 14.1646554)
14.1646486,121.2409474,3,,,,POINT (121.2409474 14.1646486)
14.1648695,121.2405503,3,,,,POINT (121.2405503 14.1648695)
14.1650429,121.2405575,3,,,,POINT (121.2405575 14.1650429)
14.1651929,121.2408536,3,,,,POINT (121.2408536 14.1651929)
14.1651944,121.2407682,3,,,,POINT (121.2407682 14.1651944)
14.1652796,121.240662,3,,,,POINT (121.240662 14.1652796)
14.1657564,121.2389632,3,,,,POINT (121.2389632 14.1657564)
14.1655388,121.2392031,3,,,,POINT (121.2392031 14.1655388)
14.1654655,121.2393885,4,,,,POINT (121.2393885 14.1654655)
14.1653873,121.2398756,4,,,,POINT (121.2398756 14.1653873)
14.1654887,121.2391961,3,,,,POINT (121.2391961 14.1654887)
14.1653713,121.2404294,4,,,,POINT (121.2404294 14.1653713)
14.1654449,121.2397665,3,,,,POINT (121.2397665 14.1654449)
14.1654202,121.2396977,3,,,,POINT (121.2396977 14.1654202)
14.1659678,121.2392497,3,,,,POINT (121.2392497 14.1659678)
14.1660448,121.2387604,3,,,,POINT (121.2387604 14.1660448)
14.1661375,121.239212,3,,,,POINT (121.239212 14.1661375)
14.1661952,121.2388166,3,,,,POINT (121.2388166 14.1661952)
14.1657762,121.2397117,4,,,,POINT (121.2397117 14.1657762)
14.165887,121.2398487,3,,,,POINT (121.2398487 14.165887)
14.1670302,121.239995,4,,,,POINT (121.239995 14.1670302)
14.1662075,121.2413746,3,,,,POINT (121.2413746 14.1662075)
14.1651961,121.2407871,4,crossing,,,POINT (121.2407871 14.1651961)
14.1656571,121.2414403,1,,,,POINT (121.2414403 14.1656571)
14.1652757,121.2410158,4,,,,POINT (121.2410158 14.1652757)
14.1654611,121.2409056,3,,,,POINT (121.2409056 14.1654611)
14.1641441,121.2430245,4,,,,POINT (121.2430245 14.1641441)
14.16449,121.2429236,3,,,,POINT (121.2429236 14.16449)
14.164718,121.2417221,4,,,,POINT (121.2417221 14.164718)
14.1645698,121.2423871,3,,,,POINT (121.2423871 14.1645698)
14.164378,121.2423312,3,,,,POINT (121.2423312 14.164378)
14.1640643,121.2428105,3,,,,POINT (121.2428105 14.1640643)
14.1668406,121.2402405,1,,,,POINT (121.2402405 14.1668406)
14.166978,121.2401921,3,,,,POINT (121.2401921 14.166978)
14.1631261,121.2412055,3,,,,POINT (121.2412055 14.1631261)
14.1629675,121.2413733,3,,,,POINT (121.2413733 14.1629675)
14.1598281,121.2437318,4,crossing,,,POINT (121.2437318 14.1598281)
14.1670771,121.2366666,1,,,,POINT (121.2366666 14.1670771)
14.1680277,121.236677,3,,,,POINT (121.236677 14.1680277)
14.1682803,121.2375541,1,,,,POINT (121.2375541 14.1682803)
14.1669914,121.2436255,3,,,,POINT (121.2436255 14.1669914)
14.1651284,121.2412402,3,,,,POINT (121.2412402 14.1651284)
14.165183,121.2412116,3,,,,POINT (121.2412116 14.165183)
14.1652737,121.2411331,4,crossing,,,POINT (121.2411331 14.1652737)
14.1653349,121.2406441,4,,,,POINT (121.2406441 14.1653349)
14.1655162,121.240836,4,,,,POINT (121.240836 14.1655162)
14.15698,121.2359979,3,,,,POINT (121.2359979 14.15698)
14.1669732,121.2420147,3,,,,POINT (121.2420147 14.1669732)
14.1671163,121.2421045,3,,,,POINT (121.2421045 14.1671163)
14.1673007,121.2417939,4,,,,POINT (121.2417939 14.1673007)
14.1672227,121.2419335,3,,,,POINT (121.2419335 14.1672227)
14.1674215,121.2418675,3,,,,POINT (121.2418675 14.1674215)
14.1645878,121.2414651,3,,,,POINT (121.2414651 14.1645878)
14.1646117,121.2415784,3,,,,POINT (121.2415784 14.1646117)
14.1653229,121.2410043,3,,,,POINT (121.2410043 14.1653229)
14.165317,121.2406537,4,crossing,,,POINT (121.2406537 14.165317)
14.1655491,121.2405359,3,,,,POINT (121.2405359 14.1655491)
14.1655153,121.2405394,3,,,,POINT (121.2405394 14.1655153)
14.1650128,121.2413629,3,,,,POINT (121.2413629 14.1650128)
14.1637637,121.2425755,4,,,,POINT (121.2425755 14.1637637)
14.1666072,121.242528,3,,,,POINT (121.242528 14.1666072)
14.1666937,121.2423505,3,,,,POINT (121.2423505 14.1666937)
14.1662546,121.2424847,3,,,,POINT (121.2424847 14.1662546)
14.1665828,121.2426817,3,,,,POINT (121.2426817 14.1665828)
14.1570481,121.2379539,3,,,,POINT (121.2379539 14.1570481)
14.1576488,121.237923,3,,,,POINT (121.237923 14.1576488)
14.1582973,121.2381665,3,,,,POINT (121.2381665 14.1582973)
14.1518281,121.2339748,3,,,,POINT (121.2339748 14.1518281)
14.1503826,121.2363265,3,,,,POINT (121.2363265 14.1503826)
14.1519931,121.2352603,3,,,,POINT (121.2352603 14.1519931)
14.1523083,121.2351605,3,,,,POINT (121.2351605 14.1523083)
14.1527608,121.2350264,3,,,,POINT (121.2350264 14.1527608)
14.1563494,121.2359436,3,,,,POINT (121.2359436 14.1563494)
14.156741,121.2358329,3,,,,POINT (121.2358329 14.156741)
14.1517868,121.2356152,3,,,,POINT (121.2356152 14.1517868)
14.1523983,121.236953,3,,,,POINT (121.236953 14.1523983)
14.1524469,121.235006,3,,,,POINT (121.235006 14.1524469)
14.1519659,121.2351709,1,,,,POINT (121.2351709 14.1519659)
14.1534279,121.2382209,3,,,,POINT (121.2382209 14.1534279)
14.1530773,121.237048,3,,,,POINT (121.237048 14.1530773)
14.1528472,121.2370293,3,,,,POINT (121.2370293 14.1528472)
14.1642872,121.2416388,3,,,,POINT (121.2416388 14.1642872)
14.1663397,121.241308,4,,,,POINT (121.241308 14.1663397)
14.1586508,121.2442174,3,,,,POINT (121.2442174 14.1586508)
14.1563972,121.2455011,3,,,,POINT (121.2455011 14.1563972)
14.166484,121.2408953,4,,,,POINT (121.2408953 14.166484)
14.1622631,121.2404666,3,bus_stop,,,POINT (121.2404666 14.1622631)
14.1676624,121.2441087,3,,,,POINT (121.2441087 14.1676624)
14.1766398,121.2447526,3,,,,POINT (121.2447526 14.1766398)
14.1673066,121.2436526,3,,,,POINT (121.2436526 14.1673066)
14.1675072,121.2439087,1,,,,POINT (121.2439087 14.1675072)
14.1358024,121.2257251,3,,,,POINT (121.2257251 14.1358024)
14.1549383,121.2505411,3,,,,POINT (121.2505411 14.1549383)
14.1537008,121.2508132,3,,,,POINT (121.2508132 14.1537008)
14.1533089,121.2486189,3,,,,POINT (121.2486189 14.1533089)
14.1534268,121.2480222,3,,,,POINT (121.2480222 14.1534268)
14.1533787,121.2477658,3,,,,POINT (121.2477658 14.1533787)
14.1534409,121.2472778,4,,,,POINT (121.2472778 14.1534409)
14.1548973,121.2464096,4,,,,POINT (121.2464096 14.1548973)
14.1555898,121.2462078,3,,,,POINT (121.2462078 14.1555898)
14.1553836,121.2472448,3,,,,POINT (121.2472448 14.1553836)
14.1550076,121.2502406,3,,,,POINT (121.2502406 14.1550076)
14.1553619,121.2513449,4,,,,POINT (121.2513449 14.1553619)
14.1562203,121.251548,3,,,,POINT (121.251548 14.1562203)
14.1575626,121.2530367,3,,,,POINT (121.2530367 14.1575626)
14.1582888,121.2542189,3,,,,POINT (121.2542189 14.1582888)
14.1586143,121.2537528,3,,,,POINT (121.2537528 14.1586143)
14.1572317,121.2534676,3,,,,POINT (121.2534676 14.1572317)
14.1558345,121.251934,3,,,,POINT (121.251934 14.1558345)
14.1592065,121.254104,3,,,,POINT (121.254104 14.1592065)
14.1636805,121.2569913,2,,,,POINT (121.2569913 14.1636805)
14.163118,121.2573978,2,,,,POINT (121.2573978 14.163118)
14.1603492,121.2594553,3,,,,POINT (121.2594553 14.1603492)
14.1595132,121.2600905,3,,,,POINT (121.2600905 14.1595132)
14.1570099,121.2619655,3,,,,POINT (121.2619655 14.1570099)
14.1659446,121.2557243,3,,,,POINT (121.2557243 14.1659446)
14.1567534,121.2626075,3,,,,POINT (121.2626075 14.1567534)
14.1477092,121.2281755,1,,,,POINT (121.2281755 14.1477092)
14.1481399,121.2318504,3,,,,POINT (121.2318504 14.1481399)
14.1652319,121.2389021,3,,,,POINT (121.2389021 14.1652319)
14.1556322,121.2415453,3,,,,POINT (121.2415453 14.1556322)
14.1556726,121.2414566,3,,,,POINT (121.2414566 14.1556726)
14.1589136,121.2447471,3,,,,POINT (121.2447471 14.1589136)
14.1587683,121.2449156,1,,,,POINT (121.2449156 14.1587683)
14.1593765,121.2448371,1,,,,POINT (121.2448371 14.1593765)
14.1589708,121.2440346,3,,,,POINT (121.2440346 14.1589708)
14.1580769,121.2447128,3,,,,POINT (121.2447128 14.1580769)
14.159236,121.2445577,4,,,,POINT (121.2445577 14.159236)
14.1581471,121.2448245,1,,,,POINT (121.2448245 14.1581471)
14.1583023,121.2444163,3,,,,POINT (121.2444163 14.1583023)
14.1581792,121.2444866,3,,,,POINT (121.2444866 14.1581792)
14.1554936,121.2410989,3,,,,POINT (121.2410989 14.1554936)
14.1555588,121.2410649,1,,,,POINT (121.2410649 14.1555588)
14.1576878,121.2429279,3,,,,POINT (121.2429279 14.1576878)
14.1579447,121.2439938,1,,,,POINT (121.2439938 14.1579447)
14.1591874,121.2425112,1,,,,POINT (121.2425112 14.1591874)
14.1593277,121.2425531,1,,,,POINT (121.2425531 14.1593277)
14.1592437,121.2422461,1,,,,POINT (121.2422461 14.1592437)
14.1591806,121.2420585,4,,,,POINT (121.2420585 14.1591806)
14.1576502,121.2437446,1,,,,POINT (121.2437446 14.1576502)
14.157755,121.2430615,3,,,,POINT (121.2430615 14.157755)
14.1575623,121.2425046,3,,,,POINT (121.2425046 14.1575623)
14.1576457,121.2426636,3,,,,POINT (121.2426636 14.1576457)
14.157454,121.2429,3,,,,POINT (121.2429 14.157454)
14.1575006,121.2429904,3,,,,POINT (121.2429904 14.1575006)
14.1573152,121.2427823,1,,,,POINT (121.2427823 14.1573152)
14.1582559,121.2433035,3,,,,POINT (121.2433035 14.1582559)
14.1580424,121.2422221,3,,,,POINT (121.2422221 14.1580424)
14.1584097,121.2425126,3,,,,POINT (121.2425126 14.1584097)
14.1585831,121.243699,3,,,,POINT (121.243699 14.1585831)
14.1584941,121.2435328,3,,,,POINT (121.2435328 14.1584941)
14.1584007,121.243587,3,,,,POINT (121.243587 14.1584007)
14.1584859,121.2437532,3,,,,POINT (121.2437532 14.1584859)
14.1609564,121.2433216,1,,,,POINT (121.2433216 14.1609564)
14.1586496,121.2430514,3,,,,POINT (121.2430514 14.1586496)
14.1585992,121.2429265,4,,,,POINT (121.2429265 14.1585992)
14.1585024,121.242706,3,,,,POINT (121.242706 14.1585024)
14.1601816,121.2416153,3,,,,POINT (121.2416153 14.1601816)
14.1602899,121.2418582,1,,,,POINT (121.2418582 14.1602899)
14.157911,121.2433699,3,,,,POINT (121.2433699 14.157911)
14.1579652,121.2434777,3,,,,POINT (121.2434777 14.1579652)
14.1589626,121.2424649,3,,,,POINT (121.2424649 14.1589626)
14.1602485,121.244739,3,,,,POINT (121.244739 14.1602485)
14.1595967,121.2443109,3,,,,POINT (121.2443109 14.1595967)
14.1603012,121.2447139,4,,,,POINT (121.2447139 14.1603012)
14.1611669,121.2439716,1,,,,POINT (121.2439716 14.1611669)
14.1602266,121.2445501,3,,,,POINT (121.2445501 14.1602266)
14.1607443,121.2442586,3,,,,POINT (121.2442586 14.1607443)
14.178251,121.240365,3,,,,POINT (121.240365 14.178251)
14.1778368,121.240535,3,,,,POINT (121.240535 14.1778368)
14.1777196,121.2403191,3,,,,POINT (121.2403191 14.1777196)
14.1775256,121.2404295,1,,,,POINT (121.2404295 14.1775256)
14.1787666,121.2405807,3,,,,POINT (121.2405807 14.1787666)
14.1674834,121.2437508,3,,,,POINT (121.2437508 14.1674834)
14.1677642,121.2479204,1,,,,POINT (121.2479204 14.1677642)
14.1676944,121.2436449,3,,,,POINT (121.2436449 14.1676944)
14.170487,121.2430203,3,,,,POINT (121.2430203 14.170487)
14.1709481,121.2426217,1,,,,POINT (121.2426217 14.1709481)
14.1708493,121.2428563,3,,,,POINT (121.2428563 14.1708493)
14.1799644,121.2405439,4,,,,POINT (121.2405439 14.1799644)
14.1794613,121.2402246,3,,,,POINT (121.2402246 14.1794613)
14.1818468,121.2389172,3,,,,POINT (121.2389172 14.1818468)
14.1816507,121.2400979,3,,,,POINT (121.2400979 14.1816507)
14.1814774,121.2400886,3,,,,POINT (121.2400886 14.1814774)
14.1805669,121.2403679,3,,,,POINT (121.2403679 14.1805669)
14.1803442,121.240432,3,,,,POINT (121.240432 14.1803442)
14.1814847,121.2392967,3,,,,POINT (121.2392967 14.1814847)
14.1806324,121.2422906,1,,,,POINT (121.2422906 14.1806324)
14.180284,121.241683,3,,,,POINT (121.241683 14.180284)
14.1812729,121.2412092,3,,,,POINT (121.2412092 14.1812729)
14.1817452,121.2389177,3,,,,POINT (121.2389177 14.1817452)
14.1817592,121.2380934,1,,,,POINT (121.2380934 14.1817592)
14.1818677,121.2381008,1,,,,POINT (121.2381008 14.1818677)
14.1816499,121.240222,3,,,,POINT (121.240222 14.1816499)
14.1817171,121.2402223,1,,,,POINT (121.2402223 14.1817171)
14.1817884,121.2409788,3,,,,POINT (121.2409788 14.1817884)
14.1791661,121.2417527,1,,,,POINT (121.2417527 14.1791661)
14.1816434,121.2410364,3,,,,POINT (121.2410364 14.1816434)
14.1620357,121.2426329,3,,,,POINT (121.2426329 14.1620357)
14.1674853,121.2414461,5,,,,POINT (121.2414461 14.1674853)
14.1672909,121.2414696,3,,,,POINT (121.2414696 14.1672909)
14.1671835,121.241404,3,,,,POINT (121.241404 14.1671835)
14.1668837,121.2415605,4,,,,POINT (121.2415605 14.1668837)
14.1670237,121.2413095,3,,,,POINT (121.2413095 14.1670237)
14.1670439,121.2416379,4,,,,POINT (121.2416379 14.1670439)
14.1673527,121.2413624,4,,,,POINT (121.2413624 14.1673527)
14.167153,121.2417006,3,,,,POINT (121.2417006 14.167153)
14.1672399,121.2415551,4,,,,POINT (121.2415551 14.1672399)
14.1672272,121.2415463,1,,,,POINT (121.2415463 14.1672272)
14.1707576,121.2436091,3,,,,POINT (121.2436091 14.1707576)
14.1635721,121.2430255,4,,,,POINT (121.2430255 14.1635721)
14.1692643,121.2435648,1,,,,POINT (121.2435648 14.1692643)
14.1694842,121.2442623,3,,,,POINT (121.2442623 14.1694842)
14.1669143,121.2440898,1,,,,POINT (121.2440898 14.1669143)
14.1673901,121.2416242,4,,,,POINT (121.2416242 14.1673901)
14.1611942,121.2426225,4,crossing,,,POINT (121.2426225 14.1611942)
14.1774539,121.2423491,1,,,,POINT (121.2423491 14.1774539)
14.1763384,121.2457305,1,,,,POINT (121.2457305 14.1763384)
14.1760851,121.2451,1,,,,POINT (121.2451 14.1760851)
14.176049,121.2450009,3,,,,POINT (121.2450009 14.176049)
14.1759989,121.2448764,3,,,,POINT (121.2448764 14.1759989)
14.1759584,121.2447877,1,,,,POINT (121.2447877 14.1759584)
14.1756164,121.2450376,3,,,,POINT (121.2450376 14.1756164)
14.1641648,121.2420842,3,,,,POINT (121.2420842 14.1641648)
14.1626509,121.2435796,1,,,,POINT (121.2435796 14.1626509)
14.1632819,121.2438569,3,,,,POINT (121.2438569 14.1632819)
14.1693071,121.2446776,3,,,,POINT (121.2446776 14.1693071)
14.1645779,121.2418978,4,,,,POINT (121.2418978 14.1645779)
14.1667779,121.2429263,3,,,,POINT (121.2429263 14.1667779)
14.1668762,121.2429771,3,,,,POINT (121.2429771 14.1668762)
14.1667546,121.2429679,3,,,,POINT (121.2429679 14.1667546)
14.1668536,121.2430208,3,,,,POINT (121.2430208 14.1668536)
14.166536,121.2428804,3,,,,POINT (121.2428804 14.166536)
14.1665984,121.2427776,3,,,,POINT (121.2427776 14.1665984)
14.1663655,121.242779,3,,,,POINT (121.242779 14.1663655)
14.1664212,121.2426702,3,,,,POINT (121.2426702 14.1664212)
14.166835,121.2430573,3,,,,POINT (121.2430573 14.166835)
14.1668944,121.2429431,3,,,,POINT (121.2429431 14.1668944)
14.1667985,121.2428894,3,,,,POINT (121.2428894 14.1667985)
14.1667368,121.2429999,3,,,,POINT (121.2429999 14.1667368)
14.1661432,121.2426148,3,,,,POINT (121.2426148 14.1661432)
14.1668352,121.2429102,3,,,,POINT (121.2429102 14.1668352)
14.1664478,121.242828,3,,,,POINT (121.242828 14.1664478)
14.1665054,121.2427212,3,,,,POINT (121.2427212 14.1665054)
14.1667262,121.2431041,3,,,,POINT (121.2431041 14.1667262)
14.1667437,121.2430731,3,,,,POINT (121.2430731 14.1667437)
14.1681958,121.2466243,3,,,,POINT (121.2466243 14.1681958)
14.1670512,121.243499,3,,,,POINT (121.243499 14.1670512)
14.1615844,121.2473523,3,,,,POINT (121.2473523 14.1615844)
14.1744823,121.2540126,3,,,,POINT (121.2540126 14.1744823)
14.1732595,121.2539239,3,,,,POINT (121.2539239 14.1732595)
14.1713819,121.2545907,3,,,,POINT (121.2545907 14.1713819)
14.1664645,121.2434971,3,,,,POINT (121.2434971 14.1664645)
14.1665046,121.2434471,1,,,,POINT (121.2434471 14.1665046)
14.166676,121.2432,1,,,,POINT (121.2432 14.166676)
14.1722911,121.2456334,3,,,,POINT (121.2456334 14.1722911)
14.1597299,121.2437462,3,,,,POINT (121.2437462 14.1597299)
14.1599071,121.2440962,4,,,,POINT (121.2440962 14.1599071)
14.1694672,121.2410703,3,,,,POINT (121.2410703 14.1694672)
14.1676501,121.2415648,5,,,,POINT (121.2415648 14.1676501)
14.1602731,121.2462484,3,,,,POINT (121.2462484 14.1602731)
14.160121,121.2459736,3,,,,POINT (121.2459736 14.160121)
14.1599619,121.2456893,3,,,,POINT (121.2456893 14.1599619)
14.1603804,121.2458238,3,,,,POINT (121.2458238 14.1603804)
14.1602324,121.2455401,3,,,,POINT (121.2455401 14.1602324)
14.1605376,121.2457329,3,,,,POINT (121.2457329 14.1605376)
14.1604548,121.2454174,3,,,,POINT (121.2454174 14.1604548)
14.1607913,121.2459717,3,,,,POINT (121.2459717 14.1607913)
14.1605501,121.2453441,4,,,,POINT (121.2453441 14.1605501)
14.1605916,121.2453164,3,,,,POINT (121.2453164 14.1605916)
14.1613936,121.2454858,4,,,,POINT (121.2454858 14.1613936)
14.1615978,121.2458922,3,,,,POINT (121.2458922 14.1615978)
14.1618013,121.2457994,3,,,,POINT (121.2457994 14.1618013)
14.1610204,121.2452686,4,,,,POINT (121.2452686 14.1610204)
14.1609137,121.2450569,4,,,,POINT (121.2450569 14.1609137)
14.1619287,121.2451428,3,,,,POINT (121.2451428 14.1619287)
14.1621164,121.2454987,3,,,,POINT (121.2454987 14.1621164)
14.1622355,121.2457089,3,,,,POINT (121.2457089 14.1622355)
14.1610986,121.2449046,3,,,,POINT (121.2449046 14.1610986)
14.159948,121.2464228,1,,,,POINT (121.2464228 14.159948)
14.1608585,121.2459395,4,,,,POINT (121.2459395 14.1608585)
14.160903,121.245924,4,,,,POINT (121.245924 14.160903)
14.1611948,121.2448443,4,,,,POINT (121.2448443 14.1611948)
14.1615175,121.244715,3,,,,POINT (121.244715 14.1615175)
14.1616128,121.2454746,1,,,,POINT (121.2454746 14.1616128)
14.1617517,121.2457011,3,,,,POINT (121.2457011 14.1617517)
14.1618629,121.2459144,3,,,,POINT (121.2459144 14.1618629)
14.1619265,121.2456047,3,,,,POINT (121.2456047 14.1619265)
14.1620095,121.244834,1,,,,POINT (121.244834 14.1620095)
14.1606165,121.2453648,3,,,,POINT (121.2453648 14.1606165)
14.168371,121.2414972,3,,,,POINT (121.2414972 14.168371)
14.1686607,121.2425264,1,,,,POINT (121.2425264 14.1686607)
14.168477,121.2425196,3,,,,POINT (121.2425196 14.168477)
14.1680793,121.2414246,3,,,,POINT (121.2414246 14.1680793)
14.1684572,121.242742,1,,,,POINT (121.242742 14.1684572)
14.1672466,121.2436357,4,,,,POINT (121.2436357 14.1672466)
14.1671637,121.2437043,4,,,,POINT (121.2437043 14.1671637)
14.1643492,121.2448866,3,,,,POINT (121.2448866 14.1643492)
14.1648196,121.2457014,1,,,,POINT (121.2457014 14.1648196)
14.164482,121.241684,3,,,,POINT (121.241684 14.164482)
14.1643468,121.2417592,3,,,,POINT (121.2417592 14.1643468)
14.1637591,121.2423175,3,,,,POINT (121.2423175 14.1637591)
14.1638978,121.242539,3,,,,POINT (121.242539 14.1638978)
14.1641515,121.2450006,3,,,,POINT (121.2450006 14.1641515)
14.1644636,121.241575,3,,,,POINT (121.241575 14.1644636)
14.1615817,121.2397025,3,,,,POINT (121.2397025 14.1615817)
14.1615004,121.2397649,3,,,,POINT (121.2397649 14.1615004)
14.1621529,121.2388909,3,,,,POINT (121.2388909 14.1621529)
14.1648506,121.2441984,3,,,,POINT (121.2441984 14.1648506)
14.1674609,121.2409983,4,crossing,,,POINT (121.2409983 14.1674609)
14.1675829,121.2412887,3,,,,POINT (121.2412887 14.1675829)
14.1521641,121.2352041,3,,,,POINT (121.2352041 14.1521641)
14.1733451,121.2412966,3,,,,POINT (121.2412966 14.1733451)
14.1673015,121.2422028,3,,,,POINT (121.2422028 14.1673015)
14.1672618,121.2422267,3,,,,POINT (121.2422267 14.1672618)
14.1672976,121.2422788,3,,,,POINT (121.2422788 14.1672976)
14.1653551,121.2409893,3,,,,POINT (121.2409893 14.1653551)
14.1654346,121.2410094,3,,,,POINT (121.2410094 14.1654346)
14.1653969,121.2409612,3,,,,POINT (121.2409612 14.1653969)
14.1660186,121.2414768,3,,,,POINT (121.2414768 14.1660186)
14.1672224,121.2419019,3,,,,POINT (121.2419019 14.1672224)
14.1668664,121.2419506,3,,,,POINT (121.2419506 14.1668664)
14.1806335,121.2085184,3,,,,POINT (121.2085184 14.1806335)
14.1816237,121.2091764,3,,,,POINT (121.2091764 14.1816237)
14.1800532,121.2074198,3,,,,POINT (121.2074198 14.1800532)
14.1819482,121.2091828,1,,,,POINT (121.2091828 14.1819482)
14.1796169,121.2073515,4,,,,POINT (121.2073515 14.1796169)
14.1793933,121.2038777,3,,,,POINT (121.2038777 14.1793933)
14.1797692,121.2073795,3,,,,POINT (121.2073795 14.1797692)
14.1672214,121.2425366,1,,,,POINT (121.2425366 14.1672214)
14.1670936,121.2424621,3,,,,POINT (121.2424621 14.1670936)
14.1669842,121.2426484,4,,,,POINT (121.2426484 14.1669842)
14.1669045,121.2423856,1,,,,POINT (121.2423856 14.1669045)
14.16727,121.2426501,1,,,,POINT (121.2426501 14.16727)
14.1654808,121.2410511,3,,,,POINT (121.2410511 14.1654808)
14.1657625,121.2411077,3,,,,POINT (121.2411077 14.1657625)
14.1655406,121.241307,3,,,,POINT (121.241307 14.1655406)
14.1601419,121.2304951,3,,,yes,POINT (121.2304951 14.1601419)
14.1605086,121.2299252,3,,,yes,POINT (121.2299252 14.1605086)
14.161739,121.2311644,3,,,,POINT (121.2311644 14.161739)
14.1621525,121.2316969,3,,,,POINT (121.2316969 14.1621525)
14.1599898,121.2287101,3,,,,POINT (121.2287101 14.1599898)
14.1620418,121.2316061,3,,,,POINT (121.2316061 14.1620418)
14.1612278,121.2302939,4,,,yes,POINT (121.2302939 14.1612278)
14.1623352,121.2319267,3,,,,POINT (121.2319267 14.1623352)
14.1617658,121.230801,3,,,,POINT (121.230801 14.1617658)
14.1604956,121.2289917,3,,,,POINT (121.2289917 14.1604956)
14.1634831,121.2342112,3,,,,POINT (121.2342112 14.1634831)
14.1626568,121.2338921,3,,,,POINT (121.2338921 14.1626568)
14.1637476,121.2343682,3,,,,POINT (121.2343682 14.1637476)
14.1609689,121.2412433,4,crossing,,,POINT (121.2412433 14.1609689)
14.1656301,121.240862,4,crossing,,,POINT (121.240862 14.1656301)
14.1670901,121.2418235,3,,,,POINT (121.2418235 14.1670901)
14.1672864,121.2417846,3,,,,POINT (121.2417846 14.1672864)
14.1654967,121.2410936,3,,,,POINT (121.2410936 14.1654967)
14.1658731,121.240246,1,,,,POINT (121.240246 14.1658731)
14.1658329,121.2405423,3,,,,POINT (121.2405423 14.1658329)
14.1656706,121.2405287,3,,,,POINT (121.2405287 14.1656706)
14.1658752,121.2409166,4,,,,POINT (121.2409166 14.1658752)
14.1665334,121.2418863,4,,,,POINT (121.2418863 14.1665334)
14.1664965,121.2402162,1,,,,POINT (121.2402162 14.1664965)
14.1663888,121.2407913,4,,,,POINT (121.2407913 14.1663888)
14.1664207,121.2409285,3,,,,POINT (121.2409285 14.1664207)
14.1663114,121.24066,3,,,,POINT (121.24066 14.1663114)
14.1662709,121.2406134,4,,,,POINT (121.2406134 14.1662709)
14.1662167,121.2409886,3,,,,POINT (121.2409886 14.1662167)
14.1665415,121.2410976,3,,,,POINT (121.2410976 14.1665415)
14.151924,121.2340265,3,,,,POINT (121.2340265 14.151924)
14.1521568,121.2341218,3,,,,POINT (121.2341218 14.1521568)
14.1658212,121.2410655,3,,,,POINT (121.2410655 14.1658212)
14.1641889,121.2416859,3,,,,POINT (121.2416859 14.1641889)
14.1643195,121.2419776,3,,,,POINT (121.2419776 14.1643195)
14.1643354,121.2420066,3,,,,POINT (121.2420066 14.1643354)
14.1643001,121.2419358,3,,,,POINT (121.2419358 14.1643001)
14.1651192,121.2421218,1,,,,POINT (121.2421218 14.1651192)
14.1651844,121.2419788,3,,,,POINT (121.2419788 14.1651844)
14.167192,121.2431881,3,,,,POINT (121.2431881 14.167192)
14.1670444,121.2426828,3,,,,POINT (121.2426828 14.1670444)
14.1670118,121.2426642,3,,,,POINT (121.2426642 14.1670118)
14.1651704,121.2420095,4,,,,POINT (121.2420095 14.1651704)
14.166187,121.2433887,3,,,,POINT (121.2433887 14.166187)
14.1671859,121.2433194,4,,,,POINT (121.2433194 14.1671859)
14.1672977,121.243119,4,,,,POINT (121.243119 14.1672977)
14.167145,121.2432414,3,,,,POINT (121.2432414 14.167145)
14.1672049,121.2431161,3,,,,POINT (121.2431161 14.1672049)
14.166857,121.2424738,3,,,,POINT (121.2424738 14.166857)
14.1668796,121.2424318,3,,,,POINT (121.2424318 14.1668796)
14.1675375,121.2432173,3,,,,POINT (121.2432173 14.1675375)
14.1677385,121.2440483,3,,,,POINT (121.2440483 14.1677385)
14.1790535,121.2390751,3,,,,POINT (121.2390751 14.1790535)
14.1669669,121.2423625,3,,,,POINT (121.2423625 14.1669669)
14.1669796,121.2423394,3,,,,POINT (121.2423394 14.1669796)
14.1594305,121.2427565,3,,,,POINT (121.2427565 14.1594305)
14.1594076,121.2428354,3,,,,POINT (121.2428354 14.1594076)
14.159499,121.2427779,3,,,,POINT (121.2427779 14.159499)
14.1596776,121.2426786,1,,,,POINT (121.2426786 14.1596776)
14.1772837,121.239306,3,,,,POINT (121.239306 14.1772837)
14.1772452,121.2392259,3,,,,POINT (121.2392259 14.1772452)
14.1773624,121.2391631,1,,,,POINT (121.2391631 14.1773624)
14.1766319,121.239429,3,,,,POINT (121.239429 14.1766319)
14.1767636,121.2396057,3,,,,POINT (121.2396057 14.1767636)
14.1768711,121.2398571,3,,,,POINT (121.2398571 14.1768711)
14.1663243,121.2437497,3,,,,POINT (121.2437497 14.1663243)
14.1632139,121.2412811,1,,,,POINT (121.2412811 14.1632139)
14.1366258,121.2211836,1,,,,POINT (121.2211836 14.1366258)
14.158419,121.2251336,3,,,,POINT (121.2251336 14.158419)
14.1637033,121.216196,4,,,,POINT (121.216196 14.1637033)
14.1559243,121.227401,1,,,,POINT (121.227401 14.1559243)
14.1635317,121.2161908,3,,,,POINT (121.2161908 14.1635317)
14.16253,121.2160128,3,,,,POINT (121.2160128 14.16253)
14.1532925,121.2165867,3,,,,POINT (121.2165867 14.1532925)
14.1563006,121.2197208,3,,,,POINT (121.2197208 14.1563006)
14.1582342,121.2253756,3,,,,POINT (121.2253756 14.1582342)
14.1724762,121.2458644,3,,,,POINT (121.2458644 14.1724762)
14.1791536,121.2243766,4,crossing,,,POINT (121.2243766 14.1791536)
14.1716787,121.2030996,3,,,,POINT (121.2030996 14.1716787)
14.161442,121.2410103,3,,,,POINT (121.2410103 14.161442)
14.1612507,121.2409067,3,,,,POINT (121.2409067 14.1612507)
14.1610263,121.2410987,3,,,,POINT (121.2410987 14.1610263)
14.1610199,121.2412181,3,,,,POINT (121.2412181 14.1610199)
14.1648362,121.2428228,3,,,,POINT (121.2428228 14.1648362)
14.1647878,121.2426965,4,,,,POINT (121.2426965 14.1647878)
14.1690848,121.2549683,3,,,,POINT (121.2549683 14.1690848)
14.169401,121.2546715,3,,,,POINT (121.2546715 14.169401)
14.1691438,121.2550689,3,,,,POINT (121.2550689 14.1691438)
14.1689036,121.2547713,3,crossing,,,POINT (121.2547713 14.1689036)
14.169043,121.2549437,3,,,,POINT (121.2549437 14.169043)
14.1685552,121.2554486,3,,,,POINT (121.2554486 14.1685552)
14.1686202,121.2555174,3,,,,POINT (121.2555174 14.1686202)
14.1621014,121.2492635,4,,,,POINT (121.2492635 14.1621014)
14.1649478,121.244968,3,,,,POINT (121.244968 14.1649478)
14.1650788,121.24492,3,,,,POINT (121.24492 14.1650788)
14.1651095,121.2449904,3,,,,POINT (121.2449904 14.1651095)
14.1652272,121.2446682,3,,,,POINT (121.2446682 14.1652272)
14.1650065,121.2447579,4,,,,POINT (121.2447579 14.1650065)
14.1647936,121.2448456,3,,,,POINT (121.2448456 14.1647936)
14.1771511,121.240139,1,,,,POINT (121.240139 14.1771511)
14.1768958,121.2395307,4,,,,POINT (121.2395307 14.1768958)
14.176436,121.2404243,4,,,,POINT (121.2404243 14.176436)
14.1767199,121.2403398,1,,,,POINT (121.2403398 14.1767199)
14.1759656,121.2411908,1,,,,POINT (121.2411908 14.1759656)
14.1722453,121.2423652,1,,,,POINT (121.2423652 14.1722453)
14.1631508,121.2435795,3,,,,POINT (121.2435795 14.1631508)
14.1624681,121.2439912,4,,,,POINT (121.2439912 14.1624681)
14.1630476,121.2436325,4,,,,POINT (121.2436325 14.1630476)
14.1703049,121.2462986,1,,,,POINT (121.2462986 14.1703049)
14.1707228,121.2461534,3,,,,POINT (121.2461534 14.1707228)
14.1649383,121.2401069,1,,,,POINT (121.2401069 14.1649383)
14.1634565,121.2400519,3,,,,POINT (121.2400519 14.1634565)
14.1637871,121.2406202,3,,,,POINT (121.2406202 14.1637871)
14.1622069,121.2385576,3,,,,POINT (121.2385576 14.1622069)
14.1626595,121.2382481,1,,,,POINT (121.2382481 14.1626595)
14.1584601,121.2399795,1,,,,POINT (121.2399795 14.1584601)
14.1624151,121.2384654,1,,,,POINT (121.2384654 14.1624151)
14.1498441,121.2568137,3,,,,POINT (121.2568137 14.1498441)
14.1510925,121.2397635,1,,,,POINT (121.2397635 14.1510925)
14.1511109,121.257509,3,,,,POINT (121.257509 14.1511109)
14.1512947,121.2484869,3,,,,POINT (121.2484869 14.1512947)
14.1505648,121.2577182,3,,,,POINT (121.2577182 14.1505648)
14.1503827,121.2579596,3,,,,POINT (121.2579596 14.1503827)
14.1503359,121.258083,3,,,,POINT (121.258083 14.1503359)
14.1513354,121.2485196,3,,,,POINT (121.2485196 14.1513354)
14.1500897,121.2583902,3,,,,POINT (121.2583902 14.1500897)
14.1497264,121.2535403,3,,,,POINT (121.2535403 14.1497264)
14.1515137,121.2497456,3,,,,POINT (121.2497456 14.1515137)
14.1516356,121.248656,3,,,,POINT (121.248656 14.1516356)
14.1565081,121.2461203,1,,,,POINT (121.2461203 14.1565081)
14.1566741,121.2460201,3,,,,POINT (121.2460201 14.1566741)
14.1568415,121.2463248,3,,,,POINT (121.2463248 14.1568415)
14.1514837,121.2481809,3,,,,POINT (121.2481809 14.1514837)
14.1474516,121.2567504,3,,,,POINT (121.2567504 14.1474516)
14.1486522,121.2524988,3,,,,POINT (121.2524988 14.1486522)
14.1524234,121.2483561,3,,,,POINT (121.2483561 14.1524234)
14.1492296,121.2530424,3,,,,POINT (121.2530424 14.1492296)
14.1516378,121.2425473,3,,,,POINT (121.2425473 14.1516378)
14.1523502,121.2487194,3,,,,POINT (121.2487194 14.1523502)
14.1522618,121.2487559,3,,,,POINT (121.2487559 14.1522618)
14.1544962,121.2459162,3,,,,POINT (121.2459162 14.1544962)
14.1513206,121.2481514,3,,,,POINT (121.2481514 14.1513206)
14.1514103,121.2485881,3,,,,POINT (121.2485881 14.1514103)
14.1567593,121.2486045,3,,,,POINT (121.2486045 14.1567593)
14.1562643,121.2548217,3,,,,POINT (121.2548217 14.1562643)
14.1565523,121.2544267,3,,,,POINT (121.2544267 14.1565523)
14.152056,121.248715,3,,,,POINT (121.248715 14.152056)
14.1569317,121.2539507,3,,,,POINT (121.2539507 14.1569317)
14.1515655,121.2492222,4,,,,POINT (121.2492222 14.1515655)
14.1571662,121.2622931,3,,,,POINT (121.2622931 14.1571662)
14.1512458,121.2584445,3,,,,POINT (121.2584445 14.1512458)
14.1511082,121.25852,3,,,,POINT (121.25852 14.1511082)
14.1577519,121.261414,3,,,,POINT (121.261414 14.1577519)
14.1577367,121.248137,3,,,,POINT (121.248137 14.1577367)
14.1585753,121.2475512,3,,,,POINT (121.2475512 14.1585753)
14.1530142,121.2592752,3,,,,POINT (121.2592752 14.1530142)
14.1503678,121.255923,3,,,,POINT (121.255923 14.1503678)
14.1490628,121.2582278,3,,,,POINT (121.2582278 14.1490628)
14.1510924,121.2582037,3,,,,POINT (121.2582037 14.1510924)
14.1511357,121.2563254,4,,,,POINT (121.2563254 14.1511357)
14.1492997,121.2575677,3,,,,POINT (121.2575677 14.1492997)
14.1488663,121.2552224,3,,,,POINT (121.2552224 14.1488663)
14.1555898,121.2450863,3,,,,POINT (121.2450863 14.1555898)
14.1524442,121.2349863,1,,,,POINT (121.2349863 14.1524442)
14.1518028,121.2353225,3,,,,POINT (121.2353225 14.1518028)
14.1551788,121.2340272,1,,,,POINT (121.2340272 14.1551788)
14.1498593,121.2370296,1,,,,POINT (121.2370296 14.1498593)
14.1557858,121.2363366,3,,,,POINT (121.2363366 14.1557858)
14.1479957,121.2357529,1,,,,POINT (121.2357529 14.1479957)
14.1510368,121.235307,1,,,,POINT (121.235307 14.1510368)
14.1516916,121.2539179,3,,,,POINT (121.2539179 14.1516916)
14.1546245,121.2515655,3,,,,POINT (121.2515655 14.1546245)
14.1536021,121.2514335,3,,,,POINT (121.2514335 14.1536021)
14.1530723,121.2545087,3,,,,POINT (121.2545087 14.1530723)
14.1544442,121.2521469,4,,,,POINT (121.2521469 14.1544442)
14.1492299,121.2509934,3,,,,POINT (121.2509934 14.1492299)
14.1537098,121.2531218,3,,,,POINT (121.2531218 14.1537098)
14.1541014,121.2510972,3,,,,POINT (121.2510972 14.1541014)
14.1539514,121.2525854,3,,,,POINT (121.2525854 14.1539514)
14.1541286,121.2522682,4,,,,POINT (121.2522682 14.1541286)
14.1540718,121.2529917,3,,,,POINT (121.2529917 14.1540718)
14.1544691,121.2510321,3,,,,POINT (121.2510321 14.1544691)
14.1459592,121.2531919,3,,,,POINT (121.2531919 14.1459592)
14.1529203,121.2519186,3,,,,POINT (121.2519186 14.1529203)
14.1538828,121.2523565,4,,,,POINT (121.2523565 14.1538828)
14.146172,121.2526534,3,,,,POINT (121.2526534 14.146172)
14.1477672,121.2534284,3,,,,POINT (121.2534284 14.1477672)
14.1464818,121.2516399,1,,,,POINT (121.2516399 14.1464818)
14.1484041,121.2531159,4,,,,POINT (121.2531159 14.1484041)
14.1532693,121.2530515,3,,,,POINT (121.2530515 14.1532693)
14.1550908,121.251118,3,,,,POINT (121.251118 14.1550908)
14.1462939,121.2522913,3,,,,POINT (121.2522913 14.1462939)
14.1530852,121.2528835,3,,,,POINT (121.2528835 14.1530852)
14.1543466,121.2518443,3,,,,POINT (121.2518443 14.1543466)
14.1530149,121.2526268,3,,,,POINT (121.2526268 14.1530149)
14.1528113,121.2549927,3,,,,POINT (121.2549927 14.1528113)
14.1540205,121.2528321,3,,,,POINT (121.2528321 14.1540205)
14.1490739,121.2513884,3,,,,POINT (121.2513884 14.1490739)
14.1534424,121.2552344,3,,,,POINT (121.2552344 14.1534424)
14.153661,121.2516673,3,,,,POINT (121.2516673 14.153661)
14.1631492,121.2329404,3,,,,POINT (121.2329404 14.1631492)
14.1673939,121.2375493,3,,,,POINT (121.2375493 14.1673939)
14.1682427,121.2375717,1,,,,POINT (121.2375717 14.1682427)
14.1681635,121.2354852,1,,,,POINT (121.2354852 14.1681635)
14.166416,121.2385317,4,,,,POINT (121.2385317 14.166416)
14.1671969,121.2382172,3,,,,POINT (121.2382172 14.1671969)
14.1675862,121.237965,3,,,,POINT (121.237965 14.1675862)
14.1612363,121.2323359,1,,,,POINT (121.2323359 14.1612363)
14.1672741,121.2393667,1,,,,POINT (121.2393667 14.1672741)
14.1669939,121.2377529,1,,,,POINT (121.2377529 14.1669939)
14.1689263,121.2400817,3,,,,POINT (121.2400817 14.1689263)
14.1615399,121.2304372,3,,,,POINT (121.2304372 14.1615399)
14.1681247,121.2376204,3,,,,POINT (121.2376204 14.1681247)
14.1684546,121.2376782,1,,,,POINT (121.2376782 14.1684546)
14.1591737,121.256523,3,,,,POINT (121.256523 14.1591737)
14.1595927,121.2562953,3,,,,POINT (121.2562953 14.1595927)
14.1629616,121.2549848,3,,,,POINT (121.2549848 14.1629616)
14.1599834,121.2560753,3,,,,POINT (121.2560753 14.1599834)
14.1604218,121.2558432,3,,,,POINT (121.2558432 14.1604218)
14.1610832,121.2544942,1,,,,POINT (121.2544942 14.1610832)
14.1606456,121.2549107,3,,,,POINT (121.2549107 14.1606456)
14.1634477,121.2539832,3,,,,POINT (121.2539832 14.1634477)
14.1609274,121.2551017,3,,,,POINT (121.2551017 14.1609274)
14.1635087,121.2544411,3,,,,POINT (121.2544411 14.1635087)
14.1579528,121.2554741,1,,,,POINT (121.2554741 14.1579528)
14.1626541,121.2555511,3,,,,POINT (121.2555511 14.1626541)
14.163353,121.2555489,1,,,,POINT (121.2555489 14.163353)
14.1600885,121.2472684,1,,,,POINT (121.2472684 14.1600885)
14.1582831,121.2568579,3,,,,POINT (121.2568579 14.1582831)
14.163616,121.2547788,3,,,,POINT (121.2547788 14.163616)
14.1546302,121.2531149,3,,,,POINT (121.2531149 14.1546302)
14.1630603,121.2545601,3,,,,POINT (121.2545601 14.1630603)
14.1571426,121.2565045,3,,,,POINT (121.2565045 14.1571426)
14.1550451,121.2526864,3,,,,POINT (121.2526864 14.1550451)
14.15543,121.2523209,3,,,,POINT (121.2523209 14.15543)
14.1627167,121.2541956,3,,,,POINT (121.2541956 14.1627167)
14.158894,121.2571234,3,,,,POINT (121.2571234 14.158894)
14.1594257,121.2574108,3,,,,POINT (121.2574108 14.1594257)
14.1564801,121.2560123,4,,,,POINT (121.2560123 14.1564801)
14.1659004,121.2489587,3,,,,POINT (121.2489587 14.1659004)
14.1600105,121.2574157,3,,,,POINT (121.2574157 14.1600105)
14.1604359,121.2574995,3,,,,POINT (121.2574995 14.1604359)
14.1610815,121.2576992,3,,,,POINT (121.2576992 14.1610815)
14.1567828,121.2521838,3,,,,POINT (121.2521838 14.1567828)
14.1633418,121.253577,3,,,,POINT (121.253577 14.1633418)
14.1578474,121.2558924,4,,,,POINT (121.2558924 14.1578474)
14.1575466,121.2552099,3,,,,POINT (121.2552099 14.1575466)
14.1582286,121.2557716,3,,,,POINT (121.2557716 14.1582286)
14.1579891,121.2539961,3,,,,POINT (121.2539961 14.1579891)
14.1567818,121.2562484,3,,,,POINT (121.2562484 14.1567818)
14.1612627,121.242815,1,,,,POINT (121.242815 14.1612627)
14.1635903,121.2391762,1,,,,POINT (121.2391762 14.1635903)
14.1638936,121.2397991,4,,,,POINT (121.2397991 14.1638936)
14.1635444,121.239953,4,,,,POINT (121.239953 14.1635444)
14.1641047,121.2391782,4,,,,POINT (121.2391782 14.1641047)
14.151482,121.2486185,3,,,,POINT (121.2486185 14.151482)
14.1525405,121.2484013,3,,,,POINT (121.2484013 14.1525405)
14.1521935,121.248307,3,,,,POINT (121.248307 14.1521935)
14.1533067,121.2483123,3,,,,POINT (121.2483123 14.1533067)
14.1516853,121.2486635,3,,,,POINT (121.2486635 14.1516853)
14.1517701,121.2482267,3,,,,POINT (121.2482267 14.1517701)
14.1527165,121.2476252,3,,,,POINT (121.2476252 14.1527165)
14.1518989,121.2486885,3,,,,POINT (121.2486885 14.1518989)
14.1519765,121.2482672,3,,,,POINT (121.2482672 14.1519765)
14.1527591,121.2473609,3,,,,POINT (121.2473609 14.1527591)
14.1515309,121.2481886,3,,,,POINT (121.2481886 14.1515309)
14.1526832,121.2484273,1,,,,POINT (121.2484273 14.1526832)
14.1525752,121.2482064,1,,,,POINT (121.2482064 14.1525752)
14.1521141,121.2487277,3,,,,POINT (121.2487277 14.1521141)
14.1570071,121.2462222,1,,,,POINT (121.2462222 14.1570071)
14.1738492,121.2237207,3,,,,POINT (121.2237207 14.1738492)
14.1792928,121.2232521,4,,,,POINT (121.2232521 14.1792928)
14.1790533,121.2226846,3,,,,POINT (121.2226846 14.1790533)
14.1788203,121.2221375,3,,,,POINT (121.2221375 14.1788203)
14.1757733,121.2180914,3,,,,POINT (121.2180914 14.1757733)
14.1714167,121.2110969,4,,,,POINT (121.2110969 14.1714167)
14.1659805,121.2091918,3,,,,POINT (121.2091918 14.1659805)
14.1654508,121.2104825,3,,,,POINT (121.2104825 14.1654508)
14.1646002,121.2103567,3,,,,POINT (121.2103567 14.1646002)
14.171138,121.2107057,3,,,,POINT (121.2107057 14.171138)
14.1644396,121.2089195,3,,,,POINT (121.2089195 14.1644396)
14.1799851,121.223667,4,,,,POINT (121.223667 14.1799851)
14.1773213,121.221609,3,,,,POINT (121.221609 14.1773213)
14.1790413,121.2240857,3,,,,POINT (121.2240857 14.1790413)
14.1787873,121.2234947,3,,,,POINT (121.2234947 14.1787873)
14.1790998,121.2219537,4,,,,POINT (121.2219537 14.1790998)
14.1794054,121.222524,4,,,,POINT (121.222524 14.1794054)
14.1796933,121.223067,4,,,,POINT (121.223067 14.1796933)
14.1802794,121.2242334,3,,,,POINT (121.2242334 14.1802794)
14.1732687,121.2112698,3,,,,POINT (121.2112698 14.1732687)
14.1673511,121.2411309,3,,,,POINT (121.2411309 14.1673511)
14.1650081,121.242467,3,,,,POINT (121.242467 14.1650081)
14.1642259,121.2428016,1,,,,POINT (121.2428016 14.1642259)
14.1910972,121.2451494,3,,,,POINT (121.2451494 14.1910972)
14.1929084,121.2344742,3,,,,POINT (121.2344742 14.1929084)
14.188953,121.2529603,3,,,,POINT (121.2529603 14.188953)
14.1937202,121.2361737,3,,,,POINT (121.2361737 14.1937202)
14.1883536,121.2572859,3,,,,POINT (121.2572859 14.1883536)
14.1943627,121.2397156,3,,,,POINT (121.2397156 14.1943627)
14.1880961,121.256694,3,,,,POINT (121.256694 14.1880961)
14.1909908,121.2334,3,,,,POINT (121.2334 14.1909908)
14.1780505,121.2598204,3,,,,POINT (121.2598204 14.1780505)
14.1767652,121.2532286,4,,,,POINT (121.2532286 14.1767652)
14.1781978,121.2604914,3,,,,POINT (121.2604914 14.1781978)
14.1786503,121.2603626,1,,,,POINT (121.2603626 14.1786503)
14.1723947,121.2624894,3,,,,POINT (121.2624894 14.1723947)
14.1609468,121.263269,4,,,,POINT (121.263269 14.1609468)
14.1738788,121.261001,3,,,,POINT (121.261001 14.1738788)
14.1608916,121.2619735,4,,,,POINT (121.2619735 14.1608916)
14.1696377,121.2580915,3,,,,POINT (121.2580915 14.1696377)
14.1608721,121.2639224,3,,,,POINT (121.2639224 14.1608721)
14.1735465,121.2637189,3,,,,POINT (121.2637189 14.1735465)
14.1588715,121.2609905,3,,,,POINT (121.2609905 14.1588715)
14.1656768,121.2570066,3,,,,POINT (121.2570066 14.1656768)
14.1596859,121.2631235,4,,,,POINT (121.2631235 14.1596859)
14.1731284,121.2617386,4,,,,POINT (121.2617386 14.1731284)
14.1691961,121.2576225,4,,,,POINT (121.2576225 14.1691961)
14.1632764,121.2618636,3,,,,POINT (121.2618636 14.1632764)
14.1658089,121.2636078,4,,,,POINT (121.2636078 14.1658089)
14.1614026,121.2590881,3,,,,POINT (121.2590881 14.1614026)
14.1646984,121.262404,1,,,,POINT (121.262404 14.1646984)
14.1671058,121.2597389,4,,,,POINT (121.2597389 14.1671058)
14.1597128,121.2603669,3,,,,POINT (121.2603669 14.1597128)
14.1750852,121.2626433,3,,,,POINT (121.2626433 14.1750852)
14.1749076,121.2624135,3,,,,POINT (121.2624135 14.1749076)
14.1598604,121.2620708,3,,,,POINT (121.2620708 14.1598604)
14.1656575,121.2640155,3,,,,POINT (121.2640155 14.1656575)
14.1601883,121.2632385,3,,,,POINT (121.2632385 14.1601883)
14.1741463,121.2627534,3,,,,POINT (121.2627534 14.1741463)
14.1731946,121.2633754,3,,,,POINT (121.2633754 14.1731946)
14.1741739,121.2623934,3,,,,POINT (121.2623934 14.1741739)
14.1735965,121.262236,1,,,,POINT (121.262236 14.1735965)
14.1741998,121.2620552,3,,,,POINT (121.2620552 14.1741998)
14.1736458,121.2628956,3,,,,POINT (121.2628956 14.1736458)
14.1741603,121.2625707,3,,,,POINT (121.2625707 14.1741603)
14.1741198,121.2630986,3,,,,POINT (121.2630986 14.1741198)
14.1741056,121.2632836,1,,,,POINT (121.2632836 14.1741056)
14.1746823,121.262607,3,,,,POINT (121.262607 14.1746823)
14.1737361,121.2627882,3,,,,POINT (121.2627882 14.1737361)
14.1762362,121.2603662,3,,,,POINT (121.2603662 14.1762362)
14.176188,121.2608015,3,,,,POINT (121.2608015 14.176188)
14.1758509,121.2464071,1,,,,POINT (121.2464071 14.1758509)
14.1752606,121.2461604,3,,,,POINT (121.2461604 14.1752606)
14.1750408,121.2462649,3,,,,POINT (121.2462649 14.1750408)
14.1706496,121.2437705,3,,,,POINT (121.2437705 14.1706496)
14.1712648,121.2542953,1,,,,POINT (121.2542953 14.1712648)
14.1743806,121.2558352,3,,,,POINT (121.2558352 14.1743806)
14.1620019,121.2480503,3,,,,POINT (121.2480503 14.1620019)
14.1717829,121.2552511,3,,,,POINT (121.2552511 14.1717829)
14.1768191,121.2510113,3,crossing,,,POINT (121.2510113 14.1768191)
14.1616672,121.247769,4,,,,POINT (121.247769 14.1616672)
14.1744471,121.2555577,3,,,,POINT (121.2555577 14.1744471)
14.1617657,121.2477197,3,,,,POINT (121.2477197 14.1617657)
14.171873,121.2555228,1,,,,POINT (121.2555228 14.171873)
14.175102,121.256016,3,,,,POINT (121.256016 14.175102)
14.1733951,121.2538042,3,,,,POINT (121.2538042 14.1733951)
14.1715237,121.2545626,3,,,,POINT (121.2545626 14.1715237)
14.1766143,121.2559838,3,,,,POINT (121.2559838 14.1766143)
14.1619493,121.2480771,4,,,,POINT (121.2480771 14.1619493)
14.1734134,121.2543507,1,,,,POINT (121.2543507 14.1734134)
14.1780885,121.2543412,1,,,,POINT (121.2543412 14.1780885)
14.1618447,121.2481334,3,,,,POINT (121.2481334 14.1618447)
14.1753274,121.2559253,3,,,,POINT (121.2559253 14.1753274)
14.1614826,121.2473953,3,,,,POINT (121.2473953 14.1614826)
14.1766677,121.2548481,4,,,,POINT (121.2548481 14.1766677)
14.1569066,121.2620436,3,,,,POINT (121.2620436 14.1569066)
14.1556795,121.2620299,3,,,,POINT (121.2620299 14.1556795)
14.1553241,121.2620494,3,,,,POINT (121.2620494 14.1553241)
14.1535907,121.2595422,3,,,,POINT (121.2595422 14.1535907)
14.1549896,121.2620486,3,,,,POINT (121.2620486 14.1549896)
14.1544583,121.2620473,3,,,,POINT (121.2620473 14.1544583)
14.1776989,121.2297105,4,,,,POINT (121.2297105 14.1776989)
14.1778549,121.2299573,3,,,,POINT (121.2299573 14.1778549)
14.1775273,121.2294101,3,,,,POINT (121.2294101 14.1775273)
14.1622389,121.2425904,3,,,,POINT (121.2425904 14.1622389)
14.1572566,121.2399009,3,,,,POINT (121.2399009 14.1572566)
14.1570861,121.2420467,3,,,,POINT (121.2420467 14.1570861)
14.1620972,121.2425067,3,,,,POINT (121.2425067 14.1620972)
14.162312,121.2426986,1,,,,POINT (121.2426986 14.162312)
14.1571438,121.2396302,1,,,,POINT (121.2396302 14.1571438)
14.1767134,121.239521,3,,,,POINT (121.239521 14.1767134)
14.1767237,121.2394653,3,,,,POINT (121.2394653 14.1767237)
14.1769671,121.2398142,3,,,,POINT (121.2398142 14.1769671)
14.1766535,121.2395452,3,,,,POINT (121.2395452 14.1766535)
14.1770069,121.2397957,4,,,,POINT (121.2397957 14.1770069)
14.1766301,121.2382944,1,,,,POINT (121.2382944 14.1766301)
14.1722649,121.2455569,3,,,,POINT (121.2455569 14.1722649)
14.17385,121.2491237,1,,,,POINT (121.2491237 14.17385)
14.1698684,121.2511019,1,,,,POINT (121.2511019 14.1698684)
14.1723912,121.2432548,3,,,,POINT (121.2432548 14.1723912)
14.1752794,121.2427146,1,,,,POINT (121.2427146 14.1752794)
14.1634707,121.2396167,3,,,,POINT (121.2396167 14.1634707)
14.1566459,121.2423263,3,,,,POINT (121.2423263 14.1566459)
14.156467,121.2420347,1,,,,POINT (121.2420347 14.156467)
14.1671568,121.2399867,3,,,,POINT (121.2399867 14.1671568)
14.1672881,121.2402912,3,,,,POINT (121.2402912 14.1672881)
14.1554063,121.2409284,1,,,,POINT (121.2409284 14.1554063)
14.1688938,121.2438904,1,,,,POINT (121.2438904 14.1688938)
14.165392,121.2385314,3,,,,POINT (121.2385314 14.165392)
14.1666812,121.2436237,4,crossing,,,POINT (121.2436237 14.1666812)
14.1671905,121.24035,3,,,,POINT (121.24035 14.1671905)
14.1597241,121.2444552,3,,,,POINT (121.2444552 14.1597241)
14.1637268,121.2424473,3,,,,POINT (121.2424473 14.1637268)
14.1667967,121.2437754,3,crossing,,,POINT (121.2437754 14.1667967)
14.1650136,121.241031,3,,,,POINT (121.241031 14.1650136)
14.1658104,121.2410862,3,,,,POINT (121.2410862 14.1658104)
14.1655273,121.2407546,3,,,,POINT (121.2407546 14.1655273)
14.1649531,121.2410247,3,,,,POINT (121.2410247 14.1649531)
14.1608694,121.2458571,3,,,,POINT (121.2458571 14.1608694)
14.1671311,121.243647,3,,,,POINT (121.243647 14.1671311)
14.1634446,121.2394193,3,,,,POINT (121.2394193 14.1634446)
14.1649274,121.2408477,4,,,,POINT (121.2408477 14.1649274)
14.165462,121.236854,4,,,,POINT (121.236854 14.165462)
14.1617785,121.2381935,1,,,,POINT (121.2381935 14.1617785)
14.1921119,121.2434015,3,,,,POINT (121.2434015 14.1921119)
14.1826399,121.2429923,3,,,,POINT (121.2429923 14.1826399)
14.1826198,121.2445866,3,,,,POINT (121.2445866 14.1826198)
14.1860994,121.2364143,3,,,,POINT (121.2364143 14.1860994)
14.192236,121.2435751,3,,,,POINT (121.2435751 14.192236)
14.1825232,121.2443826,3,,,,POINT (121.2443826 14.1825232)
14.1815124,121.2384445,3,,,,POINT (121.2384445 14.1815124)
14.1825269,121.2450183,4,,,,POINT (121.2450183 14.1825269)
14.1814996,121.2388751,3,,,,POINT (121.2388751 14.1814996)
14.1823797,121.237183,3,,,,POINT (121.237183 14.1823797)
14.1823121,121.2431473,3,,,,POINT (121.2431473 14.1823121)
14.1836482,121.2446853,1,,,,POINT (121.2446853 14.1836482)
14.1869113,121.2363906,3,,,,POINT (121.2363906 14.1869113)
14.1826374,121.2387127,3,,,,POINT (121.2387127 14.1826374)
14.181991,121.2449774,3,,,,POINT (121.2449774 14.181991)
14.1863691,121.2347953,3,,,,POINT (121.2347953 14.1863691)
14.1925028,121.2439049,3,,,,POINT (121.2439049 14.1925028)
14.1967584,121.238982,1,,,,POINT (121.238982 14.1967584)
14.1817688,121.2432707,3,,,,POINT (121.2432707 14.1817688)
14.1916916,121.2436949,3,,,,POINT (121.2436949 14.1916916)
14.1863721,121.2363193,3,,,,POINT (121.2363193 14.1863721)
14.192351,121.2437163,3,,,,POINT (121.2437163 14.192351)
14.178863,121.2449133,3,,,,POINT (121.2449133 14.178863)
14.1844911,121.2393977,3,,,,POINT (121.2393977 14.1844911)
14.1822644,121.2444935,3,,,,POINT (121.2444935 14.1822644)
14.1822588,121.238888,3,,,,POINT (121.238888 14.1822588)
14.1781109,121.243685,3,,,,POINT (121.243685 14.1781109)
14.1782949,121.2427779,3,,,,POINT (121.2427779 14.1782949)
14.1918092,121.236729,1,,,,POINT (121.236729 14.1918092)
14.1868564,121.2361385,4,,,,POINT (121.2361385 14.1868564)
14.1823181,121.2380864,3,,,,POINT (121.2380864 14.1823181)
14.1905335,121.2441168,4,,,,POINT (121.2441168 14.1905335)
14.1918396,121.2438791,3,,,,POINT (121.2438791 14.1918396)
14.1866021,121.2362363,3,,,,POINT (121.2362363 14.1866021)
14.1924539,121.2438451,3,,,,POINT (121.2438451 14.1924539)
14.18032,121.2391133,3,,,,POINT (121.2391133 14.18032)
14.1870939,121.2360585,3,,,,POINT (121.2360585 14.1870939)
14.1834454,121.237213,1,,,,POINT (121.237213 14.1834454)
14.1820349,121.2440006,3,,,,POINT (121.2440006 14.1820349)
14.1834611,121.2383389,3,,,,POINT (121.2383389 14.1834611)
14.1833515,121.2442109,3,,,,POINT (121.2442109 14.1833515)
14.1804486,121.2395313,3,,,,POINT (121.2395313 14.1804486)
14.1813823,121.2421435,3,,,,POINT (121.2421435 14.1813823)
14.1827527,121.2448987,3,,,,POINT (121.2448987 14.1827527)
14.1802052,121.2387088,3,,,,POINT (121.2387088 14.1802052)
14.1861583,121.2349334,3,,,,POINT (121.2349334 14.1861583)
14.1806575,121.2437954,3,,,,POINT (121.2437954 14.1806575)
14.1895558,121.2392902,1,,,,POINT (121.2392902 14.1895558)
14.1817136,121.243213,3,,,,POINT (121.243213 14.1817136)
14.186767,121.2343936,3,,,,POINT (121.2343936 14.186767)
14.1808152,121.2435498,3,,,,POINT (121.2435498 14.1808152)
14.1826349,121.2438992,1,,,,POINT (121.2438992 14.1826349)
14.1919613,121.2440229,3,,,,POINT (121.2440229 14.1919613)
14.1870174,121.2368274,3,,,,POINT (121.2368274 14.1870174)
14.1925902,121.2440205,3,,,,POINT (121.2440205 14.1925902)
14.1872056,121.2360271,3,,,,POINT (121.2360271 14.1872056)
14.1865637,121.2412337,1,,,,POINT (121.2412337 14.1865637)
14.1835781,121.2382945,1,,,,POINT (121.2382945 14.1835781)
14.1802526,121.2396073,1,,,,POINT (121.2396073 14.1802526)
14.1917783,121.2427768,1,,,,POINT (121.2427768 14.1917783)
14.1859425,121.235102,3,,,,POINT (121.235102 14.1859425)
14.1829052,121.2372176,1,,,,POINT (121.2372176 14.1829052)
14.1826113,121.2452149,3,,,,POINT (121.2452149 14.1826113)
14.1861307,121.2367329,3,,,,POINT (121.2367329 14.1861307)
14.1809763,121.2432463,3,,,,POINT (121.2432463 14.1809763)
14.1830587,121.2385236,3,,,,POINT (121.2385236 14.1830587)
14.19155,121.2435247,3,,,,POINT (121.2435247 14.19155)
14.1828003,121.2404973,3,,,,POINT (121.2404973 14.1828003)
14.1920679,121.2441374,3,,,,POINT (121.2441374 14.1920679)
14.1869708,121.2366344,3,,,,POINT (121.2366344 14.1869708)
14.1922041,121.2443097,3,,,,POINT (121.2443097 14.1922041)
14.1925168,121.2355614,3,,,,POINT (121.2355614 14.1925168)
14.1865549,121.2346221,3,,,,POINT (121.2346221 14.1865549)
14.1596613,121.2340355,3,,,,POINT (121.2340355 14.1596613)
14.1511179,121.2591582,3,,,,POINT (121.2591582 14.1511179)
14.1593317,121.2326511,3,,,,POINT (121.2326511 14.1593317)
14.1537629,121.2574705,4,,,,POINT (121.2574705 14.1537629)
14.1461104,121.252807,3,,,,POINT (121.252807 14.1461104)
14.1465239,121.257864,3,,,,POINT (121.257864 14.1465239)
14.1554819,121.262035,3,,,,POINT (121.262035 14.1554819)
14.1559366,121.2605942,3,,,,POINT (121.2605942 14.1559366)
14.1504601,121.2575398,3,,,,POINT (121.2575398 14.1504601)
14.1601016,121.2336883,3,,,,POINT (121.2336883 14.1601016)
14.1508494,121.2591477,3,,,,POINT (121.2591477 14.1508494)
14.1587088,121.2328339,1,,,,POINT (121.2328339 14.1587088)
14.1564767,121.2586806,3,,,,POINT (121.2586806 14.1564767)
14.1567157,121.2587837,3,,,,POINT (121.2587837 14.1567157)
14.1544784,121.2601819,3,,,,POINT (121.2601819 14.1544784)
14.1615847,121.2351468,3,,,,POINT (121.2351468 14.1615847)
14.1549905,121.2605763,3,,,,POINT (121.2605763 14.1549905)
14.1501454,121.2580323,3,,,,POINT (121.2580323 14.1501454)
14.1554219,121.2623156,3,,,,POINT (121.2623156 14.1554219)
14.1555485,121.2582667,3,,,,POINT (121.2582667 14.1555485)
14.1535903,121.2601832,3,,,,POINT (121.2601832 14.1535903)
14.1592037,121.2329488,3,mini_roundabout,,,POINT (121.2329488 14.1592037)
14.15873,121.2320921,3,,,,POINT (121.2320921 14.15873)
14.1502189,121.2578478,3,,,,POINT (121.2578478 14.1502189)
14.1575223,121.2305652,1,,,,POINT (121.2305652 14.1575223)
14.1809642,121.2560063,3,,,,POINT (121.2560063 14.1809642)
14.1800332,121.2564405,3,,,,POINT (121.2564405 14.1800332)
14.1776329,121.2574812,3,,,,POINT (121.2574812 14.1776329)
14.181516,121.2558851,3,,,,POINT (121.2558851 14.181516)
14.177093,121.2492837,3,,,,POINT (121.2492837 14.177093)
14.1764884,121.2579695,3,,,,POINT (121.2579695 14.1764884)
14.1768165,121.2513862,3,,,,POINT (121.2513862 14.1768165)
14.171764,121.2185028,3,,,,POINT (121.2185028 14.171764)
14.1706758,121.2069421,3,,,,POINT (121.2069421 14.1706758)
14.1702063,121.231913,3,,,,POINT (121.231913 14.1702063)
14.1723175,121.2197558,1,,,,POINT (121.2197558 14.1723175)
14.1767495,121.2364562,3,,,,POINT (121.2364562 14.1767495)
14.1809733,121.2368667,3,,,,POINT (121.2368667 14.1809733)
14.1727772,121.218998,4,,,,POINT (121.218998 14.1727772)
14.1738262,121.2200086,3,,,,POINT (121.2200086 14.1738262)
14.1709033,121.2326811,4,,,,POINT (121.2326811 14.1709033)
14.1748805,121.2193074,3,,,,POINT (121.2193074 14.1748805)
14.1730805,121.2183137,3,,,,POINT (121.2183137 14.1730805)
14.1708521,121.2320162,3,,,,POINT (121.2320162 14.1708521)
14.176163,121.2115064,1,,,,POINT (121.2115064 14.176163)
14.170522,121.2319482,3,,,,POINT (121.2319482 14.170522)
14.1725772,121.2194104,3,,,,POINT (121.2194104 14.1725772)
14.1746346,121.2211572,1,,,,POINT (121.2211572 14.1746346)
14.17406,121.2094219,1,,,,POINT (121.2094219 14.17406)
14.1739912,121.2192727,3,,,,POINT (121.2192727 14.1739912)
14.1706572,121.2068747,3,,,,POINT (121.2068747 14.1706572)
14.1729044,121.2186721,3,,,,POINT (121.2186721 14.1729044)
14.1730085,121.2107717,3,,,,POINT (121.2107717 14.1730085)
14.1717764,121.2180774,3,,,,POINT (121.2180774 14.1717764)
14.1815837,121.2363324,1,,,,POINT (121.2363324 14.1815837)
14.1809403,121.2357488,3,,,,POINT (121.2357488 14.1809403)
14.174516,121.2195478,3,,,,POINT (121.2195478 14.174516)
14.1757684,121.2190547,3,,,,POINT (121.2190547 14.1757684)
14.1815127,121.235907,3,,,,POINT (121.235907 14.1815127)
14.1731564,121.2127239,3,,,,POINT (121.2127239 14.1731564)
14.1798727,121.2208119,1,,,,POINT (121.2208119 14.1798727)
14.1795623,121.2214443,3,,,,POINT (121.2214443 14.1795623)
14.1774517,121.2188039,1,,,,POINT (121.2188039 14.1774517)
14.1816547,121.222048,1,,,,POINT (121.222048 14.1816547)
14.1780655,121.2185357,3,,,,POINT (121.2185357 14.1780655)
14.1775286,121.217368,3,,,,POINT (121.217368 14.1775286)
14.1776165,121.2463424,4,,,,POINT (121.2463424 14.1776165)
14.1795537,121.2439642,3,,,,POINT (121.2439642 14.1795537)
14.1749765,121.255692,1,,,,POINT (121.255692 14.1749765)
14.1809795,121.2424335,3,,,,POINT (121.2424335 14.1809795)
14.1779425,121.2593442,3,,,,POINT (121.2593442 14.1779425)
14.1804523,121.2434598,3,,,,POINT (121.2434598 14.1804523)
14.1752178,121.2555667,1,,,,POINT (121.2555667 14.1752178)
14.1740474,121.2543229,1,,,,POINT (121.2543229 14.1740474)
14.1807915,121.2429507,3,,,,POINT (121.2429507 14.1807915)
14.1805767,121.2436744,3,,,,POINT (121.2436744 14.1805767)
14.174557,121.2562128,3,,,,POINT (121.2562128 14.174557)
14.1806209,121.2426375,3,,,,POINT (121.2426375 14.1806209)
14.1783578,121.2592296,1,,,,POINT (121.2592296 14.1783578)
14.1797646,121.239417,3,,,,POINT (121.239417 14.1797646)
14.1787496,121.2446744,3,,,,POINT (121.2446744 14.1787496)
14.1748014,121.2601025,1,,,,POINT (121.2601025 14.1748014)
14.1803934,121.2427574,3,,,,POINT (121.2427574 14.1803934)
14.1779551,121.2605578,1,,,,POINT (121.2605578 14.1779551)
14.1796569,121.2441823,3,,,,POINT (121.2441823 14.1796569)
14.1768496,121.2466487,1,,,,POINT (121.2466487 14.1768496)
14.1605464,121.247015,1,,,,POINT (121.247015 14.1605464)
14.1653619,121.238917,3,,,,POINT (121.238917 14.1653619)
14.1767928,121.2627427,4,,,,POINT (121.2627427 14.1767928)
14.1772263,121.2626388,4,,,,POINT (121.2626388 14.1772263)
14.1759777,121.2626835,3,,,,POINT (121.2626835 14.1759777)
14.1762053,121.2627701,4,,,,POINT (121.2627701 14.1762053)
14.1777544,121.2624796,3,,,,POINT (121.2624796 14.1777544)
14.1767302,121.2625639,3,,,,POINT (121.2625639 14.1767302)
14.1761911,121.262701,3,,,,POINT (121.262701 14.1761911)
14.1777069,121.2623352,2,,,,POINT (121.2623352 14.1777069)
14.1772736,121.2627852,3,,,,POINT (121.2627852 14.1772736)
14.1768122,121.2628543,3,,,,POINT (121.2628543 14.1768122)
14.177176,121.2624428,3,,,,POINT (121.2624428 14.177176)
14.1759722,121.2627445,3,,,,POINT (121.2627445 14.1759722)
14.173002,121.240733,3,,,,POINT (121.240733 14.173002)
14.1708108,121.2544397,1,,,,POINT (121.2544397 14.1708108)
14.1700668,121.2557639,3,,,,POINT (121.2557639 14.1700668)
14.1714686,121.2542069,3,,,,POINT (121.2542069 14.1714686)
14.1694034,121.2542583,3,,,,POINT (121.2542583 14.1694034)
14.1743007,121.2614339,3,,,,POINT (121.2614339 14.1743007)
14.1698526,121.2557667,3,,,,POINT (121.2557667 14.1698526)
14.1726084,121.264234,3,,,,POINT (121.264234 14.1726084)
14.1703238,121.2545826,1,,,,POINT (121.2545826 14.1703238)
14.1761392,121.2479263,1,,,,POINT (121.2479263 14.1761392)
14.1699735,121.2545759,3,,,,POINT (121.2545759 14.1699735)
14.173071,121.2639923,3,,,,POINT (121.2639923 14.173071)
14.1704657,121.2589389,3,,,,POINT (121.2589389 14.1704657)
14.1698306,121.2551533,3,,,,POINT (121.2551533 14.1698306)
14.1756365,121.2481954,3,,,,POINT (121.2481954 14.1756365)
14.1715134,121.2554035,1,,,,POINT (121.2554035 14.1715134)
14.1698437,121.2560778,3,,,,POINT (121.2560778 14.1698437)
14.1697281,121.2559059,3,,,,POINT (121.2559059 14.1697281)
14.1691179,121.2543619,1,,,,POINT (121.2543619 14.1691179)
14.1696367,121.2535357,1,,,,POINT (121.2535357 14.1696367)
14.1711955,121.2581653,3,,,,POINT (121.2581653 14.1711955)
14.1724323,121.2631791,1,,,,POINT (121.2631791 14.1724323)
14.1708571,121.2578095,4,,,,POINT (121.2578095 14.1708571)
14.1775268,121.2468136,3,,,,POINT (121.2468136 14.1775268)
14.1726552,121.264648,1,,,,POINT (121.264648 14.1726552)
14.1719061,121.2642187,1,,,,POINT (121.2642187 14.1719061)
14.1708707,121.2585065,3,,,,POINT (121.2585065 14.1708707)
14.1699746,121.2547626,3,,,,POINT (121.2547626 14.1699746)
14.1695246,121.2541691,3,,,,POINT (121.2541691 14.1695246)
14.1703039,121.2564989,3,,,,POINT (121.2564989 14.1703039)
14.170693,121.2583413,3,,,,POINT (121.2583413 14.170693)
14.1723312,121.2532901,1,,,,POINT (121.2532901 14.1723312)
14.1730187,121.2650087,1,,,,POINT (121.2650087 14.1730187)
14.169542,121.2554304,3,,,,POINT (121.2554304 14.169542)
14.1756752,121.2482596,4,,,,POINT (121.2482596 14.1756752)
14.1727531,121.2628797,3,,,,POINT (121.2628797 14.1727531)
14.1705401,121.255306,1,,,,POINT (121.255306 14.1705401)
14.1700627,121.2562879,3,,,,POINT (121.2562879 14.1700627)
14.1737297,121.2638972,3,,,,POINT (121.2638972 14.1737297)
14.1692071,121.2544603,3,,,,POINT (121.2544603 14.1692071)
14.1666156,121.2379287,1,,,,POINT (121.2379287 14.1666156)
14.1705621,121.2420546,1,,,,POINT (121.2420546 14.1705621)
14.1706204,121.2422417,3,,,,POINT (121.2422417 14.1706204)
14.1657046,121.2405265,3,,,,POINT (121.2405265 14.1657046)
14.16878,121.2406057,1,,,,POINT (121.2406057 14.16878)
14.166389,121.2371189,1,,,,POINT (121.2371189 14.166389)
14.1670633,121.2376592,1,,,,POINT (121.2376592 14.1670633)
14.1658891,121.2373362,3,,,,POINT (121.2373362 14.1658891)
14.1693701,121.2407118,1,,,,POINT (121.2407118 14.1693701)
14.1725437,121.2302507,3,,,,POINT (121.2302507 14.1725437)
14.1771686,121.2296129,3,,,,POINT (121.2296129 14.1771686)
14.1754658,121.2255055,3,,,,POINT (121.2255055 14.1754658)
14.1786843,121.2355082,3,,,,POINT (121.2355082 14.1786843)
14.1757236,121.2258702,3,,,,POINT (121.2258702 14.1757236)
14.1790144,121.2298731,3,,,,POINT (121.2298731 14.1790144)
14.1737913,121.2301737,4,,,,POINT (121.2301737 14.1737913)
14.1713741,121.2227674,3,,,,POINT (121.2227674 14.1713741)
14.1639074,121.216759,3,,,,POINT (121.216759 14.1639074)
14.1742587,121.221824,3,,,,POINT (121.221824 14.1742587)
14.1751083,121.2176992,3,,,,POINT (121.2176992 14.1751083)
14.1767129,121.2239878,3,,,,POINT (121.2239878 14.1767129)
14.1797855,121.2348426,3,,,,POINT (121.2348426 14.1797855)
14.1783069,121.235955,4,,,,POINT (121.235955 14.1783069)
14.1721099,121.2275576,3,,,,POINT (121.2275576 14.1721099)
14.1735548,121.2296556,3,,,,POINT (121.2296556 14.1735548)
14.1751086,121.2308096,3,,,,POINT (121.2308096 14.1751086)
14.1731618,121.2228627,3,,,,POINT (121.2228627 14.1731618)
14.1700227,121.2233622,1,,,,POINT (121.2233622 14.1700227)
14.1717082,121.2295467,3,,,,POINT (121.2295467 14.1717082)
14.1741568,121.2287772,3,,,,POINT (121.2287772 14.1741568)
14.1711444,121.2227851,3,,,,POINT (121.2227851 14.1711444)
14.1741597,121.230874,4,,,,POINT (121.230874 14.1741597)
14.1753158,121.2247596,3,,,,POINT (121.2247596 14.1753158)
14.1748718,121.229292,3,,,,POINT (121.229292 14.1748718)
14.1743181,121.2311751,3,,,,POINT (121.2311751 14.1743181)
14.1765983,121.2266578,3,,,,POINT (121.2266578 14.1765983)
14.177981,121.2235199,3,,,,POINT (121.2235199 14.177981)
14.1648997,121.2156364,3,,,,POINT (121.2156364 14.1648997)
14.1740045,121.2305789,4,,,,POINT (121.2305789 14.1740045)
14.1720072,121.2234253,3,,,,POINT (121.2234253 14.1720072)
14.1806983,121.2300194,3,,,,POINT (121.2300194 14.1806983)
14.1800902,121.2350836,3,,,,POINT (121.2350836 14.1800902)
14.1753457,121.2215705,3,,,,POINT (121.2215705 14.1753457)
14.1747648,121.2296821,3,,,,POINT (121.2296821 14.1747648)
14.1784957,121.2351729,3,,,,POINT (121.2351729 14.1784957)
14.1725658,121.223126,3,,,,POINT (121.223126 14.1725658)
14.1772897,121.2214646,3,,,,POINT (121.2214646 14.1772897)
14.172759,121.2300995,3,,,,POINT (121.2300995 14.172759)
14.1724962,121.2282049,3,,,,POINT (121.2282049 14.1724962)
14.1726148,121.2313766,3,,,,POINT (121.2313766 14.1726148)
14.1719632,121.2293767,3,,,,POINT (121.2293767 14.1719632)
14.1733899,121.2227559,3,,,,POINT (121.2227559 14.1733899)
14.1741412,121.2288791,3,,,,POINT (121.2288791 14.1741412)
14.1749252,121.2300831,3,,,,POINT (121.2300831 14.1749252)
14.1823163,121.2279366,3,,,,POINT (121.2279366 14.1823163)
14.1701937,121.2228296,1,,,,POINT (121.2228296 14.1701937)
14.1757925,121.2344474,1,,,,POINT (121.2344474 14.1757925)
14.162503,121.2173593,3,,,,POINT (121.2173593 14.162503)
14.1750052,121.2304423,3,,,,POINT (121.2304423 14.1750052)
14.176431,121.2184743,3,,,,POINT (121.2184743 14.176431)
14.1835705,121.2290829,3,,,,POINT (121.2290829 14.1835705)
14.1787788,121.2356903,3,,,,POINT (121.2356903 14.1787788)
14.1784607,121.2362739,3,,,,POINT (121.2362739 14.1784607)
14.1746613,121.2292431,3,,,,POINT (121.2292431 14.1746613)
14.1707976,121.2227985,3,,,,POINT (121.2227985 14.1707976)
14.1729344,121.2218763,3,,,,POINT (121.2218763 14.1729344)
14.1728498,121.2287616,3,,,,POINT (121.2287616 14.1728498)
14.1778288,121.2292117,1,,,,POINT (121.2292117 14.1778288)
14.1823802,121.2280003,3,,,,POINT (121.2280003 14.1823802)
14.1761059,121.235112,3,,,,POINT (121.235112 14.1761059)
14.1750577,121.2249909,3,,,,POINT (121.2249909 14.1750577)
14.1766324,121.2361982,4,,,,POINT (121.2361982 14.1766324)
14.1722974,121.2304274,3,,,,POINT (121.2304274 14.1722974)
14.172563,121.2309194,3,,,,POINT (121.2309194 14.172563)
14.1808266,121.2304569,3,,,,POINT (121.2304569 14.1808266)
14.1826903,121.2275641,1,,,,POINT (121.2275641 14.1826903)
14.1773473,121.2299302,3,,,,POINT (121.2299302 14.1773473)
14.1778808,121.236628,1,,,,POINT (121.236628 14.1778808)
14.1791295,121.2303762,3,,,,POINT (121.2303762 14.1791295)
14.1755858,121.2307137,3,,,,POINT (121.2307137 14.1755858)
14.1751145,121.2290764,3,,,,POINT (121.2290764 14.1751145)
14.1744519,121.2222188,3,,,,POINT (121.2222188 14.1744519)
14.1737693,121.2238153,3,,,,POINT (121.2238153 14.1737693)
14.1727227,121.2286195,3,,,,POINT (121.2286195 14.1727227)
14.1727456,121.2317113,3,,,,POINT (121.2317113 14.1727456)
14.1734598,121.2241109,3,,,,POINT (121.2241109 14.1734598)
14.1793604,121.234328,1,,,,POINT (121.234328 14.1793604)
14.1753531,121.230762,3,,,,POINT (121.230762 14.1753531)
14.17799,121.2295121,1,,,,POINT (121.2295121 14.17799)
14.1644065,121.2419741,3,,,,POINT (121.2419741 14.1644065)
14.1721579,121.2050858,3,,,,POINT (121.2050858 14.1721579)
14.1751254,121.205906,4,,,,POINT (121.205906 14.1751254)
14.1769029,121.2079525,3,,,,POINT (121.2079525 14.1769029)
14.1756351,121.2085748,3,,,,POINT (121.2085748 14.1756351)
14.17318,121.2072729,3,,,,POINT (121.2072729 14.17318)
14.1759966,121.2097228,3,,,,POINT (121.2097228 14.1759966)
14.1713834,121.2067671,4,,,,POINT (121.2067671 14.1713834)
14.1752178,121.2087681,3,,,,POINT (121.2087681 14.1752178)
14.1681393,121.2152345,3,,,,POINT (121.2152345 14.1681393)
14.1762705,121.2099855,3,,,,POINT (121.2099855 14.1762705)
14.1771509,121.20737,4,,,,POINT (121.20737 14.1771509)
14.1772248,121.206782,3,,,,POINT (121.206782 14.1772248)
14.1768721,121.2090589,4,,,,POINT (121.2090589 14.1768721)
14.1720373,121.2068793,3,,,,POINT (121.2068793 14.1720373)
14.1754947,121.2075906,4,,,,POINT (121.2075906 14.1754947)
14.1745472,121.2171437,4,,,,POINT (121.2171437 14.1745472)
14.1753176,121.2164794,1,,,,POINT (121.2164794 14.1753176)
14.1751163,121.2083524,3,,,,POINT (121.2083524 14.1751163)
14.178315,121.2071196,4,,,,POINT (121.2071196 14.178315)
14.1773341,121.2077973,4,,,,POINT (121.2077973 14.1773341)
14.1754661,121.206755,3,,,,POINT (121.206755 14.1754661)
14.1760512,121.2083723,3,,,,POINT (121.2083723 14.1760512)
14.1769549,121.2041413,1,,,,POINT (121.2041413 14.1769549)
14.1750218,121.2166947,3,,,,POINT (121.2166947 14.1750218)
14.1726712,121.2062136,3,,,,POINT (121.2062136 14.1726712)
14.1724392,121.2057083,3,,,,POINT (121.2057083 14.1724392)
14.1770977,121.2043056,3,,,,POINT (121.2043056 14.1770977)
14.1766689,121.2066465,3,,,,POINT (121.2066465 14.1766689)
14.1777879,121.206083,3,,,,POINT (121.206083 14.1777879)
14.1772449,121.2053682,3,,,,POINT (121.2053682 14.1772449)
14.1751684,121.2169138,3,,,,POINT (121.2169138 14.1751684)
14.1758035,121.2061051,3,,,,POINT (121.2061051 14.1758035)
14.1758071,121.2180391,3,,,,POINT (121.2180391 14.1758071)
14.1745315,121.2067934,3,,,,POINT (121.2067934 14.1745315)
14.1724326,121.2070203,4,,,,POINT (121.2070203 14.1724326)
14.1742478,121.2081617,3,,,,POINT (121.2081617 14.1742478)
14.1743518,121.2086233,3,,,,POINT (121.2086233 14.1743518)
14.1728436,121.2106451,3,,,,POINT (121.2106451 14.1728436)
14.1767146,121.2046117,3,,,,POINT (121.2046117 14.1767146)
14.1780003,121.2065553,1,turning_circle,,,POINT (121.2065553 14.1780003)
14.1788767,121.2587402,1,,,,POINT (121.2587402 14.1788767)
14.1775322,121.2519784,1,,,,POINT (121.2519784 14.1775322)
14.175652,121.208052,3,,,,POINT (121.208052 14.175652)
14.1770017,121.2049753,3,,,,POINT (121.2049753 14.1770017)
14.1717267,121.2061684,3,,,,POINT (121.2061684 14.1717267)
14.1764487,121.2107126,3,,,,POINT (121.2107126 14.1764487)
14.1761787,121.2093365,3,,,,POINT (121.2093365 14.1761787)
14.1768132,121.2521949,3,,,,POINT (121.2521949 14.1768132)
14.1741515,121.2086502,1,,,,POINT (121.2086502 14.1741515)
14.1741333,121.2076655,3,,,,POINT (121.2076655 14.1741333)
14.1755974,121.2122722,3,,,,POINT (121.2122722 14.1755974)
14.1775835,121.206349,3,,,,POINT (121.206349 14.1775835)
14.1660099,121.2140569,3,,,,POINT (121.2140569 14.1660099)
14.1764543,121.2081537,3,,,,POINT (121.2081537 14.1764543)
14.1771343,121.2061071,3,,,,POINT (121.2061071 14.1771343)
14.1765739,121.2060629,3,,,,POINT (121.2060629 14.1765739)
14.1655573,121.2139554,1,,,,POINT (121.2139554 14.1655573)
14.1712825,121.2061661,3,,,,POINT (121.2061661 14.1712825)
14.1720158,121.2072597,1,,,,POINT (121.2072597 14.1720158)
14.1782996,121.2075248,3,,,,POINT (121.2075248 14.1782996)
14.1778354,121.2042685,3,,,,POINT (121.2042685 14.1778354)
14.1797071,121.2058346,1,,,,POINT (121.2058346 14.1797071)
14.1763923,121.2109592,1,turning_circle,,,POINT (121.2109592 14.1763923)
14.1765637,121.210763,3,,,,POINT (121.210763 14.1765637)
14.1749103,121.2290426,3,,,,POINT (121.2290426 14.1749103)
14.1724748,121.2074286,4,,,,POINT (121.2074286 14.1724748)
14.1765554,121.2116446,1,,,,POINT (121.2116446 14.1765554)
14.1726295,121.2074877,1,,,,POINT (121.2074877 14.1726295)
14.1783319,121.2067522,3,,,,POINT (121.2067522 14.1783319)
14.1787208,121.2050551,3,,,,POINT (121.2050551 14.1787208)
14.1768773,121.210978,3,,,,POINT (121.210978 14.1768773)
14.1731097,121.2289545,3,,,,POINT (121.2289545 14.1731097)
14.1780486,121.204569,3,,,,POINT (121.204569 14.1780486)
14.1765098,121.2113873,3,,,,POINT (121.2113873 14.1765098)
14.1732213,121.2105441,3,,,,POINT (121.2105441 14.1732213)
14.1796859,121.2068071,3,,,,POINT (121.2068071 14.1796859)
14.176306,121.2103452,1,turning_circle,,,POINT (121.2103452 14.176306)
14.178717,121.2071654,2,,,,POINT (121.2071654 14.178717)
14.1803081,121.2090061,3,,,,POINT (121.2090061 14.1803081)
14.1800274,121.2067287,1,,,,POINT (121.2067287 14.1800274)
14.1724695,121.2081117,1,,,,POINT (121.2081117 14.1724695)
14.1770246,121.2107054,1,turning_circle,,,POINT (121.2107054 14.1770246)
14.1773208,121.2093742,3,,,,POINT (121.2093742 14.1773208)
14.1746833,121.2062815,1,,,,POINT (121.2062815 14.1746833)
14.1782731,121.2050343,3,,,,POINT (121.2050343 14.1782731)
14.172157,121.2080153,1,,,,POINT (121.2080153 14.172157)
14.1732411,121.2073684,1,turning_circle,,,POINT (121.2073684 14.1732411)
14.1787598,121.2040124,3,,,,POINT (121.2040124 14.1787598)
14.1798937,121.208783,3,,,,POINT (121.208783 14.1798937)
14.1784555,121.2071432,2,,,,POINT (121.2071432 14.1784555)
14.1787965,121.2033586,1,,,,POINT (121.2033586 14.1787965)
14.1794805,121.2078245,3,,,,POINT (121.2078245 14.1794805)
14.1766216,121.2105172,3,,,,POINT (121.2105172 14.1766216)
14.1721536,121.2073106,3,,,,POINT (121.2073106 14.1721536)
14.1787799,121.2035528,3,,,,POINT (121.2035528 14.1787799)
14.1783147,121.2039147,3,,,,POINT (121.2039147 14.1783147)
14.176552,121.2570993,3,,,,POINT (121.2570993 14.176552)
14.1769882,121.2570079,3,,,,POINT (121.2570079 14.1769882)
14.1775618,121.2575031,3,,,,POINT (121.2575031 14.1775618)
14.17694,121.2575867,1,,,,POINT (121.2575867 14.17694)
14.1773378,121.2639291,1,,,,POINT (121.2639291 14.1773378)
14.1759142,121.2635233,3,,,,POINT (121.2635233 14.1759142)
14.1583499,121.242407,3,,,,POINT (121.242407 14.1583499)
14.1580801,121.2423172,3,,,,POINT (121.2423172 14.1580801)
14.169676,121.2441726,3,,,,POINT (121.2441726 14.169676)
14.1698892,121.2446532,1,,,,POINT (121.2446532 14.1698892)
14.1641724,121.2343207,3,,,,POINT (121.2343207 14.1641724)
14.1568395,121.2359074,3,,,,POINT (121.2359074 14.1568395)
14.1521847,121.2345191,1,,,,POINT (121.2345191 14.1521847)
14.1522202,121.2343428,3,,,,POINT (121.2343428 14.1522202)
14.173426,121.2502268,1,,,,POINT (121.2502268 14.173426)
14.1732928,121.2507268,1,,,,POINT (121.2507268 14.1732928)
14.178983,121.2523353,3,,,,POINT (121.2523353 14.178983)
14.1798563,121.2562424,3,,,,POINT (121.2562424 14.1798563)
14.180477,121.2501321,3,,,,POINT (121.2501321 14.180477)
14.1787049,121.2531699,3,,,,POINT (121.2531699 14.1787049)
14.1800128,121.2523286,3,,,,POINT (121.2523286 14.1800128)
14.1809129,121.251527,3,,,,POINT (121.251527 14.1809129)
14.179833,121.2524001,3,,,,POINT (121.2524001 14.179833)
14.178448,121.2525614,3,,,,POINT (121.2525614 14.178448)
14.1785615,121.2557653,1,,,,POINT (121.2557653 14.1785615)
14.1794486,121.2556019,3,,,,POINT (121.2556019 14.1794486)
14.1790534,121.2530171,3,,,,POINT (121.2530171 14.1790534)
14.1799296,121.2564831,3,,,,POINT (121.2564831 14.1799296)
14.1810982,121.2511988,3,,,,POINT (121.2511988 14.1810982)
14.1791297,121.2522676,3,,,,POINT (121.2522676 14.1791297)
14.1796274,121.2501181,3,,,,POINT (121.2501181 14.1796274)
14.1801928,121.2501274,3,,,,POINT (121.2501274 14.1801928)
14.1803881,121.2517171,3,,,,POINT (121.2517171 14.1803881)
14.1806385,121.2516219,3,,,,POINT (121.2516219 14.1806385)
14.1808374,121.2512917,3,,,,POINT (121.2512917 14.1808374)
14.1799078,121.2501181,3,,,,POINT (121.2501181 14.1799078)
14.1798417,121.2519311,3,,,,POINT (121.2519311 14.1798417)
14.1801301,121.251822,3,,,,POINT (121.251822 14.1801301)
14.1804859,121.2492569,1,,,,POINT (121.2492569 14.1804859)
14.1790616,121.2487336,3,,,,POINT (121.2487336 14.1790616)
14.1898739,121.2405427,3,,,,POINT (121.2405427 14.1898739)
14.1899911,121.2399911,3,,,,POINT (121.2399911 14.1899911)
14.1852496,121.2399756,1,,,,POINT (121.2399756 14.1852496)
14.1861704,121.2373197,1,,,,POINT (121.2373197 14.1861704)
14.1828965,121.2391149,1,,,,POINT (121.2391149 14.1828965)
14.1848001,121.2392359,3,,,,POINT (121.2392359 14.1848001)
14.1901552,121.2404523,3,,,,POINT (121.2404523 14.1901552)
14.1885424,121.2408601,3,,,,POINT (121.2408601 14.1885424)
14.1865692,121.2384614,3,,,,POINT (121.2384614 14.1865692)
14.1896646,121.2400425,3,,,,POINT (121.2400425 14.1896646)
14.182332,121.2393572,3,,,,POINT (121.2393572 14.182332)
14.1886363,121.2409861,3,,,,POINT (121.2409861 14.1886363)
14.1893676,121.2404793,3,,,,POINT (121.2404793 14.1893676)
14.177691,121.2459362,3,,,,POINT (121.2459362 14.177691)
14.1778114,121.2452379,4,,,,POINT (121.2452379 14.1778114)
14.1761983,121.2463293,1,,,,POINT (121.2463293 14.1761983)
14.1888546,121.2406219,1,,,,POINT (121.2406219 14.1888546)
14.1845913,121.2387356,1,,,,POINT (121.2387356 14.1845913)
14.1849054,121.2391792,3,,,,POINT (121.2391792 14.1849054)
14.1819246,121.2421271,3,,,,POINT (121.2421271 14.1819246)
14.1844516,121.2330203,3,,,,POINT (121.2330203 14.1844516)
14.1817225,121.2421603,3,,,,POINT (121.2421603 14.1817225)
14.1853728,121.2325766,1,,,,POINT (121.2325766 14.1853728)
14.176933,121.2164807,3,,,,POINT (121.2164807 14.176933)
14.1783274,121.2193918,3,,,,POINT (121.2193918 14.1783274)
14.176053,121.2152039,3,,,,POINT (121.2152039 14.176053)
14.1762167,121.2160872,3,,,,POINT (121.2160872 14.1762167)
14.1774803,121.2162755,1,,,,POINT (121.2162755 14.1774803)
14.1791609,121.2327891,3,,,,POINT (121.2327891 14.1791609)
14.1812827,121.2328397,3,,,,POINT (121.2328397 14.1812827)
14.1802404,121.2271194,1,,,,POINT (121.2271194 14.1802404)
14.1812977,121.2264674,3,,,,POINT (121.2264674 14.1812977)
14.1718453,121.2144022,1,,,,POINT (121.2144022 14.1718453)
14.1796039,121.2250325,3,,,,POINT (121.2250325 14.1796039)
14.1730612,121.2136688,3,,,,POINT (121.2136688 14.1730612)
14.1695243,121.2105404,3,,,,POINT (121.2105404 14.1695243)
14.1653189,121.2099413,1,,,,POINT (121.2099413 14.1653189)
14.1698732,121.2111403,3,,,,POINT (121.2111403 14.1698732)
14.1695749,121.2099276,3,,,,POINT (121.2099276 14.1695749)
14.1698318,121.2103612,3,,,,POINT (121.2103612 14.1698318)
14.1690417,121.2098088,3,,,,POINT (121.2098088 14.1690417)
14.1675672,121.2021991,1,,,,POINT (121.2021991 14.1675672)
14.170697,121.2010049,1,,,,POINT (121.2010049 14.170697)
14.1690957,121.2025452,3,,,,POINT (121.2025452 14.1690957)
14.1694277,121.2018998,4,,,,POINT (121.2018998 14.1694277)
14.1708784,121.2028849,4,,,,POINT (121.2028849 14.1708784)
14.168289,121.200734,3,,,,POINT (121.200734 14.168289)
14.1688805,121.2018277,1,,,,POINT (121.2018277 14.1688805)
14.1697131,121.2015473,3,,,,POINT (121.2015473 14.1697131)
14.1711405,121.2113244,3,,,,POINT (121.2113244 14.1711405)
14.1709653,121.2023748,3,,,,POINT (121.2023748 14.1709653)
14.1704505,121.2021382,3,,,,POINT (121.2021382 14.1704505)
14.1692994,121.2107928,3,,,,POINT (121.2107928 14.1692994)
14.1679014,121.2011169,1,,,,POINT (121.2011169 14.1679014)
14.1690406,121.2016014,3,,,,POINT (121.2016014 14.1690406)
14.171274,121.204471,3,,,,POINT (121.204471 14.171274)
14.1685737,121.2097065,3,,,,POINT (121.2097065 14.1685737)
14.1675774,121.2024407,1,,,,POINT (121.2024407 14.1675774)
14.170906,121.2052757,3,,,,POINT (121.2052757 14.170906)
14.1712432,121.2010526,1,,,,POINT (121.2010526 14.1712432)
14.1705164,121.2027565,3,,,,POINT (121.2027565 14.1705164)
14.1707575,121.2035242,1,,,,POINT (121.2035242 14.1707575)
14.1678251,121.2021404,3,,,,POINT (121.2021404 14.1678251)
14.1794076,121.2329877,3,,,,POINT (121.2329877 14.1794076)
14.1501667,121.2523445,3,,,,POINT (121.2523445 14.1501667)
14.1501734,121.2506693,3,,,,POINT (121.2506693 14.1501734)
14.14908,121.2506209,3,,,,POINT (121.2506209 14.14908)
14.1500971,121.2509005,3,,,,POINT (121.2509005 14.1500971)
14.1481036,121.2507483,3,,,,POINT (121.2507483 14.1481036)
14.1486528,121.2512017,3,,,,POINT (121.2512017 14.1486528)
14.1491843,121.2514283,3,,,,POINT (121.2514283 14.1491843)
14.1503348,121.2525244,3,,,,POINT (121.2525244 14.1503348)
14.1491759,121.2529873,3,,,,POINT (121.2529873 14.1491759)
14.1491198,121.2517052,3,,,,POINT (121.2517052 14.1491198)
14.1500056,121.251118,3,,,,POINT (121.251118 14.1500056)
14.1499358,121.2504141,3,,,,POINT (121.2504141 14.1499358)
14.1481977,121.250478,4,,,,POINT (121.250478 14.1481977)
14.1494224,121.2527759,4,,,,POINT (121.2527759 14.1494224)
14.1509623,121.2514384,3,,,,POINT (121.2514384 14.1509623)
14.1483494,121.2502443,3,,,,POINT (121.2502443 14.1483494)
14.1496612,121.2525322,4,,,,POINT (121.2525322 14.1496612)
14.1496561,121.2501636,3,,,,POINT (121.2501636 14.1496561)
14.1496894,121.2518724,3,,,,POINT (121.2518724 14.1496894)
14.1500104,121.2528749,3,,,,POINT (121.2528749 14.1500104)
14.1504808,121.2515861,3,,,,POINT (121.2515861 14.1504808)
14.1489864,121.2508782,3,,,,POINT (121.2508782 14.1489864)
14.1512083,121.2517369,3,,,,POINT (121.2517369 14.1512083)
14.1501743,121.2527043,3,,,,POINT (121.2527043 14.1501743)
14.1506369,121.2514234,3,,,,POINT (121.2514234 14.1506369)
14.1490527,121.2501958,1,,,,POINT (121.2501958 14.1490527)
14.1490393,121.2519228,3,,,,POINT (121.2519228 14.1490393)
14.1507855,121.2512606,3,,,,POINT (121.2512606 14.1507855)
14.1494286,121.2516344,3,,,,POINT (121.2516344 14.1494286)
14.1511354,121.2516174,4,,,,POINT (121.2516174 14.1511354)
14.1498218,121.2523428,4,,,,POINT (121.2523428 14.1498218)
14.1499714,121.2521567,4,,,,POINT (121.2521567 14.1499714)
14.1773781,121.2357362,3,,,,POINT (121.2357362 14.1773781)
14.1755041,121.2366611,3,,,,POINT (121.2366611 14.1755041)
14.1842993,121.2299263,3,,,,POINT (121.2299263 14.1842993)
14.1764245,121.2349341,1,,,,POINT (121.2349341 14.1764245)
14.1769186,121.2347825,1,,,,POINT (121.2347825 14.1769186)
14.1779145,121.235474,3,,,,POINT (121.235474 14.1779145)
14.1775765,121.2347772,1,,,,POINT (121.2347772 14.1775765)
14.1769614,121.2360359,3,,,,POINT (121.2360359 14.1769614)
14.1752685,121.2368007,1,,,,POINT (121.2368007 14.1752685)
14.1852739,121.2292867,1,,,,POINT (121.2292867 14.1852739)
14.160791,121.2413616,3,,,,POINT (121.2413616 14.160791)
14.1615314,121.2423326,3,,,,POINT (121.2423326 14.1615314)
14.1624792,121.2414386,3,,,,POINT (121.2414386 14.1624792)
14.1625227,121.2413911,3,,,,POINT (121.2413911 14.1625227)
14.1634844,121.2406458,4,,,,POINT (121.2406458 14.1634844)
14.1635778,121.2406886,4,,,,POINT (121.2406886 14.1635778)
14.1637123,121.2402706,3,,,,POINT (121.2402706 14.1637123)
14.1637811,121.2401491,3,,,,POINT (121.2401491 14.1637811)
14.1637831,121.2402458,3,,,,POINT (121.2402458 14.1637831)
14.1638302,121.2402917,3,,,,POINT (121.2402917 14.1638302)
14.1638355,121.2403016,3,,,,POINT (121.2403016 14.1638355)
14.163862,121.2408187,3,,,,POINT (121.2408187 14.163862)
14.1651039,121.2419702,3,,,,POINT (121.2419702 14.1651039)
14.1761156,121.2152078,3,,,,POINT (121.2152078 14.1761156)
14.1751933,121.2368776,1,,,,POINT (121.2368776 14.1751933)
14.1756531,121.2648065,1,,,,POINT (121.2648065 14.1756531)
14.151791,121.2489515,1,,,,POINT (121.2489515 14.151791)
14.1518367,121.2486781,3,,,,POINT (121.2486781 14.1518367)
14.1520068,121.2489744,1,,,,POINT (121.2489744 14.1520068)
14.1522197,121.2489976,1,,,,POINT (121.2489976 14.1522197)
14.1569285,121.2496106,1,,,,POINT (121.2496106 14.1569285)
14.1582356,121.2486713,1,,,,POINT (121.2486713 14.1582356)
14.1585466,121.248948,1,,,,POINT (121.248948 14.1585466)
14.1592044,121.2483697,3,,,,POINT (121.2483697 14.1592044)
14.1594463,121.2487071,1,,,,POINT (121.2487071 14.1594463)
14.1601361,121.2378736,4,,,,POINT (121.2378736 14.1601361)
14.1628277,121.239136,1,,,,POINT (121.239136 14.1628277)
14.1666226,121.2384134,3,,,,POINT (121.2384134 14.1666226)
14.1507814,121.248133,1,,,,POINT (121.248133 14.1507814)
14.1508797,121.248371,1,,,,POINT (121.248371 14.1508797)
14.1509438,121.2479929,1,,,,POINT (121.2479929 14.1509438)
14.1509389,121.2483233,3,,,,POINT (121.2483233 14.1509389)
14.1509977,121.2485467,1,,,,POINT (121.2485467 14.1509977)
14.1511131,121.2481828,4,,,,POINT (121.2481828 14.1511131)
14.1511359,121.2487252,1,,,,POINT (121.2487252 14.1511359)
14.1511757,121.2484008,3,,,,POINT (121.2484008 14.1511757)
14.1512474,121.248342,3,,,,POINT (121.248342 14.1512474)
14.1512591,121.2481876,3,,,,POINT (121.2481876 14.1512591)
14.1512835,121.2483849,3,,,,POINT (121.2483849 14.1512835)
14.1513211,121.2479324,1,,,,POINT (121.2479324 14.1513211)
14.1513533,121.2489037,1,,,,POINT (121.2489037 14.1513533)
14.151532,121.2479669,1,,,,POINT (121.2479669 14.151532)
14.1516956,121.2482144,3,,,,POINT (121.2482144 14.1516956)
14.1517319,121.2480181,1,,,,POINT (121.2480181 14.1517319)
14.1519078,121.2482536,3,,,,POINT (121.2482536 14.1519078)
14.1519506,121.248061,1,,,,POINT (121.248061 14.1519506)
14.152122,121.2482954,3,,,,POINT (121.2482954 14.152122)
14.1521602,121.2481108,1,,,,POINT (121.2481108 14.1521602)
14.1523152,121.2483323,3,,,,POINT (121.2483323 14.1523152)
14.1523824,121.2487235,1,,,,POINT (121.2487235 14.1523824)
14.1781961,121.2437614,3,,,,POINT (121.2437614 14.1781961)
14.1780632,121.2438765,3,,,,POINT (121.2438765 14.1780632)
14.1774732,121.2439753,1,,,,POINT (121.2439753 14.1774732)
14.1772519,121.2484326,3,,,,POINT (121.2484326 14.1772519)
14.1645416,121.2419128,3,,,,POINT (121.2419128 14.1645416)
14.164714,121.2423303,3,,,,POINT (121.2423303 14.164714)
14.166509,121.2439018,3,,,,POINT (121.2439018 14.166509)
14.1680516,121.2447925,1,,,,POINT (121.2447925 14.1680516)
14.1680529,121.2447262,3,,,,POINT (121.2447262 14.1680529)
14.1788875,121.2397893,3,,,,POINT (121.2397893 14.1788875)
14.1645102,121.2411259,3,,,,POINT (121.2411259 14.1645102)
14.1645286,121.2411658,3,,,,POINT (121.2411658 14.1645286)
14.1646841,121.2410593,3,,,,POINT (121.2410593 14.1646841)
14.1646717,121.2418908,4,,,,POINT (121.2418908 14.1646717)
14.1646963,121.2410864,3,,,,POINT (121.2410864 14.1646963)
14.164707,121.2411083,3,,,,POINT (121.2411083 14.164707)
14.1647502,121.2410315,3,,,,POINT (121.2410315 14.1647502)
14.1647617,121.2410559,3,,,,POINT (121.2410559 14.1647617)
14.1647714,121.2410765,3,,,,POINT (121.2410765 14.1647714)
14.1647853,121.2411059,3,,,,POINT (121.2411059 14.1647853)
14.1649311,121.2409781,3,,,,POINT (121.2409781 14.1649311)
14.1675792,121.2414118,4,,,,POINT (121.2414118 14.1675792)
14.1675966,121.2415263,3,,,,POINT (121.2415263 14.1675966)
14.1673869,121.2437328,3,,,,POINT (121.2437328 14.1673869)
14.1673985,121.2437625,1,,,,POINT (121.2437625 14.1673985)
14.1675848,121.2437233,3,,,,POINT (121.2437233 14.1675848)
14.160733,121.2402852,3,,,,POINT (121.2402852 14.160733)
14.1636318,121.2431592,4,,,,POINT (121.2431592 14.1636318)
14.1636921,121.2429651,4,,,,POINT (121.2429651 14.1636921)
14.1637085,121.2429073,3,,,,POINT (121.2429073 14.1637085)
14.1637578,121.2430953,4,,,,POINT (121.2430953 14.1637578)
14.1652757,121.241284,3,,,,POINT (121.241284 14.1652757)
14.1652834,121.2410141,4,,,,POINT (121.2410141 14.1652834)
14.1652846,121.2411124,4,,,,POINT (121.2411124 14.1652846)
14.1652955,121.2408937,4,,,,POINT (121.2408937 14.1652955)
14.1653518,121.2408555,3,,,,POINT (121.2408555 14.1653518)
14.1654101,121.2408704,4,,,,POINT (121.2408704 14.1654101)
14.1606963,121.2400801,3,,,,POINT (121.2400801 14.1606963)
14.1607402,121.240256,3,,,,POINT (121.240256 14.1607402)
14.1617361,121.2408529,4,crossing,,,POINT (121.2408529 14.1617361)
14.1632662,121.2410375,3,,,,POINT (121.2410375 14.1632662)
14.1773173,121.2423974,1,,,,POINT (121.2423974 14.1773173)
14.1582041,121.2582393,3,,,,POINT (121.2582393 14.1582041)
14.1589406,121.2553116,1,,,,POINT (121.2553116 14.1589406)
14.1610184,121.2622082,3,,,,POINT (121.2622082 14.1610184)
14.163017,121.2618951,3,,,,POINT (121.2618951 14.163017)
14.1631543,121.2619916,3,,,,POINT (121.2619916 14.1631543)
14.1633075,121.2617458,1,,,,POINT (121.2617458 14.1633075)
14.1641891,121.2593672,3,,,,POINT (121.2593672 14.1641891)
14.1645813,121.2599274,3,,,,POINT (121.2599274 14.1645813)
14.1655333,121.2594382,3,,,,POINT (121.2594382 14.1655333)
14.1655382,121.2641072,3,,,,POINT (121.2641072 14.1655382)
14.1657874,121.2640917,3,,,,POINT (121.2640917 14.1657874)
14.167108,121.2415305,3,,,,POINT (121.2415305 14.167108)
14.1671585,121.2414459,3,,,,POINT (121.2414459 14.1671585)
14.1672149,121.2415969,3,,,,POINT (121.2415969 14.1672149)
14.1672664,121.2415106,3,,,,POINT (121.2415106 14.1672664)
14.1677017,121.2415719,4,crossing,,,POINT (121.2415719 14.1677017)
14.1790224,121.2387055,3,,,,POINT (121.2387055 14.1790224)
14.1792376,121.2386988,1,,,,POINT (121.2386988 14.1792376)
14.1798118,121.2395311,3,,,,POINT (121.2395311 14.1798118)
14.1800859,121.2394765,3,,,,POINT (121.2394765 14.1800859)
14.1670286,121.2499406,3,,,,POINT (121.2499406 14.1670286)
14.1694337,121.2525453,1,,,,POINT (121.2525453 14.1694337)
14.1756601,121.2639719,1,,,,POINT (121.2639719 14.1756601)
14.1471733,121.2499663,1,,,,POINT (121.2499663 14.1471733)
14.1500987,121.2496209,1,,,,POINT (121.2496209 14.1500987)
14.1510285,121.2491443,1,,,,POINT (121.2491443 14.1510285)
14.1517708,121.251245,3,,,,POINT (121.251245 14.1517708)
14.1519495,121.249813,1,,,,POINT (121.249813 14.1519495)
14.1522169,121.2493103,1,,,,POINT (121.2493103 14.1522169)
14.175834,121.2366108,1,,,,POINT (121.2366108 14.175834)
14.1789185,121.2216994,1,,,,POINT (121.2216994 14.1789185)
14.1815854,121.251935,4,,,,POINT (121.251935 14.1815854)
14.1727275,121.2436139,3,,,,POINT (121.2436139 14.1727275)
14.1683125,121.2422701,1,,,,POINT (121.2422701 14.1683125)
14.169136,121.243515,1,,,,POINT (121.243515 14.169136)
14.1695769,121.243281,3,,,,POINT (121.243281 14.1695769)
14.1663849,121.2407084,3,,,,POINT (121.2407084 14.1663849)
14.1668261,121.2399815,3,,,,POINT (121.2399815 14.1668261)
14.1669359,121.2401203,3,,,,POINT (121.2401203 14.1669359)
14.166946,121.2399912,3,,,,POINT (121.2399912 14.166946)
14.1757695,121.2423187,1,,,,POINT (121.2423187 14.1757695)
14.1759564,121.2428711,3,,,,POINT (121.2428711 14.1759564)
14.1576123,121.2448103,3,,,,POINT (121.2448103 14.1576123)
14.1580115,121.2445823,3,,,,POINT (121.2445823 14.1580115)
14.1584545,121.2443294,3,,,,POINT (121.2443294 14.1584545)
14.158707,121.2441853,3,,,,POINT (121.2441853 14.158707)
14.1595501,121.2437041,3,,,,POINT (121.2437041 14.1595501)
14.1601048,121.2442862,3,,,,POINT (121.2442862 14.1601048)
14.1605596,121.2451966,3,,,,POINT (121.2451966 14.1605596)
14.1607198,121.2455666,3,,,,POINT (121.2455666 14.1607198)
14.1611054,121.2463183,3,,,,POINT (121.2463183 14.1611054)
14.1611767,121.2448045,4,,,,POINT (121.2448045 14.1611767)
14.1615021,121.2446066,3,,,,POINT (121.2446066 14.1615021)
14.1622954,121.2486102,4,,,,POINT (121.2486102 14.1622954)
14.1624446,121.2439761,3,,,,POINT (121.2439761 14.1624446)
14.162768,121.2437686,4,,,,POINT (121.2437686 14.162768)
14.1630365,121.2436085,3,,,,POINT (121.2436085 14.1630365)
14.1636302,121.2502207,3,,,,POINT (121.2502207 14.1636302)
14.1672037,121.2412104,4,,,,POINT (121.2412104 14.1672037)
14.153983,121.2507462,3,,,,POINT (121.2507462 14.153983)
14.1555126,121.2510174,3,,,,POINT (121.2510174 14.1555126)
14.1555689,121.2510563,3,,,,POINT (121.2510563 14.1555689)
14.1598911,121.2547856,3,,,,POINT (121.2547856 14.1598911)
14.160133,121.2546264,3,,,,POINT (121.2546264 14.160133)
14.1623147,121.2559049,3,,,,POINT (121.2559049 14.1623147)
14.162868,121.2563782,3,,,,POINT (121.2563782 14.162868)
14.1638615,121.2568584,3,,,,POINT (121.2568584 14.1638615)
14.1674521,121.2542336,3,,,,POINT (121.2542336 14.1674521)
14.1694853,121.2527107,3,,,,POINT (121.2527107 14.1694853)
14.169964,121.2568781,4,,,,POINT (121.2568781 14.169964)
14.172051,121.2590822,4,,,,POINT (121.2590822 14.172051)
14.1725456,121.2540514,4,,,,POINT (121.2540514 14.1725456)
14.1745673,121.2539447,3,,,,POINT (121.2539447 14.1745673)
14.1749446,121.2620809,3,,,,POINT (121.2620809 14.1749446)
14.1638166,121.2401303,3,,,,POINT (121.2401303 14.1638166)
14.1638882,121.2402842,3,,,,POINT (121.2402842 14.1638882)
14.1671479,121.2410836,3,,,,POINT (121.2410836 14.1671479)
14.1672953,121.2410131,1,,,,POINT (121.2410131 14.1672953)
14.1717697,121.2115136,1,,,,POINT (121.2115136 14.1717697)
14.1798054,121.2562641,3,,,,POINT (121.2562641 14.1798054)
14.179883,121.256503,3,,,,POINT (121.256503 14.179883)
14.1865425,121.2063863,1,,,,POINT (121.2063863 14.1865425)
14.1728066,121.2114596,3,,,,POINT (121.2114596 14.1728066)
14.15161,121.2333616,1,,,,POINT (121.2333616 14.15161)
14.1520949,121.2346493,3,,,,POINT (121.2346493 14.1520949)
14.1542967,121.2356263,4,,,,POINT (121.2356263 14.1542967)
14.1545627,121.2358153,3,,,,POINT (121.2358153 14.1545627)
14.1549454,121.2362492,3,,,,POINT (121.2362492 14.1549454)
14.1549678,121.2362092,4,,,,POINT (121.2362092 14.1549678)
14.1555656,121.2366024,3,,,,POINT (121.2366024 14.1555656)
14.1555889,121.2365639,4,crossing,,,POINT (121.2365639 14.1555889)
14.1556027,121.2365409,3,,,,POINT (121.2365409 14.1556027)
14.155619,121.2366375,4,,,,POINT (121.2366375 14.155619)
14.1556257,121.237163,1,,,,POINT (121.237163 14.1556257)
14.1556537,121.2365754,3,,,,POINT (121.2365754 14.1556537)
14.1567981,121.2361589,3,,,,POINT (121.2361589 14.1567981)
14.1763609,121.2524062,1,,,,POINT (121.2524062 14.1763609)
14.1766291,121.2519823,1,,,,POINT (121.2519823 14.1766291)
14.1768053,121.2523821,3,,,,POINT (121.2523821 14.1768053)
14.1768267,121.2519753,3,,,,POINT (121.2519753 14.1768267)
14.1663224,121.2432318,1,,,,POINT (121.2432318 14.1663224)
14.1663786,121.2431262,1,,,,POINT (121.2431262 14.1663786)
14.169431,121.2428784,3,,,,POINT (121.2428784 14.169431)
14.17192,121.2403505,1,,,,POINT (121.2403505 14.17192)
14.1719591,121.2406227,3,,,,POINT (121.2406227 14.1719591)
14.1689417,121.2430158,1,,,,POINT (121.2430158 14.1689417)
14.1753213,121.2552889,1,,,,POINT (121.2552889 14.1753213)
14.1762486,121.2602883,3,,,,POINT (121.2602883 14.1762486)
14.176268,121.2601332,3,,,,POINT (121.2601332 14.176268)
14.1787304,121.253235,1,,,,POINT (121.253235 14.1787304)
14.1810085,121.2517974,3,,,,POINT (121.2517974 14.1810085)
14.1771804,121.2488726,3,,,,POINT (121.2488726 14.1771804)
14.1780553,121.2486393,1,,,,POINT (121.2486393 14.1780553)
14.1781654,121.2483518,1,,,,POINT (121.2483518 14.1781654)
14.1816158,121.2242329,3,,,,POINT (121.2242329 14.1816158)
14.1817199,121.2240937,1,,,,POINT (121.2240937 14.1817199)
14.1592658,121.2159972,1,,,,POINT (121.2159972 14.1592658)
14.1595558,121.2239135,3,,,,POINT (121.2239135 14.1595558)
14.1620975,121.2184064,1,,,,POINT (121.2184064 14.1620975)
14.1625303,121.2161827,3,,,,POINT (121.2161827 14.1625303)
14.1627423,121.2162418,3,,,,POINT (121.2162418 14.1627423)
14.1627359,121.216425,3,,,,POINT (121.216425 14.1627359)
14.1726556,121.2154675,1,,,,POINT (121.2154675 14.1726556)
14.1726902,121.2149078,3,,,,POINT (121.2149078 14.1726902)
14.176964,121.2458361,1,,,,POINT (121.2458361 14.176964)
14.1777594,121.2455058,3,,,,POINT (121.2455058 14.1777594)
14.1795923,121.2419428,3,,,,POINT (121.2419428 14.1795923)
14.173849,121.2474787,3,,,,POINT (121.2474787 14.173849)
14.1741943,121.2482732,1,,,,POINT (121.2482732 14.1741943)
14.1754195,121.2484433,1,,,,POINT (121.2484433 14.1754195)
14.1602184,121.2442316,1,,,,POINT (121.2442316 14.1602184)
14.160955,121.244406,3,,,,POINT (121.244406 14.160955)
14.1610496,121.2443616,1,,,,POINT (121.2443616 14.1610496)
14.1640487,121.2428151,1,,,,POINT (121.2428151 14.1640487)
14.1660574,121.2415542,3,,,,POINT (121.2415542 14.1660574)
14.1660708,121.241547,1,,,,POINT (121.241547 14.1660708)
14.1747904,121.2467895,3,,,,POINT (121.2467895 14.1747904)
14.1752699,121.2465906,1,,,,POINT (121.2465906 14.1752699)
14.1765453,121.2484485,1,,,,POINT (121.2484485 14.1765453)
14.176541,121.2517169,1,,,,POINT (121.2517169 14.176541)
14.1768427,121.2508577,3,,,,POINT (121.2508577 14.1768427)
14.1768227,121.2516192,3,,,,POINT (121.2516192 14.1768227)
14.1771076,121.2509965,1,,,,POINT (121.2509965 14.1771076)
14.1774483,121.2505735,1,,,,POINT (121.2505735 14.1774483)
14.1577019,121.243285,1,,,,POINT (121.243285 14.1577019)
14.1577415,121.2432651,3,,,,POINT (121.2432651 14.1577415)
14.1611588,121.2407278,1,,,,POINT (121.2407278 14.1611588)
14.1611887,121.2407842,3,,,,POINT (121.2407842 14.1611887)
14.1736945,121.2444556,1,,,,POINT (121.2444556 14.1736945)
14.1609322,121.2345975,1,turning_circle,,,POINT (121.2345975 14.1609322)
14.1655017,121.2342325,1,,,,POINT (121.2342325 14.1655017)
14.1548219,121.2345159,3,,,,POINT (121.2345159 14.1548219)
14.1551309,121.2347477,3,,,,POINT (121.2347477 14.1551309)
14.1622068,121.2220041,3,,,,POINT (121.2220041 14.1622068)
14.1732472,121.2118556,3,,,,POINT (121.2118556 14.1732472)
14.1735964,121.2118319,1,,,,POINT (121.2118319 14.1735964)
14.1738281,121.222512,3,,,,POINT (121.222512 14.1738281)
14.176454,121.2229399,1,,,,POINT (121.2229399 14.176454)
14.1649892,121.2421841,1,,,,POINT (121.2421841 14.1649892)
14.1744887,121.2475341,1,,,,POINT (121.2475341 14.1744887)
14.17837,121.2451075,1,,,,POINT (121.2451075 14.17837)
14.1694225,121.2455346,3,,,,POINT (121.2455346 14.1694225)
14.1695694,121.2460006,1,,,,POINT (121.2460006 14.1695694)
14.1646055,121.2440265,1,,,,POINT (121.2440265 14.1646055)
14.1646276,121.2440772,3,,,,POINT (121.2440772 14.1646276)
14.1771603,121.2220219,1,,,,POINT (121.2220219 14.1771603)
14.1774085,121.2219303,3,,,,POINT (121.2219303 14.1774085)
14.1788439,121.2221874,3,,,,POINT (121.2221874 14.1788439)
14.1791297,121.2220175,3,,,,POINT (121.2220175 14.1791297)
14.1822182,121.2233178,1,,,,POINT (121.2233178 14.1822182)
14.1821308,121.2241,3,,,,POINT (121.2241 14.1821308)
14.182442,121.2239846,1,,,,POINT (121.2239846 14.182442)
14.1779395,121.231057,1,,,,POINT (121.231057 14.1779395)
14.1792195,121.2307797,3,,,,POINT (121.2307797 14.1792195)
14.1792649,121.232853,4,,,,POINT (121.232853 14.1792649)
14.1566184,121.2427417,1,,,,POINT (121.2427417 14.1566184)
14.1601905,121.2411252,1,,,,POINT (121.2411252 14.1601905)
14.1622631,121.2404613,1,,,,POINT (121.2404613 14.1622631)
14.1633149,121.2411467,3,,,,POINT (121.2411467 14.1633149)
14.1633279,121.2411562,1,,,,POINT (121.2411562 14.1633279)
14.1650425,121.240541,1,,,,POINT (121.240541 14.1650425)
14.1522072,121.2343599,1,,,,POINT (121.2343599 14.1522072)
14.1636594,121.2437514,3,,,,POINT (121.2437514 14.1636594)
14.1604004,121.2471945,3,,,,POINT (121.2471945 14.1604004)
14.1604593,121.2473146,3,,,,POINT (121.2473146 14.1604593)
14.1604952,121.2471424,1,,,,POINT (121.2471424 14.1604952)
14.1613275,121.2468716,3,,,,POINT (121.2468716 14.1613275)
14.1622698,121.2495445,1,,,,POINT (121.2495445 14.1622698)
14.1638642,121.2436384,3,,,,POINT (121.2436384 14.1638642)
14.1650518,121.243883,1,,,,POINT (121.243883 14.1650518)
14.1691899,121.241775,3,,,,POINT (121.241775 14.1691899)
14.1692067,121.2415342,1,,,,POINT (121.2415342 14.1692067)
14.1599193,121.245395,1,,,,POINT (121.245395 14.1599193)
14.1600767,121.2456223,3,,,,POINT (121.2456223 14.1600767)
14.1586541,121.2428964,1,,,,POINT (121.2428964 14.1586541)
14.1587746,121.2429118,1,,,,POINT (121.2429118 14.1587746)
14.1591471,121.2424426,1,,,,POINT (121.2424426 14.1591471)
14.1683571,121.243878,4,crossing,,,POINT (121.243878 14.1683571)
14.1595247,121.2459328,1,,,,POINT (121.2459328 14.1595247)
14.1610832,121.2466618,1,,,,POINT (121.2466618 14.1610832)
14.1611937,121.2466035,4,,,,POINT (121.2466035 14.1611937)
14.1615284,121.2475708,3,,,,POINT (121.2475708 14.1615284)
14.1616496,121.2477779,3,,,,POINT (121.2477779 14.1616496)
14.1619327,121.2488532,1,,,,POINT (121.2488532 14.1619327)
14.1620047,121.2489906,3,,,,POINT (121.2489906 14.1620047)
14.1621534,121.2486883,3,,,,POINT (121.2486883 14.1621534)
14.1622393,121.248859,4,,,,POINT (121.248859 14.1622393)
14.1623384,121.2488014,4,,,,POINT (121.2488014 14.1623384)
14.1623627,121.2491041,3,,,,POINT (121.2491041 14.1623627)
14.1633252,121.2395854,1,,,,POINT (121.2395854 14.1633252)
14.1634751,121.2393853,1,,,,POINT (121.2393853 14.1634751)
14.1636577,121.239384,1,,,,POINT (121.239384 14.1636577)
14.1638891,121.2394981,1,,,,POINT (121.2394981 14.1638891)
14.162243,121.248639,4,,,,POINT (121.248639 14.162243)
14.1761895,121.2428078,3,,,,POINT (121.2428078 14.1761895)
14.1762743,121.2430242,1,,,,POINT (121.2430242 14.1762743)
14.1641282,121.2436546,3,,,,POINT (121.2436546 14.1641282)
14.1484108,121.2587174,1,,,,POINT (121.2587174 14.1484108)
14.1484177,121.2580291,1,,,,POINT (121.2580291 14.1484177)
14.1484201,121.258221,4,,,,POINT (121.258221 14.1484201)
14.1537038,121.2535833,1,,,,POINT (121.2535833 14.1537038)
14.1562238,121.2563433,1,,,,POINT (121.2563433 14.1562238)
14.1715064,121.249162,3,,,,POINT (121.249162 14.1715064)
14.1712294,121.2486313,1,,,,POINT (121.2486313 14.1712294)
14.1713531,121.2488683,4,,,,POINT (121.2488683 14.1713531)
14.1716777,121.2494902,3,,,,POINT (121.2494902 14.1716777)
14.1708554,121.2486027,3,,,,POINT (121.2486027 14.1708554)
14.1710625,121.2484844,1,,,,POINT (121.2484844 14.1710625)
14.1751832,121.2515717,1,,,,POINT (121.2515717 14.1751832)
14.176971,121.2463179,1,,,,POINT (121.2463179 14.176971)
14.17766,121.2461038,3,,,,POINT (121.2461038 14.17766)
14.1783329,121.2474526,1,,,,POINT (121.2474526 14.1783329)
14.1793094,121.2494316,1,,,,POINT (121.2494316 14.1793094)
14.1801642,121.2485434,3,,,,POINT (121.2485434 14.1801642)
14.1804425,121.2422686,1,,,,POINT (121.2422686 14.1804425)
14.1810073,121.2440007,1,,,,POINT (121.2440007 14.1810073)
14.1813043,121.2447032,3,,,,POINT (121.2447032 14.1813043)
14.1813887,121.2449267,1,,,,POINT (121.2449267 14.1813887)
14.1817048,121.2446434,3,,,,POINT (121.2446434 14.1817048)
14.1684054,121.2469102,1,,,,POINT (121.2469102 14.1684054)
14.1861372,121.229437,1,,,,POINT (121.229437 14.1861372)
14.1632228,121.2364882,3,,,,POINT (121.2364882 14.1632228)
14.1587665,121.2442926,4,,,,POINT (121.2442926 14.1587665)
14.1588021,121.2443555,1,,,,POINT (121.2443555 14.1588021)
14.1590348,121.2441629,3,,,,POINT (121.2441629 14.1590348)
14.1694849,121.2446474,3,,,,POINT (121.2446474 14.1694849)
14.1696796,121.2445747,3,,,,POINT (121.2445747 14.1696796)
14.1688193,121.2587588,3,,,,POINT (121.2587588 14.1688193)
14.1688607,121.258722,3,,,,POINT (121.258722 14.1688607)
14.1693399,121.2593134,3,,,,POINT (121.2593134 14.1693399)
14.1697686,121.2585507,3,,,,POINT (121.2585507 14.1697686)
14.1701282,121.2589427,3,,,,POINT (121.2589427 14.1701282)
14.1703888,121.2607826,3,,,,POINT (121.2607826 14.1703888)
14.1702948,121.2587753,4,,,,POINT (121.2587753 14.1702948)
14.1705246,121.2579342,3,,,,POINT (121.2579342 14.1705246)
14.170461,121.2593012,1,,,,POINT (121.2593012 14.170461)
14.1712375,121.2582083,3,,,,POINT (121.2582083 14.1712375)
14.1713172,121.2581178,3,,,,POINT (121.2581178 14.1713172)
14.1714984,121.2584756,3,,,,POINT (121.2584756 14.1714984)
14.1715898,121.2578428,1,,,,POINT (121.2578428 14.1715898)
14.1601843,121.237633,1,,,,POINT (121.237633 14.1601843)
14.1630063,121.2402479,3,,,,POINT (121.2402479 14.1630063)
14.1634384,121.2399846,3,,,,POINT (121.2399846 14.1634384)
14.1634886,121.2400362,3,,,,POINT (121.2400362 14.1634886)
14.1707474,121.2397592,1,,,,POINT (121.2397592 14.1707474)
14.1702464,121.2438754,3,,,,POINT (121.2438754 14.1702464)
14.1702896,121.2439673,3,,,,POINT (121.2439673 14.1702896)
14.1705994,121.244625,1,,,,POINT (121.244625 14.1705994)
14.1732885,121.2435524,1,,,,POINT (121.2435524 14.1732885)
14.1733327,121.2292451,3,,,,POINT (121.2292451 14.1733327)
14.1736769,121.2299562,3,,,,POINT (121.2299562 14.1736769)
14.1744134,121.2294448,3,,,,POINT (121.2294448 14.1744134)
14.176877,121.229381,1,,,,POINT (121.229381 14.176877)
14.1805033,121.2315664,1,,,,POINT (121.2315664 14.1805033)
14.1677887,121.235006,1,,,,POINT (121.235006 14.1677887)
14.168059,121.2355464,3,,,,POINT (121.2355464 14.168059)
14.1761893,121.2433254,1,,,,POINT (121.2433254 14.1761893)
14.1652196,121.2466467,1,,,,POINT (121.2466467 14.1652196)
14.1657172,121.2475373,1,,,,POINT (121.2475373 14.1657172)
14.1701578,121.243199,3,,,,POINT (121.243199 14.1701578)
14.1703677,121.2434023,1,,,,POINT (121.2434023 14.1703677)
14.1831668,121.2355354,3,,,,POINT (121.2355354 14.1831668)
14.1787196,121.2332264,3,,,,POINT (121.2332264 14.1787196)
14.1789203,121.2334364,3,,,,POINT (121.2334364 14.1789203)
14.1790431,121.2336224,3,,,,POINT (121.2336224 14.1790431)
14.1794829,121.2330135,3,,,,POINT (121.2330135 14.1794829)
14.1691791,121.2361679,1,,,,POINT (121.2361679 14.1691791)
14.1693927,121.2378233,3,,,,POINT (121.2378233 14.1693927)
14.1694985,121.2374886,1,,,,POINT (121.2374886 14.1694985)
14.1648696,121.2327644,1,,,,POINT (121.2327644 14.1648696)
14.1638451,121.2330641,3,,,,POINT (121.2330641 14.1638451)
14.1773525,121.2424896,4,crossing,,,POINT (121.2424896 14.1773525)
14.1780582,121.2427829,1,,,,POINT (121.2427829 14.1780582)
14.1835677,121.2429924,1,,,,POINT (121.2429924 14.1835677)
14.1836985,121.2432825,3,,,,POINT (121.2432825 14.1836985)
14.1746784,121.24302,1,,,,POINT (121.24302 14.1746784)
14.1747247,121.2431681,3,,,,POINT (121.2431681 14.1747247)
14.1648562,121.2396537,1,,,,POINT (121.2396537 14.1648562)
14.1655127,121.2391995,3,,,,POINT (121.2391995 14.1655127)
14.1655138,121.2391913,1,,,,POINT (121.2391913 14.1655138)
14.1597374,121.2446617,3,,,,POINT (121.2446617 14.1597374)
14.1597532,121.2446899,1,,,,POINT (121.2446899 14.1597532)
14.1570237,121.2400225,1,,,,POINT (121.2400225 14.1570237)
14.1519161,121.2592624,1,,,,POINT (121.2592624 14.1519161)
14.1519685,121.2587818,3,,,,POINT (121.2587818 14.1519685)
14.1528012,121.2596952,1,,,,POINT (121.2596952 14.1528012)
14.1535969,121.2607775,4,,,,POINT (121.2607775 14.1535969)
14.1591883,121.2578154,3,,,,POINT (121.2578154 14.1591883)
14.1562601,121.241229,1,,,,POINT (121.241229 14.1562601)
14.1593736,121.22762,1,,,,POINT (121.22762 14.1593736)
14.1613389,121.2260038,3,,,,POINT (121.2260038 14.1613389)
14.163144,121.2279052,3,,,,POINT (121.2279052 14.163144)
14.164327,121.2333004,1,,,,POINT (121.2333004 14.164327)
14.1668195,121.2307611,1,,,,POINT (121.2307611 14.1668195)
14.1603407,121.2284065,1,,,,POINT (121.2284065 14.1603407)
14.1607102,121.2305705,1,,,,POINT (121.2305705 14.1607102)
14.1617868,121.2335974,1,,,,POINT (121.2335974 14.1617868)
14.1636535,121.2343001,3,,,,POINT (121.2343001 14.1636535)
14.1640276,121.2345576,1,,,,POINT (121.2345576 14.1640276)
14.1642752,121.2344656,3,,,,POINT (121.2344656 14.1642752)
14.164314,121.234306,1,,,,POINT (121.234306 14.164314)
14.1598668,121.2321868,1,,,,POINT (121.2321868 14.1598668)
14.1600276,121.2328769,1,,,,POINT (121.2328769 14.1600276)
14.1757356,121.2616019,3,,,,POINT (121.2616019 14.1757356)
14.175763,121.2612694,3,,,,POINT (121.2612694 14.175763)
14.1758201,121.261615,3,,,,POINT (121.261615 14.1758201)
14.1758441,121.2612645,3,,,,POINT (121.2612645 14.1758441)
14.1760135,121.2612241,1,,,,POINT (121.2612241 14.1760135)
14.1760913,121.2616416,3,,,,POINT (121.2616416 14.1760913)
14.1748782,121.2153442,1,,,,POINT (121.2153442 14.1748782)
14.1765905,121.2565944,4,,,,POINT (121.2565944 14.1765905)
14.1740513,121.2574886,1,,,,POINT (121.2574886 14.1740513)
14.1710578,121.2096877,3,,,,POINT (121.2096877 14.1710578)
14.1711948,121.2096134,3,,,,POINT (121.2096134 14.1711948)
14.1713616,121.2097378,3,,,,POINT (121.2097378 14.1713616)
14.1741073,121.2101526,3,,,,POINT (121.2101526 14.1741073)
14.1740441,121.2099758,3,,,,POINT (121.2099758 14.1740441)
14.1744055,121.2126971,4,,,,POINT (121.2126971 14.1744055)
14.1749895,121.2100605,1,,,,POINT (121.2100605 14.1749895)
14.1750825,121.2124492,3,,,,POINT (121.2124492 14.1750825)
14.1752538,121.2131283,3,,,,POINT (121.2131283 14.1752538)
14.1757189,121.2133388,1,,,,POINT (121.2133388 14.1757189)
14.170876,121.2563166,1,,,,POINT (121.2563166 14.170876)
14.1707128,121.2564872,3,,,,POINT (121.2564872 14.1707128)
14.1660128,121.2366017,3,,,,POINT (121.2366017 14.1660128)
14.1661593,121.2369772,1,,,,POINT (121.2369772 14.1661593)
14.1665027,121.2368169,1,,,,POINT (121.2368169 14.1665027)
14.1667117,121.2361852,3,,,,POINT (121.2361852 14.1667117)
14.1766071,121.2456142,1,,,,POINT (121.2456142 14.1766071)
14.1777189,121.2441704,1,,,,POINT (121.2441704 14.1777189)
14.1780089,121.2441789,3,,,,POINT (121.2441789 14.1780089)
14.1493719,121.2528304,3,,,,POINT (121.2528304 14.1493719)
14.1520562,121.2421735,1,,,,POINT (121.2421735 14.1520562)
14.1520776,121.2472868,1,,,,POINT (121.2472868 14.1520776)
14.1522629,121.2433163,3,,,,POINT (121.2433163 14.1522629)
14.1524503,121.2476005,1,,,,POINT (121.2476005 14.1524503)
14.156438,121.2518155,3,,,,POINT (121.2518155 14.156438)
14.1568648,121.2514501,1,,,,POINT (121.2514501 14.1568648)
14.1571918,121.2526255,3,,,,POINT (121.2526255 14.1571918)
14.1572956,121.2527508,3,,,,POINT (121.2527508 14.1572956)
14.157366,121.2524684,1,,,,POINT (121.2524684 14.157366)
14.1576325,121.2524312,1,,,,POINT (121.2524312 14.1576325)
14.1577416,121.2532216,3,,,,POINT (121.2532216 14.1577416)
14.1605423,121.2557897,1,,,,POINT (121.2557897 14.1605423)
14.1612709,121.2577682,1,,,,POINT (121.2577682 14.1612709)
14.1613936,121.2567832,1,turning_circle,,,POINT (121.2567832 14.1613936)
14.1614854,121.2570416,3,,,,POINT (121.2570416 14.1614854)
14.1615263,121.2565866,1,,,,POINT (121.2565866 14.1615263)
14.1615489,121.2572903,1,,,,POINT (121.2572903 14.1615489)
14.1616481,121.2569922,3,,,,POINT (121.2569922 14.1616481)
14.1639508,121.2549452,3,,,,POINT (121.2549452 14.1639508)
14.1665028,121.2548205,3,,,,POINT (121.2548205 14.1665028)
14.1535259,121.2554624,1,,,,POINT (121.2554624 14.1535259)
14.1732056,121.2122781,3,,,,POINT (121.2122781 14.1732056)
14.1710475,121.2155956,3,,,,POINT (121.2155956 14.1710475)
14.1708893,121.2155388,3,,,,POINT (121.2155388 14.1708893)
14.171758,121.2167167,1,,,,POINT (121.2167167 14.171758)
14.1715797,121.2165803,3,,,,POINT (121.2165803 14.1715797)
14.1719562,121.2161246,3,,,,POINT (121.2161246 14.1719562)
14.1714206,121.2157606,3,,,,POINT (121.2157606 14.1714206)
14.1710288,121.2151381,1,,,,POINT (121.2151381 14.1710288)
14.157876,121.21981,3,,,,POINT (121.21981 14.157876)
14.1580951,121.2199486,1,,,,POINT (121.2199486 14.1580951)
14.1753595,121.2255373,4,,,,POINT (121.2255373 14.1753595)
14.1696638,121.2549663,3,,,,POINT (121.2549663 14.1696638)
14.1636464,121.23833,3,,,,POINT (121.23833 14.1636464)
14.1636202,121.239418,3,,,,POINT (121.239418 14.1636202)
14.164111,121.2388323,3,,,,POINT (121.2388323 14.164111)
14.1734348,121.2157444,3,,,,POINT (121.2157444 14.1734348)
14.1722466,121.2445489,3,,,,POINT (121.2445489 14.1722466)
14.1945488,121.2349564,3,,,,POINT (121.2349564 14.1945488)
14.1653048,121.2423377,1,,,,POINT (121.2423377 14.1653048)
14.1805246,121.2247919,3,,,,POINT (121.2247919 14.1805246)
14.1679926,121.2542085,1,,,,POINT (121.2542085 14.1679926)
14.170054,121.2567816,3,,,,POINT (121.2567816 14.170054)
14.1707436,121.2575212,3,,,,POINT (121.2575212 14.1707436)
14.1709612,121.2576899,3,,,,POINT (121.2576899 14.1709612)
14.1717666,121.2587683,3,,,,POINT (121.2587683 14.1717666)
14.1720924,121.2584225,1,,,,POINT (121.2584225 14.1720924)
14.1740966,121.2173051,3,,,,POINT (121.2173051 14.1740966)
14.1779432,121.2381559,1,,,,POINT (121.2381559 14.1779432)
14.1779653,121.2380583,3,,,,POINT (121.2380583 14.1779653)
14.1780383,121.2377639,3,,,,POINT (121.2377639 14.1780383)
14.1880615,121.2400831,3,,,,POINT (121.2400831 14.1880615)
14.1890155,121.2416228,3,,,,POINT (121.2416228 14.1890155)
14.1604126,121.244376,1,,,,POINT (121.244376 14.1604126)
14.1604393,121.2444288,3,,,,POINT (121.2444288 14.1604393)
14.1606658,121.2440946,1,,,,POINT (121.2440946 14.1606658)
14.1685851,121.255421,4,,,,POINT (121.255421 14.1685851)
14.168649,121.255488,4,,,,POINT (121.255488 14.168649)
14.165037,121.2445835,4,crossing,,,POINT (121.2445835 14.165037)
14.1663059,121.2425075,3,,,,POINT (121.2425075 14.1663059)
14.1756794,121.2427334,1,,,,POINT (121.2427334 14.1756794)
14.1757372,121.2429193,3,,,,POINT (121.2429193 14.1757372)
14.1644941,121.2429328,1,,,,POINT (121.2429328 14.1644941)
14.164204,121.2428113,3,,,,POINT (121.2428113 14.164204)
14.1640448,121.2427605,3,,,,POINT (121.2427605 14.1640448)
14.1641407,121.2424335,3,,,,POINT (121.2424335 14.1641407)
14.1641771,121.2425219,1,,,,POINT (121.2425219 14.1641771)
14.1642667,121.2429731,3,,,,POINT (121.2429731 14.1642667)
14.164156,121.2430824,1,,,,POINT (121.2430824 14.164156)
14.1641637,121.2430789,3,,,,POINT (121.2430789 14.1641637)
14.164405,121.2433,1,,,,POINT (121.2433 14.164405)
14.1817092,121.223312,3,,,,POINT (121.223312 14.1817092)
14.1819297,121.2232181,1,,,,POINT (121.2232181 14.1819297)
14.181248,121.2234411,3,,,,POINT (121.2234411 14.181248)
14.1597577,121.2454462,1,,,,POINT (121.2454462 14.1597577)
14.1599563,121.2453743,3,,,,POINT (121.2453743 14.1599563)
14.1506885,121.2348598,1,,,,POINT (121.2348598 14.1506885)
14.1646581,121.2418576,3,,,,POINT (121.2418576 14.1646581)
14.1648323,121.2417969,4,,,,POINT (121.2417969 14.1648323)
14.1727598,121.2452505,3,,,,POINT (121.2452505 14.1727598)
14.1570647,121.2479113,1,,,,POINT (121.2479113 14.1570647)
14.1716197,121.206747,3,,,,POINT (121.206747 14.1716197)
14.1716829,121.2066052,3,,,,POINT (121.2066052 14.1716829)
14.1717166,121.2067589,3,,,,POINT (121.2067589 14.1717166)
14.1617754,121.2491066,3,,,,POINT (121.2491066 14.1617754)
14.1630527,121.2507543,1,,,,POINT (121.2507543 14.1630527)
14.1633849,121.2515471,1,,,,POINT (121.2515471 14.1633849)
14.1640218,121.2567312,3,,,,POINT (121.2567312 14.1640218)
14.1706451,121.2492416,1,,,,POINT (121.2492416 14.1706451)
14.170769,121.2491676,3,,,,POINT (121.2491676 14.170769)
14.1710757,121.2490065,3,,,,POINT (121.2490065 14.1710757)
14.183716,121.2426925,1,,,,POINT (121.2426925 14.183716)
14.1896979,121.2441856,3,,,,POINT (121.2441856 14.1896979)
14.1902145,121.2456845,1,,,,POINT (121.2456845 14.1902145)
14.1908334,121.2446785,3,,,,POINT (121.2446785 14.1908334)
14.1700607,121.2583124,3,,,,POINT (121.2583124 14.1700607)
14.1702669,121.2590992,3,,,,POINT (121.2590992 14.1702669)
14.1699455,121.2591409,3,,,,POINT (121.2591409 14.1699455)
14.1697599,121.2597664,4,,,,POINT (121.2597664 14.1697599)
14.169818,121.2595069,1,,,,POINT (121.2595069 14.169818)
14.1691132,121.259072,3,,,,POINT (121.259072 14.1691132)
14.1691689,121.2590158,1,,,,POINT (121.2590158 14.1691689)
14.1688691,121.2585549,1,,,,POINT (121.2585549 14.1688691)
14.1785654,121.2415488,3,,,,POINT (121.2415488 14.1785654)
14.1799138,121.2257035,3,,,,POINT (121.2257035 14.1799138)
14.1800012,121.2259816,1,,,,POINT (121.2259816 14.1800012)
14.1513495,121.2344718,3,,,,POINT (121.2344718 14.1513495)
14.1516467,121.2343751,1,,,,POINT (121.2343751 14.1516467)
14.1555172,121.2362624,3,,,,POINT (121.2362624 14.1555172)
14.1682653,121.2418126,1,,,,POINT (121.2418126 14.1682653)
14.1684675,121.2417559,3,,,,POINT (121.2417559 14.1684675)
14.1600421,121.2382922,1,,,,POINT (121.2382922 14.1600421)
14.1824167,121.2447716,3,,,,POINT (121.2447716 14.1824167)
14.1834743,121.2436796,1,,,,POINT (121.2436796 14.1834743)
14.1838148,121.2435395,3,,,,POINT (121.2435395 14.1838148)
14.1838912,121.2437084,1,,,,POINT (121.2437084 14.1838912)
14.1848862,121.243441,3,,,,POINT (121.243441 14.1848862)
14.1855668,121.2425475,1,,,,POINT (121.2425475 14.1855668)
14.1858012,121.2432649,1,,,,POINT (121.2432649 14.1858012)
14.1860121,121.2437248,3,,,,POINT (121.2437248 14.1860121)
14.1865239,121.2424376,1,,,,POINT (121.2424376 14.1865239)
14.1885687,121.2527886,3,,,,POINT (121.2527886 14.1885687)
14.1774639,121.2578694,1,,,,POINT (121.2578694 14.1774639)
14.1779578,121.2516496,1,,,,POINT (121.2516496 14.1779578)
14.1704539,121.2437686,3,,,,POINT (121.2437686 14.1704539)
14.1789835,121.239063,3,crossing,,,POINT (121.239063 14.1789835)
14.1793536,121.2259336,1,,,,POINT (121.2259336 14.1793536)
14.1757557,121.2401084,1,,,,POINT (121.2401084 14.1757557)
14.1705711,121.2606027,3,,,,POINT (121.2606027 14.1705711)
14.1782402,121.22152,1,,,,POINT (121.22152 14.1782402)
14.1426601,121.2543793,1,,,,POINT (121.2543793 14.1426601)
14.1428862,121.2536441,4,,,,POINT (121.2536441 14.1428862)
14.1429491,121.2543121,1,,,,POINT (121.2543121 14.1429491)
14.1431669,121.2537881,4,,,,POINT (121.2537881 14.1431669)
14.1432745,121.2523929,1,,,,POINT (121.2523929 14.1432745)
14.1435586,121.2522825,1,,,,POINT (121.2522825 14.1435586)
14.1748105,121.2246661,3,,,,POINT (121.2246661 14.1748105)
14.1685389,121.240339,1,,,,POINT (121.240339 14.1685389)
14.1685994,121.2393525,3,,,,POINT (121.2393525 14.1685994)
14.1689337,121.2393317,1,,,,POINT (121.2393317 14.1689337)
14.1690695,121.2395795,1,,,,POINT (121.2395795 14.1690695)
14.1527883,121.2363015,1,,,,POINT (121.2363015 14.1527883)
14.152961,121.2369108,3,,,,POINT (121.2369108 14.152961)
14.1534544,121.2386846,1,,,,POINT (121.2386846 14.1534544)
14.1810078,121.2309315,3,,,,POINT (121.2309315 14.1810078)
14.1803875,121.2309911,3,,,,POINT (121.2309911 14.1803875)
14.1800635,121.2311111,3,,,,POINT (121.2311111 14.1800635)
14.179935,121.2311385,3,,,,POINT (121.2311385 14.179935)
14.1800008,121.231192,3,,,,POINT (121.231192 14.1800008)
14.1788607,121.2314639,3,,,,POINT (121.2314639 14.1788607)
14.17948,121.2316369,3,,,,POINT (121.2316369 14.17948)
14.1808385,121.2309393,3,,,,POINT (121.2309393 14.1808385)
14.1804659,121.2312878,3,,,,POINT (121.2312878 14.1804659)
14.1800389,121.2314399,3,,,,POINT (121.2314399 14.1800389)
14.1795836,121.2312428,3,,,,POINT (121.2312428 14.1795836)
14.1796875,121.2315728,3,,,,POINT (121.2315728 14.1796875)
14.1791187,121.2313719,3,,,,POINT (121.2313719 14.1791187)
14.179225,121.2317347,3,,,,POINT (121.2317347 14.179225)
14.1814042,121.2309569,3,,,,POINT (121.2309569 14.1814042)
14.1814056,121.2308809,3,,,,POINT (121.2308809 14.1814056)
14.1789698,121.2314132,3,,,,POINT (121.2314132 14.1789698)
14.1808853,121.2311048,3,,,,POINT (121.2311048 14.1808853)
14.1804569,121.2312532,4,,,,POINT (121.2312532 14.1804569)
14.1800294,121.231406,3,,,,POINT (121.231406 14.1800294)
14.1796762,121.2315368,3,,,,POINT (121.2315368 14.1796762)
14.1800097,121.2313356,3,,,,POINT (121.2313356 14.1800097)
14.1796538,121.2314656,3,,,,POINT (121.2314656 14.1796538)
14.168964,121.2228353,1,,,,POINT (121.2228353 14.168964)
14.1698381,121.223781,3,,,,POINT (121.223781 14.1698381)
14.1703985,121.2233318,3,,,,POINT (121.2233318 14.1703985)
14.1704385,121.2237329,3,,,,POINT (121.2237329 14.1704385)
14.1712613,121.2240063,1,,,,POINT (121.2240063 14.1712613)
14.1716673,121.22356,3,,,,POINT (121.22356 14.1716673)
14.1723672,121.2221043,3,,,,POINT (121.2221043 14.1723672)
14.1726258,121.2231005,3,,,,POINT (121.2231005 14.1726258)
14.1736988,121.2221999,1,,,,POINT (121.2221999 14.1736988)
14.1755602,121.2219761,3,,,,POINT (121.2219761 14.1755602)
14.175793,121.2223261,1,,,,POINT (121.2223261 14.175793)
14.1642372,121.2549566,1,,,,POINT (121.2549566 14.1642372)
14.1585212,121.2429827,1,,,,POINT (121.2429827 14.1585212)
14.1588506,121.2434237,1,,,,POINT (121.2434237 14.1588506)
14.1591857,121.2427837,4,,,,POINT (121.2427837 14.1591857)
14.1592243,121.2427826,3,,,,POINT (121.2427826 14.1592243)
14.1592769,121.2428999,3,,,,POINT (121.2428999 14.1592769)
14.1593801,121.2429615,3,,,,POINT (121.2429615 14.1593801)
14.1593913,121.2431084,3,,,,POINT (121.2431084 14.1593913)
14.1594394,121.2430866,3,,,,POINT (121.2430866 14.1594394)
14.1594618,121.2432043,3,,,,POINT (121.2432043 14.1594618)
14.1594936,121.2431679,3,,,,POINT (121.2431679 14.1594936)
14.1595467,121.2432185,3,,,,POINT (121.2432185 14.1595467)
14.1597431,121.2432256,3,,,,POINT (121.2432256 14.1597431)
14.1597468,121.2431795,3,,,,POINT (121.2431795 14.1597468)
14.1599319,121.2432863,3,,,,POINT (121.2432863 14.1599319)
14.1599445,121.2432685,3,,,,POINT (121.2432685 14.1599445)
14.1814447,121.2329741,1,,,,POINT (121.2329741 14.1814447)
14.161835,121.23082,3,,,,POINT (121.23082 14.161835)
14.1619104,121.2305984,1,,,,POINT (121.2305984 14.1619104)
14.1620236,121.230872,1,,,,POINT (121.230872 14.1620236)
14.1635011,121.2339377,1,,,,POINT (121.2339377 14.1635011)
14.1629074,121.2415519,1,,,,POINT (121.2415519 14.1629074)
14.1630002,121.241421,3,,,,POINT (121.241421 14.1630002)
14.1677065,121.2544601,3,,,,POINT (121.2544601 14.1677065)
14.1784629,121.2402492,1,,,,POINT (121.2402492 14.1784629)
14.1694129,121.2327834,3,,,,POINT (121.2327834 14.1694129)
14.1704271,121.2326135,3,,,,POINT (121.2326135 14.1704271)
14.1758403,121.2624288,3,,,,POINT (121.2624288 14.1758403)
14.1758686,121.2617214,3,,,,POINT (121.2617214 14.1758686)
14.1760789,121.2617385,3,,,,POINT (121.2617385 14.1760789)
14.1755643,121.2618596,1,,,,POINT (121.2618596 14.1755643)
14.1741414,121.2628003,3,,,,POINT (121.2628003 14.1741414)
14.166589,121.235683,1,,,,POINT (121.235683 14.166589)
14.1669631,121.2366149,1,,,,POINT (121.2366149 14.1669631)
14.167548,121.2352201,1,,,,POINT (121.2352201 14.167548)
14.1677271,121.2356919,3,,,,POINT (121.2356919 14.1677271)
14.1724968,121.2449641,1,,,,POINT (121.2449641 14.1724968)
14.1724388,121.2457892,1,,,,POINT (121.2457892 14.1724388)
14.1725549,121.246022,1,,,,POINT (121.246022 14.1725549)
14.180471,121.2567329,1,,,,POINT (121.2567329 14.180471)
14.1679546,121.2439918,1,,,,POINT (121.2439918 14.1679546)
14.1682299,121.243854,3,,,,POINT (121.243854 14.1682299)
14.167631,121.2435252,3,,,,POINT (121.2435252 14.167631)
14.1672532,121.2434029,3,,,,POINT (121.2434029 14.1672532)
14.1677303,121.2415362,4,,,,POINT (121.2415362 14.1677303)
14.1677499,121.2418129,3,,,,POINT (121.2418129 14.1677499)
14.1674285,121.2431505,3,,,,POINT (121.2431505 14.1674285)
14.1658822,121.2431139,4,crossing,,,POINT (121.2431139 14.1658822)
14.1658408,121.2432096,3,,,,POINT (121.2432096 14.1658408)
14.1610089,121.2461307,3,,,,POINT (121.2461307 14.1610089)
14.1609395,121.2458195,4,,,,POINT (121.2458195 14.1609395)
14.1607698,121.2454059,3,,,,POINT (121.2454059 14.1607698)
14.1612898,121.245542,4,,,,POINT (121.245542 14.1612898)
14.1611878,121.2456005,3,,,,POINT (121.2456005 14.1611878)
14.16116,121.2455453,3,,,,POINT (121.2455453 14.16116)
14.1611308,121.2457167,3,,,,POINT (121.2457167 14.1611308)
14.161477,121.2446219,3,,,,POINT (121.2446219 14.161477)
14.1610398,121.2459476,3,,,,POINT (121.2459476 14.1610398)
14.1610566,121.2459384,4,,,,POINT (121.2459384 14.1610566)
14.1664343,121.2421806,3,,,,POINT (121.2421806 14.1664343)
14.1662947,121.2424168,3,,,,POINT (121.2424168 14.1662947)
14.1660076,121.2414109,1,,,,POINT (121.2414109 14.1660076)
14.1666828,121.2412771,4,,,,POINT (121.2412771 14.1666828)
14.1661823,121.2425251,3,,,,POINT (121.2425251 14.1661823)
14.166258,121.242391,4,,,,POINT (121.242391 14.166258)
14.1663937,121.2421547,4,,,,POINT (121.2421547 14.1663937)
14.1664124,121.2421218,4,,,,POINT (121.2421218 14.1664124)
14.1665845,121.2417798,4,,,,POINT (121.2417798 14.1665845)
14.1666236,121.2412798,4,,,,POINT (121.2412798 14.1666236)
14.1662858,121.2410808,4,,,,POINT (121.2410808 14.1662858)
14.165455,121.2418936,3,,,,POINT (121.2418936 14.165455)
14.1657351,121.2417456,3,,,,POINT (121.2417456 14.1657351)
14.1658798,121.2420407,3,,,,POINT (121.2420407 14.1658798)
14.1657603,121.2417969,3,,,,POINT (121.2417969 14.1657603)
14.1658489,121.2417495,1,,,,POINT (121.2417495 14.1658489)
14.1657122,121.2416988,3,,,,POINT (121.2416988 14.1657122)
14.1658003,121.2416528,1,,,,POINT (121.2416528 14.1658003)
14.1656978,121.2416694,3,,,,POINT (121.2416694 14.1656978)
14.1658435,121.2414939,3,,,,POINT (121.2414939 14.1658435)
14.1655765,121.2418287,3,,,,POINT (121.2418287 14.1655765)
14.165598,121.2418173,3,,,,POINT (121.2418173 14.165598)
14.1656176,121.2418068,3,,,,POINT (121.2418068 14.1656176)
14.1615611,121.2475541,4,,,,POINT (121.2475541 14.1615611)
14.1606975,121.2478141,3,,,,POINT (121.2478141 14.1606975)
14.1602976,121.2480129,1,,,,POINT (121.2480129 14.1602976)
14.1603629,121.247113,3,,,,POINT (121.247113 14.1603629)
14.1606293,121.2476777,3,,,,POINT (121.2476777 14.1606293)
14.1604103,121.247957,3,,,,POINT (121.247957 14.1604103)
14.160337,121.2478469,1,,,,POINT (121.2478469 14.160337)
14.1603574,121.2478367,3,,,,POINT (121.2478367 14.1603574)
14.1654494,121.2134235,1,,,,POINT (121.2134235 14.1654494)
14.1716507,121.203259,3,,,,POINT (121.203259 14.1716507)
14.1748862,121.2055334,4,,,,POINT (121.2055334 14.1748862)
14.1729536,121.2035372,4,,,,POINT (121.2035372 14.1729536)
14.1748015,121.2033319,3,,,,POINT (121.2033319 14.1748015)
14.1745245,121.2031321,3,,,,POINT (121.2031321 14.1745245)
14.1790415,121.2414488,4,,,,POINT (121.2414488 14.1790415)
14.1731504,121.2025786,3,,,,POINT (121.2025786 14.1731504)
14.1727109,121.204668,3,,,,POINT (121.204668 14.1727109)
14.1735904,121.2039232,4,,,,POINT (121.2039232 14.1735904)
14.1742414,121.2047237,4,,,,POINT (121.2047237 14.1742414)
14.1812499,121.2042499,1,,,,POINT (121.2042499 14.1812499)
14.179404,121.2042278,3,,,,POINT (121.2042278 14.179404)
14.1799275,121.2048689,1,,,,POINT (121.2048689 14.1799275)
14.1748368,121.2515505,1,,,,POINT (121.2515505 14.1748368)
14.1745573,121.2506481,3,,,,POINT (121.2506481 14.1745573)
14.1538073,121.2167342,3,,,,POINT (121.2167342 14.1538073)
14.1528213,121.2159299,1,,,,POINT (121.2159299 14.1528213)
14.1748025,121.2412586,3,,,,POINT (121.2412586 14.1748025)
14.1750799,121.2421456,3,,,,POINT (121.2421456 14.1750799)
14.174644,121.2573938,1,,,,POINT (121.2573938 14.174644)
14.1745528,121.257306,4,,,,POINT (121.257306 14.1745528)
14.175719,121.2490685,1,,,,POINT (121.2490685 14.175719)
14.1758653,121.2494356,3,,,,POINT (121.2494356 14.1758653)
14.1746213,121.2500381,3,,,,POINT (121.2500381 14.1746213)
14.1764083,121.2267046,1,,,,POINT (121.2267046 14.1764083)
14.186407,121.2340259,1,,,,POINT (121.2340259 14.186407)
14.1860349,121.2333387,4,,,,POINT (121.2333387 14.1860349)
14.1862942,121.2338263,3,,,,POINT (121.2338263 14.1862942)
14.18614,121.2339165,1,,,,POINT (121.2339165 14.18614)
14.1509156,121.2442183,1,,,,POINT (121.2442183 14.1509156)
14.1526903,121.2437654,3,,,,POINT (121.2437654 14.1526903)
14.1509439,121.2408206,1,,,,POINT (121.2408206 14.1509439)
14.151188,121.2417723,3,,,,POINT (121.2417723 14.151188)
14.1503534,121.2402749,1,,,,POINT (121.2402749 14.1503534)
14.1575511,121.2590247,3,,,,POINT (121.2590247 14.1575511)
14.1579422,121.2616808,3,,,,POINT (121.2616808 14.1579422)
14.1597054,121.2630398,3,,,,POINT (121.2630398 14.1597054)
14.1688001,121.2552203,3,,,,POINT (121.2552203 14.1688001)
14.1688532,121.2552812,3,,,,POINT (121.2552812 14.1688532)
14.1697388,121.2580355,3,,,,POINT (121.2580355 14.1697388)
14.1695152,121.2577574,1,,,,POINT (121.2577574 14.1695152)
14.1699867,121.2584763,3,,,,POINT (121.2584763 14.1699867)
14.1680373,121.2433816,1,,,,POINT (121.2433816 14.1680373)
14.1599465,121.2414912,3,,,,POINT (121.2414912 14.1599465)
14.159877,121.2414333,1,,,,POINT (121.2414333 14.159877)
14.1598687,121.241378,1,,,,POINT (121.241378 14.1598687)
14.1599059,121.2413574,3,,,,POINT (121.2413574 14.1599059)
14.1600088,121.2416843,3,,,,POINT (121.2416843 14.1600088)
14.1606299,121.2400868,1,,,,POINT (121.2400868 14.1606299)
14.1607702,121.2400191,1,,,,POINT (121.2400191 14.1607702)
14.1608285,121.2401803,1,,,,POINT (121.2401803 14.1608285)
14.1606586,121.2403093,1,,,,POINT (121.2403093 14.1606586)
14.1622381,121.2392124,1,,,,POINT (121.2392124 14.1622381)
14.1623494,121.2389981,4,,,,POINT (121.2389981 14.1623494)
14.1623747,121.2388874,3,,,,POINT (121.2388874 14.1623747)
14.1601137,121.2379732,4,,,,POINT (121.2379732 14.1601137)
14.1625023,121.2389193,4,,,,POINT (121.2389193 14.1625023)
14.1619117,121.2392016,1,,,,POINT (121.2392016 14.1619117)
14.1613667,121.245848,3,,,,POINT (121.245848 14.1613667)
14.1612564,121.2459062,3,,,,POINT (121.2459062 14.1612564)
14.1610736,121.2459745,3,,,,POINT (121.2459745 14.1610736)
14.1618863,121.242722,1,,,,POINT (121.242722 14.1618863)
14.1618915,121.2421856,4,crossing,,,POINT (121.2421856 14.1618915)
14.1605862,121.2412721,3,,,,POINT (121.2412721 14.1605862)
14.1626055,121.2489243,4,,,,POINT (121.2489243 14.1626055)
14.1623822,121.2485495,4,,,,POINT (121.2485495 14.1623822)
14.1613967,121.2465995,4,,,,POINT (121.2465995 14.1613967)
14.1626802,121.2488603,3,,,,POINT (121.2488603 14.1626802)
14.1624631,121.2484821,4,,,,POINT (121.2484821 14.1624631)
14.1614679,121.2465712,3,,,,POINT (121.2465712 14.1614679)
14.1609495,121.2414009,3,,,,POINT (121.2414009 14.1609495)
14.1614782,121.2395336,3,,,,POINT (121.2395336 14.1614782)
14.161468,121.2395814,3,,,,POINT (121.2395814 14.161468)
14.1615241,121.2397467,4,,,,POINT (121.2397467 14.1615241)
14.1619528,121.2407518,4,crossing,,,POINT (121.2407518 14.1619528)
14.1615703,121.2398904,3,,,,POINT (121.2398904 14.1615703)
14.1625078,121.240824,3,,,,POINT (121.240824 14.1625078)
14.163561,121.2399983,3,,,,POINT (121.2399983 14.163561)
14.1635068,121.240654,4,crossing,,,POINT (121.240654 14.1635068)
14.1634933,121.2406615,3,,,,POINT (121.2406615 14.1634933)
14.1633824,121.2401454,3,,,,POINT (121.2401454 14.1633824)
14.1636291,121.2409769,1,,,,POINT (121.2409769 14.1636291)
14.1598371,121.2435866,3,,,,POINT (121.2435866 14.1598371)
14.1618282,121.2408815,3,,,,POINT (121.2408815 14.1618282)
14.1598337,121.2434328,1,,,,POINT (121.2434328 14.1598337)
14.1593556,121.242998,3,,,,POINT (121.242998 14.1593556)
14.1593404,121.2432315,3,,,,POINT (121.2432315 14.1593404)
14.1594026,121.2431975,3,,,,POINT (121.2431975 14.1594026)
14.1593795,121.2431616,3,,,,POINT (121.2431616 14.1593795)
14.1593209,121.2431898,3,,,,POINT (121.2431898 14.1593209)
14.1591392,121.2428008,4,,,,POINT (121.2428008 14.1591392)
14.1595432,121.2436471,4,,,,POINT (121.2436471 14.1595432)
14.1589024,121.2422932,3,,,,POINT (121.2422932 14.1589024)
14.1609435,121.2412,3,,,,POINT (121.2412 14.1609435)
14.1591863,121.2421444,4,,,,POINT (121.2421444 14.1591863)
14.1564195,121.2428628,3,,,,POINT (121.2428628 14.1564195)
14.1576403,121.2424481,1,,,,POINT (121.2424481 14.1576403)
14.1639207,121.2506036,1,,,,POINT (121.2506036 14.1639207)
14.163595,121.2502611,4,,,,POINT (121.2502611 14.163595)
14.1624853,121.2490173,4,,,,POINT (121.2490173 14.1624853)
14.1616035,121.2478013,3,,,,POINT (121.2478013 14.1616035)
14.161493,121.2481515,1,,,,POINT (121.2481515 14.161493)
14.1616126,121.2480885,3,,,,POINT (121.2480885 14.1616126)
14.161409,121.247959,1,,,,POINT (121.247959 14.161409)
14.16152,121.2478981,3,,,,POINT (121.2478981 14.16152)
14.1612895,121.2476076,1,,,,POINT (121.2476076 14.1612895)
14.1614967,121.2475871,3,,,,POINT (121.2475871 14.1614967)
14.1637397,121.2437071,3,,,,POINT (121.2437071 14.1637397)
14.163792,121.2438183,3,,,,POINT (121.2438183 14.163792)
14.1639175,121.2437546,4,,,,POINT (121.2437546 14.1639175)
14.1637706,121.2428601,3,,,,POINT (121.2428601 14.1637706)
14.1676589,121.2415866,3,,,,POINT (121.2415866 14.1676589)
14.1677393,121.2415574,3,,,,POINT (121.2415574 14.1677393)
14.1674757,121.2431796,4,crossing,,,POINT (121.2431796 14.1674757)
14.1667223,121.2435825,1,crossing,,,POINT (121.2435825 14.1667223)
14.1839558,121.2328247,3,,,,POINT (121.2328247 14.1839558)
14.1854566,121.2332448,3,,,,POINT (121.2332448 14.1854566)
14.1851061,121.2334607,1,,,,POINT (121.2334607 14.1851061)
14.1851318,121.2326999,3,,,,POINT (121.2326999 14.1851318)
14.1850921,121.2346118,3,,,,POINT (121.2346118 14.1850921)
14.1848598,121.2341612,1,,,,POINT (121.2341612 14.1848598)
14.1852748,121.2341981,1,,,,POINT (121.2341981 14.1852748)
14.1849637,121.2343628,3,,,,POINT (121.2343628 14.1849637)
14.1837575,121.235248,3,,,,POINT (121.235248 14.1837575)
14.1830444,121.2337034,3,,,,POINT (121.2337034 14.1830444)
14.1880793,121.2331409,3,,,,POINT (121.2331409 14.1880793)
14.1910235,121.2352455,1,,,,POINT (121.2352455 14.1910235)
14.1916539,121.2350096,3,,,,POINT (121.2350096 14.1916539)
14.192094,121.2345895,1,,,,POINT (121.2345895 14.192094)
14.1903476,121.2371146,3,,,,POINT (121.2371146 14.1903476)
14.1905337,121.2377116,3,,,,POINT (121.2377116 14.1905337)
14.1909069,121.2380656,1,,,,POINT (121.2380656 14.1909069)
14.1900371,121.2372396,3,,,,POINT (121.2372396 14.1900371)
14.1897666,121.23651,1,,,,POINT (121.23651 14.1897666)
14.1454398,121.2527347,3,,,,POINT (121.2527347 14.1454398)
14.1866434,121.2330027,3,,,,POINT (121.2330027 14.1866434)
14.1870237,121.2336686,1,,,,POINT (121.2336686 14.1870237)
14.1868526,121.2328872,3,,,,POINT (121.2328872 14.1868526)
14.1868089,121.2332949,3,,,,POINT (121.2332949 14.1868089)
14.1871977,121.2326967,3,,,,POINT (121.2326967 14.1871977)
14.1874085,121.2331044,1,,,,POINT (121.2331044 14.1874085)
14.1861797,121.2332587,3,,,,POINT (121.2332587 14.1861797)
14.1859861,121.2328795,1,,,,POINT (121.2328795 14.1859861)
14.1885109,121.2334616,3,,,,POINT (121.2334616 14.1885109)
14.187519,121.2341092,1,,,,POINT (121.2341092 14.187519)
14.1857644,121.2337611,3,,,,POINT (121.2337611 14.1857644)
14.1855653,121.2338946,1,,,,POINT (121.2338946 14.1855653)
14.1461116,121.2518242,1,,,,POINT (121.2518242 14.1461116)
14.1442029,121.2529332,1,,,,POINT (121.2529332 14.1442029)
14.1446906,121.2525542,1,,,,POINT (121.2525542 14.1446906)
14.1453431,121.2527097,3,,,,POINT (121.2527097 14.1453431)
14.1625307,121.25609,3,,,,POINT (121.25609 14.1625307)
14.1618,121.2563111,1,,,,POINT (121.2563111 14.1618)
14.1549872,121.2400603,1,,,,POINT (121.2400603 14.1549872)
14.1771731,121.2216422,3,,,,POINT (121.2216422 14.1771731)
14.1771692,121.2217914,3,,,,POINT (121.2217914 14.1771692)
14.1770297,121.2218256,3,,,,POINT (121.2218256 14.1770297)
14.1771947,121.2220051,4,,,,POINT (121.2220051 14.1771947)
14.1762259,121.2218407,3,,,,POINT (121.2218407 14.1762259)
14.1767903,121.2143454,3,,,,POINT (121.2143454 14.1767903)
14.1768381,121.2150472,3,,,,POINT (121.2150472 14.1768381)
14.1773357,121.2144816,3,,,,POINT (121.2144816 14.1773357)
14.1774916,121.2148319,3,,,,POINT (121.2148319 14.1774916)
14.1774112,121.2147853,3,,,,POINT (121.2147853 14.1774112)
14.1773548,121.2148377,3,,,,POINT (121.2148377 14.1773548)
14.1711685,121.2092813,3,,,,POINT (121.2092813 14.1711685)
14.1713745,121.2093115,1,,,,POINT (121.2093115 14.1713745)
14.1712129,121.2094897,3,,,,POINT (121.2094897 14.1712129)
14.1808622,121.242152,1,,,,POINT (121.242152 14.1808622)
14.1805563,121.2415584,3,,,,POINT (121.2415584 14.1805563)
14.178972,121.2451624,3,,,,POINT (121.2451624 14.178972)
14.1796139,121.2450542,1,,,,POINT (121.2450542 14.1796139)
14.1788878,121.2453897,3,,,,POINT (121.2453897 14.1788878)
14.1783228,121.2454994,1,,,,POINT (121.2454994 14.1783228)
14.1813793,121.2291084,3,,,,POINT (121.2291084 14.1813793)
14.1813724,121.2289334,3,,,,POINT (121.2289334 14.1813724)
14.165712,121.2357232,3,,,,POINT (121.2357232 14.165712)
14.1651964,121.2346566,1,,,,POINT (121.2346566 14.1651964)
14.1655913,121.2354715,3,,,,POINT (121.2354715 14.1655913)
14.1659141,121.2353057,1,,,,POINT (121.2353057 14.1659141)
14.1809207,121.2320897,1,,,,POINT (121.2320897 14.1809207)
14.1807036,121.231485,3,,,,POINT (121.231485 14.1807036)
14.1812747,121.2496981,1,,,,POINT (121.2496981 14.1812747)
14.1806067,121.2466495,3,,,,POINT (121.2466495 14.1806067)
14.1807182,121.246842,3,,,,POINT (121.246842 14.1807182)
14.1814036,121.2463365,3,,,,POINT (121.2463365 14.1814036)
14.1808218,121.2470121,3,,,,POINT (121.2470121 14.1808218)
14.1813951,121.2466576,3,,,,POINT (121.2466576 14.1813951)
14.1802836,121.2461525,3,,,,POINT (121.2461525 14.1802836)
14.1795688,121.2466351,3,,,,POINT (121.2466351 14.1795688)
14.1791755,121.2376231,3,,,,POINT (121.2376231 14.1791755)
14.179755,121.2373792,3,,,,POINT (121.2373792 14.179755)
14.1801047,121.237383,1,,,,POINT (121.237383 14.1801047)
14.1799586,121.2372905,1,,,,POINT (121.2372905 14.1799586)
14.1675096,121.254203,3,,,,POINT (121.254203 14.1675096)
14.1640631,121.2503773,4,,,,POINT (121.2503773 14.1640631)
14.1639962,121.2504382,4,,,,POINT (121.2504382 14.1639962)
14.1631777,121.2497232,3,,,,POINT (121.2497232 14.1631777)
14.1632566,121.2496553,4,,,,POINT (121.2496553 14.1632566)
14.1612095,121.2465015,3,,,,POINT (121.2465015 14.1612095)
14.1612188,121.2426642,4,,,,POINT (121.2426642 14.1612188)
14.1607475,121.2429807,3,,,,POINT (121.2429807 14.1607475)
14.1606132,121.2430646,4,,,,POINT (121.2430646 14.1606132)
14.1604031,121.2432017,4,,,,POINT (121.2432017 14.1604031)
14.1599094,121.2435749,3,,,,POINT (121.2435749 14.1599094)
14.1598765,121.2437042,3,,,,POINT (121.2437042 14.1598765)
14.1601402,121.2442685,4,,,,POINT (121.2442685 14.1601402)
14.1602581,121.2445355,4,,,,POINT (121.2445355 14.1602581)
14.160509,121.2450415,3,,,,POINT (121.2450415 14.160509)
14.1611618,121.2447814,4,,,,POINT (121.2447814 14.1611618)
14.1614795,121.2445659,4,,,,POINT (121.2445659 14.1614795)
14.1626083,121.2438537,3,,,,POINT (121.2438537 14.1626083)
14.1608731,121.2449696,3,,,,POINT (121.2449696 14.1608731)
14.1603348,121.2446939,3,,,,POINT (121.2446939 14.1603348)
14.165081,121.2514676,4,,,,POINT (121.2514676 14.165081)
14.1650094,121.2515278,4,,,,POINT (121.2515278 14.1650094)
14.1614933,121.2446594,4,,,,POINT (121.2446594 14.1614933)
14.1615799,121.2473428,4,,,,POINT (121.2473428 14.1615799)
14.1616257,121.247319,3,,,,POINT (121.247319 14.1616257)
14.1599938,121.2433591,3,,,,POINT (121.2433591 14.1599938)
14.1600162,121.2433445,3,,,,POINT (121.2433445 14.1600162)
14.1614256,121.242395,3,,,,POINT (121.242395 14.1614256)
14.1609847,121.241269,3,,,,POINT (121.241269 14.1609847)
14.1609743,121.2411277,3,,,,POINT (121.2411277 14.1609743)
14.1609658,121.2411887,3,,,,POINT (121.2411887 14.1609658)
14.1609305,121.2414117,4,,,,POINT (121.2414117 14.1609305)
14.1609082,121.2414256,3,,,,POINT (121.2414256 14.1609082)
14.1608546,121.2431571,3,,,,POINT (121.2431571 14.1608546)
14.1611658,121.2425723,4,,,,POINT (121.2425723 14.1611658)
14.1583175,121.2424235,4,,,,POINT (121.2424235 14.1583175)
14.1580502,121.2422393,4,,,,POINT (121.2422393 14.1580502)
14.1579467,121.2423002,3,,,,POINT (121.2423002 14.1579467)
14.1588839,121.2423032,4,,,,POINT (121.2423032 14.1588839)
14.1601908,121.2416545,4,,,,POINT (121.2416545 14.1601908)
14.1625326,121.2484202,3,,,,POINT (121.2484202 14.1625326)
14.1630217,121.249264,4,,,,POINT (121.249264 14.1630217)
14.1628815,121.2489091,3,,,,POINT (121.2489091 14.1628815)
14.1629517,121.2493241,3,,,,POINT (121.2493241 14.1629517)
14.1620632,121.2485091,1,,,,POINT (121.2485091 14.1620632)
14.1620088,121.2481909,3,,,,POINT (121.2481909 14.1620088)
14.1617178,121.2482406,3,,,,POINT (121.2482406 14.1617178)
14.1620794,121.2485413,3,,,,POINT (121.2485413 14.1620794)
14.1618287,121.2482756,3,,,,POINT (121.2482756 14.1618287)
14.1608951,121.2488501,1,,,,POINT (121.2488501 14.1608951)
14.161693,121.248254,3,,,,POINT (121.248254 14.161693)
14.1615922,121.2492002,3,,,,POINT (121.2492002 14.1615922)
14.1610869,121.2487446,3,,,,POINT (121.2487446 14.1610869)
14.1749096,121.2438136,1,,,,POINT (121.2438136 14.1749096)
14.1725065,121.2423622,3,,,,POINT (121.2423622 14.1725065)
14.1732943,121.24076,3,,,,POINT (121.24076 14.1732943)
14.1736717,121.2390651,1,,,,POINT (121.2390651 14.1736717)
14.1769357,121.242622,3,,,,POINT (121.242622 14.1769357)
14.1782445,121.2403413,1,,,,POINT (121.2403413 14.1782445)
14.1749398,121.2050593,3,,,,POINT (121.2050593 14.1749398)
14.1747139,121.2047589,3,,,,POINT (121.2047589 14.1747139)
14.1743078,121.2042187,3,,,,POINT (121.2042187 14.1743078)
14.1751182,121.2035467,3,,,,POINT (121.2035467 14.1751182)
14.1740998,121.2039421,3,,,,POINT (121.2039421 14.1740998)
14.17356,121.2044119,3,,,,POINT (121.2044119 14.17356)
14.1737556,121.2046636,3,,,,POINT (121.2046636 14.1737556)
14.1731054,121.2061177,3,,,,POINT (121.2061177 14.1731054)
14.1741786,121.2052082,3,,,,POINT (121.2052082 14.1741786)
14.1732527,121.2064495,3,,,,POINT (121.2064495 14.1732527)
14.1743894,121.2054796,3,,,,POINT (121.2054796 14.1743894)
14.1746095,121.2057628,3,,,,POINT (121.2057628 14.1746095)
14.1739723,121.2049427,4,,,,POINT (121.2049427 14.1739723)
14.1733431,121.2041326,3,,,,POINT (121.2041326 14.1733431)
14.1729523,121.2057726,3,,,,POINT (121.2057726 14.1729523)
14.1745157,121.2044953,4,,,,POINT (121.2044953 14.1745157)
14.1754219,121.2037529,3,,,,POINT (121.2037529 14.1754219)
14.1751378,121.2053227,3,,,,POINT (121.2053227 14.1751378)
14.1738929,121.203667,3,,,,POINT (121.203667 14.1738929)
14.1756937,121.2039372,3,,,,POINT (121.2039372 14.1756937)
14.1759641,121.2042215,3,,,,POINT (121.2042215 14.1759641)
14.1728174,121.2054688,3,,,,POINT (121.2054688 14.1728174)
14.1726692,121.2051389,3,,,,POINT (121.2051389 14.1726692)
14.1742492,121.2033653,3,,,,POINT (121.2033653 14.1742492)
14.1743895,121.2514137,1,,,,POINT (121.2514137 14.1743895)
14.1716975,121.2030107,3,,,,POINT (121.2030107 14.1716975)
14.1614884,121.246598,3,,,,POINT (121.246598 14.1614884)
14.1633653,121.2435813,3,,,,POINT (121.2435813 14.1633653)
14.1611373,121.2463027,4,,,,POINT (121.2463027 14.1611373)
14.1625356,121.2455654,3,,,,POINT (121.2455654 14.1625356)
14.1627218,121.2456543,3,,,,POINT (121.2456543 14.1627218)
14.1643841,121.2449541,4,,,,POINT (121.2449541 14.1643841)
14.1752245,121.2447073,1,,,,POINT (121.2447073 14.1752245)
14.1755709,121.2449567,3,,,,POINT (121.2449567 14.1755709)
14.1612125,121.2588136,3,,,,POINT (121.2588136 14.1612125)
14.1835634,121.2353425,3,,,,POINT (121.2353425 14.1835634)
14.1839772,121.2362205,1,,,,POINT (121.2362205 14.1839772)
14.1750474,121.2072029,1,turning_circle,,,POINT (121.2072029 14.1750474)
14.1749513,121.2067915,3,,,,POINT (121.2067915 14.1749513)
14.1792952,121.2372053,4,crossing,,,POINT (121.2372053 14.1792952)
14.1792241,121.2371853,3,,,,POINT (121.2371853 14.1792241)
14.1793454,121.2372302,3,,,,POINT (121.2372302 14.1793454)
14.1792537,121.2373483,3,,,,POINT (121.2373483 14.1792537)
14.1788061,121.2357298,3,,,,POINT (121.2357298 14.1788061)
14.1619572,121.231159,1,,,,POINT (121.231159 14.1619572)
14.1620209,121.2319073,1,,,,POINT (121.2319073 14.1620209)
14.1781705,121.2400894,3,,,,POINT (121.2400894 14.1781705)
14.1783936,121.2401356,1,,,,POINT (121.2401356 14.1783936)
14.1783632,121.2424279,4,crossing,,,POINT (121.2424279 14.1783632)
14.1765344,121.2414445,3,,,,POINT (121.2414445 14.1765344)
14.1786935,121.2409801,3,,,,POINT (121.2409801 14.1786935)
14.1682731,121.2540617,3,,,,POINT (121.2540617 14.1682731)
14.1684751,121.2538997,1,,,,POINT (121.2538997 14.1684751)
14.1788388,121.2401763,3,,,,POINT (121.2401763 14.1788388)
14.1780272,121.2401578,1,,,,POINT (121.2401578 14.1780272)
14.1782427,121.2400542,3,,,,POINT (121.2400542 14.1782427)
14.1782304,121.2399644,1,,,,POINT (121.2399644 14.1782304)
14.1766026,121.241511,1,,,,POINT (121.241511 14.1766026)
14.1776522,121.2404746,1,,,,POINT (121.2404746 14.1776522)
14.1783059,121.2404937,3,,,,POINT (121.2404937 14.1783059)
14.1781132,121.2405672,3,,,,POINT (121.2405672 14.1781132)
14.1780893,121.2405026,1,,,,POINT (121.2405026 14.1780893)
14.1780516,121.2406405,1,,,,POINT (121.2406405 14.1780516)
14.1780782,121.2406296,3,,,,POINT (121.2406296 14.1780782)
14.1781396,121.2407936,1,,,,POINT (121.2407936 14.1781396)
14.1782539,121.2393351,3,,,,POINT (121.2393351 14.1782539)
14.1783485,121.2395837,1,,,,POINT (121.2395837 14.1783485)
14.1865561,121.2318458,3,,,,POINT (121.2318458 14.1865561)
14.1860283,121.2320355,1,,,,POINT (121.2320355 14.1860283)
14.1867092,121.2319875,3,,,,POINT (121.2319875 14.1867092)
14.1866074,121.2321001,1,,,,POINT (121.2321001 14.1866074)
14.1855972,121.2310423,1,,,,POINT (121.2310423 14.1855972)
14.1860116,121.2308424,3,,,,POINT (121.2308424 14.1860116)
14.1857632,121.2309933,1,,,,POINT (121.2309933 14.1857632)
14.1858384,121.2301651,3,,,,POINT (121.2301651 14.1858384)
14.1857118,121.2302123,3,,,,POINT (121.2302123 14.1857118)
14.1858305,121.2301492,3,,,,POINT (121.2301492 14.1858305)
14.1865433,121.2296976,1,,,,POINT (121.2296976 14.1865433)
14.1771508,121.220852,3,,,,POINT (121.220852 14.1771508)
14.177483,121.2207655,1,,,,POINT (121.2207655 14.177483)
14.1772265,121.2211856,3,,,,POINT (121.2211856 14.1772265)
14.177368,121.2211433,1,,,,POINT (121.2211433 14.177368)
14.1739377,121.2423769,1,,,,POINT (121.2423769 14.1739377)
14.1742211,121.2424696,3,,,,POINT (121.2424696 14.1742211)
14.1741814,121.2423587,1,,,,POINT (121.2423587 14.1741814)
14.1638772,121.2471749,3,,,,POINT (121.2471749 14.1638772)
14.1636157,121.2474427,3,,,,POINT (121.2474427 14.1636157)
14.1650113,121.2614798,3,,,,POINT (121.2614798 14.1650113)
14.1644357,121.2607275,3,,,,POINT (121.2607275 14.1644357)
14.1643993,121.2605419,3,,,,POINT (121.2605419 14.1643993)
14.1640661,121.2609961,3,,,,POINT (121.2609961 14.1640661)
14.1645737,121.2609078,3,,,,POINT (121.2609078 14.1645737)
14.1642167,121.2611968,3,,,,POINT (121.2611968 14.1642167)
14.1642426,121.2605116,3,,,,POINT (121.2605116 14.1642426)
14.1639522,121.2608426,3,,,,POINT (121.2608426 14.1639522)
14.1645774,121.2605627,3,,,,POINT (121.2605627 14.1645774)
14.1635544,121.2600279,4,,,,POINT (121.2600279 14.1635544)
14.1634908,121.2601951,3,,,,POINT (121.2601951 14.1634908)
14.1641815,121.2600039,3,,,,POINT (121.2600039 14.1641815)
14.1638807,121.2602915,3,,,,POINT (121.2602915 14.1638807)
14.165119,121.2606619,3,,,,POINT (121.2606619 14.165119)
14.1646511,121.261009,3,,,,POINT (121.261009 14.1646511)
14.1654159,121.2607516,3,,,,POINT (121.2607516 14.1654159)
14.1648307,121.2612437,3,,,,POINT (121.2612437 14.1648307)
14.1652991,121.2608717,3,,,,POINT (121.2608717 14.1652991)
14.1654823,121.2611428,3,,,,POINT (121.2611428 14.1654823)
14.1650399,121.2610776,3,,,,POINT (121.2610776 14.1650399)
14.1652207,121.2613286,3,,,,POINT (121.2613286 14.1652207)
14.1800069,121.2443039,3,,,,POINT (121.2443039 14.1800069)
14.1807919,121.2385251,3,,,,POINT (121.2385251 14.1807919)
14.1807272,121.2382942,1,,,,POINT (121.2382942 14.1807272)
14.1813663,121.2376252,3,,,,POINT (121.2376252 14.1813663)
14.1811884,121.237907,3,,,,POINT (121.237907 14.1811884)
14.1811568,121.2378115,1,,,,POINT (121.2378115 14.1811568)
14.1812229,121.2380326,1,,,,POINT (121.2380326 14.1812229)
14.1836416,121.23998,3,,,,POINT (121.23998 14.1836416)
14.1841297,121.2409035,1,,,,POINT (121.2409035 14.1841297)
14.185459,121.2418097,3,,,,POINT (121.2418097 14.185459)
14.1854118,121.2411502,1,,,,POINT (121.2411502 14.1854118)
14.1861971,121.2414248,3,,,,POINT (121.2414248 14.1861971)
14.185967,121.241011,1,,,,POINT (121.241011 14.185967)
14.1839555,121.2383332,3,,,,POINT (121.2383332 14.1839555)
14.1844311,121.2381219,1,,,,POINT (121.2381219 14.1844311)
14.1842022,121.2365518,1,,,,POINT (121.2365518 14.1842022)
14.1859769,121.2386736,3,,,,POINT (121.2386736 14.1859769)
14.1856735,121.2379708,1,,,,POINT (121.2379708 14.1856735)
14.1825,121.2397661,3,,,,POINT (121.2397661 14.1825)
14.1828195,121.2394442,1,,,,POINT (121.2394442 14.1828195)
14.180159,121.2417375,3,,,,POINT (121.2417375 14.180159)
14.1799567,121.2412946,3,,,,POINT (121.2412946 14.1799567)
14.18016,121.2412141,1,,,,POINT (121.2412141 14.18016)
14.179848,121.2410977,1,,,,POINT (121.2410977 14.179848)
14.1633147,121.2228115,3,,,,POINT (121.2228115 14.1633147)
14.1668211,121.2260287,1,,,,POINT (121.2260287 14.1668211)
14.1940733,121.2437183,3,,,,POINT (121.2437183 14.1940733)
14.1936763,121.2435394,3,,,,POINT (121.2435394 14.1936763)
14.1927676,121.2411558,1,,,,POINT (121.2411558 14.1927676)
14.193434,121.2435524,1,,,,POINT (121.2435524 14.193434)
14.193176,121.2413737,3,,,,POINT (121.2413737 14.193176)
14.193395,121.2407656,1,,,,POINT (121.2407656 14.193395)
14.1933198,121.2412567,3,,,,POINT (121.2412567 14.1933198)
14.1931578,121.2410536,1,,,,POINT (121.2410536 14.1931578)
14.1943453,121.2396705,3,,,,POINT (121.2396705 14.1943453)
14.1933263,121.2403589,1,,,,POINT (121.2403589 14.1933263)
14.1952837,121.2411801,3,,,,POINT (121.2411801 14.1952837)
14.1942445,121.2419706,1,,,,POINT (121.2419706 14.1942445)
14.1968566,121.2403051,1,,,,POINT (121.2403051 14.1968566)
14.1863236,121.2524163,1,,,,POINT (121.2524163 14.1863236)
14.1806066,121.2483828,3,,,,POINT (121.2483828 14.1806066)
14.1813909,121.2479373,3,,,,POINT (121.2479373 14.1813909)
14.1807422,121.2483095,4,,,,POINT (121.2483095 14.1807422)
14.1799785,121.2481293,1,,,,POINT (121.2481293 14.1799785)
14.1801987,121.2462106,3,,,,POINT (121.2462106 14.1801987)
14.1800792,121.2460281,3,,,,POINT (121.2460281 14.1800792)
14.1800755,121.2453438,1,,,,POINT (121.2453438 14.1800755)
14.1802064,121.2476711,3,,,,POINT (121.2476711 14.1802064)
14.1801374,121.2462525,3,,,,POINT (121.2462525 14.1801374)
14.1806666,121.2472113,3,,,,POINT (121.2472113 14.1806666)
14.1801195,121.2475265,3,,,,POINT (121.2475265 14.1801195)
14.1804349,121.2467693,3,,,,POINT (121.2467693 14.1804349)
14.1798861,121.2471532,3,,,,POINT (121.2471532 14.1798861)
14.1798249,121.246666,1,,,,POINT (121.246666 14.1798249)
14.1796757,121.2468128,3,,,,POINT (121.2468128 14.1796757)
14.1879639,121.2587844,1,,,,POINT (121.2587844 14.1879639)
14.1887687,121.2579583,3,,,,POINT (121.2579583 14.1887687)
14.1807906,121.2547919,1,,,,POINT (121.2547919 14.1807906)
14.1815377,121.2546169,3,,,,POINT (121.2546169 14.1815377)
14.1815482,121.2538853,3,,,,POINT (121.2538853 14.1815482)
14.1799728,121.2541447,3,,,,POINT (121.2541447 14.1799728)
14.1864492,121.257918,1,,,,POINT (121.257918 14.1864492)
14.1815318,121.2443407,1,,,,POINT (121.2443407 14.1815318)
14.1811872,121.2436876,1,,,,POINT (121.2436876 14.1811872)
14.1814486,121.2441945,3,,,,POINT (121.2441945 14.1814486)
14.1817162,121.2429083,3,,,,POINT (121.2429083 14.1817162)
14.1819787,121.231094,1,,,,POINT (121.231094 14.1819787)
14.1746811,121.2293272,3,,,,POINT (121.2293272 14.1746811)
14.1779475,121.2235323,3,,,,POINT (121.2235323 14.1779475)
14.1784359,121.2327751,3,,,,POINT (121.2327751 14.1784359)
14.1781889,121.2334885,1,,,,POINT (121.2334885 14.1781889)
14.1785997,121.233176,3,,,,POINT (121.233176 14.1785997)
14.174829,121.2336159,1,,,,POINT (121.2336159 14.174829)
14.1752767,121.2254221,3,,,,POINT (121.2254221 14.1752767)
14.1755767,121.2258323,3,,,,POINT (121.2258323 14.1755767)
14.1752581,121.2255934,3,,,,POINT (121.2255934 14.1752581)
14.175652,121.2259345,3,,,,POINT (121.2259345 14.175652)
14.1729254,121.2559533,1,,,,POINT (121.2559533 14.1729254)
14.1735066,121.2552036,1,,,,POINT (121.2552036 14.1735066)
14.1733918,121.2548897,3,,,,POINT (121.2548897 14.1733918)
14.1732907,121.2549274,1,,,,POINT (121.2549274 14.1732907)
14.173711,121.2547708,3,,,,POINT (121.2547708 14.173711)
14.1737679,121.2549448,1,,,,POINT (121.2549448 14.1737679)
14.1746983,121.2561821,3,,,,POINT (121.2561821 14.1746983)
14.1745681,121.2564875,3,,,,POINT (121.2564875 14.1745681)
14.1792811,121.2531933,1,,,,POINT (121.2531933 14.1792811)
14.1610528,121.2641694,3,,,,POINT (121.2641694 14.1610528)
14.1635333,121.2645068,1,,,,POINT (121.2645068 14.1635333)
14.1631339,121.2621614,3,,,,POINT (121.2621614 14.1631339)
14.1655716,121.2607855,3,,,,POINT (121.2607855 14.1655716)
14.1659221,121.2601739,3,,,,POINT (121.2601739 14.1659221)
14.1629364,121.2526676,1,,,,POINT (121.2526676 14.1629364)
14.1708943,121.2624904,1,,,,POINT (121.2624904 14.1708943)
14.1668023,121.2575482,3,,,,POINT (121.2575482 14.1668023)
14.167015,121.2573449,3,,,,POINT (121.2573449 14.167015)
14.1665152,121.2578706,3,,,,POINT (121.2578706 14.1665152)
14.1672362,121.2571179,3,,,,POINT (121.2571179 14.1672362)
14.1658491,121.2609194,3,,,,POINT (121.2609194 14.1658491)
14.165999,121.2605424,3,,,,POINT (121.2605424 14.165999)
14.1650979,121.2606389,3,,,,POINT (121.2606389 14.1650979)
14.1723607,121.2537836,3,,,,POINT (121.2537836 14.1723607)
14.1721649,121.2533371,3,,,,POINT (121.2533371 14.1721649)
14.1731984,121.2546819,1,,,,POINT (121.2546819 14.1731984)
14.1729545,121.2539975,3,,,,POINT (121.2539975 14.1729545)
14.174954,121.2549517,3,,,,POINT (121.2549517 14.174954)
14.178237,121.2574674,1,,,,POINT (121.2574674 14.178237)
14.1706478,121.2576036,3,,,,POINT (121.2576036 14.1706478)
14.1657943,121.2631533,1,,,,POINT (121.2631533 14.1657943)
14.170932,121.2029039,3,,,,POINT (121.2029039 14.170932)
14.1671658,121.2100521,1,,,,POINT (121.2100521 14.1671658)
14.1705366,121.2061497,3,,,,POINT (121.2061497 14.1705366)
14.1716535,121.2048471,1,,,,POINT (121.2048471 14.1716535)
14.1804389,121.2463882,3,,,,POINT (121.2463882 14.1804389)
14.1816035,121.2507518,3,,,,POINT (121.2507518 14.1816035)
14.1835224,121.249681,1,,,,POINT (121.249681 14.1835224)
14.1903855,121.2382668,1,,,,POINT (121.2382668 14.1903855)
14.192642,121.2437864,3,,,,POINT (121.2437864 14.192642)
14.1922752,121.243275,3,,,,POINT (121.243275 14.1922752)
14.1886387,121.2450314,1,,,,POINT (121.2450314 14.1886387)
14.1866234,121.2472515,3,,,,POINT (121.2472515 14.1866234)
14.1878677,121.2481642,1,,,,POINT (121.2481642 14.1878677)
14.1856874,121.2451633,3,,,,POINT (121.2451633 14.1856874)
14.1855957,121.2449853,3,,,,POINT (121.2449853 14.1855957)
14.1845847,121.2440684,1,,,,POINT (121.2440684 14.1845847)
14.1865235,121.2470255,3,,,,POINT (121.2470255 14.1865235)
14.1871799,121.2466863,1,,,,POINT (121.2466863 14.1871799)
14.1869905,121.2350165,3,,,,POINT (121.2350165 14.1869905)
14.1662728,121.2410199,3,,,,POINT (121.2410199 14.1662728)
14.1663967,121.2384816,3,,,,POINT (121.2384816 14.1663967)
14.1624097,121.2450575,1,,,,POINT (121.2450575 14.1624097)
14.1705286,121.2506916,4,,,,POINT (121.2506916 14.1705286)
14.1662348,121.2452513,3,,,,POINT (121.2452513 14.1662348)
14.14951,121.2542742,1,,,,POINT (121.2542742 14.14951)
14.1535945,121.2600034,3,,,,POINT (121.2600034 14.1535945)
14.1528055,121.2603294,3,,,,POINT (121.2603294 14.1528055)
14.1529897,121.260768,4,,,,POINT (121.260768 14.1529897)
14.153242,121.2607707,4,,,,POINT (121.2607707 14.153242)
14.1538052,121.2609959,1,,,,POINT (121.2609959 14.1538052)
14.1598676,121.2549608,3,,,,POINT (121.2549608 14.1598676)
14.1474007,121.2491539,1,,,,POINT (121.2491539 14.1474007)
14.1573937,121.242614,3,,,,POINT (121.242614 14.1573937)
14.1571981,121.2419002,1,,,,POINT (121.2419002 14.1571981)
14.1518507,121.2423619,4,,,,POINT (121.2423619 14.1518507)
14.1515558,121.2420246,1,,,,POINT (121.2420246 14.1515558)
14.1521869,121.242783,1,,,,POINT (121.242783 14.1521869)
14.1512827,121.2517956,3,,,,POINT (121.2517956 14.1512827)
14.1510087,121.2517265,3,,,,POINT (121.2517265 14.1510087)
14.1712295,121.2502313,3,,,,POINT (121.2502313 14.1712295)
14.1612051,121.2456758,1,,,,POINT (121.2456758 14.1612051)
14.1553337,121.2513196,4,,,,POINT (121.2513196 14.1553337)
14.1553199,121.2513697,3,,,,POINT (121.2513697 14.1553199)
14.1612547,121.2465872,3,,,,POINT (121.2465872 14.1612547)
14.1702402,121.2522224,1,,,,POINT (121.2522224 14.1702402)
14.1703041,121.2521628,1,,,,POINT (121.2521628 14.1703041)
14.1716028,121.2511981,3,,,,POINT (121.2511981 14.1716028)
14.1759329,121.2496488,3,,,,POINT (121.2496488 14.1759329)
14.1762359,121.2517564,1,,,,POINT (121.2517564 14.1762359)
14.170776,121.2466672,1,,,,POINT (121.2466672 14.170776)
14.1757886,121.2378739,1,,,,POINT (121.2378739 14.1757886)
14.177254,121.2390836,1,,,,POINT (121.2390836 14.177254)
14.176793,121.2381965,3,,,,POINT (121.2381965 14.176793)
14.1702517,121.2431476,3,,,,POINT (121.2431476 14.1702517)
14.1763744,121.2356813,3,,,,POINT (121.2356813 14.1763744)
14.1755324,121.235771,1,,,,POINT (121.235771 14.1755324)
14.1707025,121.2446685,1,,,,POINT (121.2446685 14.1707025)
14.1722124,121.2484401,3,,,,POINT (121.2484401 14.1722124)
14.1666515,121.2425589,3,,,,POINT (121.2425589 14.1666515)
14.1673096,121.2422763,3,,,,POINT (121.2422763 14.1673096)
14.1752711,121.2398936,1,,,,POINT (121.2398936 14.1752711)
14.1680142,121.2424019,4,crossing,,,POINT (121.2424019 14.1680142)
14.1612859,121.2466421,3,,,,POINT (121.2466421 14.1612859)
14.1751137,121.23294,1,,,,POINT (121.23294 14.1751137)
14.1897049,121.2327924,3,,,,POINT (121.2327924 14.1897049)
14.1890795,121.2326436,3,,,,POINT (121.2326436 14.1890795)
14.1779795,121.2553793,1,,,,POINT (121.2553793 14.1779795)
14.1776172,121.2545571,3,,,,POINT (121.2545571 14.1776172)
14.1743973,121.2531437,1,,,,POINT (121.2531437 14.1743973)
14.1747804,121.253835,3,,,,POINT (121.253835 14.1747804)
14.1545022,121.2558098,1,,,,POINT (121.2558098 14.1545022)
14.189922,121.244533,3,,,,POINT (121.244533 14.189922)
14.1902149,121.2435724,3,,,,POINT (121.2435724 14.1902149)
14.1906553,121.2433214,1,,,,POINT (121.2433214 14.1906553)
14.1863107,121.2465337,3,,,,POINT (121.2465337 14.1863107)
14.1870005,121.2463899,1,,,,POINT (121.2463899 14.1870005)
14.1867951,121.2448919,1,,,,POINT (121.2448919 14.1867951)
14.1833121,121.2434929,4,,,,POINT (121.2434929 14.1833121)
14.1834229,121.2437499,1,,,,POINT (121.2437499 14.1834229)
14.1965295,121.2354277,1,,,,POINT (121.2354277 14.1965295)
14.1910139,121.2365629,3,,,,POINT (121.2365629 14.1910139)
14.1907099,121.2363893,1,,,,POINT (121.2363893 14.1907099)
14.1952641,121.2411582,3,,,,POINT (121.2411582 14.1952641)
14.1956324,121.2408511,1,,,,POINT (121.2408511 14.1956324)
14.1912729,121.2490278,1,,,,POINT (121.2490278 14.1912729)
14.1907715,121.2487588,3,,,,POINT (121.2487588 14.1907715)
14.1906384,121.2451112,1,,,,POINT (121.2451112 14.1906384)
14.1909445,121.244894,3,,,,POINT (121.244894 14.1909445)
14.1913522,121.2455827,3,,,,POINT (121.2455827 14.1913522)
14.1919555,121.2451507,1,,,,POINT (121.2451507 14.1919555)
14.1764179,121.2398547,1,,,,POINT (121.2398547 14.1764179)
14.1741895,121.2376082,3,,,,POINT (121.2376082 14.1741895)
14.1748251,121.2386222,1,,,,POINT (121.2386222 14.1748251)
14.1742334,121.2407814,1,,,,POINT (121.2407814 14.1742334)
14.1753245,121.2340181,3,,,,POINT (121.2340181 14.1753245)
14.1743648,121.2346217,1,,,,POINT (121.2346217 14.1743648)
14.1753459,121.2340607,3,,,,POINT (121.2340607 14.1753459)
14.1758887,121.2338278,1,,,,POINT (121.2338278 14.1758887)
14.1820454,121.2365971,1,,,,POINT (121.2365971 14.1820454)
14.1882318,121.2384613,1,,,,POINT (121.2384613 14.1882318)
14.1641756,121.2092976,1,,,,POINT (121.2092976 14.1641756)
14.1820089,121.2524704,1,,,,POINT (121.2524704 14.1820089)
14.1743388,121.2168024,1,,,,POINT (121.2168024 14.1743388)
14.1755124,121.2170964,3,,,,POINT (121.2170964 14.1755124)
14.1758299,121.2180047,3,,,,POINT (121.2180047 14.1758299)
14.1752659,121.2175803,3,,,,POINT (121.2175803 14.1752659)
14.1791146,121.2204851,1,,,,POINT (121.2204851 14.1791146)
14.1789621,121.2206451,3,,,,POINT (121.2206451 14.1789621)
14.1769289,121.2416015,1,,,,POINT (121.2416015 14.1769289)
14.1766365,121.2416957,3,,,,POINT (121.2416957 14.1766365)
14.1767124,121.2416612,3,,,,POINT (121.2416612 14.1767124)
14.1766454,121.2414955,3,,,,POINT (121.2414955 14.1766454)
14.17686,121.2414124,1,,,,POINT (121.2414124 14.17686)
14.17349,121.2135528,3,,,,POINT (121.2135528 14.17349)
14.165419,121.2415467,3,,,,POINT (121.2415467 14.165419)
14.1771015,121.2415139,1,,,,POINT (121.2415139 14.1771015)
14.1771409,121.2417145,3,,,,POINT (121.2417145 14.1771409)
14.176706,121.2418684,3,,,,POINT (121.2418684 14.176706)
14.1822261,121.242663,1,,,,POINT (121.242663 14.1822261)
14.1744683,121.212753,3,,,,POINT (121.212753 14.1744683)
14.1626055,121.2438412,1,,,,POINT (121.2438412 14.1626055)
14.167377,121.2384854,1,,,,POINT (121.2384854 14.167377)
14.1769965,121.241063,1,,,,POINT (121.241063 14.1769965)
14.1855599,121.2384666,1,,,,POINT (121.2384666 14.1855599)
14.1857808,121.238756,3,,,,POINT (121.238756 14.1857808)
14.1854077,121.2378189,1,,,,POINT (121.2378189 14.1854077)
14.1858148,121.2387417,3,,,,POINT (121.2387417 14.1858148)
14.1862607,121.2394202,1,,,,POINT (121.2394202 14.1862607)
14.1859274,121.2386944,3,,,,POINT (121.2386944 14.1859274)
14.1875518,121.2379476,1,,,,POINT (121.2379476 14.1875518)
14.1876338,121.2381887,3,,,,POINT (121.2381887 14.1876338)
14.186864,121.2373602,1,,,,POINT (121.2373602 14.186864)
14.1871841,121.2382755,3,,,,POINT (121.2382755 14.1871841)
14.1875518,121.2394926,1,,,,POINT (121.2394926 14.1875518)
14.188484,121.2391748,1,,,,POINT (121.2391748 14.188484)
14.1878339,121.2395589,3,,,,POINT (121.2395589 14.1878339)
14.1798568,121.2418706,3,,,,POINT (121.2418706 14.1798568)
14.1797191,121.2422339,1,,,,POINT (121.2422339 14.1797191)
14.179623,121.2420134,3,,,,POINT (121.2420134 14.179623)
14.1812702,121.2419454,1,,,,POINT (121.2419454 14.1812702)
14.1810969,121.2412919,3,,,,POINT (121.2412919 14.1810969)
14.1848916,121.2415431,1,,,,POINT (121.2415431 14.1848916)
14.1841889,121.2419178,3,,,,POINT (121.2419178 14.1841889)
14.1809685,121.2397477,1,,,,POINT (121.2397477 14.1809685)
14.1808486,121.2393937,3,,,,POINT (121.2393937 14.1808486)
14.1783527,121.2445888,1,,,,POINT (121.2445888 14.1783527)
14.1779271,121.2445673,3,,,,POINT (121.2445673 14.1779271)
14.1803149,121.2400387,1,,,,POINT (121.2400387 14.1803149)
14.1804302,121.2404077,3,,,,POINT (121.2404077 14.1804302)
14.1804395,121.2400021,1,,,,POINT (121.2400021 14.1804395)
14.1809275,121.2405222,1,,,,POINT (121.2405222 14.1809275)
14.1808526,121.2402833,3,,,,POINT (121.2402833 14.1808526)
14.1836063,121.2413259,1,,,,POINT (121.2413259 14.1836063)
14.1838134,121.24118,3,,,,POINT (121.24118 14.1838134)
14.1839879,121.2422311,1,,,,POINT (121.2422311 14.1839879)
14.1842636,121.2420906,3,,,,POINT (121.2420906 14.1842636)
14.1832117,121.2432524,1,,,,POINT (121.2432524 14.1832117)
14.1865389,121.2437278,1,,,,POINT (121.2437278 14.1865389)
14.1860045,121.2432437,1,,,,POINT (121.2432437 14.1860045)
14.1861939,121.2436133,3,,,,POINT (121.2436133 14.1861939)
14.1858992,121.2442066,1,,,,POINT (121.2442066 14.1858992)
14.1853631,121.244489,3,,,,POINT (121.244489 14.1853631)
14.1576114,121.2355846,1,,,,POINT (121.2355846 14.1576114)
14.1573357,121.2349892,1,,,,POINT (121.2349892 14.1573357)
14.1572382,121.2352909,3,,,,POINT (121.2352909 14.1572382)
14.1806684,121.2351823,1,,,,POINT (121.2351823 14.1806684)
14.1809622,121.2357332,3,,,,POINT (121.2357332 14.1809622)
14.1787401,121.237917,1,,,,POINT (121.237917 14.1787401)
14.1790348,121.2385274,3,,,,POINT (121.2385274 14.1790348)
14.1851327,121.2443105,1,,,,POINT (121.2443105 14.1851327)
14.1852614,121.2442526,3,,,,POINT (121.2442526 14.1852614)
14.1828333,121.2414774,1,,,,POINT (121.2414774 14.1828333)
14.1826979,121.2416689,3,,,,POINT (121.2416689 14.1826979)
14.1773664,121.2359688,1,,,,POINT (121.2359688 14.1773664)
14.1773088,121.2357842,3,,,,POINT (121.2357842 14.1773088)
14.1802707,121.2347353,3,,,,POINT (121.2347353 14.1802707)
14.1803426,121.2346069,3,,,,POINT (121.2346069 14.1803426)
14.1747041,121.2492867,1,,,,POINT (121.2492867 14.1747041)
14.1745156,121.2493697,3,,,,POINT (121.2493697 14.1745156)
14.1769341,121.2560713,1,,,,POINT (121.2560713 14.1769341)
14.1766067,121.256181,3,,,,POINT (121.256181 14.1766067)
14.1741437,121.2559131,1,,,,POINT (121.2559131 14.1741437)
14.1771292,121.2553846,1,,,,POINT (121.2553846 14.1771292)
14.1766376,121.2555187,3,,,,POINT (121.2555187 14.1766376)
14.1747107,121.255838,1,,,,POINT (121.255838 14.1747107)
14.1748086,121.2561366,3,,,,POINT (121.2561366 14.1748086)
14.1769315,121.2477806,1,,,,POINT (121.2477806 14.1769315)
14.177345,121.2478441,3,,,,POINT (121.2478441 14.177345)
14.1695724,121.2458896,3,,,,POINT (121.2458896 14.1695724)
14.1694575,121.245946,1,,,,POINT (121.245946 14.1694575)
14.1749083,121.2482178,1,,,,POINT (121.2482178 14.1749083)
14.1747127,121.247921,3,,,,POINT (121.247921 14.1747127)
14.1708618,121.2550306,1,,,,POINT (121.2550306 14.1708618)
14.1710676,121.2547671,3,,,,POINT (121.2547671 14.1710676)
14.1711167,121.2549636,1,,,,POINT (121.2549636 14.1711167)
14.1700868,121.2551701,1,,,,POINT (121.2551701 14.1700868)
14.1670597,121.2463202,1,,,,POINT (121.2463202 14.1670597)
14.1678582,121.2459703,3,,,,POINT (121.2459703 14.1678582)
14.1687293,121.2463081,1,,,,POINT (121.2463081 14.1687293)
14.1690382,121.246988,3,,,,POINT (121.246988 14.1690382)
14.1768912,121.2493899,1,,,,POINT (121.2493899 14.1768912)
14.1770802,121.2493751,3,,,,POINT (121.2493751 14.1770802)
14.1722787,121.2542071,3,,,,POINT (121.2542071 14.1722787)
14.1723701,121.2545076,1,,,,POINT (121.2545076 14.1723701)
14.1733909,121.2490091,1,,,,POINT (121.2490091 14.1733909)
14.1735196,121.2492789,3,,,,POINT (121.2492789 14.1735196)
14.173084,121.2492384,1,,,,POINT (121.2492384 14.173084)
14.17318,121.2494383,3,,,,POINT (121.2494383 14.17318)
14.1543468,121.2505373,1,,,,POINT (121.2505373 14.1543468)
14.1543716,121.2506533,3,,,,POINT (121.2506533 14.1543716)
14.1529216,121.2500337,1,,,,POINT (121.2500337 14.1529216)
14.1530775,121.2501469,3,,,,POINT (121.2501469 14.1530775)
14.1531427,121.2499147,1,,,,POINT (121.2499147 14.1531427)
14.1532573,121.2499566,3,,,,POINT (121.2499566 14.1532573)
14.1531732,121.2486235,1,,,,POINT (121.2486235 14.1531732)
14.1560399,121.2465998,1,,,,POINT (121.2465998 14.1560399)
14.156147,121.2467892,3,,,,POINT (121.2467892 14.156147)
14.1507935,121.252622,1,,,,POINT (121.252622 14.1507935)
14.15067,121.2525011,3,,,,POINT (121.2525011 14.15067)
14.150142,121.2532537,1,,,,POINT (121.2532537 14.150142)
14.1500652,121.2531672,3,,,,POINT (121.2531672 14.1500652)
14.1528676,121.2548147,1,,,,POINT (121.2548147 14.1528676)
14.1519352,121.251588,1,,,,POINT (121.251588 14.1519352)
14.1521015,121.2517168,3,,,,POINT (121.2517168 14.1521015)
14.153616,121.2552003,1,,,,POINT (121.2552003 14.153616)
14.1535451,121.2552559,3,,,,POINT (121.2552559 14.1535451)
14.1550354,121.2549569,1,,,,POINT (121.2549569 14.1550354)
14.1553663,121.2546395,3,,,,POINT (121.2546395 14.1553663)
14.1548416,121.2542514,1,,,,POINT (121.2542514 14.1548416)
14.1549212,121.2541492,3,,,,POINT (121.2541492 14.1549212)
14.1474241,121.2531371,3,,,,POINT (121.2531371 14.1474241)
14.1474638,121.2530203,1,,,,POINT (121.2530203 14.1474638)
14.1463092,121.2527064,3,,,,POINT (121.2527064 14.1463092)
14.1463675,121.2525529,1,,,,POINT (121.2525529 14.1463675)
14.1672054,121.2115145,1,,,,POINT (121.2115145 14.1672054)
14.1658694,121.2105555,3,,,,POINT (121.2105555 14.1658694)
14.1771265,121.2597889,1,,,,POINT (121.2597889 14.1771265)
14.1705408,121.2064121,3,,,,POINT (121.2064121 14.1705408)
14.1700998,121.2063351,1,,,,POINT (121.2063351 14.1700998)
14.1469026,121.2530525,1,,,,POINT (121.2530525 14.1469026)
14.1468579,121.2529184,3,,,,POINT (121.2529184 14.1468579)
14.1543221,121.2506652,3,,,,POINT (121.2506652 14.1543221)
14.1542454,121.2503079,1,,,,POINT (121.2503079 14.1542454)
14.1550861,121.2547007,1,,,,POINT (121.2547007 14.1550861)
14.1551956,121.2548032,3,,,,POINT (121.2548032 14.1551956)
14.166656,121.2108412,1,,,,POINT (121.2108412 14.166656)
14.1666608,121.2106784,3,,,,POINT (121.2106784 14.1666608)
14.1698307,121.2045541,3,,,,POINT (121.2045541 14.1698307)
14.1697683,121.2049162,1,,,,POINT (121.2049162 14.1697683)
14.1735898,121.2597392,1,,,,POINT (121.2597392 14.1735898)
14.1739184,121.2594232,3,,,,POINT (121.2594232 14.1739184)
14.1734221,121.2595394,1,,,,POINT (121.2595394 14.1734221)
14.1737232,121.2592181,3,,,,POINT (121.2592181 14.1737232)
14.1730775,121.2591733,1,,,,POINT (121.2591733 14.1730775)
14.1733806,121.258858,3,,,,POINT (121.258858 14.1733806)
14.1727446,121.2587857,1,,,,POINT (121.2587857 14.1727446)
14.1730425,121.2585027,3,,,,POINT (121.2585027 14.1730425)
14.1734224,121.2589019,3,,,,POINT (121.2589019 14.1734224)
14.1732086,121.2586773,3,,,,POINT (121.2586773 14.1732086)
14.173717,121.2581606,3,,,,POINT (121.2581606 14.173717)
14.1763945,121.2565005,1,,,,POINT (121.2565005 14.1763945)
14.1765969,121.2564551,3,,,,POINT (121.2564551 14.1765969)
14.1765554,121.2570573,3,,,,POINT (121.2570573 14.1765554)
14.1763795,121.2591862,3,,,,POINT (121.2591862 14.1763795)
14.1772845,121.2574761,1,,,,POINT (121.2574761 14.1772845)
14.1775193,121.2573994,3,,,,POINT (121.2573994 14.1775193)
14.1773528,121.2573548,3,,,,POINT (121.2573548 14.1773528)
14.1774247,121.2571688,3,,,,POINT (121.2571688 14.1774247)
14.1701118,121.2604722,3,,,,POINT (121.2604722 14.1701118)
14.1703118,121.2602502,1,,,,POINT (121.2602502 14.1703118)
14.1690308,121.260524,3,,,,POINT (121.260524 14.1690308)
14.169148,121.2602904,1,,,,POINT (121.2602904 14.169148)
14.1683808,121.2622994,1,,,,POINT (121.2622994 14.1683808)
14.1682291,121.2618955,3,,,,POINT (121.2618955 14.1682291)
14.1730732,121.2616815,3,,,,POINT (121.2616815 14.1730732)
14.1726383,121.2612316,3,,,,POINT (121.2612316 14.1726383)
14.1718578,121.2626642,1,,,,POINT (121.2626642 14.1718578)
14.171756,121.2621793,3,,,,POINT (121.2621793 14.171756)
14.171668,121.2627688,1,,,,POINT (121.2627688 14.171668)
14.1718919,121.2619692,3,,,,POINT (121.2619692 14.1718919)
14.1735235,121.2633522,1,,,,POINT (121.2633522 14.1735235)
14.1738014,121.2630427,3,,,,POINT (121.2630427 14.1738014)
14.1662119,121.248415,1,,,,POINT (121.248415 14.1662119)
14.1661579,121.2465375,3,,,,POINT (121.2465375 14.1661579)
14.1641977,121.2561558,1,,,,POINT (121.2561558 14.1641977)
14.1644022,121.2564285,3,,,,POINT (121.2564285 14.1644022)
14.1758998,121.2651884,3,,,,POINT (121.2651884 14.1758998)
14.1758859,121.2647617,3,,,,POINT (121.2647617 14.1758859)
14.1767287,121.2639946,1,,,,POINT (121.2639946 14.1767287)
14.175897,121.2639814,3,,,,POINT (121.2639814 14.175897)
14.1627296,121.256011,1,,,,POINT (121.256011 14.1627296)
14.1624638,121.2560326,3,,,,POINT (121.2560326 14.1624638)
14.1559521,121.2487878,1,,,,POINT (121.2487878 14.1559521)
14.1561459,121.2482999,3,,,,POINT (121.2482999 14.1561459)
14.1763568,121.2567593,1,,,,POINT (121.2567593 14.1763568)
14.1765769,121.2567747,3,,,,POINT (121.2567747 14.1765769)
14.1750227,121.2572649,1,,,,POINT (121.2572649 14.1750227)
14.175496,121.2597017,1,,,,POINT (121.2597017 14.175496)
14.1755781,121.2599141,3,,,,POINT (121.2599141 14.1755781)
14.1762782,121.2600637,3,,,,POINT (121.2600637 14.1762782)
14.1763123,121.2598326,3,,,,POINT (121.2598326 14.1763123)
14.1759732,121.2595408,1,,,,POINT (121.2595408 14.1759732)
14.176355,121.2594412,3,,,,POINT (121.2594412 14.176355)
14.1757886,121.2596937,1,,,,POINT (121.2596937 14.1757886)
14.1763447,121.259548,3,,,,POINT (121.259548 14.1763447)
14.1758341,121.2586033,1,,,,POINT (121.2586033 14.1758341)
14.1764511,121.2584299,3,,,,POINT (121.2584299 14.1764511)
14.1493852,121.250554,1,,,,POINT (121.250554 14.1493852)
14.1711115,121.2060998,1,,,,POINT (121.2060998 14.1711115)
14.1716904,121.2064474,3,,,,POINT (121.2064474 14.1716904)
14.1713047,121.2063612,3,,,,POINT (121.2063612 14.1713047)
14.1655513,121.2586986,1,,,,POINT (121.2586986 14.1655513)
14.1586835,121.2607178,3,,,,POINT (121.2607178 14.1586835)
14.163134,121.2586831,1,,,,POINT (121.2586831 14.163134)
14.1634792,121.2584207,3,,,,POINT (121.2584207 14.1634792)
14.1633486,121.2582373,1,,,,POINT (121.2582373 14.1633486)
14.1656085,121.2595505,3,,,,POINT (121.2595505 14.1656085)
14.1657927,121.2598045,3,,,,POINT (121.2598045 14.1657927)
14.1660747,121.2608721,3,,,,POINT (121.2608721 14.1660747)
14.1661077,121.2607557,3,,,,POINT (121.2607557 14.1661077)
14.1660352,121.2608136,3,,,,POINT (121.2608136 14.1660352)
14.1488116,121.2589239,1,,,,POINT (121.2589239 14.1488116)
14.1487505,121.2582246,3,,,,POINT (121.2582246 14.1487505)
14.1756228,121.2128951,1,,,,POINT (121.2128951 14.1756228)
14.1767872,121.2140626,1,,,,POINT (121.2140626 14.1767872)
14.1720204,121.2222835,1,,,,POINT (121.2222835 14.1720204)
14.1761273,121.214884,1,,,,POINT (121.214884 14.1761273)
14.1729915,121.214262,3,,,,POINT (121.214262 14.1729915)
14.1726185,121.214253,1,,,,POINT (121.214253 14.1726185)
14.1762346,121.2122414,1,,,,POINT (121.2122414 14.1762346)
14.1739305,121.2138024,1,,,,POINT (121.2138024 14.1739305)
14.1736085,121.213897,3,,,,POINT (121.213897 14.1736085)
14.1730727,121.2135402,3,,,,POINT (121.2135402 14.1730727)
14.1729468,121.2135335,1,,,,POINT (121.2135335 14.1729468)
14.1765645,121.2329833,3,,,,POINT (121.2329833 14.1765645)
14.1761011,121.2323229,1,,,,POINT (121.2323229 14.1761011)
14.172397,121.2279938,3,,,,POINT (121.2279938 14.172397)
14.1726613,121.2278507,1,,,,POINT (121.2278507 14.1726613)
14.1721866,121.2276452,3,,,,POINT (121.2276452 14.1721866)
14.1716214,121.227989,1,,,,POINT (121.227989 14.1716214)
14.1721455,121.2276672,4,,,,POINT (121.2276672 14.1721455)
14.1721374,121.2282635,1,,,,POINT (121.2282635 14.1721374)
14.1724147,121.2281158,3,,,,POINT (121.2281158 14.1724147)
14.1656521,121.2592679,1,,,,POINT (121.2592679 14.1656521)
14.165542,121.2594511,3,,,,POINT (121.2594511 14.165542)
14.1644318,121.258256,1,,,,POINT (121.258256 14.1644318)
14.1647329,121.2601363,3,,,,POINT (121.2601363 14.1647329)
14.1587265,121.2581004,1,,,,POINT (121.2581004 14.1587265)
14.1584409,121.2585781,3,,,,POINT (121.2585781 14.1584409)
14.158813,121.2572522,1,,,,POINT (121.2572522 14.158813)
14.1588857,121.2571184,3,,,,POINT (121.2571184 14.1588857)
14.1595841,121.2576894,1,,,,POINT (121.2576894 14.1595841)
14.1594261,121.2576505,3,,,,POINT (121.2576505 14.1594261)
14.1595108,121.2574612,3,,,,POINT (121.2574612 14.1595108)
14.1612232,121.2567667,1,,,,POINT (121.2567667 14.1612232)
14.1592512,121.2575834,1,,,,POINT (121.2575834 14.1592512)
14.1797908,121.2600021,1,,,,POINT (121.2600021 14.1797908)
14.1793083,121.2597659,3,,,,POINT (121.2597659 14.1793083)
14.1784548,121.2573125,1,,,,POINT (121.2573125 14.1784548)
14.1783667,121.2571148,3,,,,POINT (121.2571148 14.1783667)
14.1788526,121.2565273,1,,,,POINT (121.2565273 14.1788526)
14.1790366,121.256841,3,,,,POINT (121.256841 14.1790366)
14.1785419,121.2567385,1,,,,POINT (121.2567385 14.1785419)
14.1786641,121.2569943,3,,,,POINT (121.2569943 14.1786641)
14.1856015,121.2452567,1,,,,POINT (121.2452567 14.1856015)
14.1857071,121.2452055,3,,,,POINT (121.2452055 14.1857071)
14.1866286,121.2482701,1,,,,POINT (121.2482701 14.1866286)
14.1869777,121.2481028,3,,,,POINT (121.2481028 14.1869777)
14.1854623,121.2482098,1,,,,POINT (121.2482098 14.1854623)
14.186798,121.2476709,3,,,,POINT (121.2476709 14.186798)
14.1856119,121.2478329,1,,,,POINT (121.2478329 14.1856119)
14.186637,121.2472842,3,,,,POINT (121.2472842 14.186637)
14.18621,121.2469076,1,,,,POINT (121.2469076 14.18621)
14.1864265,121.2468013,3,,,,POINT (121.2468013 14.1864265)
14.1870291,121.2451346,1,,,,POINT (121.2451346 14.1870291)
14.186948,121.2453431,3,,,,POINT (121.2453431 14.186948)
14.1864476,121.245922,3,,,,POINT (121.245922 14.1864476)
14.1860405,121.2459186,3,,,,POINT (121.2459186 14.1860405)
14.1819375,121.245777,1,,,,POINT (121.245777 14.1819375)
14.1819427,121.2492532,1,,,,POINT (121.2492532 14.1819427)
14.1822885,121.2485853,1,,,,POINT (121.2485853 14.1822885)
14.181719,121.2488964,3,,,,POINT (121.2488964 14.181719)
14.1816271,121.2489017,3,,,,POINT (121.2489017 14.1816271)
14.1792252,121.2482554,1,,,,POINT (121.2482554 14.1792252)
14.1793272,121.2485594,3,,,,POINT (121.2485594 14.1793272)
14.1812896,121.2534326,3,,,,POINT (121.2534326 14.1812896)
14.1812847,121.2536975,3,,,,POINT (121.2536975 14.1812847)
14.181306,121.2539264,3,,,,POINT (121.2539264 14.181306)
14.1812938,121.2544486,1,,,,POINT (121.2544486 14.1812938)
14.1813408,121.2546548,3,,,,POINT (121.2546548 14.1813408)
14.1809077,121.2550521,1,,,,POINT (121.2550521 14.1809077)
14.1809995,121.254743,3,,,,POINT (121.254743 14.1809995)
14.1809116,121.255897,1,,,,POINT (121.255897 14.1809116)
14.180987,121.2554048,1,,,,POINT (121.2554048 14.180987)
14.1812807,121.255935,3,,,,POINT (121.255935 14.1812807)
14.180333,121.2450609,1,,,,POINT (121.2450609 14.180333)
14.1807456,121.2458067,3,,,,POINT (121.2458067 14.1807456)
14.1790327,121.2555885,1,,,,POINT (121.2555885 14.1790327)
14.1790713,121.2557093,3,,,,POINT (121.2557093 14.1790713)
14.1781199,121.2545773,1,,,,POINT (121.2545773 14.1781199)
14.178031,121.2543674,3,,,,POINT (121.2543674 14.178031)
14.177935,121.2468779,1,,,,POINT (121.2468779 14.177935)
14.177503,121.2469464,3,,,,POINT (121.2469464 14.177503)
14.1777039,121.2494275,1,,,,POINT (121.2494275 14.1777039)
14.1770229,121.2496441,3,,,,POINT (121.2496441 14.1770229)
14.1779772,121.2462539,1,,,,POINT (121.2462539 14.1779772)
14.1776443,121.246192,3,,,,POINT (121.246192 14.1776443)
14.1577402,121.2200674,1,,,,POINT (121.2200674 14.1577402)
14.1808849,121.2306064,1,,,,POINT (121.2306064 14.1808849)
14.1813355,121.2277687,3,,,,POINT (121.2277687 14.1813355)
14.1811443,121.22777,1,,,,POINT (121.22777 14.1811443)
14.1823626,121.226559,1,,,,POINT (121.226559 14.1823626)
14.1827228,121.2269506,1,,,,POINT (121.2269506 14.1827228)
14.1824432,121.2269801,3,,,,POINT (121.2269801 14.1824432)
14.1787844,121.2301558,1,,,,POINT (121.2301558 14.1787844)
14.1788209,121.230295,3,,,,POINT (121.230295 14.1788209)
14.1784879,121.2304026,1,,,,POINT (121.2304026 14.1784879)
14.1815955,121.2281549,1,,,,POINT (121.2281549 14.1815955)
14.1813448,121.2281643,3,,,,POINT (121.2281643 14.1813448)
14.1835185,121.2287074,1,,,,POINT (121.2287074 14.1835185)
14.1818568,121.2244253,1,,,,POINT (121.2244253 14.1818568)
14.1948614,121.2413406,1,,,,POINT (121.2413406 14.1948614)
14.1951718,121.2410468,3,,,,POINT (121.2410468 14.1951718)
14.193075,121.2417886,1,,,,POINT (121.2417886 14.193075)
14.1932082,121.2419386,3,,,,POINT (121.2419386 14.1932082)
14.1925731,121.2427649,1,,,,POINT (121.2427649 14.1925731)
14.1929752,121.2424596,3,,,,POINT (121.2424596 14.1929752)
14.1933194,121.2421668,1,,,,POINT (121.2421668 14.1933194)
14.1929877,121.2424753,3,,,,POINT (121.2424753 14.1929877)
14.1927655,121.2445459,1,,,,POINT (121.2445459 14.1927655)
14.193354,121.2445863,3,,,,POINT (121.2445863 14.193354)
14.1921336,121.2445942,1,,,,POINT (121.2445942 14.1921336)
14.1923069,121.2444412,3,,,,POINT (121.2444412 14.1923069)
14.1936834,121.2439397,1,,,,POINT (121.2439397 14.1936834)
14.1938175,121.2440482,3,,,,POINT (121.2440482 14.1938175)
14.1892303,121.2394296,1,,,,POINT (121.2394296 14.1892303)
14.1893615,121.2389395,3,,,,POINT (121.2389395 14.1893615)
14.1893187,121.2378095,1,,,,POINT (121.2378095 14.1893187)
14.1891783,121.2374714,3,,,,POINT (121.2374714 14.1891783)
14.1909791,121.2371591,1,,,,POINT (121.2371591 14.1909791)
14.1907263,121.2368106,3,,,,POINT (121.2368106 14.1907263)
14.195176,121.2353244,1,,,,POINT (121.2353244 14.195176)
14.1952315,121.2351313,3,,,,POINT (121.2351313 14.1952315)
14.1900794,121.2365556,1,,,,POINT (121.2365556 14.1900794)
14.1898272,121.2366733,3,,,,POINT (121.2366733 14.1898272)
14.1883059,121.2399472,1,,,,POINT (121.2399472 14.1883059)
14.1893968,121.241409,1,,,,POINT (121.241409 14.1893968)
14.1889898,121.242258,1,,,,POINT (121.242258 14.1889898)
14.1892974,121.2421019,3,,,,POINT (121.2421019 14.1892974)
14.1639565,121.2095549,3,,,,POINT (121.2095549 14.1639565)
14.1637634,121.2089825,1,,,,POINT (121.2089825 14.1637634)
14.189662,121.2329695,1,,,,POINT (121.2329695 14.189662)
14.1884125,121.256939,1,,,,POINT (121.256939 14.1884125)
14.1900325,121.2516551,1,,,,POINT (121.2516551 14.1900325)
14.1882435,121.2474641,1,,,,POINT (121.2474641 14.1882435)
14.1876857,121.2477297,3,,,,POINT (121.2477297 14.1876857)
14.1881928,121.2527668,1,,,,POINT (121.2527668 14.1881928)
14.1923261,121.246634,1,,,,POINT (121.246634 14.1923261)
14.1920946,121.246465,3,,,,POINT (121.246465 14.1920946)
14.1673504,121.2539945,3,,,,POINT (121.2539945 14.1673504)
14.1674209,121.253971,3,,,,POINT (121.253971 14.1674209)
14.1672948,121.2540969,3,,,,POINT (121.2540969 14.1672948)
14.1675525,121.2541053,3,,,,POINT (121.2541053 14.1675525)
14.1673187,121.2541792,3,,,,POINT (121.2541792 14.1673187)
14.1675403,121.2540476,3,,,,POINT (121.2540476 14.1675403)
14.1695977,121.2527393,4,,,,POINT (121.2527393 14.1695977)
14.169747,121.252321,1,,,,POINT (121.252321 14.169747)
14.1636625,121.2430595,4,,,,POINT (121.2430595 14.1636625)
14.1654782,121.2408868,4,,,,POINT (121.2408868 14.1654782)
14.1662053,121.2410617,4,,,,POINT (121.2410617 14.1662053)
14.1658527,121.2409767,4,,,,POINT (121.2409767 14.1658527)
14.1659711,121.2410052,4,,,,POINT (121.2410052 14.1659711)
14.1773922,121.2196062,1,,,,POINT (121.2196062 14.1773922)
14.1766355,121.2627628,3,,,,POINT (121.2627628 14.1766355)
14.1766024,121.262604,3,,,,POINT (121.262604 14.1766024)
14.17791,121.2462417,3,,,,POINT (121.2462417 14.17791)
14.168028,121.2424225,3,,,,POINT (121.2424225 14.168028)
14.1631952,121.2411478,3,,,,POINT (121.2411478 14.1631952)
14.1632518,121.2412174,3,,,,POINT (121.2412174 14.1632518)
14.1632034,121.2412711,3,,,,POINT (121.2412711 14.1632034)
14.1633235,121.2400917,1,,,,POINT (121.2400917 14.1633235)
14.1633307,121.2401088,3,,,,POINT (121.2401088 14.1633307)
14.1585072,121.2417348,1,,,,POINT (121.2417348 14.1585072)
14.1587993,121.2417421,3,,,,POINT (121.2417421 14.1587993)
14.1644213,121.2211905,3,,,,POINT (121.2211905 14.1644213)
14.1642405,121.2205703,1,,,,POINT (121.2205703 14.1642405)
14.1779927,121.2149755,1,,,,POINT (121.2149755 14.1779927)
14.1775736,121.2151713,3,,,,POINT (121.2151713 14.1775736)
14.178728,121.2147781,1,,,,POINT (121.2147781 14.178728)
14.177157,121.2153067,1,,,,POINT (121.2153067 14.177157)
14.1789962,121.2309392,1,,,,POINT (121.2309392 14.1789962)
14.178962,121.230833,3,,,,POINT (121.230833 14.178962)
14.1780129,121.2174301,1,,,,POINT (121.2174301 14.1780129)
14.1789058,121.2396298,3,,,,POINT (121.2396298 14.1789058)
14.1784,121.2396342,1,,,,POINT (121.2396342 14.1784)
14.1785016,121.2418064,3,,,,POINT (121.2418064 14.1785016)
14.1787327,121.2417837,1,,,,POINT (121.2417837 14.1787327)
14.1785006,121.241811,3,,,,POINT (121.241811 14.1785006)
14.1782343,121.2417865,1,,,,POINT (121.2417865 14.1782343)
14.1786109,121.2413498,3,,,,POINT (121.2413498 14.1786109)
14.1783929,121.2413469,1,,,,POINT (121.2413469 14.1783929)
14.1786654,121.2411128,3,,,,POINT (121.2411128 14.1786654)
14.1784571,121.2411117,1,,,,POINT (121.2411117 14.1784571)
14.1782412,121.2403431,4,,,,POINT (121.2403431 14.1782412)
14.1768428,121.2394346,3,,,,POINT (121.2394346 14.1768428)
14.1773055,121.2393474,4,,,,POINT (121.2393474 14.1773055)
14.1777583,121.2391733,1,,,,POINT (121.2391733 14.1777583)
14.1790231,121.2386965,3,,,,POINT (121.2386965 14.1790231)
14.1787225,121.2387095,1,,,,POINT (121.2387095 14.1787225)
14.1791868,121.2414298,3,,,,POINT (121.2414298 14.1791868)
14.1786272,121.2412833,3,,,,POINT (121.2412833 14.1786272)
14.1794095,121.24141,3,,,,POINT (121.24141 14.1794095)
14.179889,121.2412651,3,,,,POINT (121.2412651 14.179889)
14.1794996,121.2419609,3,,,,POINT (121.2419609 14.1794996)
14.179431,121.2417569,1,,,,POINT (121.2417569 14.179431)
14.1798227,121.2415941,1,,,,POINT (121.2415941 14.1798227)
14.1798263,121.2418839,3,,,,POINT (121.2418839 14.1798263)
14.179719,121.2416213,1,,,,POINT (121.2416213 14.179719)
14.1794921,121.2404638,3,,,,POINT (121.2404638 14.1794921)
14.1795045,121.2404034,3,,,,POINT (121.2404034 14.1795045)
14.1794947,121.2403624,3,,,,POINT (121.2403624 14.1794947)
14.1794041,121.2403822,1,,,,POINT (121.2403822 14.1794041)
14.1791241,121.2407233,3,,,,POINT (121.2407233 14.1791241)
14.179153,121.240915,1,,,,POINT (121.240915 14.179153)
14.1798616,121.2407781,3,,,,POINT (121.2407781 14.1798616)
14.179978,121.2411852,1,,,,POINT (121.2411852 14.179978)
14.1807043,121.2403278,3,,,,POINT (121.2403278 14.1807043)
14.1806411,121.2401282,1,,,,POINT (121.2401282 14.1806411)
14.1785792,121.2414862,3,,,,POINT (121.2414862 14.1785792)
14.1789906,121.2413453,3,,,,POINT (121.2413453 14.1789906)
14.1774621,121.2401209,3,,,,POINT (121.2401209 14.1774621)
14.1775419,121.2402849,1,,,,POINT (121.2402849 14.1775419)
14.1761057,121.2403784,3,,,,POINT (121.2403784 14.1761057)
14.1764475,121.2412262,3,,,,POINT (121.2412262 14.1764475)
14.1768692,121.2410432,1,,,,POINT (121.2410432 14.1768692)
14.1774305,121.2415754,1,,,,POINT (121.2415754 14.1774305)
14.1807171,121.240324,3,,,,POINT (121.240324 14.1807171)
14.1809578,121.240776,1,,,,POINT (121.240776 14.1809578)
14.1808394,121.2406973,3,,,,POINT (121.2406973 14.1808394)
14.1806776,121.2407556,1,,,,POINT (121.2407556 14.1806776)
14.1812511,121.2401522,3,,,,POINT (121.2401522 14.1812511)
14.1812301,121.2404712,1,,,,POINT (121.2404712 14.1812301)
14.1807634,121.2403107,3,,,,POINT (121.2403107 14.1807634)
14.1808267,121.2405205,1,,,,POINT (121.2405205 14.1808267)
14.1804895,121.2410765,1,,,,POINT (121.2410765 14.1804895)
14.1804521,121.240804,3,,,,POINT (121.240804 14.1804521)
14.1802858,121.2409057,1,,,,POINT (121.2409057 14.1802858)
14.1815168,121.2410938,3,,,,POINT (121.2410938 14.1815168)
14.1815582,121.2412505,1,,,,POINT (121.2412505 14.1815582)
14.1809065,121.2413868,3,,,,POINT (121.2413868 14.1809065)
14.1810454,121.2417293,1,,,,POINT (121.2417293 14.1810454)
14.1807116,121.2414809,3,,,,POINT (121.2414809 14.1807116)
14.1808867,121.2418465,1,,,,POINT (121.2418465 14.1808867)
14.1804552,121.2416036,3,,,,POINT (121.2416036 14.1804552)
14.1804921,121.2416785,1,,,,POINT (121.2416785 14.1804921)
14.180111,121.2417593,3,,,,POINT (121.2417593 14.180111)
14.1802625,121.2420198,1,,,,POINT (121.2420198 14.1802625)
14.1799633,121.241824,3,,,,POINT (121.241824 14.1799633)
14.1800676,121.2420357,1,,,,POINT (121.2420357 14.1800676)
14.17975,121.2419184,3,,,,POINT (121.2419184 14.17975)
14.1798599,121.2421835,1,,,,POINT (121.2421835 14.1798599)
14.1795935,121.2420349,3,,,,POINT (121.2420349 14.1795935)
14.1796832,121.2422329,1,,,,POINT (121.2422329 14.1796832)
14.1796456,121.2419956,3,,,,POINT (121.2419956 14.1796456)
14.1797606,121.242253,1,,,,POINT (121.242253 14.1797606)
14.1786765,121.2410604,3,,,,POINT (121.2410604 14.1786765)
14.178865,121.2411111,1,,,,POINT (121.2411111 14.178865)
14.1798943,121.2393997,3,,,,POINT (121.2393997 14.1798943)
14.1799137,121.2392718,1,,,,POINT (121.2392718 14.1799137)
14.178669,121.2396267,3,,,,POINT (121.2396267 14.178669)
14.1786981,121.2393896,1,,,,POINT (121.2393896 14.1786981)
14.1805958,121.2415387,3,,,,POINT (121.2415387 14.1805958)
14.1806284,121.2416078,1,,,,POINT (121.2416078 14.1806284)
14.1784993,121.2418169,3,,,,POINT (121.2418169 14.1784993)
14.1785521,121.2416125,3,,,,POINT (121.2416125 14.1785521)
14.1788634,121.2415819,1,,,,POINT (121.2415819 14.1788634)
14.1788161,121.2428759,1,,,,POINT (121.2428759 14.1788161)
14.1788688,121.2425225,3,,,,POINT (121.2425225 14.1788688)
14.1789615,121.2427099,1,,,,POINT (121.2427099 14.1789615)
14.1792148,121.2422934,3,,,,POINT (121.2422934 14.1792148)
14.1794829,121.2428175,1,,,,POINT (121.2428175 14.1794829)
14.1793757,121.2421864,3,,,,POINT (121.2421864 14.1793757)
14.1794666,121.2423536,1,,,,POINT (121.2423536 14.1794666)
14.1794116,121.2421618,3,,,,POINT (121.2421618 14.1794116)
14.1794946,121.2423132,1,,,,POINT (121.2423132 14.1794946)
14.1795128,121.2420923,3,,,,POINT (121.2420923 14.1795128)
14.1798391,121.2426982,1,,,,POINT (121.2426982 14.1798391)
14.1797157,121.2424698,3,,,,POINT (121.2424698 14.1797157)
14.1798078,121.2424194,1,,,,POINT (121.2424194 14.1798078)
14.1781867,121.2433234,4,,,,POINT (121.2433234 14.1781867)
14.1786383,121.2432982,1,,,,POINT (121.2432982 14.1786383)
14.1785358,121.2433218,3,,,,POINT (121.2433218 14.1785358)
14.1785565,121.2434155,1,,,,POINT (121.2434155 14.1785565)
14.1782414,121.2430673,3,,,,POINT (121.2430673 14.1782414)
14.1788777,121.2398627,3,,,,POINT (121.2398627 14.1788777)
14.1791277,121.2398646,1,,,,POINT (121.2398646 14.1791277)
14.179323,121.2400819,1,,,,POINT (121.2400819 14.179323)
14.1787097,121.2410617,4,,,,POINT (121.2410617 14.1787097)
14.1785193,121.2430568,1,,,,POINT (121.2430568 14.1785193)
14.1789381,121.2438233,1,,,,POINT (121.2438233 14.1789381)
14.1786156,121.2437213,3,,,,POINT (121.2437213 14.1786156)
14.1786807,121.2440179,1,,,,POINT (121.2440179 14.1786807)
14.1786456,121.243858,3,,,,POINT (121.243858 14.1786456)
14.1787962,121.2438293,1,,,,POINT (121.2438293 14.1787962)
14.1794547,121.2464307,3,,,,POINT (121.2464307 14.1794547)
14.1788705,121.2453524,3,,,,POINT (121.2453524 14.1788705)
14.1787614,121.2453729,1,,,,POINT (121.2453729 14.1787614)
14.1787376,121.2417946,3,,,,POINT (121.2417946 14.1787376)
14.1787485,121.2419253,1,,,,POINT (121.2419253 14.1787485)
14.178877,121.2418458,1,,,,POINT (121.2418458 14.178877)
14.1794031,121.2402401,3,,,,POINT (121.2402401 14.1794031)
14.1793871,121.2401791,1,,,,POINT (121.2401791 14.1793871)
14.179064,121.2401672,3,,,,POINT (121.2401672 14.179064)
14.1796954,121.2401623,3,,,,POINT (121.2401623 14.1796954)
14.1795928,121.2398059,1,,,,POINT (121.2398059 14.1795928)
14.1779125,121.2410537,1,,,,POINT (121.2410537 14.1779125)
14.1781463,121.24352,3,,,,POINT (121.24352 14.1781463)
14.1779528,121.2435033,1,,,,POINT (121.2435033 14.1779528)
14.1780103,121.2432971,1,,,,POINT (121.2432971 14.1780103)
14.178091,121.243764,3,,,,POINT (121.243764 14.178091)
14.1778889,121.2437402,1,,,,POINT (121.2437402 14.1778889)
14.1780877,121.2437755,3,,,,POINT (121.2437755 14.1780877)
14.1778871,121.2437566,1,,,,POINT (121.2437566 14.1778871)
14.1780596,121.2438963,3,,,,POINT (121.2438963 14.1780596)
14.1778285,121.2439093,1,,,,POINT (121.2439093 14.1778285)
14.1780264,121.2440756,3,,,,POINT (121.2440756 14.1780264)
14.17778,121.2440839,1,,,,POINT (121.2440839 14.17778)
14.1797001,121.2394615,1,,,,POINT (121.2394615 14.1797001)
14.1795976,121.239652,3,,,,POINT (121.239652 14.1795976)
14.1796244,121.2397189,1,,,,POINT (121.2397189 14.1796244)
14.1794381,121.2397085,3,,,,POINT (121.2397085 14.1794381)
14.1795338,121.2397738,1,,,,POINT (121.2397738 14.1795338)
14.1788094,121.2403455,3,,,,POINT (121.2403455 14.1788094)
14.1789824,121.2404238,1,,,,POINT (121.2404238 14.1789824)
14.1590382,121.2436396,1,,,,POINT (121.2436396 14.1590382)
14.1712723,121.2062029,3,,,,POINT (121.2062029 14.1712723)
14.1711719,121.2061675,1,,,,POINT (121.2061675 14.1711719)
14.1712275,121.2060913,1,,,,POINT (121.2060913 14.1712275)
14.1712092,121.2061377,3,,,,POINT (121.2061377 14.1712092)
14.1711165,121.2068573,3,,,,POINT (121.2068573 14.1711165)
14.1711012,121.2067839,3,,,,POINT (121.2067839 14.1711012)
14.169488,121.2594731,3,,,,POINT (121.2594731 14.169488)
14.1689633,121.2596894,1,,,,POINT (121.2596894 14.1689633)
14.1696227,121.2597738,1,,,,POINT (121.2597738 14.1696227)
14.1763105,121.2304421,1,,,,POINT (121.2304421 14.1763105)
14.1678903,121.2118397,1,,,,POINT (121.2118397 14.1678903)
14.1643321,121.2438445,1,,,,POINT (121.2438445 14.1643321)
14.167637,121.2434842,3,,,,POINT (121.2434842 14.167637)
14.1674429,121.2432312,3,,,,POINT (121.2432312 14.1674429)
14.1714884,121.2460481,3,,,,POINT (121.2460481 14.1714884)
14.1711115,121.2472321,1,,,,POINT (121.2472321 14.1711115)
14.1710086,121.2469796,3,,,,POINT (121.2469796 14.1710086)
14.1765161,121.2413985,3,,,,POINT (121.2413985 14.1765161)
14.1734326,121.2227333,3,,,,POINT (121.2227333 14.1734326)
14.1735757,121.2228455,3,,,,POINT (121.2228455 14.1735757)
14.1748914,121.2256028,1,,,,POINT (121.2256028 14.1748914)
14.1741045,121.2249354,3,,,,POINT (121.2249354 14.1741045)
14.1885575,121.2334304,1,,,,POINT (121.2334304 14.1885575)
14.1856432,121.2330856,1,,,,POINT (121.2330856 14.1856432)
14.1841965,121.232734,3,,,,POINT (121.232734 14.1841965)
14.1841176,121.2297521,3,,,,POINT (121.2297521 14.1841176)
14.1827393,121.2304789,1,,,,POINT (121.2304789 14.1827393)
14.1883067,121.2378725,3,,,,POINT (121.2378725 14.1883067)
14.1877093,121.2366341,1,,,,POINT (121.2366341 14.1877093)
14.1630392,121.2400663,1,,,,POINT (121.2400663 14.1630392)
14.1630985,121.2402084,4,crossing,,,POINT (121.2402084 14.1630985)
14.1630473,121.2400857,4,,,,POINT (121.2400857 14.1630473)
14.1631876,121.2401699,3,,,,POINT (121.2401699 14.1631876)
14.1645837,121.2437931,3,,,,POINT (121.2437931 14.1645837)
14.1632281,121.2397659,1,,,,POINT (121.2397659 14.1632281)
14.1759017,121.2652391,3,,,,POINT (121.2652391 14.1759017)
14.1758953,121.2650663,3,,,,POINT (121.2650663 14.1758953)
14.1652437,121.2414168,4,,,,POINT (121.2414168 14.1652437)
14.1652362,121.2412532,4,,,,POINT (121.2412532 14.1652362)
14.165242,121.2411605,4,,,,POINT (121.2411605 14.165242)
14.1652394,121.2410249,4,,,,POINT (121.2410249 14.1652394)
14.1652473,121.2408744,3,,,,POINT (121.2408744 14.1652473)
14.1652927,121.2415886,4,,,,POINT (121.2415886 14.1652927)
14.1672193,121.2405626,4,crossing,,,POINT (121.2405626 14.1672193)
14.1669776,121.2399926,4,,,,POINT (121.2399926 14.1669776)
14.1666395,121.2391933,3,,,,POINT (121.2391933 14.1666395)
14.1663868,121.2385875,3,,,,POINT (121.2385875 14.1663868)
14.1660388,121.2386134,4,crossing,,,POINT (121.2386134 14.1660388)
14.1653578,121.2385681,4,,,,POINT (121.2385681 14.1653578)
14.164238,121.2384861,3,,,,POINT (121.2384861 14.164238)
14.1636292,121.2400142,4,,,,POINT (121.2400142 14.1636292)
14.1636068,121.2400274,4,,,,POINT (121.2400274 14.1636068)
14.163469,121.2401083,3,,,,POINT (121.2401083 14.163469)
14.1662428,121.2385982,3,,,,POINT (121.2385982 14.1662428)
14.1674152,121.2410236,4,,,,POINT (121.2410236 14.1674152)
14.1676003,121.2414573,4,,,,POINT (121.2414573 14.1676003)
14.1637368,121.2402654,4,,,,POINT (121.2402654 14.1637368)
14.1638432,121.2404903,3,,,,POINT (121.2404903 14.1638432)
14.1589894,121.2421485,3,,,,POINT (121.2421485 14.1589894)
14.1591701,121.242029,3,,,,POINT (121.242029 14.1591701)
14.1595598,121.2418548,4,,,,POINT (121.2418548 14.1595598)
14.159704,121.2417838,4,,,,POINT (121.2417838 14.159704)
14.1599983,121.2416519,4,,,,POINT (121.2416519 14.1599983)
14.1607027,121.2413213,3,,,,POINT (121.2413213 14.1607027)
14.1592417,121.2419954,4,crossing,,,POINT (121.2419954 14.1592417)
14.1610227,121.2411652,4,,,,POINT (121.2411652 14.1610227)
14.1614078,121.2409849,4,,,,POINT (121.2409849 14.1614078)
14.1616674,121.2408434,4,,,,POINT (121.2408434 14.1616674)
14.1618606,121.2407444,3,,,,POINT (121.2407444 14.1618606)
14.1618859,121.240734,4,crossing,,,POINT (121.240734 14.1618859)
14.1619348,121.2407119,4,,,,POINT (121.2407119 14.1619348)
14.1620611,121.240664,4,,,,POINT (121.240664 14.1620611)
14.1625344,121.2404385,4,,,,POINT (121.2404385 14.1625344)
14.1615064,121.2398837,4,,,,POINT (121.2398837 14.1615064)
14.158631,121.2372215,4,,,,POINT (121.2372215 14.158631)
14.1582251,121.2369686,4,,,,POINT (121.2369686 14.1582251)
14.1568694,121.2362218,3,,,,POINT (121.2362218 14.1568694)
14.1589901,121.2374865,4,crossing,,,POINT (121.2374865 14.1589901)
14.1566953,121.2358466,4,,,,POINT (121.2358466 14.1566953)
14.155312,121.2363337,4,,,,POINT (121.2363337 14.155312)
14.1539839,121.2354502,4,,,,POINT (121.2354502 14.1539839)
14.1531761,121.2349514,4,,,,POINT (121.2349514 14.1531761)
14.1524465,121.2343748,4,,,,POINT (121.2343748 14.1524465)
14.1521427,121.2341579,4,,,,POINT (121.2341579 14.1521427)
14.1518158,121.2340052,4,,,,POINT (121.2340052 14.1518158)
14.1515055,121.2338872,3,,,,POINT (121.2338872 14.1515055)
14.1542841,121.2356818,4,crossing,,,POINT (121.2356818 14.1542841)
14.1653627,121.2407458,3,,,,POINT (121.2407458 14.1653627)
14.1653575,121.2407984,4,crossing,,,POINT (121.2407984 14.1653575)
14.1636817,121.2425906,4,,,,POINT (121.2425906 14.1636817)
14.163517,121.243009,3,,,,POINT (121.243009 14.163517)
14.1635837,121.243794,3,,,,POINT (121.243794 14.1635837)
14.1647085,121.2446853,4,,,,POINT (121.2446853 14.1647085)
14.1647954,121.2446442,3,,,,POINT (121.2446442 14.1647954)
14.165507,121.2443348,4,,,,POINT (121.2443348 14.165507)
14.1661425,121.2440273,4,,,,POINT (121.2440273 14.1661425)
14.166571,121.2438545,3,,,,POINT (121.2438545 14.166571)
14.1666969,121.2437992,3,,,,POINT (121.2437992 14.1666969)
14.1672773,121.2434104,3,,,,POINT (121.2434104 14.1672773)
14.1662353,121.243986,4,crossing,,,POINT (121.243986 14.1662353)
14.165014,121.2445149,4,,,,POINT (121.2445149 14.165014)
14.1641069,121.2411749,3,,,,POINT (121.2411749 14.1641069)
14.1627562,121.2437495,4,crossing,,,POINT (121.2437495 14.1627562)
14.1618537,121.2421245,3,,,,POINT (121.2421245 14.1618537)
14.1644645,121.2419478,3,,,,POINT (121.2419478 14.1644645)
14.1646388,121.2423599,4,,,,POINT (121.2423599 14.1646388)
14.1647069,121.2424932,4,,,,POINT (121.2424932 14.1647069)
14.168047,121.2437933,4,,,,POINT (121.2437933 14.168047)
14.1689451,121.2443414,4,,,,POINT (121.2443414 14.1689451)
14.16769,121.2435677,4,crossing,,,POINT (121.2435677 14.16769)
14.1681924,121.2438796,4,crossing,,,POINT (121.2438796 14.1681924)
14.1686616,121.2441682,3,,,,POINT (121.2441682 14.1686616)
14.1684038,121.2440084,3,,,,POINT (121.2440084 14.1684038)
14.1676673,121.2434385,3,,,,POINT (121.2434385 14.1676673)
14.1684468,121.2439322,4,,,,POINT (121.2439322 14.1684468)
14.1692017,121.2443197,3,,,,POINT (121.2443197 14.1692017)
14.1687147,121.2440964,4,,,,POINT (121.2440964 14.1687147)
14.169192,121.2444053,4,,,,POINT (121.2444053 14.169192)
14.1694696,121.2442211,4,,,,POINT (121.2442211 14.1694696)
14.169594,121.2441561,4,,,,POINT (121.2441561 14.169594)
14.1698465,121.2440293,4,crossing,,,POINT (121.2440293 14.1698465)
14.170433,121.2437209,4,,,,POINT (121.2437209 14.170433)
14.1707413,121.2435711,4,,,,POINT (121.2435711 14.1707413)
14.1708688,121.2435195,4,,,,POINT (121.2435195 14.1708688)
14.1710786,121.2434309,4,,,,POINT (121.2434309 14.1710786)
14.1726673,121.2432148,4,crossing,,,POINT (121.2432148 14.1726673)
14.1747126,121.2431293,4,,,,POINT (121.2431293 14.1747126)
14.1753883,121.242963,4,,,,POINT (121.242963 14.1753883)
14.1757243,121.2428767,4,,,,POINT (121.2428767 14.1757243)
14.175944,121.2428297,4,,,,POINT (121.2428297 14.175944)
14.1769294,121.2426016,4,,,,POINT (121.2426016 14.1769294)
14.1774787,121.2424184,4,,,,POINT (121.2424184 14.1774787)
14.1773435,121.2424639,4,,,,POINT (121.2424639 14.1773435)
14.1732957,121.2431989,4,crossing,,,POINT (121.2431989 14.1732957)
14.1654077,121.2421602,3,,,,POINT (121.2421602 14.1654077)
14.1654461,121.2420524,3,,,,POINT (121.2420524 14.1654461)
14.1654351,121.2420834,4,crossing,,,POINT (121.2420834 14.1654351)
14.1654657,121.2420301,3,,,,POINT (121.2420301 14.1654657)
14.1655161,121.2419755,3,,,,POINT (121.2419755 14.1655161)
14.1655052,121.2419873,4,crossing,,,POINT (121.2419873 14.1655052)
14.1654913,121.2420023,4,crossing,,,POINT (121.2420023 14.1654913)
14.1658984,121.243083,4,,,,POINT (121.243083 14.1658984)
14.1656019,121.2422798,3,,,,POINT (121.2422798 14.1656019)
14.1645512,121.2419361,3,,,,POINT (121.2419361 14.1645512)
14.1645633,121.2419655,3,,,,POINT (121.2419655 14.1645633)
14.1642548,121.2420433,3,,,,POINT (121.2420433 14.1642548)
14.1643664,121.2419924,3,,,,POINT (121.2419924 14.1643664)
14.164375,121.2420125,3,,,,POINT (121.2420125 14.164375)
14.1642641,121.242065,3,,,,POINT (121.242065 14.1642641)
14.164699,121.2422939,3,,,,POINT (121.2422939 14.164699)
14.1646909,121.2422744,3,,,,POINT (121.2422744 14.1646909)
14.1641985,121.2417074,3,,,,POINT (121.2417074 14.1641985)
14.1612981,121.239261,3,,,,POINT (121.239261 14.1612981)
14.1614304,121.2394678,4,crossing,,,POINT (121.2394678 14.1614304)
14.1634661,121.2437902,3,,,,POINT (121.2437902 14.1634661)
14.1650647,121.244656,3,,,,POINT (121.244656 14.1650647)
14.1666144,121.2439545,3,,,,POINT (121.2439545 14.1666144)
14.1665781,121.2438708,4,crossing,,,POINT (121.2438708 14.1665781)
14.1672181,121.2403353,4,,,,POINT (121.2403353 14.1672181)
14.1670674,121.2399944,4,,,,POINT (121.2399944 14.1670674)
14.1668853,121.2395574,4,,,,POINT (121.2395574 14.1668853)
14.1667308,121.239178,4,,,,POINT (121.239178 14.1667308)
14.1664406,121.2385245,4,,,,POINT (121.2385245 14.1664406)
14.1664212,121.2384749,4,,,,POINT (121.2384749 14.1664212)
14.1662052,121.237985,3,,,,POINT (121.237985 14.1662052)
14.1856419,121.2335556,3,,,,POINT (121.2335556 14.1856419)
14.1874285,121.2325693,3,,,,POINT (121.2325693 14.1874285)
14.1695688,121.2442713,4,,,,POINT (121.2442713 14.1695688)
14.1702665,121.2439182,4,,,,POINT (121.2439182 14.1702665)
14.1706277,121.2437285,4,,,,POINT (121.2437285 14.1706277)
14.1723888,121.243305,4,,,,POINT (121.243305 14.1723888)
14.1738258,121.2432817,4,,,,POINT (121.2432817 14.1738258)
14.1746217,121.2432417,4,,,,POINT (121.2432417 14.1746217)
14.1749935,121.2431515,4,,,,POINT (121.2431515 14.1749935)
14.1754276,121.2430416,4,,,,POINT (121.2430416 14.1754276)
14.1757873,121.2429546,4,,,,POINT (121.2429546 14.1757873)
14.1760068,121.242904,4,,,,POINT (121.242904 14.1760068)
14.1762063,121.2428501,4,,,,POINT (121.2428501 14.1762063)
14.1763328,121.242816,4,,,,POINT (121.242816 14.1763328)
14.1765882,121.2427536,4,,,,POINT (121.2427536 14.1765882)
14.1773278,121.2425462,3,,,,POINT (121.2425462 14.1773278)
14.1755685,121.2430076,4,,,,POINT (121.2430076 14.1755685)
14.1756696,121.2429831,4,,,,POINT (121.2429831 14.1756696)
14.1725397,121.243306,4,,,,POINT (121.243306 14.1725397)
14.172723,121.2433073,4,crossing,,,POINT (121.2433073 14.172723)
14.1732938,121.2432896,4,crossing,,,POINT (121.2432896 14.1732938)
14.1696934,121.2442118,4,crossing,,,POINT (121.2442118 14.1696934)
14.1640189,121.2449355,3,,,,POINT (121.2449355 14.1640189)
14.1641316,121.24487,3,,,,POINT (121.24487 14.1641316)
14.1640963,121.2448905,4,crossing,,,POINT (121.2448905 14.1640963)
14.1634525,121.2435367,3,,,,POINT (121.2435367 14.1634525)
14.1634071,121.2435599,4,crossing,,,POINT (121.2435599 14.1634071)
14.160757,121.2412939,3,,,,POINT (121.2412939 14.160757)
14.1607773,121.2413343,4,crossing,,,POINT (121.2413343 14.1607773)
14.1614892,121.2410372,3,,,,POINT (121.2410372 14.1614892)
14.1614545,121.2409592,3,,,,POINT (121.2409592 14.1614545)
14.1614706,121.2409953,4,crossing,,,POINT (121.2409953 14.1614706)
14.1584235,121.2425415,4,crossing,,,POINT (121.2425415 14.1584235)
14.1565717,121.2431126,3,,,,POINT (121.2431126 14.1565717)
14.1587317,121.2442298,3,,,,POINT (121.2442298 14.1587317)
14.1580396,121.2446383,4,,,,POINT (121.2446383 14.1580396)
14.1571467,121.2451343,3,,,,POINT (121.2451343 14.1571467)
14.1589936,121.2440803,4,crossing,,,POINT (121.2440803 14.1589936)
14.1586753,121.2442631,4,crossing,,,POINT (121.2442631 14.1586753)
14.1584787,121.2443791,4,crossing,,,POINT (121.2443791 14.1584787)
14.1583257,121.2444694,4,crossing,,,POINT (121.2444694 14.1583257)
14.1591513,121.243875,3,,,,POINT (121.243875 14.1591513)
14.1586855,121.2441433,4,,,,POINT (121.2441433 14.1586855)
14.1581536,121.2444476,4,,,,POINT (121.2444476 14.1581536)
14.1575856,121.2447657,3,,,,POINT (121.2447657 14.1575856)
14.1595275,121.2436565,4,crossing,,,POINT (121.2436565 14.1595275)
14.157707,121.2448231,3,,,,POINT (121.2448231 14.157707)
14.157649,121.2447339,3,,,,POINT (121.2447339 14.157649)
14.1576738,121.2447751,4,crossing,,,POINT (121.2447751 14.1576738)
14.1585101,121.2443606,3,,,,POINT (121.2443606 14.1585101)
14.1584654,121.2442692,3,,,,POINT (121.2442692 14.1584654)
14.1584861,121.2443114,4,crossing,,,POINT (121.2443114 14.1584861)
14.1613141,121.2468447,3,,,,POINT (121.2468447 14.1613141)
14.1615463,121.2467269,3,crossing,,,POINT (121.2467269 14.1615463)
14.1613685,121.2468171,4,crossing,,,POINT (121.2468171 14.1613685)
14.1636993,121.2425348,3,,,,POINT (121.2425348 14.1636993)
14.1636268,121.2425365,3,,,,POINT (121.2425365 14.1636268)
14.1636646,121.2425356,4,crossing,,,POINT (121.2425356 14.1636646)
14.1637617,121.2416725,3,,,,POINT (121.2416725 14.1637617)
14.1636884,121.2416364,3,,,,POINT (121.2416364 14.1636884)
14.1637203,121.2416521,4,crossing,,,POINT (121.2416521 14.1637203)
14.1635931,121.2399335,3,,,,POINT (121.2399335 14.1635931)
14.1636117,121.2399752,4,crossing,,,POINT (121.2399752 14.1636117)
14.1642389,121.2386167,3,,,,POINT (121.2386167 14.1642389)
14.1641151,121.2386166,3,,,,POINT (121.2386166 14.1641151)
14.1641992,121.2386132,4,crossing,,,POINT (121.2386132 14.1641992)
14.167205,121.240529,3,,,,POINT (121.240529 14.167205)
14.1670862,121.240581,4,,,,POINT (121.240581 14.1670862)
14.1664666,121.2408689,4,,,,POINT (121.2408689 14.1664666)
14.1663073,121.2409651,3,,,,POINT (121.2409651 14.1663073)
14.1664099,121.2409031,4,,,,POINT (121.2409031 14.1664099)
14.1662238,121.2409529,4,,,,POINT (121.2409529 14.1662238)
14.1656368,121.2408218,4,,,,POINT (121.2408218 14.1656368)
14.1655231,121.240802,4,,,,POINT (121.240802 14.1655231)
14.1653603,121.24077,3,,,,POINT (121.24077 14.1653603)
14.165892,121.2408675,3,,,,POINT (121.2408675 14.165892)
14.1665287,121.2410452,4,,,,POINT (121.2410452 14.1665287)
14.1667299,121.2412739,4,,,,POINT (121.2412739 14.1667299)
14.1666604,121.2418443,4,,,,POINT (121.2418443 14.1666604)
14.1662539,121.2425689,4,,,,POINT (121.2425689 14.1662539)
14.1663418,121.2409773,4,crossing,,,POINT (121.2409773 14.1663418)
14.1667614,121.2415384,4,,,,POINT (121.2415384 14.1667614)
14.1662928,121.2425017,4,,,,POINT (121.2425017 14.1662928)
14.1661937,121.2426769,4,,,,POINT (121.2426769 14.1661937)
14.1659534,121.2431534,3,,,,POINT (121.2431534 14.1659534)
14.1662117,121.2437997,3,,,,POINT (121.2437997 14.1662117)
14.1662774,121.2439677,3,,,,POINT (121.2439677 14.1662774)
14.1656185,121.2409205,3,,,,POINT (121.2409205 14.1656185)
14.1659237,121.2431154,4,crossing,,,POINT (121.2431154 14.1659237)
14.1655197,121.2366978,1,,,,POINT (121.2366978 14.1655197)
14.1655978,121.2367942,4,,,,POINT (121.2367942 14.1655978)
14.1659105,121.2375016,4,,,,POINT (121.2375016 14.1659105)
14.1661427,121.2380172,4,,,,POINT (121.2380172 14.1661427)
14.1663674,121.2385393,4,crossing,,,POINT (121.2385393 14.1663674)
14.1659997,121.2386107,3,,,,POINT (121.2386107 14.1659997)
14.165979,121.2389817,4,,,,POINT (121.2389817 14.165979)
14.1655044,121.2393631,4,,,,POINT (121.2393631 14.1655044)
14.1654692,121.2393574,4,,,,POINT (121.2393574 14.1654692)
14.1653168,121.2393823,3,,,,POINT (121.2393823 14.1653168)
14.1653157,121.2398276,4,,,,POINT (121.2398276 14.1653157)
14.1653795,121.2399203,3,,,,POINT (121.2399203 14.1653795)
14.1654464,121.2399324,3,,,,POINT (121.2399324 14.1654464)
14.1656745,121.239586,4,,,,POINT (121.239586 14.1656745)
14.1656242,121.2397071,4,,,,POINT (121.2397071 14.1656242)
14.1657425,121.2394195,3,,,,POINT (121.2394195 14.1657425)
14.1657516,121.2394602,4,crossing,,,POINT (121.2394602 14.1657516)
14.1614698,121.2467657,4,crossing,,,POINT (121.2467657 14.1614698)
14.1614987,121.2423519,4,crossing,,,POINT (121.2423519 14.1614987)
14.1619136,121.2422203,3,,,,POINT (121.2422203 14.1619136)
14.1653695,121.2385314,3,,,,POINT (121.2385314 14.1653695)
14.1648731,121.2413224,4,,,,POINT (121.2413224 14.1648731)
14.1646841,121.2412798,1,,,,POINT (121.2412798 14.1646841)
14.1649552,121.2411257,1,,,,POINT (121.2411257 14.1649552)
14.1648431,121.2412646,3,,,,POINT (121.2412646 14.1648431)
14.1648154,121.2412804,1,,,,POINT (121.2412804 14.1648154)
14.1648686,121.2412512,1,,,,POINT (121.2412512 14.1648686)
14.1648576,121.2412925,4,,,,POINT (121.2412925 14.1648576)
14.1646421,121.241177,3,,,,POINT (121.241177 14.1646421)
14.1649068,121.2410471,3,,,,POINT (121.2410471 14.1649068)
14.1640918,121.2421186,3,,,,POINT (121.2421186 14.1640918)
14.1639405,121.2417968,1,,,,POINT (121.2417968 14.1639405)
14.1642072,121.241727,3,,,,POINT (121.241727 14.1642072)
14.1639653,121.2418416,3,,,,POINT (121.2418416 14.1639653)
14.1604222,121.2450927,3,,,,POINT (121.2450927 14.1604222)
14.1604836,121.2450603,4,crossing,,,POINT (121.2450603 14.1604836)
14.160807,121.2455587,3,,,,POINT (121.2455587 14.160807)
14.160691,121.2456162,3,,,,POINT (121.2456162 14.160691)
14.1607343,121.2455947,4,crossing,,,POINT (121.2455947 14.1607343)
14.1614436,121.2464216,3,,,,POINT (121.2464216 14.1614436)
14.1615215,121.24658,3,,,,POINT (121.24658 14.1615215)
14.1615095,121.2465504,4,crossing,,,POINT (121.2465504 14.1615095)
14.1611813,121.2463911,3,,,,POINT (121.2463911 14.1611813)
14.1611066,121.2464308,3,,,,POINT (121.2464308 14.1611066)
14.1611548,121.2464052,4,crossing,,,POINT (121.2464052 14.1611548)
14.163128,121.2402673,3,,,,POINT (121.2402673 14.163128)
14.1634576,121.2400044,3,,,,POINT (121.2400044 14.1634576)
14.1630862,121.240179,4,,,,POINT (121.240179 14.1630862)
14.163174,121.2401377,4,crossing,,,POINT (121.2401377 14.163174)
14.1629956,121.2402216,4,crossing,,,POINT (121.2402216 14.1629956)
14.1671381,121.2401543,3,,,,POINT (121.2401543 14.1671381)
14.1670616,121.2401907,3,,,,POINT (121.2401907 14.1670616)
14.1671062,121.2401695,4,crossing,,,POINT (121.2401695 14.1671062)
14.1674935,121.2409829,3,,,,POINT (121.2409829 14.1674935)
14.1694246,121.2442414,3,,,,POINT (121.2442414 14.1694246)
14.1694593,121.2443237,3,,,,POINT (121.2443237 14.1694593)
14.1694418,121.2442821,4,crossing,,,POINT (121.2442821 14.1694418)
14.1711486,121.2433947,3,,,,POINT (121.2433947 14.1711486)
14.1711753,121.2434652,3,,,,POINT (121.2434652 14.1711753)
14.1711588,121.2434217,4,crossing,,,POINT (121.2434217 14.1711588)
14.1725393,121.2432155,3,,,,POINT (121.2432155 14.1725393)
14.1732377,121.2432961,3,,,,POINT (121.2432961 14.1732377)
14.1732365,121.2432032,3,,,,POINT (121.2432032 14.1732365)
14.1732371,121.2432482,4,crossing,,,POINT (121.2432482 14.1732371)
14.1741435,121.2432867,3,,,,POINT (121.2432867 14.1741435)
14.174144,121.2431903,3,,,,POINT (121.2431903 14.174144)
14.1783048,121.242185,3,,,,POINT (121.242185 14.1783048)
14.1782976,121.2422892,3,,,,POINT (121.2422892 14.1782976)
14.1783012,121.2422372,4,crossing,,,POINT (121.2422372 14.1783012)
14.1791804,121.2373176,4,,,,POINT (121.2373176 14.1791804)
14.1790744,121.2377045,4,crossing,,,POINT (121.2377045 14.1790744)
14.1789677,121.2385299,4,,,,POINT (121.2385299 14.1789677)
14.1789557,121.2386993,4,,,,POINT (121.2386993 14.1789557)
14.1789041,121.2391934,4,crossing,,,POINT (121.2391934 14.1789041)
14.1788434,121.2396307,4,,,,POINT (121.2396307 14.1788434)
14.1787799,121.2401433,3,,,,POINT (121.2401433 14.1787799)
14.1786939,121.2405835,4,,,,POINT (121.2405835 14.1786939)
14.1786244,121.240982,4,,,,POINT (121.240982 14.1786244)
14.1786027,121.2411118,4,,,,POINT (121.2411118 14.1786027)
14.1785568,121.2413471,4,,,,POINT (121.2413471 14.1785568)
14.1784529,121.2418066,4,,,,POINT (121.2418066 14.1784529)
14.1777554,121.2452468,4,,,,POINT (121.2452468 14.1777554)
14.177627,121.2459239,4,,,,POINT (121.2459239 14.177627)
14.1775573,121.2463646,4,,,,POINT (121.2463646 14.1775573)
14.1772678,121.2478497,3,,,,POINT (121.2478497 14.1772678)
14.1782827,121.2426167,4,,,,POINT (121.2426167 14.1782827)
14.1782511,121.2427743,4,,,,POINT (121.2427743 14.1782511)
14.1782103,121.2429766,4,crossing,,,POINT (121.2429766 14.1782103)
14.1781397,121.2433131,4,,,,POINT (121.2433131 14.1781397)
14.1780968,121.2435159,4,,,,POINT (121.2435159 14.1780968)
14.1780427,121.2437586,4,,,,POINT (121.2437586 14.1780427)
14.1780402,121.2437697,4,,,,POINT (121.2437697 14.1780402)
14.1780112,121.2438987,4,,,,POINT (121.2438987 14.1780112)
14.1780156,121.2438792,4,,,,POINT (121.2438792 14.1780156)
14.1779775,121.244073,4,,,,POINT (121.244073 14.1779775)
14.1779588,121.2441749,4,,,,POINT (121.2441749 14.1779588)
14.1778115,121.2449298,4,,,,POINT (121.2449298 14.1778115)
14.1777022,121.2455275,4,,,,POINT (121.2455275 14.1777022)
14.1775991,121.2461,4,,,,POINT (121.2461 14.1775991)
14.1774648,121.2468589,4,,,,POINT (121.2468589 14.1774648)
14.1785699,121.2422207,3,,,,POINT (121.2422207 14.1785699)
14.1785653,121.2421268,3,,,,POINT (121.2421268 14.1785653)
14.17867,121.2412824,4,,,,POINT (121.2412824 14.17867)
14.1788403,121.2403353,4,,,,POINT (121.2403353 14.1788403)
14.1789132,121.2398626,4,,,,POINT (121.2398626 14.1789132)
14.1789242,121.2397882,4,,,,POINT (121.2397882 14.1789242)
14.1789957,121.2392842,4,,,,POINT (121.2392842 14.1789957)
14.1790363,121.2390712,4,,,,POINT (121.2390712 14.1790363)
14.1790523,121.2389523,4,,,,POINT (121.2389523 14.1790523)
14.1790868,121.2387035,4,,,,POINT (121.2387035 14.1790868)
14.1792415,121.2376178,4,,,,POINT (121.2376178 14.1792415)
14.1796568,121.2363184,4,,,,POINT (121.2363184 14.1796568)
14.1788647,121.2401771,4,,,,POINT (121.2401771 14.1788647)
14.1787596,121.2407843,4,crossing,,,POINT (121.2407843 14.1787596)
14.1786253,121.2414808,4,,,,POINT (121.2414808 14.1786253)
14.1786109,121.2415446,4,,,,POINT (121.2415446 14.1786109)
14.1785966,121.2416083,4,,,,POINT (121.2416083 14.1785966)
14.1785532,121.2418009,4,,,,POINT (121.2418009 14.1785532)
14.1785508,121.2418114,4,,,,POINT (121.2418114 14.1785508)
14.178343,121.2428022,4,,,,POINT (121.2428022 14.178343)
14.1782911,121.2430687,4,,,,POINT (121.2430687 14.1782911)
14.1782362,121.2433322,4,,,,POINT (121.2433322 14.1782362)
14.1781475,121.2437178,4,,,,POINT (121.2437178 14.1781475)
14.1779734,121.2445756,4,,,,POINT (121.2445756 14.1779734)
14.177865,121.2452225,4,,,,POINT (121.2452225 14.177865)
14.1776951,121.2462015,4,,,,POINT (121.2462015 14.1776951)
14.1776693,121.24635,4,,,,POINT (121.24635 14.1776693)
14.1775555,121.2469467,4,,,,POINT (121.2469467 14.1775555)
14.1774453,121.247553,4,,,,POINT (121.247553 14.1774453)
14.17728,121.2486257,4,,,,POINT (121.2486257 14.17728)
14.1772328,121.248864,4,,,,POINT (121.248864 14.1772328)
14.177161,121.2492635,3,,,,POINT (121.2492635 14.177161)
14.1783195,121.2424272,3,,,,POINT (121.2424272 14.1783195)
14.1784141,121.2424281,3,,,,POINT (121.2424281 14.1784141)
14.179981,121.24186,4,,,,POINT (121.24186 14.179981)
14.1803072,121.2417235,4,,,,POINT (121.2417235 14.1803072)
14.1833357,121.240263,4,,,,POINT (121.240263 14.1833357)
14.1836641,121.2400226,4,,,,POINT (121.2400226 14.1836641)
14.1849253,121.2392253,4,,,,POINT (121.2392253 14.1849253)
14.1859463,121.2387335,4,,,,POINT (121.2387335 14.1859463)
14.1817863,121.2410223,4,crossing,,,POINT (121.2410223 14.1817863)
14.1815252,121.2411226,4,,,,POINT (121.2411226 14.1815252)
14.1812827,121.2412482,4,crossing,,,POINT (121.2412482 14.1812827)
14.181108,121.2413337,4,,,,POINT (121.2413337 14.181108)
14.1809228,121.2414233,4,,,,POINT (121.2414233 14.1809228)
14.1807284,121.2415166,4,,,,POINT (121.2415166 14.1807284)
14.1804742,121.2416418,4,,,,POINT (121.2416418 14.1804742)
14.1806127,121.2415741,4,,,,POINT (121.2415741 14.1806127)
14.1805731,121.2415934,4,crossing,,,POINT (121.2415934 14.1805731)
14.1801328,121.2417965,4,,,,POINT (121.2417965 14.1801328)
14.1801571,121.2417863,4,,,,POINT (121.2417863 14.1801571)
14.1796708,121.2419757,4,crossing,,,POINT (121.2419757 14.1796708)
14.1797638,121.2419557,4,,,,POINT (121.2419557 14.1797638)
14.1795771,121.2419026,4,,,,POINT (121.2419026 14.1795771)
14.1798115,121.2418465,4,,,,POINT (121.2418465 14.1798115)
14.1798442,121.241835,3,,,,POINT (121.241835 14.1798442)
14.1794886,121.2419234,4,,,,POINT (121.2419234 14.1794886)
14.1792218,121.2419804,4,,,,POINT (121.2419804 14.1792218)
14.1876932,121.2382138,1,,,,POINT (121.2382138 14.1876932)
14.1874,121.2382866,4,crossing,,,POINT (121.2382866 14.1874)
14.1773683,121.2425333,3,,,,POINT (121.2425333 14.1773683)
14.1767604,121.2427094,3,,,,POINT (121.2427094 14.1767604)
14.1767404,121.2426416,3,,,,POINT (121.2426416 14.1767404)
14.1767485,121.242669,4,crossing,,,POINT (121.242669 14.1767485)
14.1593462,121.2236245,1,,,,POINT (121.2236245 14.1593462)
14.1775043,121.2396526,3,,,,POINT (121.2396526 14.1775043)
14.1776496,121.2399795,1,,,,POINT (121.2399795 14.1776496)
14.1776102,121.2396011,3,,,,POINT (121.2396011 14.1776102)
14.176599,121.2563972,3,,,,POINT (121.2563972 14.176599)
14.1782874,121.2428202,3,,,,POINT (121.2428202 14.1782874)
14.1803136,121.2347845,4,,,,POINT (121.2347845 14.1803136)
14.1803825,121.2346507,4,,,,POINT (121.2346507 14.1803825)
14.1813462,121.2328434,3,,,,POINT (121.2328434 14.1813462)
14.1814241,121.2291059,4,,,,POINT (121.2291059 14.1814241)
14.1814236,121.2289303,4,,,,POINT (121.2289303 14.1814236)
14.1814044,121.2281621,4,,,,POINT (121.2281621 14.1814044)
14.181376,121.2274168,4,,,,POINT (121.2274168 14.181376)
14.1813476,121.2265317,4,,,,POINT (121.2265317 14.1813476)
14.1813386,121.2261658,4,,,,POINT (121.2261658 14.1813386)
14.1808498,121.2246104,3,,,,POINT (121.2246104 14.1808498)
14.1796628,121.2358885,3,,,,POINT (121.2358885 14.1796628)
14.1800237,121.2350422,4,,,,POINT (121.2350422 14.1800237)
14.1812404,121.2328164,4,,,,POINT (121.2328164 14.1812404)
14.1813298,121.2322278,4,,,,POINT (121.2322278 14.1813298)
14.1813299,121.2313004,3,,,,POINT (121.2313004 14.1813299)
14.1813338,121.2309552,4,,,,POINT (121.2309552 14.1813338)
14.1813347,121.2308808,4,,,,POINT (121.2308808 14.1813347)
14.181298,121.2293916,4,,,,POINT (121.2293916 14.181298)
14.1812933,121.227769,4,,,,POINT (121.227769 14.1812933)
14.181254,121.2264973,4,,,,POINT (121.2264973 14.181254)
14.180349,121.2247901,4,,,,POINT (121.2247901 14.180349)
14.1799029,121.2246734,4,,,,POINT (121.2246734 14.1799029)
14.179176,121.224432,3,,,,POINT (121.224432 14.179176)
14.1663478,121.2431062,3,,,,POINT (121.2431062 14.1663478)
14.1662915,121.2432095,3,,,,POINT (121.2432095 14.1662915)
14.1662264,121.2433278,3,,,,POINT (121.2433278 14.1662264)
14.1660709,121.2435683,3,,,,POINT (121.2435683 14.1660709)
14.1661007,121.2435221,4,crossing,,,POINT (121.2435221 14.1661007)
14.160664,121.240381,3,,,,POINT (121.240381 14.160664)
14.1609902,121.2411188,3,,,,POINT (121.2411188 14.1609902)
14.1813016,121.2531209,1,,,,POINT (121.2531209 14.1813016)
14.1642339,121.2384503,4,crossing,,,POINT (121.2384503 14.1642339)
14.1654647,121.2385752,3,,,,POINT (121.2385752 14.1654647)
14.1653962,121.2384956,4,crossing,,,POINT (121.2384956 14.1653962)
14.1654663,121.2385365,4,crossing,,,POINT (121.2385365 14.1654663)
14.1646199,121.2372012,1,,,,POINT (121.2372012 14.1646199)
14.1653728,121.2384936,3,,,,POINT (121.2384936 14.1653728)
14.1646048,121.2371639,1,,,,POINT (121.2371639 14.1646048)
14.1654182,121.237477,3,,,,POINT (121.237477 14.1654182)
14.1654386,121.2368644,4,crossing,,,POINT (121.2368644 14.1654386)
14.1654198,121.2374287,4,crossing,,,POINT (121.2374287 14.1654198)
14.1759592,121.2146332,1,,,,POINT (121.2146332 14.1759592)
14.1781854,121.2216699,1,,,,POINT (121.2216699 14.1781854)
14.1771758,121.2111655,1,,,,POINT (121.2111655 14.1771758)
14.1818432,121.239545,1,,,,POINT (121.239545 14.1818432)
14.1660736,121.2434544,3,,,,POINT (121.2434544 14.1660736)
14.165952,121.2435057,3,,,,POINT (121.2435057 14.165952)
14.1790509,121.2457198,3,,,,POINT (121.2457198 14.1790509)
14.1775636,121.2469467,3,,,,POINT (121.2469467 14.1775636)
14.1661933,121.2135293,3,,,,POINT (121.2135293 14.1661933)
14.1597683,121.2435065,3,,,,POINT (121.2435065 14.1597683)
14.1598601,121.2435574,4,crossing,,,POINT (121.2435574 14.1598601)
14.1595684,121.2436939,4,crossing,,,POINT (121.2436939 14.1595684)
14.1595909,121.2437392,3,,,,POINT (121.2437392 14.1595909)
14.1590351,121.2440566,3,,,,POINT (121.2440566 14.1590351)
14.1589866,121.2439698,3,,,,POINT (121.2439698 14.1589866)
14.1590102,121.2440121,4,crossing,,,POINT (121.2440121 14.1590102)
14.1604968,121.2430831,3,crossing,,,POINT (121.2430831 14.1604968)
14.1605238,121.243123,4,,,,POINT (121.243123 14.1605238)
14.1657781,121.2134416,3,,,,POINT (121.2134416 14.1657781)
14.1657286,121.2135769,1,,,,POINT (121.2135769 14.1657286)
14.1713816,121.2157544,3,,,,POINT (121.2157544 14.1713816)
14.171906,121.2160835,3,,,,POINT (121.2160835 14.171906)
14.1714392,121.2153032,1,,,,POINT (121.2153032 14.1714392)
14.1719494,121.2157044,1,,,,POINT (121.2157044 14.1719494)
14.1813904,121.2322263,3,,,,POINT (121.2322263 14.1813904)
